datetime,price,signal,proposal,proposal_reason,decision,decision_reason,qty,executed,equity,pnl,drawdown
2025-02-03 14:30:00+00:00,7.88,avoid,hold,avoid_no_position,hold,execute_avoid_no_position,0,False,0.0,0.0,0.0
2025-02-03 14:45:00+00:00,7.62,hold,hold,default_hold,hold,execute_default_hold,0,False,0.0,0.0,0.0
2025-02-03 15:00:00+00:00,7.46,hold,hold,default_hold,hold,execute_default_hold,0,False,0.0,0.0,0.0
2025-02-03 15:15:00+00:00,7.5,hold,hold,default_hold,hold,execute_default_hold,0,False,0.0,0.0,0.0
2025-02-03 15:30:00+00:00,7.45,hold,hold,default_hold,hold,execute_default_hold,0,False,0.0,0.0,0.0
2025-02-03 15:45:00+00:00,7.49,hold,hold,default_hold,hold,execute_default_hold,0,False,0.0,0.0,0.0
2025-02-03 16:00:00+00:00,7.85,hold,hold,default_hold,hold,execute_default_hold,0,False,0.0,0.0,0.0
2025-02-03 16:15:00+00:00,7.71,hold,hold,default_hold,hold,execute_default_hold,0,False,0.0,0.0,0.0
2025-02-03 16:30:00+00:00,7.71,hold,hold,default_hold,hold,execute_default_hold,0,False,0.0,0.0,0.0
2025-02-03 16:45:00+00:00,7.66,hold,hold,default_hold,hold,execute_default_hold,0,False,0.0,0.0,0.0
2025-02-03 17:00:00+00:00,7.66,reduce,hold,no_position,hold,execute_no_position,0,False,0.0,0.0,0.0
2025-02-03 17:15:00+00:00,7.62,avoid,hold,avoid_no_position,hold,execute_avoid_no_position,0,False,0.0,0.0,0.0
2025-02-03 17:30:00+00:00,7.62,hold,hold,default_hold,hold,execute_default_hold,0,False,0.0,0.0,0.0
2025-02-03 17:45:00+00:00,7.62,hold,hold,default_hold,hold,execute_default_hold,0,False,0.0,0.0,0.0
2025-02-03 18:00:00+00:00,7.62,hold,hold,default_hold,hold,execute_default_hold,0,False,0.0,0.0,0.0
2025-02-03 18:15:00+00:00,7.62,hold,hold,default_hold,hold,execute_default_hold,0,False,0.0,0.0,0.0
2025-02-03 18:30:00+00:00,7.67,reduce,hold,no_position,hold,execute_no_position,0,False,0.0,0.0,0.0
2025-02-03 18:45:00+00:00,7.67,hold,hold,default_hold,hold,execute_default_hold,0,False,0.0,0.0,0.0
2025-02-03 19:00:00+00:00,7.61,hold,hold,default_hold,hold,execute_default_hold,0,False,0.0,0.0,0.0
2025-02-03 19:15:00+00:00,7.61,hold,hold,default_hold,hold,execute_default_hold,0,False,0.0,0.0,0.0
2025-02-03 19:30:00+00:00,7.74,avoid,hold,avoid_no_position,hold,execute_avoid_no_position,0,False,0.0,0.0,0.0
2025-02-03 19:45:00+00:00,7.71,hold,hold,default_hold,hold,execute_default_hold,0,False,0.0,0.0,0.0
2025-02-03 20:00:00+00:00,7.65,hold,hold,default_hold,hold,execute_default_hold,0,False,0.0,0.0,0.0
2025-02-03 20:15:00+00:00,7.69,hold,hold,default_hold,hold,execute_default_hold,0,False,0.0,0.0,0.0
2025-02-03 20:30:00+00:00,7.6,sell,hold,no_position,hold,execute_no_position,0,False,0.0,0.0,0.0
2025-02-03 20:45:00+00:00,7.71,avoid,hold,avoid_no_position,hold,execute_avoid_no_position,0,False,0.0,0.0,0.0
2025-02-03 21:00:00+00:00,7.71,hold,hold,default_hold,hold,execute_default_hold,0,False,0.0,0.0,0.0
2025-02-04 14:30:00+00:00,7.65,reduce,hold,no_position,hold,execute_no_position,0,False,0.0,0.0,0.0
2025-02-04 14:45:00+00:00,7.73,hold,hold,default_hold,hold,execute_default_hold,0,False,0.0,0.0,0.0
2025-02-04 15:00:00+00:00,7.78,hold,hold,default_hold,hold,execute_default_hold,0,False,0.0,0.0,0.0
2025-02-04 15:15:00+00:00,8.0,hold,hold,default_hold,hold,execute_default_hold,0,False,0.0,0.0,0.0
2025-02-04 15:30:00+00:00,8.25,hold,hold,default_hold,hold,execute_default_hold,0,False,0.0,0.0,0.0
2025-02-04 15:45:00+00:00,8.07,hold,hold,default_hold,hold,execute_default_hold,0,False,0.0,0.0,0.0
2025-02-04 16:00:00+00:00,8.02,hold,hold,default_hold,hold,execute_default_hold,0,False,0.0,0.0,0.0
2025-02-04 16:15:00+00:00,8.02,hold,hold,default_hold,hold,execute_default_hold,0,False,0.0,0.0,0.0
2025-02-04 16:30:00+00:00,8.25,hold,hold,default_hold,hold,execute_default_hold,0,False,0.0,0.0,0.0
2025-02-04 16:45:00+00:00,8.6,hold,hold,default_hold,hold,execute_default_hold,0,False,0.0,0.0,0.0
2025-02-04 17:00:00+00:00,8.44,hold,hold,default_hold,hold,execute_default_hold,0,False,0.0,0.0,0.0
2025-02-04 17:15:00+00:00,8.66,hold,hold,default_hold,hold,execute_default_hold,0,False,0.0,0.0,0.0
2025-02-04 17:30:00+00:00,8.72,hold,hold,default_hold,hold,execute_default_hold,0,False,0.0,0.0,0.0
2025-02-04 17:45:00+00:00,8.7,hold,hold,default_hold,hold,execute_default_hold,0,False,0.0,0.0,0.0
2025-02-04 18:00:00+00:00,8.48,hold,hold,default_hold,hold,execute_default_hold,0,False,0.0,0.0,0.0
2025-02-04 18:15:00+00:00,8.65,hold,hold,default_hold,hold,execute_default_hold,0,False,0.0,0.0,0.0
2025-02-04 18:30:00+00:00,8.57,hold,hold,default_hold,hold,execute_default_hold,0,False,0.0,0.0,0.0
2025-02-04 18:45:00+00:00,8.45,buy,buy,trend_buy,buy,execute_trend_buy,100,False,0.0,0.0,0.0
2025-02-04 19:00:00+00:00,8.45,hold,hold,default_hold,hold,execute_default_hold,0,False,0.0,0.0,0.0
2025-02-04 19:15:00+00:00,8.63,hold,hold,default_hold,hold,execute_default_hold,0,False,0.0,0.0,0.0
2025-02-04 19:30:00+00:00,8.61,hold,hold,default_hold,hold,execute_default_hold,0,False,0.0,0.0,0.0
2025-02-04 19:45:00+00:00,8.65,hold,hold,default_hold,hold,execute_default_hold,0,False,0.0,0.0,0.0
2025-02-04 20:00:00+00:00,8.6,hold,hold,default_hold,hold,execute_default_hold,0,False,0.0,0.0,0.0
2025-02-04 20:15:00+00:00,8.48,hold,hold,default_hold,hold,execute_default_hold,0,False,0.0,0.0,0.0
2025-02-04 20:30:00+00:00,8.64,hold,hold,default_hold,hold,execute_default_hold,0,False,0.0,0.0,0.0
2025-02-04 20:45:00+00:00,8.44,hold,hold,default_hold,hold,execute_default_hold,0,False,0.0,0.0,0.0
2025-02-04 21:00:00+00:00,8.41,hold,hold,default_hold,hold,execute_default_hold,0,False,0.0,0.0,0.0
2025-02-05 14:30:00+00:00,9.19,hold,hold,default_hold,hold,execute_default_hold,0,False,0.0,0.0,0.0
2025-02-05 14:45:00+00:00,8.77,avoid,hold,avoid_no_position,hold,execute_avoid_no_position,0,False,0.0,0.0,0.0
2025-02-05 15:00:00+00:00,8.9,hold,hold,default_hold,hold,execute_default_hold,0,False,0.0,0.0,0.0
2025-02-05 15:15:00+00:00,8.93,hold,hold,default_hold,hold,execute_default_hold,0,False,0.0,0.0,0.0
2025-02-05 15:30:00+00:00,9.14,hold,hold,default_hold,hold,execute_default_hold,0,False,0.0,0.0,0.0
2025-02-05 15:45:00+00:00,8.88,hold,hold,default_hold,hold,execute_default_hold,0,False,0.0,0.0,0.0
2025-02-05 16:00:00+00:00,8.81,hold,hold,default_hold,hold,execute_default_hold,0,False,0.0,0.0,0.0
2025-02-05 16:15:00+00:00,9.0,hold,hold,default_hold,hold,execute_default_hold,0,False,0.0,0.0,0.0
2025-02-05 16:30:00+00:00,9.0,hold,hold,default_hold,hold,execute_default_hold,0,False,0.0,0.0,0.0
2025-02-05 16:45:00+00:00,8.98,hold,hold,default_hold,hold,execute_default_hold,0,False,0.0,0.0,0.0
2025-02-05 17:00:00+00:00,8.91,sell,hold,no_position,hold,execute_no_position,0,False,0.0,0.0,0.0
2025-02-05 17:15:00+00:00,8.91,avoid,hold,avoid_no_position,hold,execute_avoid_no_position,0,False,0.0,0.0,0.0
2025-02-05 17:30:00+00:00,8.91,hold,hold,default_hold,hold,execute_default_hold,0,False,0.0,0.0,0.0
2025-02-05 17:45:00+00:00,8.9,sell,hold,no_position,hold,execute_no_position,0,False,0.0,0.0,0.0
2025-02-05 18:00:00+00:00,8.93,hold,hold,default_hold,hold,execute_default_hold,0,False,0.0,0.0,0.0
2025-02-05 18:15:00+00:00,8.93,avoid,hold,avoid_no_position,hold,execute_avoid_no_position,0,False,0.0,0.0,0.0
2025-02-05 18:30:00+00:00,9.0,hold,hold,default_hold,hold,execute_default_hold,0,False,0.0,0.0,0.0
2025-02-05 18:45:00+00:00,8.85,sell,hold,no_position,hold,execute_no_position,0,False,0.0,0.0,0.0
2025-02-05 19:00:00+00:00,8.85,hold,hold,default_hold,hold,execute_default_hold,0,False,0.0,0.0,0.0
2025-02-05 19:15:00+00:00,8.67,reduce,hold,no_position,hold,execute_no_position,0,False,0.0,0.0,0.0
2025-02-05 19:30:00+00:00,8.55,hold,hold,default_hold,hold,execute_default_hold,0,False,0.0,0.0,0.0
2025-02-05 19:45:00+00:00,8.56,hold,hold,default_hold,hold,execute_default_hold,0,False,0.0,0.0,0.0
2025-02-05 20:00:00+00:00,8.55,hold,hold,default_hold,hold,execute_default_hold,0,False,0.0,0.0,0.0
2025-02-05 20:15:00+00:00,8.66,hold,hold,default_hold,hold,execute_default_hold,0,False,0.0,0.0,0.0
2025-02-05 20:30:00+00:00,8.58,hold,hold,default_hold,hold,execute_default_hold,0,False,0.0,0.0,0.0
2025-02-05 20:45:00+00:00,8.65,hold,hold,default_hold,hold,execute_default_hold,0,False,0.0,0.0,0.0
2025-02-05 21:00:00+00:00,8.6,hold,hold,default_hold,hold,execute_default_hold,0,False,0.0,0.0,0.0
2025-02-06 14:30:00+00:00,9.01,sell,hold,no_position,hold,execute_no_position,0,False,0.0,0.0,0.0
2025-02-06 14:45:00+00:00,8.88,hold,hold,default_hold,hold,execute_default_hold,0,False,0.0,0.0,0.0
2025-02-06 15:00:00+00:00,8.88,hold,hold,default_hold,hold,execute_default_hold,0,False,0.0,0.0,0.0
2025-02-06 15:15:00+00:00,7.24,reduce,hold,no_position,hold,execute_no_position,0,False,0.0,0.0,0.0
2025-02-06 15:30:00+00:00,5.65,hold,hold,default_hold,hold,execute_default_hold,0,False,0.0,0.0,0.0
2025-02-06 15:45:00+00:00,5.58,hold,hold,default_hold,hold,execute_default_hold,0,False,0.0,0.0,0.0
2025-02-06 16:00:00+00:00,6.41,hold,hold,default_hold,hold,execute_default_hold,0,False,0.0,0.0,0.0
2025-02-06 16:15:00+00:00,6.41,hold,hold,default_hold,hold,execute_default_hold,0,False,0.0,0.0,0.0
2025-02-06 16:30:00+00:00,6.33,hold,hold,default_hold,hold,execute_default_hold,0,False,0.0,0.0,0.0
2025-02-06 16:45:00+00:00,6.25,hold,hold,default_hold,hold,execute_default_hold,0,False,0.0,0.0,0.0
2025-02-06 17:00:00+00:00,6.18,hold,hold,default_hold,hold,execute_default_hold,0,False,0.0,0.0,0.0
2025-02-06 17:15:00+00:00,6.19,hold,hold,default_hold,hold,execute_default_hold,0,False,0.0,0.0,0.0
2025-02-06 17:30:00+00:00,6.16,hold,hold,default_hold,hold,execute_default_hold,0,False,0.0,0.0,0.0
2025-02-06 17:45:00+00:00,6.1,hold,hold,default_hold,hold,execute_default_hold,0,False,0.0,0.0,0.0
2025-02-06 18:00:00+00:00,6.13,avoid,hold,avoid_no_position,hold,execute_avoid_no_position,0,False,0.0,0.0,0.0
2025-02-06 18:15:00+00:00,6.15,hold,hold,default_hold,hold,execute_default_hold,0,False,0.0,0.0,0.0
2025-02-06 18:30:00+00:00,6.1,reduce,hold,no_position,hold,execute_no_position,0,False,0.0,0.0,0.0
2025-02-06 18:45:00+00:00,6.15,hold,hold,default_hold,hold,execute_default_hold,0,False,0.0,0.0,0.0
2025-02-06 19:00:00+00:00,6.14,hold,hold,default_hold,hold,execute_default_hold,0,False,0.0,0.0,0.0
2025-02-06 19:15:00+00:00,6.13,hold,hold,default_hold,hold,execute_default_hold,0,False,0.0,0.0,0.0
2025-02-06 19:30:00+00:00,6.08,hold,hold,default_hold,hold,execute_default_hold,0,False,0.0,0.0,0.0
2025-02-06 19:45:00+00:00,6.08,hold,hold,default_hold,hold,execute_default_hold,0,False,0.0,0.0,0.0
2025-02-06 20:00:00+00:00,6.1,hold,hold,default_hold,hold,execute_default_hold,0,False,0.0,0.0,0.0
2025-02-06 20:15:00+00:00,6.05,hold,hold,default_hold,hold,execute_default_hold,0,False,0.0,0.0,0.0
2025-02-06 20:30:00+00:00,5.9,hold,hold,default_hold,hold,execute_default_hold,0,False,0.0,0.0,0.0
2025-02-06 20:45:00+00:00,5.81,hold,hold,default_hold,hold,execute_default_hold,0,False,0.0,0.0,0.0
2025-02-06 21:00:00+00:00,5.75,hold,hold,default_hold,hold,execute_default_hold,0,False,0.0,0.0,0.0
2025-02-07 14:30:00+00:00,6.08,hold,hold,default_hold,hold,execute_default_hold,0,False,0.0,0.0,0.0
2025-02-07 14:45:00+00:00,6.17,hold,hold,default_hold,hold,execute_default_hold,0,False,0.0,0.0,0.0
2025-02-07 15:00:00+00:00,6.2,hold,hold,default_hold,hold,execute_default_hold,0,False,0.0,0.0,0.0
2025-02-07 15:15:00+00:00,6.15,hold,hold,default_hold,hold,execute_default_hold,0,False,0.0,0.0,0.0
2025-02-07 15:30:00+00:00,6.32,hold,hold,default_hold,hold,execute_default_hold,0,False,0.0,0.0,0.0
2025-02-07 15:45:00+00:00,6.2,hold,hold,default_hold,hold,execute_default_hold,0,False,0.0,0.0,0.0
2025-02-07 16:00:00+00:00,6.24,hold,hold,default_hold,hold,execute_default_hold,0,False,0.0,0.0,0.0
2025-02-07 16:15:00+00:00,6.16,buy,buy,trend_buy,buy,execute_trend_buy,100,False,0.0,0.0,0.0
2025-02-07 16:30:00+00:00,6.14,hold,hold,default_hold,hold,execute_default_hold,0,False,0.0,0.0,0.0
2025-02-07 16:45:00+00:00,6.23,hold,hold,default_hold,hold,execute_default_hold,0,False,0.0,0.0,0.0
2025-02-07 17:00:00+00:00,6.11,hold,hold,default_hold,hold,execute_default_hold,0,False,0.0,0.0,0.0
2025-02-07 17:15:00+00:00,6.07,hold,hold,default_hold,hold,execute_default_hold,0,False,0.0,0.0,0.0
2025-02-07 17:30:00+00:00,6.14,hold,hold,default_hold,hold,execute_default_hold,0,False,0.0,0.0,0.0
2025-02-07 17:45:00+00:00,6.12,hold,hold,default_hold,hold,execute_default_hold,0,False,0.0,0.0,0.0
2025-02-07 18:00:00+00:00,6.11,hold,hold,default_hold,hold,execute_default_hold,0,False,0.0,0.0,0.0
2025-02-07 18:15:00+00:00,6.06,hold,hold,default_hold,hold,execute_default_hold,0,False,0.0,0.0,0.0
2025-02-07 18:30:00+00:00,6.08,hold,hold,default_hold,hold,execute_default_hold,0,False,0.0,0.0,0.0
2025-02-07 18:45:00+00:00,6.07,hold,hold,default_hold,hold,execute_default_hold,0,False,0.0,0.0,0.0
2025-02-07 19:00:00+00:00,6.1,hold,hold,default_hold,hold,execute_default_hold,0,False,0.0,0.0,0.0
2025-02-07 19:15:00+00:00,6.06,reduce,hold,no_position,hold,execute_no_position,0,False,0.0,0.0,0.0
2025-02-07 19:30:00+00:00,6.0,hold,hold,default_hold,hold,execute_default_hold,0,False,0.0,0.0,0.0
2025-02-07 19:45:00+00:00,5.95,hold,hold,default_hold,hold,execute_default_hold,0,False,0.0,0.0,0.0
2025-02-07 20:00:00+00:00,5.9,hold,hold,default_hold,hold,execute_default_hold,0,False,0.0,0.0,0.0
2025-02-07 20:15:00+00:00,5.94,hold,hold,default_hold,hold,execute_default_hold,0,False,0.0,0.0,0.0
2025-02-07 20:30:00+00:00,5.9,hold,hold,default_hold,hold,execute_default_hold,0,False,0.0,0.0,0.0
2025-02-07 20:45:00+00:00,5.9,hold,hold,default_hold,hold,execute_default_hold,0,False,0.0,0.0,0.0
2025-02-07 21:00:00+00:00,5.95,hold,hold,default_hold,hold,execute_default_hold,0,False,0.0,0.0,0.0
2025-02-10 14:30:00+00:00,6.2,hold,hold,default_hold,hold,execute_default_hold,0,False,0.0,0.0,0.0
2025-02-10 14:45:00+00:00,6.1,hold,hold,default_hold,hold,execute_default_hold,0,False,0.0,0.0,0.0
2025-02-10 15:00:00+00:00,6.09,hold,hold,default_hold,hold,execute_default_hold,0,False,0.0,0.0,0.0
2025-02-10 15:15:00+00:00,6.02,hold,hold,default_hold,hold,execute_default_hold,0,False,0.0,0.0,0.0
2025-02-10 15:30:00+00:00,5.97,hold,hold,default_hold,hold,execute_default_hold,0,False,0.0,0.0,0.0
2025-02-10 15:45:00+00:00,5.99,hold,hold,default_hold,hold,execute_default_hold,0,False,0.0,0.0,0.0
2025-02-10 16:00:00+00:00,5.79,hold,hold,default_hold,hold,execute_default_hold,0,False,0.0,0.0,0.0
2025-02-10 16:15:00+00:00,5.98,hold,hold,default_hold,hold,execute_default_hold,0,False,0.0,0.0,0.0
2025-02-10 16:30:00+00:00,6.0,buy,buy,trend_buy,buy,weak_trend_limited_buy,50,False,0.0,0.0,0.0
2025-02-10 16:45:00+00:00,6.03,hold,hold,default_hold,hold,execute_default_hold,0,False,0.0,0.0,0.0
2025-02-10 17:00:00+00:00,6.03,hold,hold,default_hold,hold,execute_default_hold,0,False,0.0,0.0,0.0
2025-02-10 17:15:00+00:00,5.92,hold,hold,default_hold,hold,execute_default_hold,0,False,0.0,0.0,0.0
2025-02-10 17:30:00+00:00,5.99,hold,hold,default_hold,hold,execute_default_hold,0,False,0.0,0.0,0.0
2025-02-10 17:45:00+00:00,6.06,hold,hold,default_hold,hold,execute_default_hold,0,False,0.0,0.0,0.0
2025-02-10 18:00:00+00:00,6.09,hold,hold,default_hold,hold,execute_default_hold,0,False,0.0,0.0,0.0
2025-02-10 18:15:00+00:00,6.14,hold,hold,default_hold,hold,execute_default_hold,0,False,0.0,0.0,0.0
2025-02-10 18:30:00+00:00,6.21,hold,hold,default_hold,hold,execute_default_hold,0,False,0.0,0.0,0.0
2025-02-10 18:45:00+00:00,6.22,hold,hold,default_hold,hold,execute_default_hold,0,False,0.0,0.0,0.0
2025-02-10 19:00:00+00:00,6.22,hold,hold,default_hold,hold,execute_default_hold,0,False,0.0,0.0,0.0
2025-02-10 19:15:00+00:00,6.17,hold,hold,default_hold,hold,execute_default_hold,0,False,0.0,0.0,0.0
2025-02-10 19:30:00+00:00,6.35,hold,hold,default_hold,hold,execute_default_hold,0,False,0.0,0.0,0.0
2025-02-10 19:45:00+00:00,6.26,hold,hold,default_hold,hold,execute_default_hold,0,False,0.0,0.0,0.0
2025-02-10 20:00:00+00:00,6.28,hold,hold,default_hold,hold,execute_default_hold,0,False,0.0,0.0,0.0
2025-02-10 20:15:00+00:00,6.3,hold,hold,default_hold,hold,execute_default_hold,0,False,0.0,0.0,0.0
2025-02-10 20:30:00+00:00,6.38,hold,hold,default_hold,hold,execute_default_hold,0,False,0.0,0.0,0.0
2025-02-10 20:45:00+00:00,6.39,hold,hold,default_hold,hold,execute_default_hold,0,False,0.0,0.0,0.0
2025-02-10 21:00:00+00:00,6.4,hold,hold,default_hold,hold,execute_default_hold,0,False,0.0,0.0,0.0
2025-02-11 14:30:00+00:00,6.21,reduce,hold,no_position,hold,execute_no_position,0,False,0.0,0.0,0.0
2025-02-11 14:45:00+00:00,6.07,hold,hold,default_hold,hold,execute_default_hold,0,False,0.0,0.0,0.0
2025-02-11 15:00:00+00:00,5.92,hold,hold,default_hold,hold,execute_default_hold,0,False,0.0,0.0,0.0
2025-02-11 15:15:00+00:00,5.78,hold,hold,default_hold,hold,execute_default_hold,0,False,0.0,0.0,0.0
2025-02-11 15:30:00+00:00,5.75,hold,hold,default_hold,hold,execute_default_hold,0,False,0.0,0.0,0.0
2025-02-11 15:45:00+00:00,5.75,hold,hold,default_hold,hold,execute_default_hold,0,False,0.0,0.0,0.0
2025-02-11 16:00:00+00:00,5.8,hold,hold,default_hold,hold,execute_default_hold,0,False,0.0,0.0,0.0
2025-02-11 16:15:00+00:00,5.8,hold,hold,default_hold,hold,execute_default_hold,0,False,0.0,0.0,0.0
2025-02-11 16:30:00+00:00,5.75,hold,hold,default_hold,hold,execute_default_hold,0,False,0.0,0.0,0.0
2025-02-11 16:45:00+00:00,5.7,hold,hold,default_hold,hold,execute_default_hold,0,False,0.0,0.0,0.0
2025-02-11 17:00:00+00:00,5.7,hold,hold,default_hold,hold,execute_default_hold,0,False,0.0,0.0,0.0
2025-02-11 17:15:00+00:00,5.66,hold,hold,default_hold,hold,execute_default_hold,0,False,0.0,0.0,0.0
2025-02-11 17:30:00+00:00,5.69,hold,hold,default_hold,hold,execute_default_hold,0,False,0.0,0.0,0.0
2025-02-11 17:45:00+00:00,5.72,hold,hold,default_hold,hold,execute_default_hold,0,False,0.0,0.0,0.0
2025-02-11 18:00:00+00:00,5.71,hold,hold,default_hold,hold,execute_default_hold,0,False,0.0,0.0,0.0
2025-02-11 18:15:00+00:00,5.7,hold,hold,default_hold,hold,execute_default_hold,0,False,0.0,0.0,0.0
2025-02-11 18:30:00+00:00,5.67,hold,hold,default_hold,hold,execute_default_hold,0,False,0.0,0.0,0.0
2025-02-11 18:45:00+00:00,5.69,hold,hold,default_hold,hold,execute_default_hold,0,False,0.0,0.0,0.0
2025-02-11 19:00:00+00:00,5.7,hold,hold,default_hold,hold,execute_default_hold,0,False,0.0,0.0,0.0
2025-02-11 19:15:00+00:00,5.65,hold,hold,default_hold,hold,execute_default_hold,0,False,0.0,0.0,0.0
2025-02-11 19:30:00+00:00,5.58,hold,hold,default_hold,hold,execute_default_hold,0,False,0.0,0.0,0.0
2025-02-11 19:45:00+00:00,5.65,hold,hold,default_hold,hold,execute_default_hold,0,False,0.0,0.0,0.0
2025-02-11 20:00:00+00:00,5.62,hold,hold,default_hold,hold,execute_default_hold,0,False,0.0,0.0,0.0
2025-02-11 20:15:00+00:00,5.73,hold,hold,default_hold,hold,execute_default_hold,0,False,0.0,0.0,0.0
2025-02-11 20:30:00+00:00,5.76,hold,hold,default_hold,hold,execute_default_hold,0,False,0.0,0.0,0.0
2025-02-11 20:45:00+00:00,5.69,hold,hold,default_hold,hold,execute_default_hold,0,False,0.0,0.0,0.0
2025-02-11 21:00:00+00:00,5.54,hold,hold,default_hold,hold,execute_default_hold,0,False,0.0,0.0,0.0
2025-02-12 14:30:00+00:00,5.71,hold,hold,default_hold,hold,execute_default_hold,0,False,0.0,0.0,0.0
2025-02-12 14:45:00+00:00,5.6,hold,hold,default_hold,hold,execute_default_hold,0,False,0.0,0.0,0.0
2025-02-12 15:00:00+00:00,5.61,hold,hold,default_hold,hold,execute_default_hold,0,False,0.0,0.0,0.0
2025-02-12 15:15:00+00:00,5.51,hold,hold,default_hold,hold,execute_default_hold,0,False,0.0,0.0,0.0
2025-02-12 15:30:00+00:00,5.42,hold,hold,default_hold,hold,execute_default_hold,0,False,0.0,0.0,0.0
2025-02-12 15:45:00+00:00,5.26,hold,hold,default_hold,hold,execute_default_hold,0,False,0.0,0.0,0.0
2025-02-12 16:00:00+00:00,5.14,hold,hold,default_hold,hold,execute_default_hold,0,False,0.0,0.0,0.0
2025-02-12 16:15:00+00:00,5.1,hold,hold,default_hold,hold,execute_default_hold,0,False,0.0,0.0,0.0
2025-02-12 16:30:00+00:00,5.01,hold,hold,default_hold,hold,execute_default_hold,0,False,0.0,0.0,0.0
2025-02-12 16:45:00+00:00,5.03,hold,hold,default_hold,hold,execute_default_hold,0,False,0.0,0.0,0.0
2025-02-12 17:00:00+00:00,5.08,hold,hold,default_hold,hold,execute_default_hold,0,False,0.0,0.0,0.0
2025-02-12 17:15:00+00:00,5.06,hold,hold,default_hold,hold,execute_default_hold,0,False,0.0,0.0,0.0
2025-02-12 17:30:00+00:00,5.03,hold,hold,default_hold,hold,execute_default_hold,0,False,0.0,0.0,0.0
2025-02-12 17:45:00+00:00,5.05,hold,hold,default_hold,hold,execute_default_hold,0,False,0.0,0.0,0.0
2025-02-12 18:00:00+00:00,5.05,hold,hold,default_hold,hold,execute_default_hold,0,False,0.0,0.0,0.0
2025-02-12 18:15:00+00:00,5.04,hold,hold,default_hold,hold,execute_default_hold,0,False,0.0,0.0,0.0
2025-02-12 18:30:00+00:00,5.01,hold,hold,default_hold,hold,execute_default_hold,0,False,0.0,0.0,0.0
2025-02-12 18:45:00+00:00,5.05,hold,hold,default_hold,hold,execute_default_hold,0,False,0.0,0.0,0.0
2025-02-12 19:00:00+00:00,5.04,hold,hold,default_hold,hold,execute_default_hold,0,False,0.0,0.0,0.0
2025-02-12 19:15:00+00:00,5.04,hold,hold,default_hold,hold,execute_default_hold,0,False,0.0,0.0,0.0
2025-02-12 19:30:00+00:00,5.05,hold,hold,default_hold,hold,execute_default_hold,0,False,0.0,0.0,0.0
2025-02-12 19:45:00+00:00,5.08,hold,hold,default_hold,hold,execute_default_hold,0,False,0.0,0.0,0.0
2025-02-12 20:00:00+00:00,5.09,hold,hold,default_hold,hold,execute_default_hold,0,False,0.0,0.0,0.0
2025-02-12 20:15:00+00:00,5.1,hold,hold,default_hold,hold,execute_default_hold,0,False,0.0,0.0,0.0
2025-02-12 20:30:00+00:00,5.05,hold,hold,default_hold,hold,execute_default_hold,0,False,0.0,0.0,0.0
2025-02-12 20:45:00+00:00,5.11,buy,buy,trend_buy,buy,weak_trend_limited_buy,50,False,0.0,0.0,0.0
2025-02-12 21:00:00+00:00,5.16,hold,hold,default_hold,hold,execute_default_hold,0,False,0.0,0.0,0.0
2025-02-13 14:30:00+00:00,5.2,hold,hold,default_hold,hold,execute_default_hold,0,False,0.0,0.0,0.0
2025-02-13 14:45:00+00:00,4.75,reduce,hold,no_position,hold,execute_no_position,0,False,0.0,0.0,0.0
2025-02-13 15:00:00+00:00,4.67,hold,hold,default_hold,hold,execute_default_hold,0,False,0.0,0.0,0.0
2025-02-13 15:15:00+00:00,4.65,hold,hold,default_hold,hold,execute_default_hold,0,False,0.0,0.0,0.0
2025-02-13 15:30:00+00:00,4.85,hold,hold,default_hold,hold,execute_default_hold,0,False,0.0,0.0,0.0
2025-02-13 15:45:00+00:00,4.75,hold,hold,default_hold,hold,execute_default_hold,0,False,0.0,0.0,0.0
2025-02-13 16:00:00+00:00,4.7,hold,hold,default_hold,hold,execute_default_hold,0,False,0.0,0.0,0.0
2025-02-13 16:15:00+00:00,4.74,hold,hold,default_hold,hold,execute_default_hold,0,False,0.0,0.0,0.0
2025-02-13 16:30:00+00:00,4.6,hold,hold,default_hold,hold,execute_default_hold,0,False,0.0,0.0,0.0
2025-02-13 16:45:00+00:00,4.55,hold,hold,default_hold,hold,execute_default_hold,0,False,0.0,0.0,0.0
2025-02-13 17:00:00+00:00,4.53,hold,hold,default_hold,hold,execute_default_hold,0,False,0.0,0.0,0.0
2025-02-13 17:15:00+00:00,4.5,hold,hold,default_hold,hold,execute_default_hold,0,False,0.0,0.0,0.0
2025-02-13 17:30:00+00:00,4.45,hold,hold,default_hold,hold,execute_default_hold,0,False,0.0,0.0,0.0
2025-02-13 17:45:00+00:00,4.42,hold,hold,default_hold,hold,execute_default_hold,0,False,0.0,0.0,0.0
2025-02-13 18:00:00+00:00,4.4,hold,hold,default_hold,hold,execute_default_hold,0,False,0.0,0.0,0.0
2025-02-13 18:15:00+00:00,4.4,hold,hold,default_hold,hold,execute_default_hold,0,False,0.0,0.0,0.0
2025-02-13 18:30:00+00:00,4.33,hold,hold,default_hold,hold,execute_default_hold,0,False,0.0,0.0,0.0
2025-02-13 18:45:00+00:00,4.3,hold,hold,default_hold,hold,execute_default_hold,0,False,0.0,0.0,0.0
2025-02-13 19:00:00+00:00,4.15,hold,hold,default_hold,hold,execute_default_hold,0,False,0.0,0.0,0.0
2025-02-13 19:15:00+00:00,4.14,hold,hold,default_hold,hold,execute_default_hold,0,False,0.0,0.0,0.0
2025-02-13 19:30:00+00:00,4.14,hold,hold,default_hold,hold,execute_default_hold,0,False,0.0,0.0,0.0
2025-02-13 19:45:00+00:00,4.15,hold,hold,default_hold,hold,execute_default_hold,0,False,0.0,0.0,0.0
2025-02-13 20:00:00+00:00,4.1,hold,hold,default_hold,hold,execute_default_hold,0,False,0.0,0.0,0.0
2025-02-13 20:15:00+00:00,4.37,hold,hold,default_hold,hold,execute_default_hold,0,False,0.0,0.0,0.0
2025-02-13 20:30:00+00:00,4.43,hold,hold,default_hold,hold,execute_default_hold,0,False,0.0,0.0,0.0
2025-02-13 20:45:00+00:00,4.58,hold,hold,default_hold,hold,execute_default_hold,0,False,0.0,0.0,0.0
2025-02-13 21:00:00+00:00,4.6,hold,hold,default_hold,hold,execute_default_hold,0,False,0.0,0.0,0.0
2025-02-14 14:30:00+00:00,4.51,hold,hold,default_hold,hold,execute_default_hold,0,False,0.0,0.0,0.0
2025-02-14 14:45:00+00:00,4.14,hold,hold,default_hold,hold,execute_default_hold,0,False,0.0,0.0,0.0
2025-02-14 15:00:00+00:00,4.07,hold,hold,default_hold,hold,execute_default_hold,0,False,0.0,0.0,0.0
2025-02-14 15:15:00+00:00,3.97,hold,hold,default_hold,hold,execute_default_hold,0,False,0.0,0.0,0.0
2025-02-14 15:30:00+00:00,3.9,hold,hold,default_hold,hold,execute_default_hold,0,False,0.0,0.0,0.0
2025-02-14 15:45:00+00:00,3.76,hold,hold,default_hold,hold,execute_default_hold,0,False,0.0,0.0,0.0
2025-02-14 16:00:00+00:00,3.77,hold,hold,default_hold,hold,execute_default_hold,0,False,0.0,0.0,0.0
2025-02-14 16:15:00+00:00,3.76,hold,hold,default_hold,hold,execute_default_hold,0,False,0.0,0.0,0.0
2025-02-14 16:30:00+00:00,3.68,hold,hold,default_hold,hold,execute_default_hold,0,False,0.0,0.0,0.0
2025-02-14 16:45:00+00:00,3.67,hold,hold,default_hold,hold,execute_default_hold,0,False,0.0,0.0,0.0
2025-02-14 17:00:00+00:00,3.7,hold,hold,default_hold,hold,execute_default_hold,0,False,0.0,0.0,0.0
2025-02-14 17:15:00+00:00,3.7,hold,hold,default_hold,hold,execute_default_hold,0,False,0.0,0.0,0.0
2025-02-14 17:30:00+00:00,3.61,hold,hold,default_hold,hold,execute_default_hold,0,False,0.0,0.0,0.0
2025-02-14 17:45:00+00:00,3.73,hold,hold,default_hold,hold,execute_default_hold,0,False,0.0,0.0,0.0
2025-02-14 18:00:00+00:00,3.7,hold,hold,default_hold,hold,execute_default_hold,0,False,0.0,0.0,0.0
2025-02-14 18:15:00+00:00,3.72,hold,hold,default_hold,hold,execute_default_hold,0,False,0.0,0.0,0.0
2025-02-14 18:30:00+00:00,3.73,hold,hold,default_hold,hold,execute_default_hold,0,False,0.0,0.0,0.0
2025-02-14 18:45:00+00:00,3.7,hold,hold,default_hold,hold,execute_default_hold,0,False,0.0,0.0,0.0
2025-02-14 19:00:00+00:00,3.78,hold,hold,default_hold,hold,execute_default_hold,0,False,0.0,0.0,0.0
2025-02-14 19:15:00+00:00,3.81,hold,hold,default_hold,hold,execute_default_hold,0,False,0.0,0.0,0.0
2025-02-14 19:30:00+00:00,3.77,hold,hold,default_hold,hold,execute_default_hold,0,False,0.0,0.0,0.0
2025-02-14 19:45:00+00:00,3.83,hold,hold,default_hold,hold,execute_default_hold,0,False,0.0,0.0,0.0
2025-02-14 20:00:00+00:00,3.76,buy,buy,trend_buy,buy,weak_trend_limited_buy,50,False,0.0,0.0,0.0
2025-02-14 20:15:00+00:00,3.86,hold,hold,default_hold,hold,execute_default_hold,0,False,0.0,0.0,0.0
2025-02-14 20:30:00+00:00,3.83,hold,hold,default_hold,hold,execute_default_hold,0,False,0.0,0.0,0.0
2025-02-14 20:45:00+00:00,3.74,hold,hold,default_hold,hold,execute_default_hold,0,False,0.0,0.0,0.0
2025-02-14 21:00:00+00:00,3.72,hold,hold,default_hold,hold,execute_default_hold,0,False,0.0,0.0,0.0
2025-02-18 14:30:00+00:00,3.78,hold,hold,default_hold,hold,execute_default_hold,0,False,0.0,0.0,0.0
2025-02-18 14:45:00+00:00,3.33,reduce,hold,no_position,hold,execute_no_position,0,False,0.0,0.0,0.0
2025-02-18 15:00:00+00:00,3.27,hold,hold,default_hold,hold,execute_default_hold,0,False,0.0,0.0,0.0
2025-02-18 15:15:00+00:00,3.23,hold,hold,default_hold,hold,execute_default_hold,0,False,0.0,0.0,0.0
2025-02-18 15:30:00+00:00,3.13,hold,hold,default_hold,hold,execute_default_hold,0,False,0.0,0.0,0.0
2025-02-18 15:45:00+00:00,3.1,hold,hold,default_hold,hold,execute_default_hold,0,False,0.0,0.0,0.0
2025-02-18 16:00:00+00:00,3.08,hold,hold,default_hold,hold,execute_default_hold,0,False,0.0,0.0,0.0
2025-02-18 16:15:00+00:00,3.1,hold,hold,default_hold,hold,execute_default_hold,0,False,0.0,0.0,0.0
2025-02-18 16:30:00+00:00,2.96,hold,hold,default_hold,hold,execute_default_hold,0,False,0.0,0.0,0.0
2025-02-18 16:45:00+00:00,2.97,hold,hold,default_hold,hold,execute_default_hold,0,False,0.0,0.0,0.0
2025-02-18 17:00:00+00:00,2.97,hold,hold,default_hold,hold,execute_default_hold,0,False,0.0,0.0,0.0
2025-02-18 17:15:00+00:00,2.97,hold,hold,default_hold,hold,execute_default_hold,0,False,0.0,0.0,0.0
2025-02-18 17:30:00+00:00,2.94,hold,hold,default_hold,hold,execute_default_hold,0,False,0.0,0.0,0.0
2025-02-18 17:45:00+00:00,2.87,hold,hold,default_hold,hold,execute_default_hold,0,False,0.0,0.0,0.0
2025-02-18 18:00:00+00:00,2.83,hold,hold,default_hold,hold,execute_default_hold,0,False,0.0,0.0,0.0
2025-02-18 18:15:00+00:00,2.87,hold,hold,default_hold,hold,execute_default_hold,0,False,0.0,0.0,0.0
2025-02-18 18:30:00+00:00,2.89,hold,hold,default_hold,hold,execute_default_hold,0,False,0.0,0.0,0.0
2025-02-18 18:45:00+00:00,2.82,hold,hold,default_hold,hold,execute_default_hold,0,False,0.0,0.0,0.0
2025-02-18 19:00:00+00:00,2.81,hold,hold,default_hold,hold,execute_default_hold,0,False,0.0,0.0,0.0
2025-02-18 19:15:00+00:00,2.71,hold,hold,default_hold,hold,execute_default_hold,0,False,0.0,0.0,0.0
2025-02-18 19:30:00+00:00,2.66,hold,hold,default_hold,hold,execute_default_hold,0,False,0.0,0.0,0.0
2025-02-18 19:45:00+00:00,2.74,hold,hold,default_hold,hold,execute_default_hold,0,False,0.0,0.0,0.0
2025-02-18 20:00:00+00:00,2.66,hold,hold,default_hold,hold,execute_default_hold,0,False,0.0,0.0,0.0
2025-02-18 20:15:00+00:00,2.69,hold,hold,default_hold,hold,execute_default_hold,0,False,0.0,0.0,0.0
2025-02-18 20:30:00+00:00,2.64,hold,hold,default_hold,hold,execute_default_hold,0,False,0.0,0.0,0.0
2025-02-18 20:45:00+00:00,2.63,hold,hold,default_hold,hold,execute_default_hold,0,False,0.0,0.0,0.0
2025-02-18 21:00:00+00:00,2.78,hold,hold,default_hold,hold,execute_default_hold,0,False,0.0,0.0,0.0
2025-02-19 14:30:00+00:00,2.76,hold,hold,default_hold,hold,execute_default_hold,0,False,0.0,0.0,0.0
2025-02-19 14:45:00+00:00,2.62,hold,hold,default_hold,hold,execute_default_hold,0,False,0.0,0.0,0.0
2025-02-19 15:00:00+00:00,2.72,hold,hold,default_hold,hold,execute_default_hold,0,False,0.0,0.0,0.0
2025-02-19 15:15:00+00:00,2.72,hold,hold,default_hold,hold,execute_default_hold,0,False,0.0,0.0,0.0
2025-02-19 15:30:00+00:00,2.69,hold,hold,default_hold,hold,execute_default_hold,0,False,0.0,0.0,0.0
2025-02-19 15:45:00+00:00,2.67,hold,hold,default_hold,hold,execute_default_hold,0,False,0.0,0.0,0.0
2025-02-19 16:00:00+00:00,2.61,hold,hold,default_hold,hold,execute_default_hold,0,False,0.0,0.0,0.0
2025-02-19 16:15:00+00:00,2.6,hold,hold,default_hold,hold,execute_default_hold,0,False,0.0,0.0,0.0
2025-02-19 16:30:00+00:00,2.58,hold,hold,default_hold,hold,execute_default_hold,0,False,0.0,0.0,0.0
2025-02-19 16:45:00+00:00,2.58,hold,hold,default_hold,hold,execute_default_hold,0,False,0.0,0.0,0.0
2025-02-19 17:00:00+00:00,2.57,hold,hold,default_hold,hold,execute_default_hold,0,False,0.0,0.0,0.0
2025-02-19 17:15:00+00:00,2.58,hold,hold,default_hold,hold,execute_default_hold,0,False,0.0,0.0,0.0
2025-02-19 17:30:00+00:00,2.55,hold,hold,default_hold,hold,execute_default_hold,0,False,0.0,0.0,0.0
2025-02-19 17:45:00+00:00,2.51,hold,hold,default_hold,hold,execute_default_hold,0,False,0.0,0.0,0.0
2025-02-19 18:00:00+00:00,2.57,hold,hold,default_hold,hold,execute_default_hold,0,False,0.0,0.0,0.0
2025-02-19 18:15:00+00:00,2.64,hold,hold,default_hold,hold,execute_default_hold,0,False,0.0,0.0,0.0
2025-02-19 18:30:00+00:00,2.7,hold,hold,default_hold,hold,execute_default_hold,0,False,0.0,0.0,0.0
2025-02-19 18:45:00+00:00,2.88,hold,hold,default_hold,hold,execute_default_hold,0,False,0.0,0.0,0.0
2025-02-19 19:00:00+00:00,2.91,hold,hold,default_hold,hold,execute_default_hold,0,False,0.0,0.0,0.0
2025-02-19 19:15:00+00:00,3.06,buy,buy,trend_buy,buy,execute_trend_buy,100,False,0.0,0.0,0.0
2025-02-19 19:30:00+00:00,3.28,hold,hold,default_hold,hold,execute_default_hold,0,False,0.0,0.0,0.0
2025-02-19 19:45:00+00:00,3.22,hold,hold,default_hold,hold,execute_default_hold,0,False,0.0,0.0,0.0
2025-02-19 20:00:00+00:00,3.39,hold,hold,default_hold,hold,execute_default_hold,0,False,0.0,0.0,0.0
2025-02-19 20:15:00+00:00,3.29,hold,hold,default_hold,hold,execute_default_hold,0,False,0.0,0.0,0.0
2025-02-19 20:30:00+00:00,3.41,hold,hold,default_hold,hold,execute_default_hold,0,False,0.0,0.0,0.0
2025-02-19 20:45:00+00:00,3.32,hold,hold,default_hold,hold,execute_default_hold,0,False,0.0,0.0,0.0
2025-02-19 21:00:00+00:00,3.43,hold,hold,default_hold,hold,execute_default_hold,0,False,0.0,0.0,0.0
2025-02-20 14:30:00+00:00,3.62,hold,hold,default_hold,hold,execute_default_hold,0,False,0.0,0.0,0.0
2025-02-20 14:45:00+00:00,3.63,hold,hold,default_hold,hold,execute_default_hold,0,False,0.0,0.0,0.0
2025-02-20 15:00:00+00:00,3.42,hold,hold,default_hold,hold,execute_default_hold,0,False,0.0,0.0,0.0
2025-02-20 15:15:00+00:00,3.5,hold,hold,default_hold,hold,execute_default_hold,0,False,0.0,0.0,0.0
2025-02-20 15:30:00+00:00,3.53,hold,hold,default_hold,hold,execute_default_hold,0,False,0.0,0.0,0.0
2025-02-20 15:45:00+00:00,3.55,hold,hold,default_hold,hold,execute_default_hold,0,False,0.0,0.0,0.0
2025-02-20 16:00:00+00:00,3.53,hold,hold,default_hold,hold,execute_default_hold,0,False,0.0,0.0,0.0
2025-02-20 16:15:00+00:00,3.45,hold,hold,default_hold,hold,execute_default_hold,0,False,0.0,0.0,0.0
2025-02-20 16:30:00+00:00,3.24,reduce,hold,no_position,hold,execute_no_position,0,False,0.0,0.0,0.0
2025-02-20 16:45:00+00:00,3.19,hold,hold,default_hold,hold,execute_default_hold,0,False,0.0,0.0,0.0
2025-02-20 17:00:00+00:00,3.09,hold,hold,default_hold,hold,execute_default_hold,0,False,0.0,0.0,0.0
2025-02-20 17:15:00+00:00,3.03,hold,hold,default_hold,hold,execute_default_hold,0,False,0.0,0.0,0.0
2025-02-20 17:30:00+00:00,3.14,hold,hold,default_hold,hold,execute_default_hold,0,False,0.0,0.0,0.0
2025-02-20 17:45:00+00:00,3.14,hold,hold,default_hold,hold,execute_default_hold,0,False,0.0,0.0,0.0
2025-02-20 18:00:00+00:00,3.15,hold,hold,default_hold,hold,execute_default_hold,0,False,0.0,0.0,0.0
2025-02-20 18:15:00+00:00,3.24,hold,hold,default_hold,hold,execute_default_hold,0,False,0.0,0.0,0.0
2025-02-20 18:30:00+00:00,3.12,hold,hold,default_hold,hold,execute_default_hold,0,False,0.0,0.0,0.0
2025-02-20 18:45:00+00:00,3.22,hold,hold,default_hold,hold,execute_default_hold,0,False,0.0,0.0,0.0
2025-02-20 19:00:00+00:00,3.15,hold,hold,default_hold,hold,execute_default_hold,0,False,0.0,0.0,0.0
2025-02-20 19:15:00+00:00,3.1,hold,hold,default_hold,hold,execute_default_hold,0,False,0.0,0.0,0.0
2025-02-20 19:30:00+00:00,3.06,hold,hold,default_hold,hold,execute_default_hold,0,False,0.0,0.0,0.0
2025-02-20 19:45:00+00:00,3.03,hold,hold,default_hold,hold,execute_default_hold,0,False,0.0,0.0,0.0
2025-02-20 20:00:00+00:00,3.01,hold,hold,default_hold,hold,execute_default_hold,0,False,0.0,0.0,0.0
2025-02-20 20:15:00+00:00,3.0,hold,hold,default_hold,hold,execute_default_hold,0,False,0.0,0.0,0.0
2025-02-20 20:30:00+00:00,2.99,hold,hold,default_hold,hold,execute_default_hold,0,False,0.0,0.0,0.0
2025-02-20 20:45:00+00:00,3.0,hold,hold,default_hold,hold,execute_default_hold,0,False,0.0,0.0,0.0
2025-02-20 21:00:00+00:00,3.02,hold,hold,default_hold,hold,execute_default_hold,0,False,0.0,0.0,0.0
2025-02-21 14:30:00+00:00,3.15,hold,hold,default_hold,hold,execute_default_hold,0,False,0.0,0.0,0.0
2025-02-21 14:45:00+00:00,3.08,hold,hold,default_hold,hold,execute_default_hold,0,False,0.0,0.0,0.0
2025-02-21 15:00:00+00:00,2.9,hold,hold,default_hold,hold,execute_default_hold,0,False,0.0,0.0,0.0
2025-02-21 15:15:00+00:00,2.73,hold,hold,default_hold,hold,execute_default_hold,0,False,0.0,0.0,0.0
2025-02-21 15:30:00+00:00,2.8,hold,hold,default_hold,hold,execute_default_hold,0,False,0.0,0.0,0.0
2025-02-21 15:45:00+00:00,2.78,hold,hold,default_hold,hold,execute_default_hold,0,False,0.0,0.0,0.0
2025-02-21 16:00:00+00:00,2.82,hold,hold,default_hold,hold,execute_default_hold,0,False,0.0,0.0,0.0
2025-02-21 16:15:00+00:00,2.77,hold,hold,default_hold,hold,execute_default_hold,0,False,0.0,0.0,0.0
2025-02-21 16:30:00+00:00,2.76,hold,hold,default_hold,hold,execute_default_hold,0,False,0.0,0.0,0.0
2025-02-21 16:45:00+00:00,2.65,hold,hold,default_hold,hold,execute_default_hold,0,False,0.0,0.0,0.0
2025-02-21 17:00:00+00:00,2.63,hold,hold,default_hold,hold,execute_default_hold,0,False,0.0,0.0,0.0
2025-02-21 17:15:00+00:00,2.64,hold,hold,default_hold,hold,execute_default_hold,0,False,0.0,0.0,0.0
2025-02-21 17:30:00+00:00,2.62,hold,hold,default_hold,hold,execute_default_hold,0,False,0.0,0.0,0.0
2025-02-21 17:45:00+00:00,2.55,hold,hold,default_hold,hold,execute_default_hold,0,False,0.0,0.0,0.0
2025-02-21 18:00:00+00:00,2.56,hold,hold,default_hold,hold,execute_default_hold,0,False,0.0,0.0,0.0
2025-02-21 18:15:00+00:00,2.55,hold,hold,default_hold,hold,execute_default_hold,0,False,0.0,0.0,0.0
2025-02-21 18:30:00+00:00,2.54,hold,hold,default_hold,hold,execute_default_hold,0,False,0.0,0.0,0.0
2025-02-21 18:45:00+00:00,2.52,hold,hold,default_hold,hold,execute_default_hold,0,False,0.0,0.0,0.0
2025-02-21 19:00:00+00:00,2.53,hold,hold,default_hold,hold,execute_default_hold,0,False,0.0,0.0,0.0
2025-02-21 19:15:00+00:00,2.56,hold,hold,default_hold,hold,execute_default_hold,0,False,0.0,0.0,0.0
2025-02-21 19:30:00+00:00,2.51,hold,hold,default_hold,hold,execute_default_hold,0,False,0.0,0.0,0.0
2025-02-21 19:45:00+00:00,2.5,hold,hold,default_hold,hold,execute_default_hold,0,False,0.0,0.0,0.0
2025-02-21 20:00:00+00:00,2.46,hold,hold,default_hold,hold,execute_default_hold,0,False,0.0,0.0,0.0
2025-02-21 20:15:00+00:00,2.46,hold,hold,default_hold,hold,execute_default_hold,0,False,0.0,0.0,0.0
2025-02-21 20:30:00+00:00,2.4,hold,hold,default_hold,hold,execute_default_hold,0,False,0.0,0.0,0.0
2025-02-21 20:45:00+00:00,2.42,hold,hold,default_hold,hold,execute_default_hold,0,False,0.0,0.0,0.0
2025-02-21 21:00:00+00:00,2.66,sell,hold,no_position,hold,execute_no_position,0,False,0.0,0.0,0.0
2025-02-24 14:30:00+00:00,3.0,hold,hold,default_hold,hold,execute_default_hold,0,False,0.0,0.0,0.0
2025-02-24 14:45:00+00:00,3.22,avoid,hold,avoid_no_position,hold,execute_avoid_no_position,0,False,0.0,0.0,0.0
2025-02-24 15:00:00+00:00,2.95,hold,hold,default_hold,hold,execute_default_hold,0,False,0.0,0.0,0.0
2025-02-24 15:15:00+00:00,2.94,hold,hold,default_hold,hold,execute_default_hold,0,False,0.0,0.0,0.0
2025-02-24 15:30:00+00:00,2.91,hold,hold,default_hold,hold,execute_default_hold,0,False,0.0,0.0,0.0
2025-02-24 15:45:00+00:00,2.87,hold,hold,default_hold,hold,execute_default_hold,0,False,0.0,0.0,0.0
2025-02-24 16:00:00+00:00,2.74,hold,hold,default_hold,hold,execute_default_hold,0,False,0.0,0.0,0.0
2025-02-24 16:15:00+00:00,2.75,hold,hold,default_hold,hold,execute_default_hold,0,False,0.0,0.0,0.0
2025-02-24 16:30:00+00:00,2.76,hold,hold,default_hold,hold,execute_default_hold,0,False,0.0,0.0,0.0
2025-02-24 16:45:00+00:00,2.73,hold,hold,default_hold,hold,execute_default_hold,0,False,0.0,0.0,0.0
2025-02-24 17:00:00+00:00,2.74,sell,hold,no_position,hold,execute_no_position,0,False,0.0,0.0,0.0
2025-02-24 17:15:00+00:00,2.61,hold,hold,default_hold,hold,execute_default_hold,0,False,0.0,0.0,0.0
2025-02-24 17:30:00+00:00,2.55,hold,hold,default_hold,hold,execute_default_hold,0,False,0.0,0.0,0.0
2025-02-24 17:45:00+00:00,2.64,hold,hold,default_hold,hold,execute_default_hold,0,False,0.0,0.0,0.0
2025-02-24 18:00:00+00:00,2.65,reduce,hold,no_position,hold,execute_no_position,0,False,0.0,0.0,0.0
2025-02-24 18:15:00+00:00,2.61,hold,hold,default_hold,hold,execute_default_hold,0,False,0.0,0.0,0.0
2025-02-24 18:30:00+00:00,2.6,hold,hold,default_hold,hold,execute_default_hold,0,False,0.0,0.0,0.0
2025-02-24 18:45:00+00:00,2.57,hold,hold,default_hold,hold,execute_default_hold,0,False,0.0,0.0,0.0
2025-02-24 19:00:00+00:00,2.59,hold,hold,default_hold,hold,execute_default_hold,0,False,0.0,0.0,0.0
2025-02-24 19:15:00+00:00,2.56,hold,hold,default_hold,hold,execute_default_hold,0,False,0.0,0.0,0.0
2025-02-24 19:30:00+00:00,2.52,hold,hold,default_hold,hold,execute_default_hold,0,False,0.0,0.0,0.0
2025-02-24 19:45:00+00:00,2.48,hold,hold,default_hold,hold,execute_default_hold,0,False,0.0,0.0,0.0
2025-02-24 20:00:00+00:00,2.46,hold,hold,default_hold,hold,execute_default_hold,0,False,0.0,0.0,0.0
2025-02-24 20:15:00+00:00,2.53,hold,hold,default_hold,hold,execute_default_hold,0,False,0.0,0.0,0.0
2025-02-24 20:30:00+00:00,2.49,hold,hold,default_hold,hold,execute_default_hold,0,False,0.0,0.0,0.0
2025-02-24 20:45:00+00:00,2.52,hold,hold,default_hold,hold,execute_default_hold,0,False,0.0,0.0,0.0
2025-02-24 21:00:00+00:00,2.6,hold,hold,default_hold,hold,execute_default_hold,0,False,0.0,0.0,0.0
2025-02-25 14:30:00+00:00,2.61,avoid,hold,avoid_no_position,hold,execute_avoid_no_position,0,False,0.0,0.0,0.0
2025-02-25 14:45:00+00:00,2.51,reduce,hold,no_position,hold,execute_no_position,0,False,0.0,0.0,0.0
2025-02-25 15:00:00+00:00,2.41,hold,hold,default_hold,hold,execute_default_hold,0,False,0.0,0.0,0.0
2025-02-25 15:15:00+00:00,2.41,hold,hold,default_hold,hold,execute_default_hold,0,False,0.0,0.0,0.0
2025-02-25 15:30:00+00:00,2.36,hold,hold,default_hold,hold,execute_default_hold,0,False,0.0,0.0,0.0
2025-02-25 15:45:00+00:00,2.37,hold,hold,default_hold,hold,execute_default_hold,0,False,0.0,0.0,0.0
2025-02-25 16:00:00+00:00,2.42,hold,hold,default_hold,hold,execute_default_hold,0,False,0.0,0.0,0.0
2025-02-25 16:15:00+00:00,2.36,hold,hold,default_hold,hold,execute_default_hold,0,False,0.0,0.0,0.0
2025-02-25 16:30:00+00:00,2.34,hold,hold,default_hold,hold,execute_default_hold,0,False,0.0,0.0,0.0
2025-02-25 16:45:00+00:00,2.34,hold,hold,default_hold,hold,execute_default_hold,0,False,0.0,0.0,0.0
2025-02-25 17:00:00+00:00,2.4,hold,hold,default_hold,hold,execute_default_hold,0,False,0.0,0.0,0.0
2025-02-25 17:15:00+00:00,2.4,hold,hold,default_hold,hold,execute_default_hold,0,False,0.0,0.0,0.0
2025-02-25 17:30:00+00:00,2.39,hold,hold,default_hold,hold,execute_default_hold,0,False,0.0,0.0,0.0
2025-02-25 17:45:00+00:00,2.34,hold,hold,default_hold,hold,execute_default_hold,0,False,0.0,0.0,0.0
2025-02-25 18:00:00+00:00,2.33,hold,hold,default_hold,hold,execute_default_hold,0,False,0.0,0.0,0.0
2025-02-25 18:15:00+00:00,2.35,hold,hold,default_hold,hold,execute_default_hold,0,False,0.0,0.0,0.0
2025-02-25 18:30:00+00:00,2.33,hold,hold,default_hold,hold,execute_default_hold,0,False,0.0,0.0,0.0
2025-02-25 18:45:00+00:00,2.33,hold,hold,default_hold,hold,execute_default_hold,0,False,0.0,0.0,0.0
2025-02-25 19:00:00+00:00,2.34,avoid,hold,avoid_no_position,hold,execute_avoid_no_position,0,False,0.0,0.0,0.0
2025-02-25 19:15:00+00:00,2.33,reduce,hold,no_position,hold,execute_no_position,0,False,0.0,0.0,0.0
2025-02-25 19:30:00+00:00,2.3,hold,hold,default_hold,hold,execute_default_hold,0,False,0.0,0.0,0.0
2025-02-25 19:45:00+00:00,2.32,hold,hold,default_hold,hold,execute_default_hold,0,False,0.0,0.0,0.0
2025-02-25 20:00:00+00:00,2.31,hold,hold,default_hold,hold,execute_default_hold,0,False,0.0,0.0,0.0
2025-02-25 20:15:00+00:00,2.3,hold,hold,default_hold,hold,execute_default_hold,0,False,0.0,0.0,0.0
2025-02-25 20:30:00+00:00,2.28,hold,hold,default_hold,hold,execute_default_hold,0,False,0.0,0.0,0.0
2025-02-25 20:45:00+00:00,2.34,hold,hold,default_hold,hold,execute_default_hold,0,False,0.0,0.0,0.0
2025-02-25 21:00:00+00:00,2.32,hold,hold,default_hold,hold,execute_default_hold,0,False,0.0,0.0,0.0
2025-02-26 14:30:00+00:00,2.32,hold,hold,default_hold,hold,execute_default_hold,0,False,0.0,0.0,0.0
2025-02-26 14:45:00+00:00,2.17,hold,hold,default_hold,hold,execute_default_hold,0,False,0.0,0.0,0.0
2025-02-26 15:00:00+00:00,2.27,hold,hold,default_hold,hold,execute_default_hold,0,False,0.0,0.0,0.0
2025-02-26 15:15:00+00:00,2.36,sell,hold,no_position,hold,execute_no_position,0,False,0.0,0.0,0.0
2025-02-26 15:30:00+00:00,2.44,hold,hold,default_hold,hold,execute_default_hold,0,False,0.0,0.0,0.0
2025-02-26 15:45:00+00:00,2.53,avoid,hold,avoid_no_position,hold,execute_avoid_no_position,0,False,0.0,0.0,0.0
2025-02-26 16:00:00+00:00,2.47,hold,hold,default_hold,hold,execute_default_hold,0,False,0.0,0.0,0.0
2025-02-26 16:15:00+00:00,2.5,hold,hold,default_hold,hold,execute_default_hold,0,False,0.0,0.0,0.0
2025-02-26 16:30:00+00:00,2.45,hold,hold,default_hold,hold,execute_default_hold,0,False,0.0,0.0,0.0
2025-02-26 16:45:00+00:00,2.41,hold,hold,default_hold,hold,execute_default_hold,0,False,0.0,0.0,0.0
2025-02-26 17:00:00+00:00,2.37,hold,hold,default_hold,hold,execute_default_hold,0,False,0.0,0.0,0.0
2025-02-26 17:15:00+00:00,2.35,hold,hold,default_hold,hold,execute_default_hold,0,False,0.0,0.0,0.0
2025-02-26 17:30:00+00:00,2.37,hold,hold,default_hold,hold,execute_default_hold,0,False,0.0,0.0,0.0
2025-02-26 17:45:00+00:00,2.34,sell,hold,no_position,hold,execute_no_position,0,False,0.0,0.0,0.0
2025-02-26 18:00:00+00:00,2.31,hold,hold,default_hold,hold,execute_default_hold,0,False,0.0,0.0,0.0
2025-02-26 18:15:00+00:00,2.31,hold,hold,default_hold,hold,execute_default_hold,0,False,0.0,0.0,0.0
2025-02-26 18:30:00+00:00,2.31,hold,hold,default_hold,hold,execute_default_hold,0,False,0.0,0.0,0.0
2025-02-26 18:45:00+00:00,2.35,reduce,hold,no_position,hold,execute_no_position,0,False,0.0,0.0,0.0
2025-02-26 19:00:00+00:00,2.33,hold,hold,default_hold,hold,execute_default_hold,0,False,0.0,0.0,0.0
2025-02-26 19:15:00+00:00,2.33,hold,hold,default_hold,hold,execute_default_hold,0,False,0.0,0.0,0.0
2025-02-26 19:30:00+00:00,2.37,avoid,hold,avoid_no_position,hold,execute_avoid_no_position,0,False,0.0,0.0,0.0
2025-02-26 19:45:00+00:00,2.34,reduce,hold,no_position,hold,execute_no_position,0,False,0.0,0.0,0.0
2025-02-26 20:00:00+00:00,2.34,hold,hold,default_hold,hold,execute_default_hold,0,False,0.0,0.0,0.0
2025-02-26 20:15:00+00:00,2.4,avoid,hold,avoid_no_position,hold,execute_avoid_no_position,0,False,0.0,0.0,0.0
2025-02-26 20:30:00+00:00,2.43,hold,hold,default_hold,hold,execute_default_hold,0,False,0.0,0.0,0.0
2025-02-26 20:45:00+00:00,2.43,hold,hold,default_hold,hold,execute_default_hold,0,False,0.0,0.0,0.0
2025-02-26 21:00:00+00:00,2.42,hold,hold,default_hold,hold,execute_default_hold,0,False,0.0,0.0,0.0
2025-02-27 14:30:00+00:00,2.42,hold,hold,default_hold,hold,execute_default_hold,0,False,0.0,0.0,0.0
2025-02-27 14:45:00+00:00,2.52,hold,hold,default_hold,hold,execute_default_hold,0,False,0.0,0.0,0.0
2025-02-27 15:00:00+00:00,2.51,hold,hold,default_hold,hold,execute_default_hold,0,False,0.0,0.0,0.0
2025-02-27 15:15:00+00:00,2.44,hold,hold,default_hold,hold,execute_default_hold,0,False,0.0,0.0,0.0
2025-02-27 15:30:00+00:00,2.41,hold,hold,default_hold,hold,execute_default_hold,0,False,0.0,0.0,0.0
2025-02-27 15:45:00+00:00,2.38,hold,hold,default_hold,hold,execute_default_hold,0,False,0.0,0.0,0.0
2025-02-27 16:00:00+00:00,2.32,sell,hold,no_position,hold,execute_no_position,0,False,0.0,0.0,0.0
2025-02-27 16:15:00+00:00,2.33,hold,hold,default_hold,hold,execute_default_hold,0,False,0.0,0.0,0.0
2025-02-27 16:30:00+00:00,2.33,hold,hold,default_hold,hold,execute_default_hold,0,False,0.0,0.0,0.0
2025-02-27 16:45:00+00:00,2.33,hold,hold,default_hold,hold,execute_default_hold,0,False,0.0,0.0,0.0
2025-02-27 17:00:00+00:00,2.33,hold,hold,default_hold,hold,execute_default_hold,0,False,0.0,0.0,0.0
2025-02-27 17:15:00+00:00,2.31,reduce,hold,no_position,hold,execute_no_position,0,False,0.0,0.0,0.0
2025-02-27 17:30:00+00:00,2.33,hold,hold,default_hold,hold,execute_default_hold,0,False,0.0,0.0,0.0
2025-02-27 17:45:00+00:00,2.32,hold,hold,default_hold,hold,execute_default_hold,0,False,0.0,0.0,0.0
2025-02-27 18:00:00+00:00,2.28,hold,hold,default_hold,hold,execute_default_hold,0,False,0.0,0.0,0.0
2025-02-27 18:15:00+00:00,2.27,hold,hold,default_hold,hold,execute_default_hold,0,False,0.0,0.0,0.0
2025-02-27 18:30:00+00:00,2.29,hold,hold,default_hold,hold,execute_default_hold,0,False,0.0,0.0,0.0
2025-02-27 18:45:00+00:00,2.26,hold,hold,default_hold,hold,execute_default_hold,0,False,0.0,0.0,0.0
2025-02-27 19:00:00+00:00,2.1,hold,hold,default_hold,hold,execute_default_hold,0,False,0.0,0.0,0.0
2025-02-27 19:15:00+00:00,2.11,hold,hold,default_hold,hold,execute_default_hold,0,False,0.0,0.0,0.0
2025-02-27 19:30:00+00:00,2.03,hold,hold,default_hold,hold,execute_default_hold,0,False,0.0,0.0,0.0
2025-02-27 19:45:00+00:00,2.09,hold,hold,default_hold,hold,execute_default_hold,0,False,0.0,0.0,0.0
2025-02-27 20:00:00+00:00,2.06,hold,hold,default_hold,hold,execute_default_hold,0,False,0.0,0.0,0.0
2025-02-27 20:15:00+00:00,2.04,hold,hold,default_hold,hold,execute_default_hold,0,False,0.0,0.0,0.0
2025-02-27 20:30:00+00:00,2.06,hold,hold,default_hold,hold,execute_default_hold,0,False,0.0,0.0,0.0
2025-02-27 20:45:00+00:00,2.12,hold,hold,default_hold,hold,execute_default_hold,0,False,0.0,0.0,0.0
2025-02-27 21:00:00+00:00,2.07,hold,hold,default_hold,hold,execute_default_hold,0,False,0.0,0.0,0.0
2025-02-28 14:30:00+00:00,1.77,hold,hold,default_hold,hold,execute_default_hold,0,False,0.0,0.0,0.0
2025-02-28 14:45:00+00:00,1.93,hold,hold,default_hold,hold,execute_default_hold,0,False,0.0,0.0,0.0
2025-02-28 15:00:00+00:00,1.91,hold,hold,default_hold,hold,execute_default_hold,0,False,0.0,0.0,0.0
2025-02-28 15:15:00+00:00,1.96,hold,hold,default_hold,hold,execute_default_hold,0,False,0.0,0.0,0.0
2025-02-28 15:30:00+00:00,1.89,hold,hold,default_hold,hold,execute_default_hold,0,False,0.0,0.0,0.0
2025-02-28 15:45:00+00:00,1.81,hold,hold,default_hold,hold,execute_default_hold,0,False,0.0,0.0,0.0
2025-02-28 16:00:00+00:00,1.79,hold,hold,default_hold,hold,execute_default_hold,0,False,0.0,0.0,0.0
2025-02-28 16:15:00+00:00,1.75,hold,hold,default_hold,hold,execute_default_hold,0,False,0.0,0.0,0.0
2025-02-28 16:30:00+00:00,1.75,hold,hold,default_hold,hold,execute_default_hold,0,False,0.0,0.0,0.0
2025-02-28 16:45:00+00:00,1.75,hold,hold,default_hold,hold,execute_default_hold,0,False,0.0,0.0,0.0
2025-02-28 17:00:00+00:00,1.74,hold,hold,default_hold,hold,execute_default_hold,0,False,0.0,0.0,0.0
2025-02-28 17:15:00+00:00,1.74,hold,hold,default_hold,hold,execute_default_hold,0,False,0.0,0.0,0.0
2025-02-28 17:30:00+00:00,1.75,hold,hold,default_hold,hold,execute_default_hold,0,False,0.0,0.0,0.0
2025-02-28 17:45:00+00:00,1.77,hold,hold,default_hold,hold,execute_default_hold,0,False,0.0,0.0,0.0
2025-02-28 18:00:00+00:00,1.75,hold,hold,default_hold,hold,execute_default_hold,0,False,0.0,0.0,0.0
2025-02-28 18:15:00+00:00,1.69,hold,hold,default_hold,hold,execute_default_hold,0,False,0.0,0.0,0.0
2025-02-28 18:30:00+00:00,1.66,hold,hold,default_hold,hold,execute_default_hold,0,False,0.0,0.0,0.0
2025-02-28 18:45:00+00:00,1.67,hold,hold,default_hold,hold,execute_default_hold,0,False,0.0,0.0,0.0
2025-02-28 19:00:00+00:00,1.64,hold,hold,default_hold,hold,execute_default_hold,0,False,0.0,0.0,0.0
2025-02-28 19:15:00+00:00,1.63,hold,hold,default_hold,hold,execute_default_hold,0,False,0.0,0.0,0.0
2025-02-28 19:30:00+00:00,1.6,hold,hold,default_hold,hold,execute_default_hold,0,False,0.0,0.0,0.0
2025-02-28 19:45:00+00:00,1.54,hold,hold,default_hold,hold,execute_default_hold,0,False,0.0,0.0,0.0
2025-02-28 20:00:00+00:00,1.53,hold,hold,default_hold,hold,execute_default_hold,0,False,0.0,0.0,0.0
2025-02-28 20:15:00+00:00,1.8,avoid,hold,avoid_no_position,hold,execute_avoid_no_position,0,False,0.0,0.0,0.0
2025-02-28 20:30:00+00:00,1.79,sell,hold,no_position,hold,execute_no_position,0,False,0.0,0.0,0.0
2025-02-28 20:45:00+00:00,1.73,avoid,hold,avoid_no_position,hold,execute_avoid_no_position,0,False,0.0,0.0,0.0
2025-02-28 21:00:00+00:00,1.92,sell,hold,no_position,hold,execute_no_position,0,False,0.0,0.0,0.0
2025-03-03 14:30:00+00:00,2.1499,avoid,hold,avoid_no_position,hold,execute_avoid_no_position,0,False,0.0,0.0,0.0
2025-03-03 14:45:00+00:00,1.98,hold,hold,default_hold,hold,execute_default_hold,0,False,0.0,0.0,0.0
2025-03-03 15:00:00+00:00,1.95,hold,hold,default_hold,hold,execute_default_hold,0,False,0.0,0.0,0.0
2025-03-03 15:15:00+00:00,1.895,hold,hold,default_hold,hold,execute_default_hold,0,False,0.0,0.0,0.0
2025-03-03 15:30:00+00:00,1.85,hold,hold,default_hold,hold,execute_default_hold,0,False,0.0,0.0,0.0
2025-03-03 15:45:00+00:00,1.875,hold,hold,default_hold,hold,execute_default_hold,0,False,0.0,0.0,0.0
2025-03-03 16:00:00+00:00,1.9,hold,hold,default_hold,hold,execute_default_hold,0,False,0.0,0.0,0.0
2025-03-03 16:15:00+00:00,1.88,hold,hold,default_hold,hold,execute_default_hold,0,False,0.0,0.0,0.0
2025-03-03 16:30:00+00:00,1.8399,hold,hold,default_hold,hold,execute_default_hold,0,False,0.0,0.0,0.0
2025-03-03 16:45:00+00:00,1.7921,sell,hold,no_position,hold,execute_no_position,0,False,0.0,0.0,0.0
2025-03-03 17:00:00+00:00,1.77,hold,hold,default_hold,hold,execute_default_hold,0,False,0.0,0.0,0.0
2025-03-03 17:15:00+00:00,1.7892,hold,hold,default_hold,hold,execute_default_hold,0,False,0.0,0.0,0.0
2025-03-03 17:30:00+00:00,1.75,hold,hold,default_hold,hold,execute_default_hold,0,False,0.0,0.0,0.0
2025-03-03 17:45:00+00:00,1.7,reduce,hold,no_position,hold,execute_no_position,0,False,0.0,0.0,0.0
2025-03-03 18:00:00+00:00,1.6872,hold,hold,default_hold,hold,execute_default_hold,0,False,0.0,0.0,0.0
2025-03-03 18:15:00+00:00,1.63,hold,hold,default_hold,hold,execute_default_hold,0,False,0.0,0.0,0.0
2025-03-03 18:30:00+00:00,1.5696,hold,hold,default_hold,hold,execute_default_hold,0,False,0.0,0.0,0.0
2025-03-03 18:45:00+00:00,1.55,hold,hold,default_hold,hold,execute_default_hold,0,False,0.0,0.0,0.0
2025-03-03 19:00:00+00:00,1.5284,hold,hold,default_hold,hold,execute_default_hold,0,False,0.0,0.0,0.0
2025-03-03 19:15:00+00:00,1.5,hold,hold,default_hold,hold,execute_default_hold,0,False,0.0,0.0,0.0
2025-03-03 19:30:00+00:00,1.51,hold,hold,default_hold,hold,execute_default_hold,0,False,0.0,0.0,0.0
2025-03-03 19:45:00+00:00,1.5424,hold,hold,default_hold,hold,execute_default_hold,0,False,0.0,0.0,0.0
2025-03-03 20:00:00+00:00,1.575,hold,hold,default_hold,hold,execute_default_hold,0,False,0.0,0.0,0.0
2025-03-03 20:15:00+00:00,1.63,hold,hold,default_hold,hold,execute_default_hold,0,False,0.0,0.0,0.0
2025-03-03 20:30:00+00:00,1.665,hold,hold,default_hold,hold,execute_default_hold,0,False,0.0,0.0,0.0
2025-03-03 20:45:00+00:00,1.68,avoid,hold,avoid_no_position,hold,execute_avoid_no_position,0,False,0.0,0.0,0.0
2025-03-03 21:00:00+00:00,1.67,hold,hold,default_hold,hold,execute_default_hold,0,False,0.0,0.0,0.0
2025-03-04 14:30:00+00:00,1.7201,hold,hold,default_hold,hold,execute_default_hold,0,False,0.0,0.0,0.0
2025-03-04 14:45:00+00:00,1.662,hold,hold,default_hold,hold,execute_default_hold,0,False,0.0,0.0,0.0
2025-03-04 15:00:00+00:00,1.76,sell,hold,no_position,hold,execute_no_position,0,False,0.0,0.0,0.0
2025-03-04 15:15:00+00:00,1.85,avoid,hold,avoid_no_position,hold,execute_avoid_no_position,0,False,0.0,0.0,0.0
2025-03-04 15:30:00+00:00,1.791,hold,hold,default_hold,hold,execute_default_hold,0,False,0.0,0.0,0.0
2025-03-04 15:45:00+00:00,1.8,hold,hold,default_hold,hold,execute_default_hold,0,False,0.0,0.0,0.0
2025-03-04 16:00:00+00:00,1.8099,hold,hold,default_hold,hold,execute_default_hold,0,False,0.0,0.0,0.0
2025-03-04 16:15:00+00:00,1.78,hold,hold,default_hold,hold,execute_default_hold,0,False,0.0,0.0,0.0
2025-03-04 16:30:00+00:00,1.78,hold,hold,default_hold,hold,execute_default_hold,0,False,0.0,0.0,0.0
2025-03-04 16:45:00+00:00,1.81,hold,hold,default_hold,hold,execute_default_hold,0,False,0.0,0.0,0.0
2025-03-04 17:00:00+00:00,1.8013,hold,hold,default_hold,hold,execute_default_hold,0,False,0.0,0.0,0.0
2025-03-04 17:15:00+00:00,1.89,hold,hold,default_hold,hold,execute_default_hold,0,False,0.0,0.0,0.0
2025-03-04 17:30:00+00:00,1.88,hold,hold,default_hold,hold,execute_default_hold,0,False,0.0,0.0,0.0
2025-03-04 17:45:00+00:00,1.8506,hold,hold,default_hold,hold,execute_default_hold,0,False,0.0,0.0,0.0
2025-03-04 18:00:00+00:00,1.87,hold,hold,default_hold,hold,execute_default_hold,0,False,0.0,0.0,0.0
2025-03-04 18:15:00+00:00,1.925,hold,hold,default_hold,hold,execute_default_hold,0,False,0.0,0.0,0.0
2025-03-04 18:30:00+00:00,2.0099,hold,hold,default_hold,hold,execute_default_hold,0,False,0.0,0.0,0.0
2025-03-04 18:45:00+00:00,1.9954,hold,hold,default_hold,hold,execute_default_hold,0,False,0.0,0.0,0.0
2025-03-04 19:00:00+00:00,1.9799,hold,hold,default_hold,hold,execute_default_hold,0,False,0.0,0.0,0.0
2025-03-04 19:15:00+00:00,2.01,hold,hold,default_hold,hold,execute_default_hold,0,False,0.0,0.0,0.0
2025-03-04 19:30:00+00:00,2.11,hold,hold,default_hold,hold,execute_default_hold,0,False,0.0,0.0,0.0
2025-03-04 19:45:00+00:00,2.07,hold,hold,default_hold,hold,execute_default_hold,0,False,0.0,0.0,0.0
2025-03-04 20:00:00+00:00,2.0733,hold,hold,default_hold,hold,execute_default_hold,0,False,0.0,0.0,0.0
2025-03-04 20:15:00+00:00,2.08,hold,hold,default_hold,hold,execute_default_hold,0,False,0.0,0.0,0.0
2025-03-04 20:30:00+00:00,2.11,hold,hold,default_hold,hold,execute_default_hold,0,False,0.0,0.0,0.0
2025-03-04 20:45:00+00:00,2.13,hold,hold,default_hold,hold,execute_default_hold,0,False,0.0,0.0,0.0
2025-03-04 21:00:00+00:00,2.27,hold,hold,default_hold,hold,execute_default_hold,0,False,0.0,0.0,0.0
2025-03-05 14:30:00+00:00,2.4893,hold,hold,default_hold,hold,execute_default_hold,0,False,0.0,0.0,0.0
2025-03-05 14:45:00+00:00,2.3611,hold,hold,default_hold,hold,execute_default_hold,0,False,0.0,0.0,0.0
2025-03-05 15:00:00+00:00,2.17,hold,hold,default_hold,hold,execute_default_hold,0,False,0.0,0.0,0.0
2025-03-05 15:15:00+00:00,2.24,hold,hold,default_hold,hold,execute_default_hold,0,False,0.0,0.0,0.0
2025-03-05 15:30:00+00:00,2.3008,hold,hold,default_hold,hold,execute_default_hold,0,False,0.0,0.0,0.0
2025-03-05 15:45:00+00:00,2.4,hold,hold,default_hold,hold,execute_default_hold,0,False,0.0,0.0,0.0
2025-03-05 16:00:00+00:00,2.4,hold,hold,default_hold,hold,execute_default_hold,0,False,0.0,0.0,0.0
2025-03-05 16:15:00+00:00,2.62,hold,hold,default_hold,hold,execute_default_hold,0,False,0.0,0.0,0.0
2025-03-05 16:30:00+00:00,2.6481,hold,hold,default_hold,hold,execute_default_hold,0,False,0.0,0.0,0.0
2025-03-05 16:45:00+00:00,2.56,hold,hold,default_hold,hold,execute_default_hold,0,False,0.0,0.0,0.0
2025-03-05 17:00:00+00:00,2.59,hold,hold,default_hold,hold,execute_default_hold,0,False,0.0,0.0,0.0
2025-03-05 17:15:00+00:00,2.536,hold,hold,default_hold,hold,execute_default_hold,0,False,0.0,0.0,0.0
2025-03-05 17:30:00+00:00,2.53,hold,hold,default_hold,hold,execute_default_hold,0,False,0.0,0.0,0.0
2025-03-05 17:45:00+00:00,2.435,hold,hold,default_hold,hold,execute_default_hold,0,False,0.0,0.0,0.0
2025-03-05 18:00:00+00:00,2.36,hold,hold,default_hold,hold,execute_default_hold,0,False,0.0,0.0,0.0
2025-03-05 18:15:00+00:00,2.3435,sell,hold,no_position,hold,execute_no_position,0,False,0.0,0.0,0.0
2025-03-05 18:30:00+00:00,2.335,hold,hold,default_hold,hold,execute_default_hold,0,False,0.0,0.0,0.0
2025-03-05 18:45:00+00:00,2.325,hold,hold,default_hold,hold,execute_default_hold,0,False,0.0,0.0,0.0
2025-03-05 19:00:00+00:00,2.31,hold,hold,default_hold,hold,execute_default_hold,0,False,0.0,0.0,0.0
2025-03-05 19:15:00+00:00,2.405,reduce,hold,no_position,hold,execute_no_position,0,False,0.0,0.0,0.0
2025-03-05 19:30:00+00:00,2.36,hold,hold,default_hold,hold,execute_default_hold,0,False,0.0,0.0,0.0
2025-03-05 19:45:00+00:00,2.38,hold,hold,default_hold,hold,execute_default_hold,0,False,0.0,0.0,0.0
2025-03-05 20:00:00+00:00,2.38,hold,hold,default_hold,hold,execute_default_hold,0,False,0.0,0.0,0.0
2025-03-05 20:15:00+00:00,2.385,hold,hold,default_hold,hold,execute_default_hold,0,False,0.0,0.0,0.0
2025-03-05 20:30:00+00:00,2.41,avoid,hold,avoid_no_position,hold,execute_avoid_no_position,0,False,0.0,0.0,0.0
2025-03-05 20:45:00+00:00,2.445,hold,hold,default_hold,hold,execute_default_hold,0,False,0.0,0.0,0.0
2025-03-05 21:00:00+00:00,2.39,hold,hold,default_hold,hold,execute_default_hold,0,False,0.0,0.0,0.0
2025-03-06 14:30:00+00:00,2.3972,hold,hold,default_hold,hold,execute_default_hold,0,False,0.0,0.0,0.0
2025-03-06 14:45:00+00:00,2.15,reduce,hold,no_position,hold,execute_no_position,0,False,0.0,0.0,0.0
2025-03-06 15:00:00+00:00,2.19,hold,hold,default_hold,hold,execute_default_hold,0,False,0.0,0.0,0.0
2025-03-06 15:15:00+00:00,2.25,hold,hold,default_hold,hold,execute_default_hold,0,False,0.0,0.0,0.0
2025-03-06 15:30:00+00:00,2.35,hold,hold,default_hold,hold,execute_default_hold,0,False,0.0,0.0,0.0
2025-03-06 15:45:00+00:00,2.355,hold,hold,default_hold,hold,execute_default_hold,0,False,0.0,0.0,0.0
2025-03-06 16:00:00+00:00,2.32,hold,hold,default_hold,hold,execute_default_hold,0,False,0.0,0.0,0.0
2025-03-06 16:15:00+00:00,2.3804,hold,hold,default_hold,hold,execute_default_hold,0,False,0.0,0.0,0.0
2025-03-06 16:30:00+00:00,2.36,hold,hold,default_hold,hold,execute_default_hold,0,False,0.0,0.0,0.0
2025-03-06 16:45:00+00:00,2.34,hold,hold,default_hold,hold,execute_default_hold,0,False,0.0,0.0,0.0
2025-03-06 17:00:00+00:00,2.31,hold,hold,default_hold,hold,execute_default_hold,0,False,0.0,0.0,0.0
2025-03-06 17:15:00+00:00,2.243,avoid,hold,avoid_no_position,hold,execute_avoid_no_position,0,False,0.0,0.0,0.0
2025-03-06 17:30:00+00:00,2.27,hold,hold,default_hold,hold,execute_default_hold,0,False,0.0,0.0,0.0
2025-03-06 17:45:00+00:00,2.23,reduce,hold,no_position,hold,execute_no_position,0,False,0.0,0.0,0.0
2025-03-06 18:00:00+00:00,2.25,hold,hold,default_hold,hold,execute_default_hold,0,False,0.0,0.0,0.0
2025-03-06 18:15:00+00:00,2.24,hold,hold,default_hold,hold,execute_default_hold,0,False,0.0,0.0,0.0
2025-03-06 18:30:00+00:00,2.2501,hold,hold,default_hold,hold,execute_default_hold,0,False,0.0,0.0,0.0
2025-03-06 18:45:00+00:00,2.22,hold,hold,default_hold,hold,execute_default_hold,0,False,0.0,0.0,0.0
2025-03-06 19:00:00+00:00,2.15,hold,hold,default_hold,hold,execute_default_hold,0,False,0.0,0.0,0.0
2025-03-06 19:15:00+00:00,2.18,hold,hold,default_hold,hold,execute_default_hold,0,False,0.0,0.0,0.0
2025-03-06 19:30:00+00:00,2.18,hold,hold,default_hold,hold,execute_default_hold,0,False,0.0,0.0,0.0
2025-03-06 19:45:00+00:00,2.185,hold,hold,default_hold,hold,execute_default_hold,0,False,0.0,0.0,0.0
2025-03-06 20:00:00+00:00,2.19,hold,hold,default_hold,hold,execute_default_hold,0,False,0.0,0.0,0.0
2025-03-06 20:15:00+00:00,2.21,hold,hold,default_hold,hold,execute_default_hold,0,False,0.0,0.0,0.0
2025-03-06 20:30:00+00:00,2.22,hold,hold,default_hold,hold,execute_default_hold,0,False,0.0,0.0,0.0
2025-03-06 20:45:00+00:00,2.1999,hold,hold,default_hold,hold,execute_default_hold,0,False,0.0,0.0,0.0
2025-03-06 21:00:00+00:00,2.18,hold,hold,default_hold,hold,execute_default_hold,0,False,0.0,0.0,0.0
2025-03-07 14:30:00+00:00,2.155,hold,hold,default_hold,hold,execute_default_hold,0,False,0.0,0.0,0.0
2025-03-07 14:45:00+00:00,2.14,hold,hold,default_hold,hold,execute_default_hold,0,False,0.0,0.0,0.0
2025-03-07 15:00:00+00:00,2.195,hold,hold,default_hold,hold,execute_default_hold,0,False,0.0,0.0,0.0
2025-03-07 15:15:00+00:00,2.165,hold,hold,default_hold,hold,execute_default_hold,0,False,0.0,0.0,0.0
2025-03-07 15:30:00+00:00,2.13,hold,hold,default_hold,hold,execute_default_hold,0,False,0.0,0.0,0.0
2025-03-07 15:45:00+00:00,2.09,hold,hold,default_hold,hold,execute_default_hold,0,False,0.0,0.0,0.0
2025-03-07 16:00:00+00:00,2.07,hold,hold,default_hold,hold,execute_default_hold,0,False,0.0,0.0,0.0
2025-03-07 16:15:00+00:00,2.105,hold,hold,default_hold,hold,execute_default_hold,0,False,0.0,0.0,0.0
2025-03-07 16:30:00+00:00,2.11,hold,hold,default_hold,hold,execute_default_hold,0,False,0.0,0.0,0.0
2025-03-07 16:45:00+00:00,2.085,hold,hold,default_hold,hold,execute_default_hold,0,False,0.0,0.0,0.0
2025-03-07 17:00:00+00:00,2.08,hold,hold,default_hold,hold,execute_default_hold,0,False,0.0,0.0,0.0
2025-03-07 17:15:00+00:00,2.0749,hold,hold,default_hold,hold,execute_default_hold,0,False,0.0,0.0,0.0
2025-03-07 17:30:00+00:00,2.055,hold,hold,default_hold,hold,execute_default_hold,0,False,0.0,0.0,0.0
2025-03-07 17:45:00+00:00,2.05,hold,hold,default_hold,hold,execute_default_hold,0,False,0.0,0.0,0.0
2025-03-07 18:00:00+00:00,2.0599,hold,hold,default_hold,hold,execute_default_hold,0,False,0.0,0.0,0.0
2025-03-07 18:15:00+00:00,2.0507,hold,hold,default_hold,hold,execute_default_hold,0,False,0.0,0.0,0.0
2025-03-07 18:30:00+00:00,2.035,hold,hold,default_hold,hold,execute_default_hold,0,False,0.0,0.0,0.0
2025-03-07 18:45:00+00:00,2.0501,hold,hold,default_hold,hold,execute_default_hold,0,False,0.0,0.0,0.0
2025-03-07 19:00:00+00:00,2.04,hold,hold,default_hold,hold,execute_default_hold,0,False,0.0,0.0,0.0
2025-03-07 19:15:00+00:00,2.0408,hold,hold,default_hold,hold,execute_default_hold,0,False,0.0,0.0,0.0
2025-03-07 19:30:00+00:00,2.04,hold,hold,default_hold,hold,execute_default_hold,0,False,0.0,0.0,0.0
2025-03-07 19:45:00+00:00,2.02,hold,hold,default_hold,hold,execute_default_hold,0,False,0.0,0.0,0.0
2025-03-07 20:00:00+00:00,2.025,hold,hold,default_hold,hold,execute_default_hold,0,False,0.0,0.0,0.0
2025-03-07 20:15:00+00:00,2.02,hold,hold,default_hold,hold,execute_default_hold,0,False,0.0,0.0,0.0
2025-03-07 20:30:00+00:00,2.025,hold,hold,default_hold,hold,execute_default_hold,0,False,0.0,0.0,0.0
2025-03-07 20:45:00+00:00,2.045,hold,hold,default_hold,hold,execute_default_hold,0,False,0.0,0.0,0.0
2025-03-07 21:00:00+00:00,2.01,hold,hold,default_hold,hold,execute_default_hold,0,False,0.0,0.0,0.0
2025-03-10 13:30:00+00:00,1.975,hold,hold,default_hold,hold,execute_default_hold,0,False,0.0,0.0,0.0
2025-03-10 13:45:00+00:00,1.91,hold,hold,default_hold,hold,execute_default_hold,0,False,0.0,0.0,0.0
2025-03-10 14:00:00+00:00,1.88,hold,hold,default_hold,hold,execute_default_hold,0,False,0.0,0.0,0.0
2025-03-10 14:15:00+00:00,1.84,hold,hold,default_hold,hold,execute_default_hold,0,False,0.0,0.0,0.0
2025-03-10 14:30:00+00:00,1.815,hold,hold,default_hold,hold,execute_default_hold,0,False,0.0,0.0,0.0
2025-03-10 14:45:00+00:00,1.7956,hold,hold,default_hold,hold,execute_default_hold,0,False,0.0,0.0,0.0
2025-03-10 15:00:00+00:00,1.8,hold,hold,default_hold,hold,execute_default_hold,0,False,0.0,0.0,0.0
2025-03-10 15:15:00+00:00,1.82,hold,hold,default_hold,hold,execute_default_hold,0,False,0.0,0.0,0.0
2025-03-10 15:30:00+00:00,1.81,hold,hold,default_hold,hold,execute_default_hold,0,False,0.0,0.0,0.0
2025-03-10 15:45:00+00:00,1.774,hold,hold,default_hold,hold,execute_default_hold,0,False,0.0,0.0,0.0
2025-03-10 16:00:00+00:00,1.805,hold,hold,default_hold,hold,execute_default_hold,0,False,0.0,0.0,0.0
2025-03-10 16:15:00+00:00,1.835,hold,hold,default_hold,hold,execute_default_hold,0,False,0.0,0.0,0.0
2025-03-10 16:30:00+00:00,1.8306,hold,hold,default_hold,hold,execute_default_hold,0,False,0.0,0.0,0.0
2025-03-10 16:45:00+00:00,1.85,avoid,hold,avoid_no_position,hold,execute_avoid_no_position,0,False,0.0,0.0,0.0
2025-03-10 17:00:00+00:00,1.87,hold,hold,default_hold,hold,execute_default_hold,0,False,0.0,0.0,0.0
2025-03-10 17:15:00+00:00,1.84,hold,hold,default_hold,hold,execute_default_hold,0,False,0.0,0.0,0.0
2025-03-10 17:30:00+00:00,1.835,hold,hold,default_hold,hold,execute_default_hold,0,False,0.0,0.0,0.0
2025-03-10 17:45:00+00:00,1.815,reduce,hold,no_position,hold,execute_no_position,0,False,0.0,0.0,0.0
2025-03-10 18:00:00+00:00,1.82,avoid,hold,avoid_no_position,hold,execute_avoid_no_position,0,False,0.0,0.0,0.0
2025-03-10 18:15:00+00:00,1.83,hold,hold,default_hold,hold,execute_default_hold,0,False,0.0,0.0,0.0
2025-03-10 18:30:00+00:00,1.805,sell,hold,no_position,hold,execute_no_position,0,False,0.0,0.0,0.0
2025-03-10 18:45:00+00:00,1.8,hold,hold,default_hold,hold,execute_default_hold,0,False,0.0,0.0,0.0
2025-03-10 19:00:00+00:00,1.82,hold,hold,default_hold,hold,execute_default_hold,0,False,0.0,0.0,0.0
2025-03-10 19:15:00+00:00,1.83,hold,hold,default_hold,hold,execute_default_hold,0,False,0.0,0.0,0.0
2025-03-10 19:30:00+00:00,1.84,hold,hold,default_hold,hold,execute_default_hold,0,False,0.0,0.0,0.0
2025-03-10 19:45:00+00:00,1.845,avoid,hold,avoid_no_position,hold,execute_avoid_no_position,0,False,0.0,0.0,0.0
2025-03-10 20:00:00+00:00,1.83,reduce,hold,no_position,hold,execute_no_position,0,False,0.0,0.0,0.0
2025-03-11 13:30:00+00:00,1.89,hold,hold,default_hold,hold,execute_default_hold,0,False,0.0,0.0,0.0
2025-03-11 13:45:00+00:00,2.04,hold,hold,default_hold,hold,execute_default_hold,0,False,0.0,0.0,0.0
2025-03-11 14:00:00+00:00,2.05,hold,hold,default_hold,hold,execute_default_hold,0,False,0.0,0.0,0.0
2025-03-11 14:15:00+00:00,2.04,hold,hold,default_hold,hold,execute_default_hold,0,False,0.0,0.0,0.0
2025-03-11 14:30:00+00:00,2.03,hold,hold,default_hold,hold,execute_default_hold,0,False,0.0,0.0,0.0
2025-03-11 14:45:00+00:00,2.045,hold,hold,default_hold,hold,execute_default_hold,0,False,0.0,0.0,0.0
2025-03-11 15:00:00+00:00,2.06,hold,hold,default_hold,hold,execute_default_hold,0,False,0.0,0.0,0.0
2025-03-11 15:15:00+00:00,2.08,hold,hold,default_hold,hold,execute_default_hold,0,False,0.0,0.0,0.0
2025-03-11 15:30:00+00:00,2.07,hold,hold,default_hold,hold,execute_default_hold,0,False,0.0,0.0,0.0
2025-03-11 15:45:00+00:00,2.09,hold,hold,default_hold,hold,execute_default_hold,0,False,0.0,0.0,0.0
2025-03-11 16:00:00+00:00,2.085,hold,hold,default_hold,hold,execute_default_hold,0,False,0.0,0.0,0.0
2025-03-11 16:15:00+00:00,2.065,hold,hold,default_hold,hold,execute_default_hold,0,False,0.0,0.0,0.0
2025-03-11 16:30:00+00:00,2.06,hold,hold,default_hold,hold,execute_default_hold,0,False,0.0,0.0,0.0
2025-03-11 16:45:00+00:00,1.9681,hold,hold,default_hold,hold,execute_default_hold,0,False,0.0,0.0,0.0
2025-03-11 17:00:00+00:00,1.97,hold,hold,default_hold,hold,execute_default_hold,0,False,0.0,0.0,0.0
2025-03-11 17:15:00+00:00,1.99,hold,hold,default_hold,hold,execute_default_hold,0,False,0.0,0.0,0.0
2025-03-11 17:30:00+00:00,1.9729,hold,hold,default_hold,hold,execute_default_hold,0,False,0.0,0.0,0.0
2025-03-11 17:45:00+00:00,1.9,hold,hold,default_hold,hold,execute_default_hold,0,False,0.0,0.0,0.0
2025-03-11 18:00:00+00:00,1.89,hold,hold,default_hold,hold,execute_default_hold,0,False,0.0,0.0,0.0
2025-03-11 18:15:00+00:00,1.9,hold,hold,default_hold,hold,execute_default_hold,0,False,0.0,0.0,0.0
2025-03-11 18:30:00+00:00,1.8999,hold,hold,default_hold,hold,execute_default_hold,0,False,0.0,0.0,0.0
2025-03-11 18:45:00+00:00,1.89,hold,hold,default_hold,hold,execute_default_hold,0,False,0.0,0.0,0.0
2025-03-11 19:00:00+00:00,1.89,hold,hold,default_hold,hold,execute_default_hold,0,False,0.0,0.0,0.0
2025-03-11 19:15:00+00:00,1.89,hold,hold,default_hold,hold,execute_default_hold,0,False,0.0,0.0,0.0
2025-03-11 19:30:00+00:00,1.9,hold,hold,default_hold,hold,execute_default_hold,0,False,0.0,0.0,0.0
2025-03-11 19:45:00+00:00,1.8901,hold,hold,default_hold,hold,execute_default_hold,0,False,0.0,0.0,0.0
2025-03-11 20:00:00+00:00,1.9299,hold,hold,default_hold,hold,execute_default_hold,0,False,0.0,0.0,0.0
2025-03-12 13:30:00+00:00,2.07,hold,hold,default_hold,hold,execute_default_hold,0,False,0.0,0.0,0.0
2025-03-12 13:45:00+00:00,2.08,hold,hold,default_hold,hold,execute_default_hold,0,False,0.0,0.0,0.0
2025-03-12 14:00:00+00:00,2.01,hold,hold,default_hold,hold,execute_default_hold,0,False,0.0,0.0,0.0
2025-03-12 14:15:00+00:00,2.08,buy,buy,trend_buy,buy,weak_trend_limited_buy,50,False,0.0,0.0,0.0
2025-03-12 14:30:00+00:00,2.115,hold,hold,default_hold,hold,execute_default_hold,0,False,0.0,0.0,0.0
2025-03-12 14:45:00+00:00,2.06,hold,hold,default_hold,hold,execute_default_hold,0,False,0.0,0.0,0.0
2025-03-12 15:00:00+00:00,2.07,hold,hold,default_hold,hold,execute_default_hold,0,False,0.0,0.0,0.0
2025-03-12 15:15:00+00:00,1.995,hold,hold,default_hold,hold,execute_default_hold,0,False,0.0,0.0,0.0
2025-03-12 15:30:00+00:00,2.01,hold,hold,default_hold,hold,execute_default_hold,0,False,0.0,0.0,0.0
2025-03-12 15:45:00+00:00,2.0,hold,hold,default_hold,hold,execute_default_hold,0,False,0.0,0.0,0.0
2025-03-12 16:00:00+00:00,2.04,hold,hold,default_hold,hold,execute_default_hold,0,False,0.0,0.0,0.0
2025-03-12 16:15:00+00:00,2.095,hold,hold,default_hold,hold,execute_default_hold,0,False,0.0,0.0,0.0
2025-03-12 16:30:00+00:00,2.18,hold,hold,default_hold,hold,execute_default_hold,0,False,0.0,0.0,0.0
2025-03-12 16:45:00+00:00,2.175,hold,hold,default_hold,hold,execute_default_hold,0,False,0.0,0.0,0.0
2025-03-12 17:00:00+00:00,2.18,hold,hold,default_hold,hold,execute_default_hold,0,False,0.0,0.0,0.0
2025-03-12 17:15:00+00:00,2.27,hold,hold,default_hold,hold,execute_default_hold,0,False,0.0,0.0,0.0
2025-03-12 17:30:00+00:00,2.31,hold,hold,default_hold,hold,execute_default_hold,0,False,0.0,0.0,0.0
2025-03-12 17:45:00+00:00,2.23,hold,hold,default_hold,hold,execute_default_hold,0,False,0.0,0.0,0.0
2025-03-12 18:00:00+00:00,2.23,hold,hold,default_hold,hold,execute_default_hold,0,False,0.0,0.0,0.0
2025-03-12 18:15:00+00:00,2.21,hold,hold,default_hold,hold,execute_default_hold,0,False,0.0,0.0,0.0
2025-03-12 18:30:00+00:00,2.1,hold,hold,default_hold,hold,execute_default_hold,0,False,0.0,0.0,0.0
2025-03-12 18:45:00+00:00,2.0393,reduce,hold,no_position,hold,execute_no_position,0,False,0.0,0.0,0.0
2025-03-12 19:00:00+00:00,2.0491,hold,hold,default_hold,hold,execute_default_hold,0,False,0.0,0.0,0.0
2025-03-12 19:15:00+00:00,2.095,hold,hold,default_hold,hold,execute_default_hold,0,False,0.0,0.0,0.0
2025-03-12 19:30:00+00:00,2.115,hold,hold,default_hold,hold,execute_default_hold,0,False,0.0,0.0,0.0
2025-03-12 19:45:00+00:00,2.145,hold,hold,default_hold,hold,execute_default_hold,0,False,0.0,0.0,0.0
2025-03-12 20:00:00+00:00,2.135,hold,hold,default_hold,hold,execute_default_hold,0,False,0.0,0.0,0.0
2025-03-13 13:30:00+00:00,2.1728,hold,hold,default_hold,hold,execute_default_hold,0,False,0.0,0.0,0.0
2025-03-13 13:45:00+00:00,2.122,hold,hold,default_hold,hold,execute_default_hold,0,False,0.0,0.0,0.0
2025-03-13 14:00:00+00:00,2.12,hold,hold,default_hold,hold,execute_default_hold,0,False,0.0,0.0,0.0
2025-03-13 14:15:00+00:00,2.168,hold,hold,default_hold,hold,execute_default_hold,0,False,0.0,0.0,0.0
2025-03-13 14:30:00+00:00,2.185,hold,hold,default_hold,hold,execute_default_hold,0,False,0.0,0.0,0.0
2025-03-13 14:45:00+00:00,2.185,hold,hold,default_hold,hold,execute_default_hold,0,False,0.0,0.0,0.0
2025-03-13 15:00:00+00:00,2.15,hold,hold,default_hold,hold,execute_default_hold,0,False,0.0,0.0,0.0
2025-03-13 15:15:00+00:00,2.145,hold,hold,default_hold,hold,execute_default_hold,0,False,0.0,0.0,0.0
2025-03-13 15:30:00+00:00,2.1203,hold,hold,default_hold,hold,execute_default_hold,0,False,0.0,0.0,0.0
2025-03-13 15:45:00+00:00,2.07,hold,hold,default_hold,hold,execute_default_hold,0,False,0.0,0.0,0.0
2025-03-13 16:00:00+00:00,2.09,hold,hold,default_hold,hold,execute_default_hold,0,False,0.0,0.0,0.0
2025-03-13 16:15:00+00:00,2.09,hold,hold,default_hold,hold,execute_default_hold,0,False,0.0,0.0,0.0
2025-03-13 16:30:00+00:00,2.09,hold,hold,default_hold,hold,execute_default_hold,0,False,0.0,0.0,0.0
2025-03-13 16:45:00+00:00,2.105,hold,hold,default_hold,hold,execute_default_hold,0,False,0.0,0.0,0.0
2025-03-13 17:00:00+00:00,2.125,hold,hold,default_hold,hold,execute_default_hold,0,False,0.0,0.0,0.0
2025-03-13 17:15:00+00:00,2.24,hold,hold,default_hold,hold,execute_default_hold,0,False,0.0,0.0,0.0
2025-03-13 17:30:00+00:00,2.25,hold,hold,default_hold,hold,execute_default_hold,0,False,0.0,0.0,0.0
2025-03-13 17:45:00+00:00,2.207,hold,hold,default_hold,hold,execute_default_hold,0,False,0.0,0.0,0.0
2025-03-13 18:00:00+00:00,2.22,hold,hold,default_hold,hold,execute_default_hold,0,False,0.0,0.0,0.0
2025-03-13 18:15:00+00:00,2.1,buy,buy,trend_buy,buy,weak_trend_limited_buy,50,False,0.0,0.0,0.0
2025-03-13 18:30:00+00:00,2.11,hold,hold,default_hold,hold,execute_default_hold,0,False,0.0,0.0,0.0
2025-03-13 18:45:00+00:00,2.135,hold,hold,default_hold,hold,execute_default_hold,0,False,0.0,0.0,0.0
2025-03-13 19:00:00+00:00,2.1728,hold,hold,default_hold,hold,execute_default_hold,0,False,0.0,0.0,0.0
2025-03-13 19:15:00+00:00,2.12,hold,hold,default_hold,hold,execute_default_hold,0,False,0.0,0.0,0.0
2025-03-13 19:30:00+00:00,2.15,hold,hold,default_hold,hold,execute_default_hold,0,False,0.0,0.0,0.0
2025-03-13 19:45:00+00:00,2.165,hold,hold,default_hold,hold,execute_default_hold,0,False,0.0,0.0,0.0
2025-03-13 20:00:00+00:00,2.15,hold,hold,default_hold,hold,execute_default_hold,0,False,0.0,0.0,0.0
2025-03-14 13:30:00+00:00,2.16,reduce,hold,no_position,hold,execute_no_position,0,False,0.0,0.0,0.0
2025-03-14 13:45:00+00:00,2.14,hold,hold,default_hold,hold,execute_default_hold,0,False,0.0,0.0,0.0
2025-03-14 14:00:00+00:00,2.17,hold,hold,default_hold,hold,execute_default_hold,0,False,0.0,0.0,0.0
2025-03-14 14:15:00+00:00,2.18,hold,hold,default_hold,hold,execute_default_hold,0,False,0.0,0.0,0.0
2025-03-14 14:30:00+00:00,2.21,hold,hold,default_hold,hold,execute_default_hold,0,False,0.0,0.0,0.0
2025-03-14 14:45:00+00:00,2.1799,hold,hold,default_hold,hold,execute_default_hold,0,False,0.0,0.0,0.0
2025-03-14 15:00:00+00:00,2.15,hold,hold,default_hold,hold,execute_default_hold,0,False,0.0,0.0,0.0
2025-03-14 15:15:00+00:00,2.15,hold,hold,default_hold,hold,execute_default_hold,0,False,0.0,0.0,0.0
2025-03-14 15:30:00+00:00,2.1608,hold,hold,default_hold,hold,execute_default_hold,0,False,0.0,0.0,0.0
2025-03-14 15:45:00+00:00,2.1511,hold,hold,default_hold,hold,execute_default_hold,0,False,0.0,0.0,0.0
2025-03-14 16:00:00+00:00,2.15,hold,hold,default_hold,hold,execute_default_hold,0,False,0.0,0.0,0.0
2025-03-14 16:15:00+00:00,2.08,hold,hold,default_hold,hold,execute_default_hold,0,False,0.0,0.0,0.0
2025-03-14 16:30:00+00:00,2.0841,hold,hold,default_hold,hold,execute_default_hold,0,False,0.0,0.0,0.0
2025-03-14 16:45:00+00:00,2.08,hold,hold,default_hold,hold,execute_default_hold,0,False,0.0,0.0,0.0
2025-03-14 17:00:00+00:00,2.0807,hold,hold,default_hold,hold,execute_default_hold,0,False,0.0,0.0,0.0
2025-03-14 17:15:00+00:00,2.085,hold,hold,default_hold,hold,execute_default_hold,0,False,0.0,0.0,0.0
2025-03-14 17:30:00+00:00,2.065,hold,hold,default_hold,hold,execute_default_hold,0,False,0.0,0.0,0.0
2025-03-14 17:45:00+00:00,2.06,hold,hold,default_hold,hold,execute_default_hold,0,False,0.0,0.0,0.0
2025-03-14 18:00:00+00:00,2.04,hold,hold,default_hold,hold,execute_default_hold,0,False,0.0,0.0,0.0
2025-03-14 18:15:00+00:00,2.075,hold,hold,default_hold,hold,execute_default_hold,0,False,0.0,0.0,0.0
2025-03-14 18:30:00+00:00,2.055,hold,hold,default_hold,hold,execute_default_hold,0,False,0.0,0.0,0.0
2025-03-14 18:45:00+00:00,2.025,hold,hold,default_hold,hold,execute_default_hold,0,False,0.0,0.0,0.0
2025-03-14 19:00:00+00:00,2.04,hold,hold,default_hold,hold,execute_default_hold,0,False,0.0,0.0,0.0
2025-03-14 19:15:00+00:00,2.035,hold,hold,default_hold,hold,execute_default_hold,0,False,0.0,0.0,0.0
2025-03-14 19:30:00+00:00,2.0232,hold,hold,default_hold,hold,execute_default_hold,0,False,0.0,0.0,0.0
2025-03-14 19:45:00+00:00,1.985,hold,hold,default_hold,hold,execute_default_hold,0,False,0.0,0.0,0.0
2025-03-14 20:00:00+00:00,2.0,hold,hold,default_hold,hold,execute_default_hold,0,False,0.0,0.0,0.0
2025-03-17 13:30:00+00:00,1.95,hold,hold,default_hold,hold,execute_default_hold,0,False,0.0,0.0,0.0
2025-03-17 13:45:00+00:00,1.9,hold,hold,default_hold,hold,execute_default_hold,0,False,0.0,0.0,0.0
2025-03-17 14:00:00+00:00,1.8466,hold,hold,default_hold,hold,execute_default_hold,0,False,0.0,0.0,0.0
2025-03-17 14:15:00+00:00,1.8294,hold,hold,default_hold,hold,execute_default_hold,0,False,0.0,0.0,0.0
2025-03-17 14:30:00+00:00,1.8,hold,hold,default_hold,hold,execute_default_hold,0,False,0.0,0.0,0.0
2025-03-17 14:45:00+00:00,1.8593,hold,hold,default_hold,hold,execute_default_hold,0,False,0.0,0.0,0.0
2025-03-17 15:00:00+00:00,1.815,hold,hold,default_hold,hold,execute_default_hold,0,False,0.0,0.0,0.0
2025-03-17 15:15:00+00:00,1.8349,hold,hold,default_hold,hold,execute_default_hold,0,False,0.0,0.0,0.0
2025-03-17 15:30:00+00:00,1.865,hold,hold,default_hold,hold,execute_default_hold,0,False,0.0,0.0,0.0
2025-03-17 15:45:00+00:00,1.8607,hold,hold,default_hold,hold,execute_default_hold,0,False,0.0,0.0,0.0
2025-03-17 16:00:00+00:00,1.88,hold,hold,default_hold,hold,execute_default_hold,0,False,0.0,0.0,0.0
2025-03-17 16:15:00+00:00,1.945,hold,hold,default_hold,hold,execute_default_hold,0,False,0.0,0.0,0.0
2025-03-17 16:30:00+00:00,1.89,hold,hold,default_hold,hold,execute_default_hold,0,False,0.0,0.0,0.0
2025-03-17 16:45:00+00:00,1.8833,hold,hold,default_hold,hold,execute_default_hold,0,False,0.0,0.0,0.0
2025-03-17 17:00:00+00:00,1.85,buy,buy,range_buy,buy,weak_range_limited_buy,50,False,0.0,0.0,0.0
2025-03-17 17:15:00+00:00,1.86,hold,hold,default_hold,hold,execute_default_hold,0,False,0.0,0.0,0.0
2025-03-17 17:30:00+00:00,1.8707,hold,hold,default_hold,hold,execute_default_hold,0,False,0.0,0.0,0.0
2025-03-17 17:45:00+00:00,1.87,hold,hold,default_hold,hold,execute_default_hold,0,False,0.0,0.0,0.0
2025-03-17 18:00:00+00:00,1.8608,hold,hold,default_hold,hold,execute_default_hold,0,False,0.0,0.0,0.0
2025-03-17 18:15:00+00:00,1.88,hold,hold,default_hold,hold,execute_default_hold,0,False,0.0,0.0,0.0
2025-03-17 18:30:00+00:00,1.9,hold,hold,default_hold,hold,execute_default_hold,0,False,0.0,0.0,0.0
2025-03-17 18:45:00+00:00,1.85,hold,hold,default_hold,hold,execute_default_hold,0,False,0.0,0.0,0.0
2025-03-17 19:00:00+00:00,1.87,hold,hold,default_hold,hold,execute_default_hold,0,False,0.0,0.0,0.0
2025-03-17 19:15:00+00:00,1.88,hold,hold,default_hold,hold,execute_default_hold,0,False,0.0,0.0,0.0
2025-03-17 19:30:00+00:00,1.88,hold,hold,default_hold,hold,execute_default_hold,0,False,0.0,0.0,0.0
2025-03-17 19:45:00+00:00,1.8899,hold,hold,default_hold,hold,execute_default_hold,0,False,0.0,0.0,0.0
2025-03-17 20:00:00+00:00,1.845,reduce,hold,no_position,hold,execute_no_position,0,False,0.0,0.0,0.0
2025-03-18 13:30:00+00:00,1.95,buy,buy,trend_buy,buy,execute_trend_buy,100,False,0.0,0.0,0.0
2025-03-18 13:45:00+00:00,1.9,hold,hold,default_hold,hold,execute_default_hold,0,False,0.0,0.0,0.0
2025-03-18 14:00:00+00:00,1.9,hold,hold,default_hold,hold,execute_default_hold,0,False,0.0,0.0,0.0
2025-03-18 14:15:00+00:00,1.91,hold,hold,default_hold,hold,execute_default_hold,0,False,0.0,0.0,0.0
2025-03-18 14:30:00+00:00,1.91,hold,hold,default_hold,hold,execute_default_hold,0,False,0.0,0.0,0.0
2025-03-18 14:45:00+00:00,1.91,hold,hold,default_hold,hold,execute_default_hold,0,False,0.0,0.0,0.0
2025-03-18 15:00:00+00:00,1.915,hold,hold,default_hold,hold,execute_default_hold,0,False,0.0,0.0,0.0
2025-03-18 15:15:00+00:00,1.9,hold,hold,default_hold,hold,execute_default_hold,0,False,0.0,0.0,0.0
2025-03-18 15:30:00+00:00,1.925,hold,hold,default_hold,hold,execute_default_hold,0,False,0.0,0.0,0.0
2025-03-18 15:45:00+00:00,1.92,hold,hold,default_hold,hold,execute_default_hold,0,False,0.0,0.0,0.0
2025-03-18 16:00:00+00:00,1.92,hold,hold,default_hold,hold,execute_default_hold,0,False,0.0,0.0,0.0
2025-03-18 16:15:00+00:00,1.915,hold,hold,default_hold,hold,execute_default_hold,0,False,0.0,0.0,0.0
2025-03-18 16:30:00+00:00,1.93,hold,hold,default_hold,hold,execute_default_hold,0,False,0.0,0.0,0.0
2025-03-18 16:45:00+00:00,1.915,hold,hold,default_hold,hold,execute_default_hold,0,False,0.0,0.0,0.0
2025-03-18 17:00:00+00:00,1.9,reduce,hold,no_position,hold,execute_no_position,0,False,0.0,0.0,0.0
2025-03-18 17:15:00+00:00,1.919,hold,hold,default_hold,hold,execute_default_hold,0,False,0.0,0.0,0.0
2025-03-18 17:30:00+00:00,1.91,hold,hold,default_hold,hold,execute_default_hold,0,False,0.0,0.0,0.0
2025-03-18 17:45:00+00:00,1.91,hold,hold,default_hold,hold,execute_default_hold,0,False,0.0,0.0,0.0
2025-03-18 18:00:00+00:00,1.92,hold,hold,default_hold,hold,execute_default_hold,0,False,0.0,0.0,0.0
2025-03-18 18:15:00+00:00,1.9,hold,hold,default_hold,hold,execute_default_hold,0,False,0.0,0.0,0.0
2025-03-18 18:30:00+00:00,1.89,hold,hold,default_hold,hold,execute_default_hold,0,False,0.0,0.0,0.0
2025-03-18 18:45:00+00:00,1.905,hold,hold,default_hold,hold,execute_default_hold,0,False,0.0,0.0,0.0
2025-03-18 19:00:00+00:00,1.9099,hold,hold,default_hold,hold,execute_default_hold,0,False,0.0,0.0,0.0
2025-03-18 19:15:00+00:00,1.9,hold,hold,default_hold,hold,execute_default_hold,0,False,0.0,0.0,0.0
2025-03-18 19:30:00+00:00,1.9,hold,hold,default_hold,hold,execute_default_hold,0,False,0.0,0.0,0.0
2025-03-18 19:45:00+00:00,1.8899,hold,hold,default_hold,hold,execute_default_hold,0,False,0.0,0.0,0.0
2025-03-18 20:00:00+00:00,1.88,hold,hold,default_hold,hold,execute_default_hold,0,False,0.0,0.0,0.0
2025-03-19 13:30:00+00:00,1.83,hold,hold,default_hold,hold,execute_default_hold,0,False,0.0,0.0,0.0
2025-03-19 13:45:00+00:00,1.81,hold,hold,default_hold,hold,execute_default_hold,0,False,0.0,0.0,0.0
2025-03-19 14:00:00+00:00,1.8064,hold,hold,default_hold,hold,execute_default_hold,0,False,0.0,0.0,0.0
2025-03-19 14:15:00+00:00,1.835,hold,hold,default_hold,hold,execute_default_hold,0,False,0.0,0.0,0.0
2025-03-19 14:30:00+00:00,1.795,hold,hold,default_hold,hold,execute_default_hold,0,False,0.0,0.0,0.0
2025-03-19 14:45:00+00:00,1.8,hold,hold,default_hold,hold,execute_default_hold,0,False,0.0,0.0,0.0
2025-03-19 15:00:00+00:00,1.8,hold,hold,default_hold,hold,execute_default_hold,0,False,0.0,0.0,0.0
2025-03-19 15:15:00+00:00,1.82,hold,hold,default_hold,hold,execute_default_hold,0,False,0.0,0.0,0.0
2025-03-19 15:30:00+00:00,1.845,hold,hold,default_hold,hold,execute_default_hold,0,False,0.0,0.0,0.0
2025-03-19 15:45:00+00:00,1.83,hold,hold,default_hold,hold,execute_default_hold,0,False,0.0,0.0,0.0
2025-03-19 16:00:00+00:00,1.825,hold,hold,default_hold,hold,execute_default_hold,0,False,0.0,0.0,0.0
2025-03-19 16:15:00+00:00,1.825,hold,hold,default_hold,hold,execute_default_hold,0,False,0.0,0.0,0.0
2025-03-19 16:30:00+00:00,1.83,hold,hold,default_hold,hold,execute_default_hold,0,False,0.0,0.0,0.0
2025-03-19 16:45:00+00:00,1.83,hold,hold,default_hold,hold,execute_default_hold,0,False,0.0,0.0,0.0
2025-03-19 17:00:00+00:00,1.83,hold,hold,default_hold,hold,execute_default_hold,0,False,0.0,0.0,0.0
2025-03-19 17:15:00+00:00,1.83,hold,hold,default_hold,hold,execute_default_hold,0,False,0.0,0.0,0.0
2025-03-19 17:30:00+00:00,1.835,hold,hold,default_hold,hold,execute_default_hold,0,False,0.0,0.0,0.0
2025-03-19 17:45:00+00:00,1.83,buy,buy,trend_buy,buy,weak_trend_limited_buy,50,False,0.0,0.0,0.0
2025-03-19 18:00:00+00:00,1.87,hold,hold,default_hold,hold,execute_default_hold,0,False,0.0,0.0,0.0
2025-03-19 18:15:00+00:00,1.87,hold,hold,default_hold,hold,execute_default_hold,0,False,0.0,0.0,0.0
2025-03-19 18:30:00+00:00,1.85,hold,hold,default_hold,hold,execute_default_hold,0,False,0.0,0.0,0.0
2025-03-19 18:45:00+00:00,1.8503,hold,hold,default_hold,hold,execute_default_hold,0,False,0.0,0.0,0.0
2025-03-19 19:00:00+00:00,1.85,hold,hold,default_hold,hold,execute_default_hold,0,False,0.0,0.0,0.0
2025-03-19 19:15:00+00:00,1.88,hold,hold,default_hold,hold,execute_default_hold,0,False,0.0,0.0,0.0
2025-03-19 19:30:00+00:00,1.845,hold,hold,default_hold,hold,execute_default_hold,0,False,0.0,0.0,0.0
2025-03-19 19:45:00+00:00,1.88,hold,hold,default_hold,hold,execute_default_hold,0,False,0.0,0.0,0.0
2025-03-19 20:00:00+00:00,1.84,hold,hold,default_hold,hold,execute_default_hold,0,False,0.0,0.0,0.0
2025-03-20 13:30:00+00:00,1.88,hold,hold,default_hold,hold,execute_default_hold,0,False,0.0,0.0,0.0
2025-03-20 13:45:00+00:00,1.8612,reduce,hold,no_position,hold,execute_no_position,0,False,0.0,0.0,0.0
2025-03-20 14:00:00+00:00,1.84,hold,hold,default_hold,hold,execute_default_hold,0,False,0.0,0.0,0.0
2025-03-20 14:15:00+00:00,1.8492,hold,hold,default_hold,hold,execute_default_hold,0,False,0.0,0.0,0.0
2025-03-20 14:30:00+00:00,1.82,hold,hold,default_hold,hold,execute_default_hold,0,False,0.0,0.0,0.0
2025-03-20 14:45:00+00:00,1.85,hold,hold,default_hold,hold,execute_default_hold,0,False,0.0,0.0,0.0
2025-03-20 15:00:00+00:00,1.815,hold,hold,default_hold,hold,execute_default_hold,0,False,0.0,0.0,0.0
2025-03-20 15:15:00+00:00,1.85,hold,hold,default_hold,hold,execute_default_hold,0,False,0.0,0.0,0.0
2025-03-20 15:30:00+00:00,1.8801,hold,hold,default_hold,hold,execute_default_hold,0,False,0.0,0.0,0.0
2025-03-20 15:45:00+00:00,1.885,hold,hold,default_hold,hold,execute_default_hold,0,False,0.0,0.0,0.0
2025-03-20 16:00:00+00:00,1.88,hold,hold,default_hold,hold,execute_default_hold,0,False,0.0,0.0,0.0
2025-03-20 16:15:00+00:00,1.86,hold,hold,default_hold,hold,execute_default_hold,0,False,0.0,0.0,0.0
2025-03-20 16:30:00+00:00,1.835,hold,hold,default_hold,hold,execute_default_hold,0,False,0.0,0.0,0.0
2025-03-20 16:45:00+00:00,1.82,hold,hold,default_hold,hold,execute_default_hold,0,False,0.0,0.0,0.0
2025-03-20 17:00:00+00:00,1.8,hold,hold,default_hold,hold,execute_default_hold,0,False,0.0,0.0,0.0
2025-03-20 17:15:00+00:00,1.8,hold,hold,default_hold,hold,execute_default_hold,0,False,0.0,0.0,0.0
2025-03-20 17:30:00+00:00,1.805,hold,hold,default_hold,hold,execute_default_hold,0,False,0.0,0.0,0.0
2025-03-20 17:45:00+00:00,1.8007,hold,hold,default_hold,hold,execute_default_hold,0,False,0.0,0.0,0.0
2025-03-20 18:00:00+00:00,1.82,hold,hold,default_hold,hold,execute_default_hold,0,False,0.0,0.0,0.0
2025-03-20 18:15:00+00:00,1.81,hold,hold,default_hold,hold,execute_default_hold,0,False,0.0,0.0,0.0
2025-03-20 18:30:00+00:00,1.82,hold,hold,default_hold,hold,execute_default_hold,0,False,0.0,0.0,0.0
2025-03-20 18:45:00+00:00,1.825,hold,hold,default_hold,hold,execute_default_hold,0,False,0.0,0.0,0.0
2025-03-20 19:00:00+00:00,1.83,hold,hold,default_hold,hold,execute_default_hold,0,False,0.0,0.0,0.0
2025-03-20 19:15:00+00:00,1.825,hold,hold,default_hold,hold,execute_default_hold,0,False,0.0,0.0,0.0
2025-03-20 19:30:00+00:00,1.825,hold,hold,default_hold,hold,execute_default_hold,0,False,0.0,0.0,0.0
2025-03-20 19:45:00+00:00,1.82,hold,hold,default_hold,hold,execute_default_hold,0,False,0.0,0.0,0.0
2025-03-20 20:00:00+00:00,1.83,hold,hold,default_hold,hold,execute_default_hold,0,False,0.0,0.0,0.0
2025-03-21 13:30:00+00:00,1.85,hold,hold,default_hold,hold,execute_default_hold,0,False,0.0,0.0,0.0
2025-03-21 13:45:00+00:00,1.76,hold,hold,default_hold,hold,execute_default_hold,0,False,0.0,0.0,0.0
2025-03-21 14:00:00+00:00,1.72,hold,hold,default_hold,hold,execute_default_hold,0,False,0.0,0.0,0.0
2025-03-21 14:15:00+00:00,1.7199,hold,hold,default_hold,hold,execute_default_hold,0,False,0.0,0.0,0.0
2025-03-21 14:30:00+00:00,1.719,hold,hold,default_hold,hold,execute_default_hold,0,False,0.0,0.0,0.0
2025-03-21 14:45:00+00:00,1.7,hold,hold,default_hold,hold,execute_default_hold,0,False,0.0,0.0,0.0
2025-03-21 15:00:00+00:00,1.685,hold,hold,default_hold,hold,execute_default_hold,0,False,0.0,0.0,0.0
2025-03-21 15:15:00+00:00,1.7,hold,hold,default_hold,hold,execute_default_hold,0,False,0.0,0.0,0.0
2025-03-21 15:30:00+00:00,1.7,hold,hold,default_hold,hold,execute_default_hold,0,False,0.0,0.0,0.0
2025-03-21 15:45:00+00:00,1.66,hold,hold,default_hold,hold,execute_default_hold,0,False,0.0,0.0,0.0
2025-03-21 16:00:00+00:00,1.645,hold,hold,default_hold,hold,execute_default_hold,0,False,0.0,0.0,0.0
2025-03-21 16:15:00+00:00,1.6601,hold,hold,default_hold,hold,execute_default_hold,0,False,0.0,0.0,0.0
2025-03-21 16:30:00+00:00,1.6894,hold,hold,default_hold,hold,execute_default_hold,0,False,0.0,0.0,0.0
2025-03-21 16:45:00+00:00,1.66,hold,hold,default_hold,hold,execute_default_hold,0,False,0.0,0.0,0.0
2025-03-21 17:00:00+00:00,1.665,hold,hold,default_hold,hold,execute_default_hold,0,False,0.0,0.0,0.0
2025-03-21 17:15:00+00:00,1.6823,hold,hold,default_hold,hold,execute_default_hold,0,False,0.0,0.0,0.0
2025-03-21 17:30:00+00:00,1.67,hold,hold,default_hold,hold,execute_default_hold,0,False,0.0,0.0,0.0
2025-03-21 17:45:00+00:00,1.66,hold,hold,default_hold,hold,execute_default_hold,0,False,0.0,0.0,0.0
2025-03-21 18:00:00+00:00,1.66,hold,hold,default_hold,hold,execute_default_hold,0,False,0.0,0.0,0.0
2025-03-21 18:15:00+00:00,1.66,hold,hold,default_hold,hold,execute_default_hold,0,False,0.0,0.0,0.0
2025-03-21 18:30:00+00:00,1.65,hold,hold,default_hold,hold,execute_default_hold,0,False,0.0,0.0,0.0
2025-03-21 18:45:00+00:00,1.665,hold,hold,default_hold,hold,execute_default_hold,0,False,0.0,0.0,0.0
2025-03-21 19:00:00+00:00,1.66,hold,hold,default_hold,hold,execute_default_hold,0,False,0.0,0.0,0.0
2025-03-21 19:15:00+00:00,1.6449,hold,hold,default_hold,hold,execute_default_hold,0,False,0.0,0.0,0.0
2025-03-21 19:30:00+00:00,1.63,hold,hold,default_hold,hold,execute_default_hold,0,False,0.0,0.0,0.0
2025-03-21 19:45:00+00:00,1.645,hold,hold,default_hold,hold,execute_default_hold,0,False,0.0,0.0,0.0
2025-03-21 20:00:00+00:00,1.635,hold,hold,default_hold,hold,execute_default_hold,0,False,0.0,0.0,0.0
2025-03-24 13:30:00+00:00,1.6901,hold,hold,default_hold,hold,execute_default_hold,0,False,0.0,0.0,0.0
2025-03-24 13:45:00+00:00,1.645,hold,hold,default_hold,hold,execute_default_hold,0,False,0.0,0.0,0.0
2025-03-24 14:00:00+00:00,1.615,hold,hold,default_hold,hold,execute_default_hold,0,False,0.0,0.0,0.0
2025-03-24 14:15:00+00:00,1.615,hold,hold,default_hold,hold,execute_default_hold,0,False,0.0,0.0,0.0
2025-03-24 14:30:00+00:00,1.6,hold,hold,default_hold,hold,execute_default_hold,0,False,0.0,0.0,0.0
2025-03-24 14:45:00+00:00,1.605,hold,hold,default_hold,hold,execute_default_hold,0,False,0.0,0.0,0.0
2025-03-24 15:00:00+00:00,1.59,hold,hold,default_hold,hold,execute_default_hold,0,False,0.0,0.0,0.0
2025-03-24 15:15:00+00:00,1.585,hold,hold,default_hold,hold,execute_default_hold,0,False,0.0,0.0,0.0
2025-03-24 15:30:00+00:00,1.6,hold,hold,default_hold,hold,execute_default_hold,0,False,0.0,0.0,0.0
2025-03-24 15:45:00+00:00,1.59,hold,hold,default_hold,hold,execute_default_hold,0,False,0.0,0.0,0.0
2025-03-24 16:00:00+00:00,1.5892,hold,hold,default_hold,hold,execute_default_hold,0,False,0.0,0.0,0.0
2025-03-24 16:15:00+00:00,1.595,hold,hold,default_hold,hold,execute_default_hold,0,False,0.0,0.0,0.0
2025-03-24 16:30:00+00:00,1.585,hold,hold,default_hold,hold,execute_default_hold,0,False,0.0,0.0,0.0
2025-03-24 16:45:00+00:00,1.58,hold,hold,default_hold,hold,execute_default_hold,0,False,0.0,0.0,0.0
2025-03-24 17:00:00+00:00,1.585,hold,hold,default_hold,hold,execute_default_hold,0,False,0.0,0.0,0.0
2025-03-24 17:15:00+00:00,1.585,hold,hold,default_hold,hold,execute_default_hold,0,False,0.0,0.0,0.0
2025-03-24 17:30:00+00:00,1.585,hold,hold,default_hold,hold,execute_default_hold,0,False,0.0,0.0,0.0
2025-03-24 17:45:00+00:00,1.585,hold,hold,default_hold,hold,execute_default_hold,0,False,0.0,0.0,0.0
2025-03-24 18:00:00+00:00,1.58,hold,hold,default_hold,hold,execute_default_hold,0,False,0.0,0.0,0.0
2025-03-24 18:15:00+00:00,1.5789,hold,hold,default_hold,hold,execute_default_hold,0,False,0.0,0.0,0.0
2025-03-24 18:30:00+00:00,1.555,hold,hold,default_hold,hold,execute_default_hold,0,False,0.0,0.0,0.0
2025-03-24 18:45:00+00:00,1.575,hold,hold,default_hold,hold,execute_default_hold,0,False,0.0,0.0,0.0
2025-03-24 19:00:00+00:00,1.585,hold,hold,default_hold,hold,execute_default_hold,0,False,0.0,0.0,0.0
2025-03-24 19:15:00+00:00,1.5793,hold,hold,default_hold,hold,execute_default_hold,0,False,0.0,0.0,0.0
2025-03-24 19:30:00+00:00,1.565,hold,hold,default_hold,hold,execute_default_hold,0,False,0.0,0.0,0.0
2025-03-24 19:45:00+00:00,1.565,hold,hold,default_hold,hold,execute_default_hold,0,False,0.0,0.0,0.0
2025-03-24 20:00:00+00:00,1.531,hold,hold,default_hold,hold,execute_default_hold,0,False,0.0,0.0,0.0
2025-03-25 13:30:00+00:00,1.5522,hold,hold,default_hold,hold,execute_default_hold,0,False,0.0,0.0,0.0
2025-03-25 13:45:00+00:00,1.46,hold,hold,default_hold,hold,execute_default_hold,0,False,0.0,0.0,0.0
2025-03-25 14:00:00+00:00,1.46,hold,hold,default_hold,hold,execute_default_hold,0,False,0.0,0.0,0.0
2025-03-25 14:15:00+00:00,1.4695,hold,hold,default_hold,hold,execute_default_hold,0,False,0.0,0.0,0.0
2025-03-25 14:30:00+00:00,1.4501,hold,hold,default_hold,hold,execute_default_hold,0,False,0.0,0.0,0.0
2025-03-25 14:45:00+00:00,1.44,hold,hold,default_hold,hold,execute_default_hold,0,False,0.0,0.0,0.0
2025-03-25 15:00:00+00:00,1.455,hold,hold,default_hold,hold,execute_default_hold,0,False,0.0,0.0,0.0
2025-03-25 15:15:00+00:00,1.42,hold,hold,default_hold,hold,execute_default_hold,0,False,0.0,0.0,0.0
2025-03-25 15:30:00+00:00,1.43,hold,hold,default_hold,hold,execute_default_hold,0,False,0.0,0.0,0.0
2025-03-25 15:45:00+00:00,1.4303,hold,hold,default_hold,hold,execute_default_hold,0,False,0.0,0.0,0.0
2025-03-25 16:00:00+00:00,1.425,hold,hold,default_hold,hold,execute_default_hold,0,False,0.0,0.0,0.0
2025-03-25 16:15:00+00:00,1.425,hold,hold,default_hold,hold,execute_default_hold,0,False,0.0,0.0,0.0
2025-03-25 16:30:00+00:00,1.42,hold,hold,default_hold,hold,execute_default_hold,0,False,0.0,0.0,0.0
2025-03-25 16:45:00+00:00,1.42,hold,hold,default_hold,hold,execute_default_hold,0,False,0.0,0.0,0.0
2025-03-25 17:00:00+00:00,1.41,hold,hold,default_hold,hold,execute_default_hold,0,False,0.0,0.0,0.0
2025-03-25 17:15:00+00:00,1.4,hold,hold,default_hold,hold,execute_default_hold,0,False,0.0,0.0,0.0
2025-03-25 17:30:00+00:00,1.42,hold,hold,default_hold,hold,execute_default_hold,0,False,0.0,0.0,0.0
2025-03-25 17:45:00+00:00,1.39,hold,hold,default_hold,hold,execute_default_hold,0,False,0.0,0.0,0.0
2025-03-25 18:00:00+00:00,1.395,hold,hold,default_hold,hold,execute_default_hold,0,False,0.0,0.0,0.0
2025-03-25 18:15:00+00:00,1.4,hold,hold,default_hold,hold,execute_default_hold,0,False,0.0,0.0,0.0
2025-03-25 18:30:00+00:00,1.395,hold,hold,default_hold,hold,execute_default_hold,0,False,0.0,0.0,0.0
2025-03-25 18:45:00+00:00,1.395,hold,hold,default_hold,hold,execute_default_hold,0,False,0.0,0.0,0.0
2025-03-25 19:00:00+00:00,1.39,hold,hold,default_hold,hold,execute_default_hold,0,False,0.0,0.0,0.0
2025-03-25 19:15:00+00:00,1.3905,hold,hold,default_hold,hold,execute_default_hold,0,False,0.0,0.0,0.0
2025-03-25 19:30:00+00:00,1.4,hold,hold,default_hold,hold,execute_default_hold,0,False,0.0,0.0,0.0
2025-03-25 19:45:00+00:00,1.4397,hold,hold,default_hold,hold,execute_default_hold,0,False,0.0,0.0,0.0
2025-03-25 20:00:00+00:00,1.42,hold,hold,default_hold,hold,execute_default_hold,0,False,0.0,0.0,0.0
2025-03-26 13:30:00+00:00,1.44,hold,hold,default_hold,hold,execute_default_hold,0,False,0.0,0.0,0.0
2025-03-26 13:45:00+00:00,1.4205,hold,hold,default_hold,hold,execute_default_hold,0,False,0.0,0.0,0.0
2025-03-26 14:00:00+00:00,1.4059,hold,hold,default_hold,hold,execute_default_hold,0,False,0.0,0.0,0.0
2025-03-26 14:15:00+00:00,1.41,buy,buy,trend_buy,buy,weak_trend_limited_buy,50,False,0.0,0.0,0.0
2025-03-26 14:30:00+00:00,1.4035,hold,hold,default_hold,hold,execute_default_hold,0,False,0.0,0.0,0.0
2025-03-26 14:45:00+00:00,1.4,hold,hold,default_hold,hold,execute_default_hold,0,False,0.0,0.0,0.0
2025-03-26 15:00:00+00:00,1.39,hold,hold,default_hold,hold,execute_default_hold,0,False,0.0,0.0,0.0
2025-03-26 15:15:00+00:00,1.3992,hold,hold,default_hold,hold,execute_default_hold,0,False,0.0,0.0,0.0
2025-03-26 15:30:00+00:00,1.35,hold,hold,default_hold,hold,execute_default_hold,0,False,0.0,0.0,0.0
2025-03-26 15:45:00+00:00,1.387,hold,hold,default_hold,hold,execute_default_hold,0,False,0.0,0.0,0.0
2025-03-26 16:00:00+00:00,1.375,hold,hold,default_hold,hold,execute_default_hold,0,False,0.0,0.0,0.0
2025-03-26 16:15:00+00:00,1.39,hold,hold,default_hold,hold,execute_default_hold,0,False,0.0,0.0,0.0
2025-03-26 16:30:00+00:00,1.39,hold,hold,default_hold,hold,execute_default_hold,0,False,0.0,0.0,0.0
2025-03-26 16:45:00+00:00,1.39,hold,hold,default_hold,hold,execute_default_hold,0,False,0.0,0.0,0.0
2025-03-26 17:00:00+00:00,1.3806,hold,hold,default_hold,hold,execute_default_hold,0,False,0.0,0.0,0.0
2025-03-26 17:15:00+00:00,1.38,reduce,hold,no_position,hold,execute_no_position,0,False,0.0,0.0,0.0
2025-03-26 17:30:00+00:00,1.39,hold,hold,default_hold,hold,execute_default_hold,0,False,0.0,0.0,0.0
2025-03-26 17:45:00+00:00,1.3801,hold,hold,default_hold,hold,execute_default_hold,0,False,0.0,0.0,0.0
2025-03-26 18:00:00+00:00,1.39,hold,hold,default_hold,hold,execute_default_hold,0,False,0.0,0.0,0.0
2025-03-26 18:15:00+00:00,1.385,hold,hold,default_hold,hold,execute_default_hold,0,False,0.0,0.0,0.0
2025-03-26 18:30:00+00:00,1.39,hold,hold,default_hold,hold,execute_default_hold,0,False,0.0,0.0,0.0
2025-03-26 18:45:00+00:00,1.385,hold,hold,default_hold,hold,execute_default_hold,0,False,0.0,0.0,0.0
2025-03-26 19:00:00+00:00,1.385,hold,hold,default_hold,hold,execute_default_hold,0,False,0.0,0.0,0.0
2025-03-26 19:15:00+00:00,1.3899,hold,hold,default_hold,hold,execute_default_hold,0,False,0.0,0.0,0.0
2025-03-26 19:30:00+00:00,1.385,hold,hold,default_hold,hold,execute_default_hold,0,False,0.0,0.0,0.0
2025-03-26 19:45:00+00:00,1.385,hold,hold,default_hold,hold,execute_default_hold,0,False,0.0,0.0,0.0
2025-03-26 20:00:00+00:00,1.39,hold,hold,default_hold,hold,execute_default_hold,0,False,0.0,0.0,0.0
2025-03-27 13:30:00+00:00,1.39,buy,buy,trend_buy,buy,weak_trend_limited_buy,50,False,0.0,0.0,0.0
2025-03-27 13:45:00+00:00,1.3499,hold,hold,default_hold,hold,execute_default_hold,0,False,0.0,0.0,0.0
2025-03-27 14:00:00+00:00,1.36,hold,hold,default_hold,hold,execute_default_hold,0,False,0.0,0.0,0.0
2025-03-27 14:15:00+00:00,1.3774,hold,hold,default_hold,hold,execute_default_hold,0,False,0.0,0.0,0.0
2025-03-27 14:30:00+00:00,1.39,hold,hold,default_hold,hold,execute_default_hold,0,False,0.0,0.0,0.0
2025-03-27 14:45:00+00:00,1.4395,hold,hold,default_hold,hold,execute_default_hold,0,False,0.0,0.0,0.0
2025-03-27 15:00:00+00:00,1.405,hold,hold,default_hold,hold,execute_default_hold,0,False,0.0,0.0,0.0
2025-03-27 15:15:00+00:00,1.425,hold,hold,default_hold,hold,execute_default_hold,0,False,0.0,0.0,0.0
2025-03-27 15:30:00+00:00,1.425,hold,hold,default_hold,hold,execute_default_hold,0,False,0.0,0.0,0.0
2025-03-27 15:45:00+00:00,1.385,hold,hold,default_hold,hold,execute_default_hold,0,False,0.0,0.0,0.0
2025-03-27 16:00:00+00:00,1.385,hold,hold,default_hold,hold,execute_default_hold,0,False,0.0,0.0,0.0
2025-03-27 16:15:00+00:00,1.3805,hold,hold,default_hold,hold,execute_default_hold,0,False,0.0,0.0,0.0
2025-03-27 16:30:00+00:00,1.385,hold,hold,default_hold,hold,execute_default_hold,0,False,0.0,0.0,0.0
2025-03-27 16:45:00+00:00,1.39,hold,hold,default_hold,hold,execute_default_hold,0,False,0.0,0.0,0.0
2025-03-27 17:00:00+00:00,1.375,reduce,hold,no_position,hold,execute_no_position,0,False,0.0,0.0,0.0
2025-03-27 17:15:00+00:00,1.38,hold,hold,default_hold,hold,execute_default_hold,0,False,0.0,0.0,0.0
2025-03-27 17:30:00+00:00,1.3895,hold,hold,default_hold,hold,execute_default_hold,0,False,0.0,0.0,0.0
2025-03-27 17:45:00+00:00,1.405,hold,hold,default_hold,hold,execute_default_hold,0,False,0.0,0.0,0.0
2025-03-27 18:00:00+00:00,1.425,hold,hold,default_hold,hold,execute_default_hold,0,False,0.0,0.0,0.0
2025-03-27 18:15:00+00:00,1.42,hold,hold,default_hold,hold,execute_default_hold,0,False,0.0,0.0,0.0
2025-03-27 18:30:00+00:00,1.415,hold,hold,default_hold,hold,execute_default_hold,0,False,0.0,0.0,0.0
2025-03-27 18:45:00+00:00,1.3995,hold,hold,default_hold,hold,execute_default_hold,0,False,0.0,0.0,0.0
2025-03-27 19:00:00+00:00,1.39,hold,hold,default_hold,hold,execute_default_hold,0,False,0.0,0.0,0.0
2025-03-27 19:15:00+00:00,1.395,hold,hold,default_hold,hold,execute_default_hold,0,False,0.0,0.0,0.0
2025-03-27 19:30:00+00:00,1.4,hold,hold,default_hold,hold,execute_default_hold,0,False,0.0,0.0,0.0
2025-03-27 19:45:00+00:00,1.4044,hold,hold,default_hold,hold,execute_default_hold,0,False,0.0,0.0,0.0
2025-03-27 20:00:00+00:00,1.375,hold,hold,default_hold,hold,execute_default_hold,0,False,0.0,0.0,0.0
2025-03-28 13:30:00+00:00,1.36,hold,hold,default_hold,hold,execute_default_hold,0,False,0.0,0.0,0.0
2025-03-28 13:45:00+00:00,1.36,hold,hold,default_hold,hold,execute_default_hold,0,False,0.0,0.0,0.0
2025-03-28 14:00:00+00:00,1.365,hold,hold,default_hold,hold,execute_default_hold,0,False,0.0,0.0,0.0
2025-03-28 14:15:00+00:00,1.37,hold,hold,default_hold,hold,execute_default_hold,0,False,0.0,0.0,0.0
2025-03-28 14:30:00+00:00,1.38,hold,hold,default_hold,hold,execute_default_hold,0,False,0.0,0.0,0.0
2025-03-28 14:45:00+00:00,1.375,hold,hold,default_hold,hold,execute_default_hold,0,False,0.0,0.0,0.0
2025-03-28 15:00:00+00:00,1.35,hold,hold,default_hold,hold,execute_default_hold,0,False,0.0,0.0,0.0
2025-03-28 15:15:00+00:00,1.3505,hold,hold,default_hold,hold,execute_default_hold,0,False,0.0,0.0,0.0
2025-03-28 15:30:00+00:00,1.365,hold,hold,default_hold,hold,execute_default_hold,0,False,0.0,0.0,0.0
2025-03-28 15:45:00+00:00,1.375,hold,hold,default_hold,hold,execute_default_hold,0,False,0.0,0.0,0.0
2025-03-28 16:00:00+00:00,1.385,hold,hold,default_hold,hold,execute_default_hold,0,False,0.0,0.0,0.0
2025-03-28 16:15:00+00:00,1.4,hold,hold,default_hold,hold,execute_default_hold,0,False,0.0,0.0,0.0
2025-03-28 16:30:00+00:00,1.39,hold,hold,default_hold,hold,execute_default_hold,0,False,0.0,0.0,0.0
2025-03-28 16:45:00+00:00,1.3999,hold,hold,default_hold,hold,execute_default_hold,0,False,0.0,0.0,0.0
2025-03-28 17:00:00+00:00,1.395,hold,hold,default_hold,hold,execute_default_hold,0,False,0.0,0.0,0.0
2025-03-28 17:15:00+00:00,1.39,buy,buy,trend_buy,buy,execute_trend_buy,100,False,0.0,0.0,0.0
2025-03-28 17:30:00+00:00,1.4056,hold,hold,default_hold,hold,execute_default_hold,0,False,0.0,0.0,0.0
2025-03-28 17:45:00+00:00,1.405,hold,hold,default_hold,hold,execute_default_hold,0,False,0.0,0.0,0.0
2025-03-28 18:00:00+00:00,1.41,hold,hold,default_hold,hold,execute_default_hold,0,False,0.0,0.0,0.0
2025-03-28 18:15:00+00:00,1.4134,hold,hold,default_hold,hold,execute_default_hold,0,False,0.0,0.0,0.0
2025-03-28 18:30:00+00:00,1.415,hold,hold,default_hold,hold,execute_default_hold,0,False,0.0,0.0,0.0
2025-03-28 18:45:00+00:00,1.415,hold,hold,default_hold,hold,execute_default_hold,0,False,0.0,0.0,0.0
2025-03-28 19:00:00+00:00,1.4899,hold,hold,default_hold,hold,execute_default_hold,0,False,0.0,0.0,0.0
2025-03-28 19:15:00+00:00,1.485,hold,hold,default_hold,hold,execute_default_hold,0,False,0.0,0.0,0.0
2025-03-28 19:30:00+00:00,1.445,hold,hold,default_hold,hold,execute_default_hold,0,False,0.0,0.0,0.0
2025-03-28 19:45:00+00:00,1.41,hold,hold,default_hold,hold,execute_default_hold,0,False,0.0,0.0,0.0
2025-03-28 20:00:00+00:00,1.42,hold,hold,default_hold,hold,execute_default_hold,0,False,0.0,0.0,0.0
2025-03-31 13:30:00+00:00,1.45,hold,hold,default_hold,hold,execute_default_hold,0,False,0.0,0.0,0.0
2025-03-31 13:45:00+00:00,1.3295,reduce,hold,no_position,hold,execute_no_position,0,False,0.0,0.0,0.0
2025-03-31 14:00:00+00:00,1.37,hold,hold,default_hold,hold,execute_default_hold,0,False,0.0,0.0,0.0
2025-03-31 14:15:00+00:00,1.41,hold,hold,default_hold,hold,execute_default_hold,0,False,0.0,0.0,0.0
2025-03-31 14:30:00+00:00,1.47,hold,hold,default_hold,hold,execute_default_hold,0,False,0.0,0.0,0.0
2025-03-31 14:45:00+00:00,1.505,hold,hold,default_hold,hold,execute_default_hold,0,False,0.0,0.0,0.0
2025-03-31 15:00:00+00:00,1.525,hold,hold,default_hold,hold,execute_default_hold,0,False,0.0,0.0,0.0
2025-03-31 15:15:00+00:00,1.53,hold,hold,default_hold,hold,execute_default_hold,0,False,0.0,0.0,0.0
2025-03-31 15:30:00+00:00,1.63,hold,hold,default_hold,hold,execute_default_hold,0,False,0.0,0.0,0.0
2025-03-31 15:45:00+00:00,1.6398,hold,hold,default_hold,hold,execute_default_hold,0,False,0.0,0.0,0.0
2025-03-31 16:00:00+00:00,1.575,hold,hold,default_hold,hold,execute_default_hold,0,False,0.0,0.0,0.0
2025-03-31 16:15:00+00:00,1.58,hold,hold,default_hold,hold,execute_default_hold,0,False,0.0,0.0,0.0
2025-03-31 16:30:00+00:00,1.63,hold,hold,default_hold,hold,execute_default_hold,0,False,0.0,0.0,0.0
2025-03-31 16:45:00+00:00,1.6101,buy,buy,trend_buy,buy,execute_trend_buy,100,False,0.0,0.0,0.0
2025-03-31 17:00:00+00:00,1.495,hold,hold,default_hold,hold,execute_default_hold,0,False,0.0,0.0,0.0
2025-03-31 17:15:00+00:00,1.4463,hold,hold,default_hold,hold,execute_default_hold,0,False,0.0,0.0,0.0
2025-03-31 17:30:00+00:00,1.47,hold,hold,default_hold,hold,execute_default_hold,0,False,0.0,0.0,0.0
2025-03-31 17:45:00+00:00,1.44,hold,hold,default_hold,hold,execute_default_hold,0,False,0.0,0.0,0.0
2025-03-31 18:00:00+00:00,1.445,hold,hold,default_hold,hold,execute_default_hold,0,False,0.0,0.0,0.0
2025-03-31 18:15:00+00:00,1.4697,hold,hold,default_hold,hold,execute_default_hold,0,False,0.0,0.0,0.0
2025-03-31 18:30:00+00:00,1.435,hold,hold,default_hold,hold,execute_default_hold,0,False,0.0,0.0,0.0
2025-03-31 18:45:00+00:00,1.44,hold,hold,default_hold,hold,execute_default_hold,0,False,0.0,0.0,0.0
2025-03-31 19:00:00+00:00,1.4406,hold,hold,default_hold,hold,execute_default_hold,0,False,0.0,0.0,0.0
2025-03-31 19:15:00+00:00,1.445,hold,hold,default_hold,hold,execute_default_hold,0,False,0.0,0.0,0.0
2025-03-31 19:30:00+00:00,1.42,hold,hold,default_hold,hold,execute_default_hold,0,False,0.0,0.0,0.0
2025-03-31 19:45:00+00:00,1.39,reduce,hold,no_position,hold,execute_no_position,0,False,0.0,0.0,0.0
2025-03-31 20:00:00+00:00,1.385,hold,hold,default_hold,hold,execute_default_hold,0,False,0.0,0.0,0.0
2025-04-01 13:30:00+00:00,1.32,hold,hold,default_hold,hold,execute_default_hold,0,False,0.0,0.0,0.0
2025-04-01 13:45:00+00:00,1.28,hold,hold,default_hold,hold,execute_default_hold,0,False,0.0,0.0,0.0
2025-04-01 14:00:00+00:00,1.27,hold,hold,default_hold,hold,execute_default_hold,0,False,0.0,0.0,0.0
2025-04-01 14:15:00+00:00,1.26,hold,hold,default_hold,hold,execute_default_hold,0,False,0.0,0.0,0.0
2025-04-01 14:30:00+00:00,1.29,hold,hold,default_hold,hold,execute_default_hold,0,False,0.0,0.0,0.0
2025-04-01 14:45:00+00:00,1.3,hold,hold,default_hold,hold,execute_default_hold,0,False,0.0,0.0,0.0
2025-04-01 15:00:00+00:00,1.3063,hold,hold,default_hold,hold,execute_default_hold,0,False,0.0,0.0,0.0
2025-04-01 15:15:00+00:00,1.3483,hold,hold,default_hold,hold,execute_default_hold,0,False,0.0,0.0,0.0
2025-04-01 15:30:00+00:00,1.335,hold,hold,default_hold,hold,execute_default_hold,0,False,0.0,0.0,0.0
2025-04-01 15:45:00+00:00,1.375,hold,hold,default_hold,hold,execute_default_hold,0,False,0.0,0.0,0.0
2025-04-01 16:00:00+00:00,1.375,hold,hold,default_hold,hold,execute_default_hold,0,False,0.0,0.0,0.0
2025-04-01 16:15:00+00:00,1.37,hold,hold,default_hold,hold,execute_default_hold,0,False,0.0,0.0,0.0
2025-04-01 16:30:00+00:00,1.375,hold,hold,default_hold,hold,execute_default_hold,0,False,0.0,0.0,0.0
2025-04-01 16:45:00+00:00,1.4,hold,hold,default_hold,hold,execute_default_hold,0,False,0.0,0.0,0.0
2025-04-01 17:00:00+00:00,1.405,buy,buy,trend_buy,buy,weak_trend_limited_buy,50,False,0.0,0.0,0.0
2025-04-01 17:15:00+00:00,1.395,hold,hold,default_hold,hold,execute_default_hold,0,False,0.0,0.0,0.0
2025-04-01 17:30:00+00:00,1.395,hold,hold,default_hold,hold,execute_default_hold,0,False,0.0,0.0,0.0
2025-04-01 17:45:00+00:00,1.38,hold,hold,default_hold,hold,execute_default_hold,0,False,0.0,0.0,0.0
2025-04-01 18:00:00+00:00,1.395,hold,hold,default_hold,hold,execute_default_hold,0,False,0.0,0.0,0.0
2025-04-01 18:15:00+00:00,1.4,hold,hold,default_hold,hold,execute_default_hold,0,False,0.0,0.0,0.0
2025-04-01 18:30:00+00:00,1.405,hold,hold,default_hold,hold,execute_default_hold,0,False,0.0,0.0,0.0
2025-04-01 18:45:00+00:00,1.4,hold,hold,default_hold,hold,execute_default_hold,0,False,0.0,0.0,0.0
2025-04-01 19:00:00+00:00,1.41,hold,hold,default_hold,hold,execute_default_hold,0,False,0.0,0.0,0.0
2025-04-01 19:15:00+00:00,1.415,hold,hold,default_hold,hold,execute_default_hold,0,False,0.0,0.0,0.0
2025-04-01 19:30:00+00:00,1.4221,hold,hold,default_hold,hold,execute_default_hold,0,False,0.0,0.0,0.0
2025-04-01 19:45:00+00:00,1.425,hold,hold,default_hold,hold,execute_default_hold,0,False,0.0,0.0,0.0
2025-04-01 20:00:00+00:00,1.41,hold,hold,default_hold,hold,execute_default_hold,0,False,0.0,0.0,0.0
2025-04-02 13:30:00+00:00,1.36,reduce,hold,no_position,hold,execute_no_position,0,False,0.0,0.0,0.0
2025-04-02 13:45:00+00:00,1.3837,hold,hold,default_hold,hold,execute_default_hold,0,False,0.0,0.0,0.0
2025-04-02 14:00:00+00:00,1.4,hold,hold,default_hold,hold,execute_default_hold,0,False,0.0,0.0,0.0
2025-04-02 14:15:00+00:00,1.43,hold,hold,default_hold,hold,execute_default_hold,0,False,0.0,0.0,0.0
2025-04-02 14:30:00+00:00,1.49,hold,hold,default_hold,hold,execute_default_hold,0,False,0.0,0.0,0.0
2025-04-02 14:45:00+00:00,1.5,hold,hold,default_hold,hold,execute_default_hold,0,False,0.0,0.0,0.0
2025-04-02 15:00:00+00:00,1.53,hold,hold,default_hold,hold,execute_default_hold,0,False,0.0,0.0,0.0
2025-04-02 15:15:00+00:00,1.525,hold,hold,default_hold,hold,execute_default_hold,0,False,0.0,0.0,0.0
2025-04-02 15:30:00+00:00,1.5498,hold,hold,default_hold,hold,execute_default_hold,0,False,0.0,0.0,0.0
2025-04-02 15:45:00+00:00,1.548,hold,hold,default_hold,hold,execute_default_hold,0,False,0.0,0.0,0.0
2025-04-02 16:00:00+00:00,1.595,hold,hold,default_hold,hold,execute_default_hold,0,False,0.0,0.0,0.0
2025-04-02 16:15:00+00:00,1.6288,hold,hold,default_hold,hold,execute_default_hold,0,False,0.0,0.0,0.0
2025-04-02 16:30:00+00:00,1.62,buy,buy,trend_buy,buy,execute_trend_buy,100,False,0.0,0.0,0.0
2025-04-02 16:45:00+00:00,1.6,hold,hold,default_hold,hold,execute_default_hold,0,False,0.0,0.0,0.0
2025-04-02 17:00:00+00:00,1.62,hold,hold,default_hold,hold,execute_default_hold,0,False,0.0,0.0,0.0
2025-04-02 17:15:00+00:00,1.63,hold,hold,default_hold,hold,execute_default_hold,0,False,0.0,0.0,0.0
2025-04-02 17:30:00+00:00,1.61,hold,hold,default_hold,hold,execute_default_hold,0,False,0.0,0.0,0.0
2025-04-02 17:45:00+00:00,1.615,hold,hold,default_hold,hold,execute_default_hold,0,False,0.0,0.0,0.0
2025-04-02 18:00:00+00:00,1.65,hold,hold,default_hold,hold,execute_default_hold,0,False,0.0,0.0,0.0
2025-04-02 18:15:00+00:00,1.64,hold,hold,default_hold,hold,execute_default_hold,0,False,0.0,0.0,0.0
2025-04-02 18:30:00+00:00,1.625,hold,hold,default_hold,hold,execute_default_hold,0,False,0.0,0.0,0.0
2025-04-02 18:45:00+00:00,1.62,hold,hold,default_hold,hold,execute_default_hold,0,False,0.0,0.0,0.0
2025-04-02 19:00:00+00:00,1.61,hold,hold,default_hold,hold,execute_default_hold,0,False,0.0,0.0,0.0
2025-04-02 19:15:00+00:00,1.62,hold,hold,default_hold,hold,execute_default_hold,0,False,0.0,0.0,0.0
2025-04-02 19:30:00+00:00,1.635,hold,hold,default_hold,hold,execute_default_hold,0,False,0.0,0.0,0.0
2025-04-02 19:45:00+00:00,1.655,hold,hold,default_hold,hold,execute_default_hold,0,False,0.0,0.0,0.0
2025-04-02 20:00:00+00:00,1.68,hold,hold,default_hold,hold,execute_default_hold,0,False,0.0,0.0,0.0
2025-04-03 13:30:00+00:00,1.525,sell,hold,no_position,hold,execute_no_position,0,False,0.0,0.0,0.0
2025-04-03 13:45:00+00:00,1.61,hold,hold,default_hold,hold,execute_default_hold,0,False,0.0,0.0,0.0
2025-04-03 14:00:00+00:00,1.6308,hold,hold,default_hold,hold,execute_default_hold,0,False,0.0,0.0,0.0
2025-04-03 14:15:00+00:00,1.6338,hold,hold,default_hold,hold,execute_default_hold,0,False,0.0,0.0,0.0
2025-04-03 14:30:00+00:00,1.63,hold,hold,default_hold,hold,execute_default_hold,0,False,0.0,0.0,0.0
2025-04-03 14:45:00+00:00,1.6494,avoid,hold,avoid_no_position,hold,execute_avoid_no_position,0,False,0.0,0.0,0.0
2025-04-03 15:00:00+00:00,1.6072,sell,hold,no_position,hold,execute_no_position,0,False,0.0,0.0,0.0
2025-04-03 15:15:00+00:00,1.6199,reduce,hold,no_position,hold,execute_no_position,0,False,0.0,0.0,0.0
2025-04-03 15:30:00+00:00,1.64,hold,hold,default_hold,hold,execute_default_hold,0,False,0.0,0.0,0.0
2025-04-03 15:45:00+00:00,1.62,hold,hold,default_hold,hold,execute_default_hold,0,False,0.0,0.0,0.0
2025-04-03 16:00:00+00:00,1.605,avoid,hold,avoid_no_position,hold,execute_avoid_no_position,0,False,0.0,0.0,0.0
2025-04-03 16:15:00+00:00,1.575,reduce,hold,no_position,hold,execute_no_position,0,False,0.0,0.0,0.0
2025-04-03 16:30:00+00:00,1.56,hold,hold,default_hold,hold,execute_default_hold,0,False,0.0,0.0,0.0
2025-04-03 16:45:00+00:00,1.53,hold,hold,default_hold,hold,execute_default_hold,0,False,0.0,0.0,0.0
2025-04-03 17:00:00+00:00,1.53,hold,hold,default_hold,hold,execute_default_hold,0,False,0.0,0.0,0.0
2025-04-03 17:15:00+00:00,1.525,hold,hold,default_hold,hold,execute_default_hold,0,False,0.0,0.0,0.0
2025-04-03 17:30:00+00:00,1.53,hold,hold,default_hold,hold,execute_default_hold,0,False,0.0,0.0,0.0
2025-04-03 17:45:00+00:00,1.53,hold,hold,default_hold,hold,execute_default_hold,0,False,0.0,0.0,0.0
2025-04-03 18:00:00+00:00,1.55,hold,hold,default_hold,hold,execute_default_hold,0,False,0.0,0.0,0.0
2025-04-03 18:15:00+00:00,1.525,hold,hold,default_hold,hold,execute_default_hold,0,False,0.0,0.0,0.0
2025-04-03 18:30:00+00:00,1.55,hold,hold,default_hold,hold,execute_default_hold,0,False,0.0,0.0,0.0
2025-04-03 18:45:00+00:00,1.545,hold,hold,default_hold,hold,execute_default_hold,0,False,0.0,0.0,0.0
2025-04-03 19:00:00+00:00,1.59,avoid,hold,avoid_no_position,hold,execute_avoid_no_position,0,False,0.0,0.0,0.0
2025-04-03 19:15:00+00:00,1.565,hold,hold,default_hold,hold,execute_default_hold,0,False,0.0,0.0,0.0
2025-04-03 19:30:00+00:00,1.57,hold,hold,default_hold,hold,execute_default_hold,0,False,0.0,0.0,0.0
2025-04-03 19:45:00+00:00,1.58,hold,hold,default_hold,hold,execute_default_hold,0,False,0.0,0.0,0.0
2025-04-03 20:00:00+00:00,1.585,hold,hold,default_hold,hold,execute_default_hold,0,False,0.0,0.0,0.0
2025-04-04 13:30:00+00:00,1.79,hold,hold,default_hold,hold,execute_default_hold,0,False,0.0,0.0,0.0
2025-04-04 13:45:00+00:00,1.7663,hold,hold,default_hold,hold,execute_default_hold,0,False,0.0,0.0,0.0
2025-04-04 14:00:00+00:00,1.7376,hold,hold,default_hold,hold,execute_default_hold,0,False,0.0,0.0,0.0
2025-04-04 14:15:00+00:00,1.75,hold,hold,default_hold,hold,execute_default_hold,0,False,0.0,0.0,0.0
2025-04-04 14:30:00+00:00,1.76,hold,hold,default_hold,hold,execute_default_hold,0,False,0.0,0.0,0.0
2025-04-04 14:45:00+00:00,1.725,hold,hold,default_hold,hold,execute_default_hold,0,False,0.0,0.0,0.0
2025-04-04 15:00:00+00:00,1.7114,hold,hold,default_hold,hold,execute_default_hold,0,False,0.0,0.0,0.0
2025-04-04 15:15:00+00:00,1.77,hold,hold,default_hold,hold,execute_default_hold,0,False,0.0,0.0,0.0
2025-04-04 15:30:00+00:00,1.7401,hold,hold,default_hold,hold,execute_default_hold,0,False,0.0,0.0,0.0
2025-04-04 15:45:00+00:00,1.68,hold,hold,default_hold,hold,execute_default_hold,0,False,0.0,0.0,0.0
2025-04-04 16:00:00+00:00,1.65,sell,hold,no_position,hold,execute_no_position,0,False,0.0,0.0,0.0
2025-04-04 16:15:00+00:00,1.64,hold,hold,default_hold,hold,execute_default_hold,0,False,0.0,0.0,0.0
2025-04-04 16:30:00+00:00,1.7158,hold,hold,default_hold,hold,execute_default_hold,0,False,0.0,0.0,0.0
2025-04-04 16:45:00+00:00,1.64,hold,hold,default_hold,hold,execute_default_hold,0,False,0.0,0.0,0.0
2025-04-04 17:00:00+00:00,1.65,hold,hold,default_hold,hold,execute_default_hold,0,False,0.0,0.0,0.0
2025-04-04 17:15:00+00:00,1.64,hold,hold,default_hold,hold,execute_default_hold,0,False,0.0,0.0,0.0
2025-04-04 17:30:00+00:00,1.635,reduce,hold,no_position,hold,execute_no_position,0,False,0.0,0.0,0.0
2025-04-04 17:45:00+00:00,1.635,hold,hold,default_hold,hold,execute_default_hold,0,False,0.0,0.0,0.0
2025-04-04 18:00:00+00:00,1.6501,hold,hold,default_hold,hold,execute_default_hold,0,False,0.0,0.0,0.0
2025-04-04 18:15:00+00:00,1.63,hold,hold,default_hold,hold,execute_default_hold,0,False,0.0,0.0,0.0
2025-04-04 18:30:00+00:00,1.59,hold,hold,default_hold,hold,execute_default_hold,0,False,0.0,0.0,0.0
2025-04-04 18:45:00+00:00,1.56,hold,hold,default_hold,hold,execute_default_hold,0,False,0.0,0.0,0.0
2025-04-04 19:00:00+00:00,1.52,hold,hold,default_hold,hold,execute_default_hold,0,False,0.0,0.0,0.0
2025-04-04 19:15:00+00:00,1.53,hold,hold,default_hold,hold,execute_default_hold,0,False,0.0,0.0,0.0
2025-04-04 19:30:00+00:00,1.52,hold,hold,default_hold,hold,execute_default_hold,0,False,0.0,0.0,0.0
2025-04-04 19:45:00+00:00,1.33,hold,hold,default_hold,hold,execute_default_hold,0,False,0.0,0.0,0.0
2025-04-04 20:00:00+00:00,1.49,hold,hold,default_hold,hold,execute_default_hold,0,False,0.0,0.0,0.0
2025-04-07 13:30:00+00:00,1.38,hold,hold,default_hold,hold,execute_default_hold,0,False,0.0,0.0,0.0
2025-04-07 13:45:00+00:00,1.281,hold,hold,default_hold,hold,execute_default_hold,0,False,0.0,0.0,0.0
2025-04-07 14:00:00+00:00,1.42,hold,hold,default_hold,hold,execute_default_hold,0,False,0.0,0.0,0.0
2025-04-07 14:15:00+00:00,1.56,hold,hold,default_hold,hold,execute_default_hold,0,False,0.0,0.0,0.0
2025-04-07 14:30:00+00:00,1.435,hold,hold,default_hold,hold,execute_default_hold,0,False,0.0,0.0,0.0
2025-04-07 14:45:00+00:00,1.45,hold,hold,default_hold,hold,execute_default_hold,0,False,0.0,0.0,0.0
2025-04-07 15:00:00+00:00,1.459,hold,hold,default_hold,hold,execute_default_hold,0,False,0.0,0.0,0.0
2025-04-07 15:15:00+00:00,1.41,hold,hold,default_hold,hold,execute_default_hold,0,False,0.0,0.0,0.0
2025-04-07 15:30:00+00:00,1.4148,avoid,hold,avoid_no_position,hold,execute_avoid_no_position,0,False,0.0,0.0,0.0
2025-04-07 15:45:00+00:00,1.4595,reduce,hold,no_position,hold,execute_no_position,0,False,0.0,0.0,0.0
2025-04-07 16:00:00+00:00,1.46,avoid,hold,avoid_no_position,hold,execute_avoid_no_position,0,False,0.0,0.0,0.0
2025-04-07 16:15:00+00:00,1.4349,hold,hold,default_hold,hold,execute_default_hold,0,False,0.0,0.0,0.0
2025-04-07 16:30:00+00:00,1.45,hold,hold,default_hold,hold,execute_default_hold,0,False,0.0,0.0,0.0
2025-04-07 16:45:00+00:00,1.48,reduce,hold,no_position,hold,execute_no_position,0,False,0.0,0.0,0.0
2025-04-07 17:00:00+00:00,1.4501,avoid,hold,avoid_no_position,hold,execute_avoid_no_position,0,False,0.0,0.0,0.0
2025-04-07 17:15:00+00:00,1.5184,hold,hold,default_hold,hold,execute_default_hold,0,False,0.0,0.0,0.0
2025-04-07 17:30:00+00:00,1.57,hold,hold,default_hold,hold,execute_default_hold,0,False,0.0,0.0,0.0
2025-04-07 17:45:00+00:00,1.59,hold,hold,default_hold,hold,execute_default_hold,0,False,0.0,0.0,0.0
2025-04-07 18:00:00+00:00,1.575,hold,hold,default_hold,hold,execute_default_hold,0,False,0.0,0.0,0.0
2025-04-07 18:15:00+00:00,1.57,hold,hold,default_hold,hold,execute_default_hold,0,False,0.0,0.0,0.0
2025-04-07 18:30:00+00:00,1.59,hold,hold,default_hold,hold,execute_default_hold,0,False,0.0,0.0,0.0
2025-04-07 18:45:00+00:00,1.58,hold,hold,default_hold,hold,execute_default_hold,0,False,0.0,0.0,0.0
2025-04-07 19:00:00+00:00,1.58,hold,hold,default_hold,hold,execute_default_hold,0,False,0.0,0.0,0.0
2025-04-07 19:15:00+00:00,1.57,hold,hold,default_hold,hold,execute_default_hold,0,False,0.0,0.0,0.0
2025-04-07 19:30:00+00:00,1.605,hold,hold,default_hold,hold,execute_default_hold,0,False,0.0,0.0,0.0
2025-04-07 19:45:00+00:00,1.64,hold,hold,default_hold,hold,execute_default_hold,0,False,0.0,0.0,0.0
2025-04-07 20:00:00+00:00,1.635,hold,hold,default_hold,hold,execute_default_hold,0,False,0.0,0.0,0.0
2025-04-08 13:30:00+00:00,1.68,hold,hold,default_hold,hold,execute_default_hold,0,False,0.0,0.0,0.0
2025-04-08 13:45:00+00:00,1.6352,hold,hold,default_hold,hold,execute_default_hold,0,False,0.0,0.0,0.0
2025-04-08 14:00:00+00:00,1.62,hold,hold,default_hold,hold,execute_default_hold,0,False,0.0,0.0,0.0
2025-04-08 14:15:00+00:00,1.63,hold,hold,default_hold,hold,execute_default_hold,0,False,0.0,0.0,0.0
2025-04-08 14:30:00+00:00,1.645,hold,hold,default_hold,hold,execute_default_hold,0,False,0.0,0.0,0.0
2025-04-08 14:45:00+00:00,1.6336,hold,hold,default_hold,hold,execute_default_hold,0,False,0.0,0.0,0.0
2025-04-08 15:00:00+00:00,1.635,hold,hold,default_hold,hold,execute_default_hold,0,False,0.0,0.0,0.0
2025-04-08 15:15:00+00:00,1.635,hold,hold,default_hold,hold,execute_default_hold,0,False,0.0,0.0,0.0
2025-04-08 15:30:00+00:00,1.635,sell,hold,no_position,hold,execute_no_position,0,False,0.0,0.0,0.0
2025-04-08 15:45:00+00:00,1.65,avoid,hold,avoid_no_position,hold,execute_avoid_no_position,0,False,0.0,0.0,0.0
2025-04-08 16:00:00+00:00,1.63,sell,hold,no_position,hold,execute_no_position,0,False,0.0,0.0,0.0
2025-04-08 16:15:00+00:00,1.62,hold,hold,default_hold,hold,execute_default_hold,0,False,0.0,0.0,0.0
2025-04-08 16:30:00+00:00,1.61,hold,hold,default_hold,hold,execute_default_hold,0,False,0.0,0.0,0.0
2025-04-08 16:45:00+00:00,1.6,hold,hold,default_hold,hold,execute_default_hold,0,False,0.0,0.0,0.0
2025-04-08 17:00:00+00:00,1.571,reduce,hold,no_position,hold,execute_no_position,0,False,0.0,0.0,0.0
2025-04-08 17:15:00+00:00,1.55,hold,hold,default_hold,hold,execute_default_hold,0,False,0.0,0.0,0.0
2025-04-08 17:30:00+00:00,1.54,hold,hold,default_hold,hold,execute_default_hold,0,False,0.0,0.0,0.0
2025-04-08 17:45:00+00:00,1.555,hold,hold,default_hold,hold,execute_default_hold,0,False,0.0,0.0,0.0
2025-04-08 18:00:00+00:00,1.545,hold,hold,default_hold,hold,execute_default_hold,0,False,0.0,0.0,0.0
2025-04-08 18:15:00+00:00,1.54,hold,hold,default_hold,hold,execute_default_hold,0,False,0.0,0.0,0.0
2025-04-08 18:30:00+00:00,1.55,hold,hold,default_hold,hold,execute_default_hold,0,False,0.0,0.0,0.0
2025-04-08 18:45:00+00:00,1.5486,hold,hold,default_hold,hold,execute_default_hold,0,False,0.0,0.0,0.0
2025-04-08 19:00:00+00:00,1.54,hold,hold,default_hold,hold,execute_default_hold,0,False,0.0,0.0,0.0
2025-04-08 19:15:00+00:00,1.5201,hold,hold,default_hold,hold,execute_default_hold,0,False,0.0,0.0,0.0
2025-04-08 19:30:00+00:00,1.52,hold,hold,default_hold,hold,execute_default_hold,0,False,0.0,0.0,0.0
2025-04-08 19:45:00+00:00,1.53,hold,hold,default_hold,hold,execute_default_hold,0,False,0.0,0.0,0.0
2025-04-08 20:00:00+00:00,1.53,hold,hold,default_hold,hold,execute_default_hold,0,False,0.0,0.0,0.0
2025-04-09 13:30:00+00:00,1.55,hold,hold,default_hold,hold,execute_default_hold,0,False,0.0,0.0,0.0
2025-04-09 13:45:00+00:00,1.6,hold,hold,default_hold,hold,execute_default_hold,0,False,0.0,0.0,0.0
2025-04-09 14:00:00+00:00,1.625,hold,hold,default_hold,hold,execute_default_hold,0,False,0.0,0.0,0.0
2025-04-09 14:15:00+00:00,1.6,hold,hold,default_hold,hold,execute_default_hold,0,False,0.0,0.0,0.0
2025-04-09 14:30:00+00:00,1.6042,buy,buy,trend_buy,buy,weak_trend_limited_buy,50,False,0.0,0.0,0.0
2025-04-09 14:45:00+00:00,1.62,hold,hold,default_hold,hold,execute_default_hold,0,False,0.0,0.0,0.0
2025-04-09 15:00:00+00:00,1.57,hold,hold,default_hold,hold,execute_default_hold,0,False,0.0,0.0,0.0
2025-04-09 15:15:00+00:00,1.59,hold,hold,default_hold,hold,execute_default_hold,0,False,0.0,0.0,0.0
2025-04-09 15:30:00+00:00,1.615,hold,hold,default_hold,hold,execute_default_hold,0,False,0.0,0.0,0.0
2025-04-09 15:45:00+00:00,1.5971,hold,hold,default_hold,hold,execute_default_hold,0,False,0.0,0.0,0.0
2025-04-09 16:00:00+00:00,1.55,hold,hold,default_hold,hold,execute_default_hold,0,False,0.0,0.0,0.0
2025-04-09 16:15:00+00:00,1.53,hold,hold,default_hold,hold,execute_default_hold,0,False,0.0,0.0,0.0
2025-04-09 16:30:00+00:00,1.54,hold,hold,default_hold,hold,execute_default_hold,0,False,0.0,0.0,0.0
2025-04-09 16:45:00+00:00,1.545,hold,hold,default_hold,hold,execute_default_hold,0,False,0.0,0.0,0.0
2025-04-09 17:00:00+00:00,1.56,hold,hold,default_hold,hold,execute_default_hold,0,False,0.0,0.0,0.0
2025-04-09 17:15:00+00:00,1.54,hold,hold,default_hold,hold,execute_default_hold,0,False,0.0,0.0,0.0
2025-04-09 17:30:00+00:00,1.61,reduce,hold,no_position,hold,execute_no_position,0,False,0.0,0.0,0.0
2025-04-09 17:45:00+00:00,1.625,hold,hold,default_hold,hold,execute_default_hold,0,False,0.0,0.0,0.0
2025-04-09 18:00:00+00:00,1.67,hold,hold,default_hold,hold,execute_default_hold,0,False,0.0,0.0,0.0
2025-04-09 18:15:00+00:00,1.58,hold,hold,default_hold,hold,execute_default_hold,0,False,0.0,0.0,0.0
2025-04-09 18:30:00+00:00,1.59,hold,hold,default_hold,hold,execute_default_hold,0,False,0.0,0.0,0.0
2025-04-09 18:45:00+00:00,1.54,hold,hold,default_hold,hold,execute_default_hold,0,False,0.0,0.0,0.0
2025-04-09 19:00:00+00:00,1.58,hold,hold,default_hold,hold,execute_default_hold,0,False,0.0,0.0,0.0
2025-04-09 19:15:00+00:00,1.6156,hold,hold,default_hold,hold,execute_default_hold,0,False,0.0,0.0,0.0
2025-04-09 19:30:00+00:00,1.615,hold,hold,default_hold,hold,execute_default_hold,0,False,0.0,0.0,0.0
2025-04-09 19:45:00+00:00,1.6311,hold,hold,default_hold,hold,execute_default_hold,0,False,0.0,0.0,0.0
2025-04-09 20:00:00+00:00,1.59,hold,hold,default_hold,hold,execute_default_hold,0,False,0.0,0.0,0.0
2025-04-10 13:30:00+00:00,1.553,sell,hold,no_position,hold,execute_no_position,0,False,0.0,0.0,0.0
2025-04-10 13:45:00+00:00,1.56,hold,hold,default_hold,hold,execute_default_hold,0,False,0.0,0.0,0.0
2025-04-10 14:00:00+00:00,1.5408,hold,hold,default_hold,hold,execute_default_hold,0,False,0.0,0.0,0.0
2025-04-10 14:15:00+00:00,1.5667,hold,hold,default_hold,hold,execute_default_hold,0,False,0.0,0.0,0.0
2025-04-10 14:30:00+00:00,1.5801,avoid,hold,avoid_no_position,hold,execute_avoid_no_position,0,False,0.0,0.0,0.0
2025-04-10 14:45:00+00:00,1.605,hold,hold,default_hold,hold,execute_default_hold,0,False,0.0,0.0,0.0
2025-04-10 15:00:00+00:00,1.625,sell,hold,no_position,hold,execute_no_position,0,False,0.0,0.0,0.0
2025-04-10 15:15:00+00:00,1.62,avoid,hold,avoid_no_position,hold,execute_avoid_no_position,0,False,0.0,0.0,0.0
2025-04-10 15:30:00+00:00,1.57,reduce,hold,no_position,hold,execute_no_position,0,False,0.0,0.0,0.0
2025-04-10 15:45:00+00:00,1.585,hold,hold,default_hold,hold,execute_default_hold,0,False,0.0,0.0,0.0
2025-04-10 16:00:00+00:00,1.54,hold,hold,default_hold,hold,execute_default_hold,0,False,0.0,0.0,0.0
2025-04-10 16:15:00+00:00,1.55,hold,hold,default_hold,hold,execute_default_hold,0,False,0.0,0.0,0.0
2025-04-10 16:30:00+00:00,1.565,avoid,hold,avoid_no_position,hold,execute_avoid_no_position,0,False,0.0,0.0,0.0
2025-04-10 16:45:00+00:00,1.57,hold,hold,default_hold,hold,execute_default_hold,0,False,0.0,0.0,0.0
2025-04-10 17:00:00+00:00,1.58,reduce,hold,no_position,hold,execute_no_position,0,False,0.0,0.0,0.0
2025-04-10 17:15:00+00:00,1.575,hold,hold,default_hold,hold,execute_default_hold,0,False,0.0,0.0,0.0
2025-04-10 17:30:00+00:00,1.57,hold,hold,default_hold,hold,execute_default_hold,0,False,0.0,0.0,0.0
2025-04-10 17:45:00+00:00,1.57,hold,hold,default_hold,hold,execute_default_hold,0,False,0.0,0.0,0.0
2025-04-10 18:00:00+00:00,1.6001,avoid,hold,avoid_no_position,hold,execute_avoid_no_position,0,False,0.0,0.0,0.0
2025-04-10 18:15:00+00:00,1.59,hold,hold,default_hold,hold,execute_default_hold,0,False,0.0,0.0,0.0
2025-04-10 18:30:00+00:00,1.62,sell,hold,no_position,hold,execute_no_position,0,False,0.0,0.0,0.0
2025-04-10 18:45:00+00:00,1.61,avoid,hold,avoid_no_position,hold,execute_avoid_no_position,0,False,0.0,0.0,0.0
2025-04-10 19:00:00+00:00,1.59,hold,hold,default_hold,hold,execute_default_hold,0,False,0.0,0.0,0.0
2025-04-10 19:15:00+00:00,1.585,hold,hold,default_hold,hold,execute_default_hold,0,False,0.0,0.0,0.0
2025-04-10 19:30:00+00:00,1.6,hold,hold,default_hold,hold,execute_default_hold,0,False,0.0,0.0,0.0
2025-04-10 19:45:00+00:00,1.565,sell,hold,no_position,hold,execute_no_position,0,False,0.0,0.0,0.0
2025-04-10 20:00:00+00:00,1.54,hold,hold,default_hold,hold,execute_default_hold,0,False,0.0,0.0,0.0
2025-04-11 13:30:00+00:00,1.58,buy,buy,trend_buy,buy,weak_trend_limited_buy,50,False,0.0,0.0,0.0
2025-04-11 13:45:00+00:00,1.6,hold,hold,default_hold,hold,execute_default_hold,0,False,0.0,0.0,0.0
2025-04-11 14:00:00+00:00,1.57,hold,hold,default_hold,hold,execute_default_hold,0,False,0.0,0.0,0.0
2025-04-11 14:15:00+00:00,1.52,hold,hold,default_hold,hold,execute_default_hold,0,False,0.0,0.0,0.0
2025-04-11 14:30:00+00:00,1.48,hold,hold,default_hold,hold,execute_default_hold,0,False,0.0,0.0,0.0
2025-04-11 14:45:00+00:00,1.7696,hold,hold,default_hold,hold,execute_default_hold,0,False,0.0,0.0,0.0
2025-04-11 15:00:00+00:00,1.8807,hold,hold,default_hold,hold,execute_default_hold,0,False,0.0,0.0,0.0
2025-04-11 15:15:00+00:00,1.77,hold,hold,default_hold,hold,execute_default_hold,0,False,0.0,0.0,0.0
2025-04-11 15:30:00+00:00,1.76,hold,hold,default_hold,hold,execute_default_hold,0,False,0.0,0.0,0.0
2025-04-11 15:45:00+00:00,1.77,hold,hold,default_hold,hold,execute_default_hold,0,False,0.0,0.0,0.0
2025-04-11 16:00:00+00:00,1.8,hold,hold,default_hold,hold,execute_default_hold,0,False,0.0,0.0,0.0
2025-04-11 16:15:00+00:00,1.79,hold,hold,default_hold,hold,execute_default_hold,0,False,0.0,0.0,0.0
2025-04-11 16:30:00+00:00,1.83,hold,hold,default_hold,hold,execute_default_hold,0,False,0.0,0.0,0.0
2025-04-11 16:45:00+00:00,1.88,hold,hold,default_hold,hold,execute_default_hold,0,False,0.0,0.0,0.0
2025-04-11 17:00:00+00:00,1.955,hold,hold,default_hold,hold,execute_default_hold,0,False,0.0,0.0,0.0
2025-04-11 17:15:00+00:00,1.88,hold,hold,default_hold,hold,execute_default_hold,0,False,0.0,0.0,0.0
2025-04-11 17:30:00+00:00,1.91,hold,hold,default_hold,hold,execute_default_hold,0,False,0.0,0.0,0.0
2025-04-11 17:45:00+00:00,1.95,hold,hold,default_hold,hold,execute_default_hold,0,False,0.0,0.0,0.0
2025-04-11 18:00:00+00:00,1.97,hold,hold,default_hold,hold,execute_default_hold,0,False,0.0,0.0,0.0
2025-04-11 18:15:00+00:00,1.99,hold,hold,default_hold,hold,execute_default_hold,0,False,0.0,0.0,0.0
2025-04-11 18:30:00+00:00,2.0,hold,hold,default_hold,hold,execute_default_hold,0,False,0.0,0.0,0.0
2025-04-11 18:45:00+00:00,2.0308,hold,hold,default_hold,hold,execute_default_hold,0,False,0.0,0.0,0.0
2025-04-11 19:00:00+00:00,2.01,hold,hold,default_hold,hold,execute_default_hold,0,False,0.0,0.0,0.0
2025-04-11 19:15:00+00:00,1.99,hold,hold,default_hold,hold,execute_default_hold,0,False,0.0,0.0,0.0
2025-04-11 19:30:00+00:00,2.01,hold,hold,default_hold,hold,execute_default_hold,0,False,0.0,0.0,0.0
2025-04-11 19:45:00+00:00,2.175,hold,hold,default_hold,hold,execute_default_hold,0,False,0.0,0.0,0.0
2025-04-11 20:00:00+00:00,2.17,hold,hold,default_hold,hold,execute_default_hold,0,False,0.0,0.0,0.0
2025-04-14 13:30:00+00:00,2.34,hold,hold,default_hold,hold,execute_default_hold,0,False,0.0,0.0,0.0
2025-04-14 13:45:00+00:00,2.27,hold,hold,default_hold,hold,execute_default_hold,0,False,0.0,0.0,0.0
2025-04-14 14:00:00+00:00,2.2,hold,hold,default_hold,hold,execute_default_hold,0,False,0.0,0.0,0.0
2025-04-14 14:15:00+00:00,2.2506,hold,hold,default_hold,hold,execute_default_hold,0,False,0.0,0.0,0.0
2025-04-14 14:30:00+00:00,2.27,hold,hold,default_hold,hold,execute_default_hold,0,False,0.0,0.0,0.0
2025-04-14 14:45:00+00:00,2.4,hold,hold,default_hold,hold,execute_default_hold,0,False,0.0,0.0,0.0
2025-04-14 15:00:00+00:00,2.4205,hold,hold,default_hold,hold,execute_default_hold,0,False,0.0,0.0,0.0
2025-04-14 15:15:00+00:00,2.49,hold,hold,default_hold,hold,execute_default_hold,0,False,0.0,0.0,0.0
2025-04-14 15:30:00+00:00,2.67,hold,hold,default_hold,hold,execute_default_hold,0,False,0.0,0.0,0.0
2025-04-14 15:45:00+00:00,2.45,hold,hold,default_hold,hold,execute_default_hold,0,False,0.0,0.0,0.0
2025-04-14 16:00:00+00:00,2.51,hold,hold,default_hold,hold,execute_default_hold,0,False,0.0,0.0,0.0
2025-04-14 16:15:00+00:00,2.52,hold,hold,default_hold,hold,execute_default_hold,0,False,0.0,0.0,0.0
2025-04-14 16:30:00+00:00,2.669,hold,hold,default_hold,hold,execute_default_hold,0,False,0.0,0.0,0.0
2025-04-14 16:45:00+00:00,2.72,hold,hold,default_hold,hold,execute_default_hold,0,False,0.0,0.0,0.0
2025-04-14 17:00:00+00:00,2.67,hold,hold,default_hold,hold,execute_default_hold,0,False,0.0,0.0,0.0
2025-04-14 17:15:00+00:00,2.68,hold,hold,default_hold,hold,execute_default_hold,0,False,0.0,0.0,0.0
2025-04-14 17:30:00+00:00,2.7001,hold,hold,default_hold,hold,execute_default_hold,0,False,0.0,0.0,0.0
2025-04-14 17:45:00+00:00,2.68,hold,hold,default_hold,hold,execute_default_hold,0,False,0.0,0.0,0.0
2025-04-14 18:00:00+00:00,2.76,hold,hold,default_hold,hold,execute_default_hold,0,False,0.0,0.0,0.0
2025-04-14 18:15:00+00:00,2.72,hold,hold,default_hold,hold,execute_default_hold,0,False,0.0,0.0,0.0
2025-04-14 18:30:00+00:00,2.66,hold,hold,default_hold,hold,execute_default_hold,0,False,0.0,0.0,0.0
2025-04-14 18:45:00+00:00,2.65,hold,hold,default_hold,hold,execute_default_hold,0,False,0.0,0.0,0.0
2025-04-14 19:00:00+00:00,2.58,reduce,hold,no_position,hold,execute_no_position,0,False,0.0,0.0,0.0
2025-04-14 19:15:00+00:00,2.56,hold,hold,default_hold,hold,execute_default_hold,0,False,0.0,0.0,0.0
2025-04-14 19:30:00+00:00,2.49,hold,hold,default_hold,hold,execute_default_hold,0,False,0.0,0.0,0.0
2025-04-14 19:45:00+00:00,2.525,hold,hold,default_hold,hold,execute_default_hold,0,False,0.0,0.0,0.0
2025-04-14 20:00:00+00:00,2.54,hold,hold,default_hold,hold,execute_default_hold,0,False,0.0,0.0,0.0
2025-04-15 13:30:00+00:00,2.51,hold,hold,default_hold,hold,execute_default_hold,0,False,0.0,0.0,0.0
2025-04-15 13:45:00+00:00,2.295,hold,hold,default_hold,hold,execute_default_hold,0,False,0.0,0.0,0.0
2025-04-15 14:00:00+00:00,2.2291,hold,hold,default_hold,hold,execute_default_hold,0,False,0.0,0.0,0.0
2025-04-15 14:15:00+00:00,2.1792,hold,hold,default_hold,hold,execute_default_hold,0,False,0.0,0.0,0.0
2025-04-15 14:30:00+00:00,2.14,hold,hold,default_hold,hold,execute_default_hold,0,False,0.0,0.0,0.0
2025-04-15 14:45:00+00:00,2.1109,hold,hold,default_hold,hold,execute_default_hold,0,False,0.0,0.0,0.0
2025-04-15 15:00:00+00:00,2.085,hold,hold,default_hold,hold,execute_default_hold,0,False,0.0,0.0,0.0
2025-04-15 15:15:00+00:00,2.0664,hold,hold,default_hold,hold,execute_default_hold,0,False,0.0,0.0,0.0
2025-04-15 15:30:00+00:00,2.1372,hold,hold,default_hold,hold,execute_default_hold,0,False,0.0,0.0,0.0
2025-04-15 15:45:00+00:00,2.125,hold,hold,default_hold,hold,execute_default_hold,0,False,0.0,0.0,0.0
2025-04-15 16:00:00+00:00,2.2329,hold,hold,default_hold,hold,execute_default_hold,0,False,0.0,0.0,0.0
2025-04-15 16:15:00+00:00,2.232,hold,hold,default_hold,hold,execute_default_hold,0,False,0.0,0.0,0.0
2025-04-15 16:30:00+00:00,2.205,hold,hold,default_hold,hold,execute_default_hold,0,False,0.0,0.0,0.0
2025-04-15 16:45:00+00:00,2.225,hold,hold,default_hold,hold,execute_default_hold,0,False,0.0,0.0,0.0
2025-04-15 17:00:00+00:00,2.215,hold,hold,default_hold,hold,execute_default_hold,0,False,0.0,0.0,0.0
2025-04-15 17:15:00+00:00,2.215,hold,hold,default_hold,hold,execute_default_hold,0,False,0.0,0.0,0.0
2025-04-15 17:30:00+00:00,2.2275,hold,hold,default_hold,hold,execute_default_hold,0,False,0.0,0.0,0.0
2025-04-15 17:45:00+00:00,2.185,hold,hold,default_hold,hold,execute_default_hold,0,False,0.0,0.0,0.0
2025-04-15 18:00:00+00:00,2.17,hold,hold,default_hold,hold,execute_default_hold,0,False,0.0,0.0,0.0
2025-04-15 18:15:00+00:00,2.13,buy,buy,trend_buy,buy,weak_trend_limited_buy,50,False,0.0,0.0,0.0
2025-04-15 18:30:00+00:00,2.0834,hold,hold,default_hold,hold,execute_default_hold,0,False,0.0,0.0,0.0
2025-04-15 18:45:00+00:00,2.125,hold,hold,default_hold,hold,execute_default_hold,0,False,0.0,0.0,0.0
2025-04-15 19:00:00+00:00,2.135,hold,hold,default_hold,hold,execute_default_hold,0,False,0.0,0.0,0.0
2025-04-15 19:15:00+00:00,2.142,hold,hold,default_hold,hold,execute_default_hold,0,False,0.0,0.0,0.0
2025-04-15 19:30:00+00:00,2.095,hold,hold,default_hold,hold,execute_default_hold,0,False,0.0,0.0,0.0
2025-04-15 19:45:00+00:00,2.125,hold,hold,default_hold,hold,execute_default_hold,0,False,0.0,0.0,0.0
2025-04-15 20:00:00+00:00,2.15,hold,hold,default_hold,hold,execute_default_hold,0,False,0.0,0.0,0.0
2025-04-16 13:30:00+00:00,2.1204,reduce,hold,no_position,hold,execute_no_position,0,False,0.0,0.0,0.0
2025-04-16 13:45:00+00:00,2.28,hold,hold,default_hold,hold,execute_default_hold,0,False,0.0,0.0,0.0
2025-04-16 14:00:00+00:00,2.28,hold,hold,default_hold,hold,execute_default_hold,0,False,0.0,0.0,0.0
2025-04-16 14:15:00+00:00,2.28,hold,hold,default_hold,hold,execute_default_hold,0,False,0.0,0.0,0.0
2025-04-16 14:30:00+00:00,2.2799,hold,hold,default_hold,hold,execute_default_hold,0,False,0.0,0.0,0.0
2025-04-16 14:45:00+00:00,2.35,hold,hold,default_hold,hold,execute_default_hold,0,False,0.0,0.0,0.0
2025-04-16 15:00:00+00:00,2.23,hold,hold,default_hold,hold,execute_default_hold,0,False,0.0,0.0,0.0
2025-04-16 15:15:00+00:00,2.1608,hold,hold,default_hold,hold,execute_default_hold,0,False,0.0,0.0,0.0
2025-04-16 15:30:00+00:00,2.25,hold,hold,default_hold,hold,execute_default_hold,0,False,0.0,0.0,0.0
2025-04-16 15:45:00+00:00,2.27,hold,hold,default_hold,hold,execute_default_hold,0,False,0.0,0.0,0.0
2025-04-16 16:00:00+00:00,2.3169,hold,hold,default_hold,hold,execute_default_hold,0,False,0.0,0.0,0.0
2025-04-16 16:15:00+00:00,2.275,hold,hold,default_hold,hold,execute_default_hold,0,False,0.0,0.0,0.0
2025-04-16 16:30:00+00:00,2.3098,buy,buy,trend_buy,buy,execute_trend_buy,100,False,0.0,0.0,0.0
2025-04-16 16:45:00+00:00,2.3499,hold,hold,default_hold,hold,execute_default_hold,0,False,0.0,0.0,0.0
2025-04-16 17:00:00+00:00,2.38,hold,hold,default_hold,hold,execute_default_hold,0,False,0.0,0.0,0.0
2025-04-16 17:15:00+00:00,2.4491,hold,hold,default_hold,hold,execute_default_hold,0,False,0.0,0.0,0.0
2025-04-16 17:30:00+00:00,2.41,hold,hold,default_hold,hold,execute_default_hold,0,False,0.0,0.0,0.0
2025-04-16 17:45:00+00:00,2.2794,hold,hold,default_hold,hold,execute_default_hold,0,False,0.0,0.0,0.0
2025-04-16 18:00:00+00:00,2.23,hold,hold,default_hold,hold,execute_default_hold,0,False,0.0,0.0,0.0
2025-04-16 18:15:00+00:00,2.235,hold,hold,default_hold,hold,execute_default_hold,0,False,0.0,0.0,0.0
2025-04-16 18:30:00+00:00,2.1,hold,hold,default_hold,hold,execute_default_hold,0,False,0.0,0.0,0.0
2025-04-16 18:45:00+00:00,2.0702,hold,hold,default_hold,hold,execute_default_hold,0,False,0.0,0.0,0.0
2025-04-16 19:00:00+00:00,2.0799,hold,hold,default_hold,hold,execute_default_hold,0,False,0.0,0.0,0.0
2025-04-16 19:15:00+00:00,2.175,hold,hold,default_hold,hold,execute_default_hold,0,False,0.0,0.0,0.0
2025-04-16 19:30:00+00:00,2.15,reduce,hold,no_position,hold,execute_no_position,0,False,0.0,0.0,0.0
2025-04-16 19:45:00+00:00,2.157,hold,hold,default_hold,hold,execute_default_hold,0,False,0.0,0.0,0.0
2025-04-16 20:00:00+00:00,2.245,hold,hold,default_hold,hold,execute_default_hold,0,False,0.0,0.0,0.0
2025-04-17 13:30:00+00:00,2.25,hold,hold,default_hold,hold,execute_default_hold,0,False,0.0,0.0,0.0
2025-04-17 13:45:00+00:00,2.2108,hold,hold,default_hold,hold,execute_default_hold,0,False,0.0,0.0,0.0
2025-04-17 14:00:00+00:00,2.25,hold,hold,default_hold,hold,execute_default_hold,0,False,0.0,0.0,0.0
2025-04-17 14:15:00+00:00,2.19,hold,hold,default_hold,hold,execute_default_hold,0,False,0.0,0.0,0.0
2025-04-17 14:30:00+00:00,2.23,hold,hold,default_hold,hold,execute_default_hold,0,False,0.0,0.0,0.0
2025-04-17 14:45:00+00:00,2.2,hold,hold,default_hold,hold,execute_default_hold,0,False,0.0,0.0,0.0
2025-04-17 15:00:00+00:00,2.25,hold,hold,default_hold,hold,execute_default_hold,0,False,0.0,0.0,0.0
2025-04-17 15:15:00+00:00,2.28,buy,buy,trend_buy,buy,weak_trend_limited_buy,50,False,0.0,0.0,0.0
2025-04-17 15:30:00+00:00,2.2201,hold,hold,default_hold,hold,execute_default_hold,0,False,0.0,0.0,0.0
2025-04-17 15:45:00+00:00,2.205,hold,hold,default_hold,hold,execute_default_hold,0,False,0.0,0.0,0.0
2025-04-17 16:00:00+00:00,2.1604,hold,hold,default_hold,hold,execute_default_hold,0,False,0.0,0.0,0.0
2025-04-17 16:15:00+00:00,2.15,hold,hold,default_hold,hold,execute_default_hold,0,False,0.0,0.0,0.0
2025-04-17 16:30:00+00:00,2.19,hold,hold,default_hold,hold,execute_default_hold,0,False,0.0,0.0,0.0
2025-04-17 16:45:00+00:00,2.18,hold,hold,default_hold,hold,execute_default_hold,0,False,0.0,0.0,0.0
2025-04-17 17:00:00+00:00,2.23,hold,hold,default_hold,hold,execute_default_hold,0,False,0.0,0.0,0.0
2025-04-17 17:15:00+00:00,2.215,hold,hold,default_hold,hold,execute_default_hold,0,False,0.0,0.0,0.0
2025-04-17 17:30:00+00:00,2.2008,hold,hold,default_hold,hold,execute_default_hold,0,False,0.0,0.0,0.0
2025-04-17 17:45:00+00:00,2.23,hold,hold,default_hold,hold,execute_default_hold,0,False,0.0,0.0,0.0
2025-04-17 18:00:00+00:00,2.24,hold,hold,default_hold,hold,execute_default_hold,0,False,0.0,0.0,0.0
2025-04-17 18:15:00+00:00,2.2809,hold,hold,default_hold,hold,execute_default_hold,0,False,0.0,0.0,0.0
2025-04-17 18:30:00+00:00,2.375,hold,hold,default_hold,hold,execute_default_hold,0,False,0.0,0.0,0.0
2025-04-17 18:45:00+00:00,2.4699,hold,hold,default_hold,hold,execute_default_hold,0,False,0.0,0.0,0.0
2025-04-17 19:00:00+00:00,2.4491,hold,hold,default_hold,hold,execute_default_hold,0,False,0.0,0.0,0.0
2025-04-17 19:15:00+00:00,2.4085,hold,hold,default_hold,hold,execute_default_hold,0,False,0.0,0.0,0.0
2025-04-17 19:30:00+00:00,2.46,hold,hold,default_hold,hold,execute_default_hold,0,False,0.0,0.0,0.0
2025-04-17 19:45:00+00:00,2.53,hold,hold,default_hold,hold,execute_default_hold,0,False,0.0,0.0,0.0
2025-04-17 20:00:00+00:00,2.485,hold,hold,default_hold,hold,execute_default_hold,0,False,0.0,0.0,0.0
2025-04-21 13:30:00+00:00,2.49,hold,hold,default_hold,hold,execute_default_hold,0,False,0.0,0.0,0.0
2025-04-21 13:45:00+00:00,2.5716,hold,hold,default_hold,hold,execute_default_hold,0,False,0.0,0.0,0.0
2025-04-21 14:00:00+00:00,2.46,hold,hold,default_hold,hold,execute_default_hold,0,False,0.0,0.0,0.0
2025-04-21 14:15:00+00:00,2.3094,reduce,hold,no_position,hold,execute_no_position,0,False,0.0,0.0,0.0
2025-04-21 14:30:00+00:00,2.3243,hold,hold,default_hold,hold,execute_default_hold,0,False,0.0,0.0,0.0
2025-04-21 14:45:00+00:00,2.2792,hold,hold,default_hold,hold,execute_default_hold,0,False,0.0,0.0,0.0
2025-04-21 15:00:00+00:00,2.235,hold,hold,default_hold,hold,execute_default_hold,0,False,0.0,0.0,0.0
2025-04-21 15:15:00+00:00,2.2208,hold,hold,default_hold,hold,execute_default_hold,0,False,0.0,0.0,0.0
2025-04-21 15:30:00+00:00,2.25,hold,hold,default_hold,hold,execute_default_hold,0,False,0.0,0.0,0.0
2025-04-21 15:45:00+00:00,2.22,hold,hold,default_hold,hold,execute_default_hold,0,False,0.0,0.0,0.0
2025-04-21 16:00:00+00:00,2.2401,hold,hold,default_hold,hold,execute_default_hold,0,False,0.0,0.0,0.0
2025-04-21 16:15:00+00:00,2.305,hold,hold,default_hold,hold,execute_default_hold,0,False,0.0,0.0,0.0
2025-04-21 16:30:00+00:00,2.255,hold,hold,default_hold,hold,execute_default_hold,0,False,0.0,0.0,0.0
2025-04-21 16:45:00+00:00,2.245,hold,hold,default_hold,hold,execute_default_hold,0,False,0.0,0.0,0.0
2025-04-21 17:00:00+00:00,2.235,hold,hold,default_hold,hold,execute_default_hold,0,False,0.0,0.0,0.0
2025-04-21 17:15:00+00:00,2.248,hold,hold,default_hold,hold,execute_default_hold,0,False,0.0,0.0,0.0
2025-04-21 17:30:00+00:00,2.23,hold,hold,default_hold,hold,execute_default_hold,0,False,0.0,0.0,0.0
2025-04-21 17:45:00+00:00,2.26,buy,buy,range_buy,buy,weak_range_limited_buy,50,False,0.0,0.0,0.0
2025-04-21 18:00:00+00:00,2.225,hold,hold,default_hold,hold,execute_default_hold,0,False,0.0,0.0,0.0
2025-04-21 18:15:00+00:00,2.235,hold,hold,default_hold,hold,execute_default_hold,0,False,0.0,0.0,0.0
2025-04-21 18:30:00+00:00,2.255,hold,hold,default_hold,hold,execute_default_hold,0,False,0.0,0.0,0.0
2025-04-21 18:45:00+00:00,2.255,hold,hold,default_hold,hold,execute_default_hold,0,False,0.0,0.0,0.0
2025-04-21 19:00:00+00:00,2.255,hold,hold,default_hold,hold,execute_default_hold,0,False,0.0,0.0,0.0
2025-04-21 19:15:00+00:00,2.29,hold,hold,default_hold,hold,execute_default_hold,0,False,0.0,0.0,0.0
2025-04-21 19:30:00+00:00,2.275,hold,hold,default_hold,hold,execute_default_hold,0,False,0.0,0.0,0.0
2025-04-21 19:45:00+00:00,2.27,hold,hold,default_hold,hold,execute_default_hold,0,False,0.0,0.0,0.0
2025-04-21 20:00:00+00:00,2.29,hold,hold,default_hold,hold,execute_default_hold,0,False,0.0,0.0,0.0
2025-04-22 13:30:00+00:00,2.25,reduce,hold,no_position,hold,execute_no_position,0,False,0.0,0.0,0.0
2025-04-22 13:45:00+00:00,2.16,hold,hold,default_hold,hold,execute_default_hold,0,False,0.0,0.0,0.0
2025-04-22 14:00:00+00:00,1.9244,hold,hold,default_hold,hold,execute_default_hold,0,False,0.0,0.0,0.0
2025-04-22 14:15:00+00:00,2.025,hold,hold,default_hold,hold,execute_default_hold,0,False,0.0,0.0,0.0
2025-04-22 14:30:00+00:00,2.045,hold,hold,default_hold,hold,execute_default_hold,0,False,0.0,0.0,0.0
2025-04-22 14:45:00+00:00,2.035,hold,hold,default_hold,hold,execute_default_hold,0,False,0.0,0.0,0.0
2025-04-22 15:00:00+00:00,1.9901,hold,hold,default_hold,hold,execute_default_hold,0,False,0.0,0.0,0.0
2025-04-22 15:15:00+00:00,2.0294,hold,hold,default_hold,hold,execute_default_hold,0,False,0.0,0.0,0.0
2025-04-22 15:30:00+00:00,2.03,hold,hold,default_hold,hold,execute_default_hold,0,False,0.0,0.0,0.0
2025-04-22 15:45:00+00:00,1.9801,hold,hold,default_hold,hold,execute_default_hold,0,False,0.0,0.0,0.0
2025-04-22 16:00:00+00:00,1.96,hold,hold,default_hold,hold,execute_default_hold,0,False,0.0,0.0,0.0
2025-04-22 16:15:00+00:00,1.9593,hold,hold,default_hold,hold,execute_default_hold,0,False,0.0,0.0,0.0
2025-04-22 16:30:00+00:00,1.939,hold,hold,default_hold,hold,execute_default_hold,0,False,0.0,0.0,0.0
2025-04-22 16:45:00+00:00,1.9,hold,hold,default_hold,hold,execute_default_hold,0,False,0.0,0.0,0.0
2025-04-22 17:00:00+00:00,1.8894,hold,hold,default_hold,hold,execute_default_hold,0,False,0.0,0.0,0.0
2025-04-22 17:15:00+00:00,1.9,hold,hold,default_hold,hold,execute_default_hold,0,False,0.0,0.0,0.0
2025-04-22 17:30:00+00:00,1.9127,hold,hold,default_hold,hold,execute_default_hold,0,False,0.0,0.0,0.0
2025-04-22 17:45:00+00:00,1.925,hold,hold,default_hold,hold,execute_default_hold,0,False,0.0,0.0,0.0
2025-04-22 18:00:00+00:00,1.915,hold,hold,default_hold,hold,execute_default_hold,0,False,0.0,0.0,0.0
2025-04-22 18:15:00+00:00,1.935,hold,hold,default_hold,hold,execute_default_hold,0,False,0.0,0.0,0.0
2025-04-22 18:30:00+00:00,1.9301,hold,hold,default_hold,hold,execute_default_hold,0,False,0.0,0.0,0.0
2025-04-22 18:45:00+00:00,1.919,hold,hold,default_hold,hold,execute_default_hold,0,False,0.0,0.0,0.0
2025-04-22 19:00:00+00:00,1.915,hold,hold,default_hold,hold,execute_default_hold,0,False,0.0,0.0,0.0
2025-04-22 19:15:00+00:00,1.935,hold,hold,default_hold,hold,execute_default_hold,0,False,0.0,0.0,0.0
2025-04-22 19:30:00+00:00,1.91,hold,hold,default_hold,hold,execute_default_hold,0,False,0.0,0.0,0.0
2025-04-22 19:45:00+00:00,1.925,hold,hold,default_hold,hold,execute_default_hold,0,False,0.0,0.0,0.0
2025-04-22 20:00:00+00:00,1.92,hold,hold,default_hold,hold,execute_default_hold,0,False,0.0,0.0,0.0
2025-04-23 13:30:00+00:00,1.8281,hold,hold,default_hold,hold,execute_default_hold,0,False,0.0,0.0,0.0
2025-04-23 13:45:00+00:00,1.715,hold,hold,default_hold,hold,execute_default_hold,0,False,0.0,0.0,0.0
2025-04-23 14:00:00+00:00,1.705,hold,hold,default_hold,hold,execute_default_hold,0,False,0.0,0.0,0.0
2025-04-23 14:15:00+00:00,1.665,hold,hold,default_hold,hold,execute_default_hold,0,False,0.0,0.0,0.0
2025-04-23 14:30:00+00:00,1.655,hold,hold,default_hold,hold,execute_default_hold,0,False,0.0,0.0,0.0
2025-04-23 14:45:00+00:00,1.6706,hold,hold,default_hold,hold,execute_default_hold,0,False,0.0,0.0,0.0
2025-04-23 15:00:00+00:00,1.65,hold,hold,default_hold,hold,execute_default_hold,0,False,0.0,0.0,0.0
2025-04-23 15:15:00+00:00,1.6365,hold,hold,default_hold,hold,execute_default_hold,0,False,0.0,0.0,0.0
2025-04-23 15:30:00+00:00,1.6199,hold,hold,default_hold,hold,execute_default_hold,0,False,0.0,0.0,0.0
2025-04-23 15:45:00+00:00,1.6399,hold,hold,default_hold,hold,execute_default_hold,0,False,0.0,0.0,0.0
2025-04-23 16:00:00+00:00,1.6201,hold,hold,default_hold,hold,execute_default_hold,0,False,0.0,0.0,0.0
2025-04-23 16:15:00+00:00,1.6301,hold,hold,default_hold,hold,execute_default_hold,0,False,0.0,0.0,0.0
2025-04-23 16:30:00+00:00,1.6348,hold,hold,default_hold,hold,execute_default_hold,0,False,0.0,0.0,0.0
2025-04-23 16:45:00+00:00,1.64,hold,hold,default_hold,hold,execute_default_hold,0,False,0.0,0.0,0.0
2025-04-23 17:00:00+00:00,1.64,hold,hold,default_hold,hold,execute_default_hold,0,False,0.0,0.0,0.0
2025-04-23 17:15:00+00:00,1.635,hold,hold,default_hold,hold,execute_default_hold,0,False,0.0,0.0,0.0
2025-04-23 17:30:00+00:00,1.6544,hold,hold,default_hold,hold,execute_default_hold,0,False,0.0,0.0,0.0
2025-04-23 17:45:00+00:00,1.6257,hold,hold,default_hold,hold,execute_default_hold,0,False,0.0,0.0,0.0
2025-04-23 18:00:00+00:00,1.6531,hold,hold,default_hold,hold,execute_default_hold,0,False,0.0,0.0,0.0
2025-04-23 18:15:00+00:00,1.645,hold,hold,default_hold,hold,execute_default_hold,0,False,0.0,0.0,0.0
2025-04-23 18:30:00+00:00,1.64,hold,hold,default_hold,hold,execute_default_hold,0,False,0.0,0.0,0.0
2025-04-23 18:45:00+00:00,1.645,hold,hold,default_hold,hold,execute_default_hold,0,False,0.0,0.0,0.0
2025-04-23 19:00:00+00:00,1.6491,buy,buy,trend_buy,buy,weak_trend_limited_buy,50,False,0.0,0.0,0.0
2025-04-23 19:15:00+00:00,1.64,hold,hold,default_hold,hold,execute_default_hold,0,False,0.0,0.0,0.0
2025-04-23 19:30:00+00:00,1.625,hold,hold,default_hold,hold,execute_default_hold,0,False,0.0,0.0,0.0
2025-04-23 19:45:00+00:00,1.615,hold,hold,default_hold,hold,execute_default_hold,0,False,0.0,0.0,0.0
2025-04-23 20:00:00+00:00,1.6071,hold,hold,default_hold,hold,execute_default_hold,0,False,0.0,0.0,0.0
2025-04-24 13:30:00+00:00,1.625,reduce,hold,no_position,hold,execute_no_position,0,False,0.0,0.0,0.0
2025-04-24 13:45:00+00:00,1.645,hold,hold,default_hold,hold,execute_default_hold,0,False,0.0,0.0,0.0
2025-04-24 14:00:00+00:00,1.59,hold,hold,default_hold,hold,execute_default_hold,0,False,0.0,0.0,0.0
2025-04-24 14:15:00+00:00,1.555,hold,hold,default_hold,hold,execute_default_hold,0,False,0.0,0.0,0.0
2025-04-24 14:30:00+00:00,1.575,hold,hold,default_hold,hold,execute_default_hold,0,False,0.0,0.0,0.0
2025-04-24 14:45:00+00:00,1.565,hold,hold,default_hold,hold,execute_default_hold,0,False,0.0,0.0,0.0
2025-04-24 15:00:00+00:00,1.625,hold,hold,default_hold,hold,execute_default_hold,0,False,0.0,0.0,0.0
2025-04-24 15:15:00+00:00,1.635,hold,hold,default_hold,hold,execute_default_hold,0,False,0.0,0.0,0.0
2025-04-24 15:30:00+00:00,1.585,hold,hold,default_hold,hold,execute_default_hold,0,False,0.0,0.0,0.0
2025-04-24 15:45:00+00:00,1.605,hold,hold,default_hold,hold,execute_default_hold,0,False,0.0,0.0,0.0
2025-04-24 16:00:00+00:00,1.615,hold,hold,default_hold,hold,execute_default_hold,0,False,0.0,0.0,0.0
2025-04-24 16:15:00+00:00,1.605,hold,hold,default_hold,hold,execute_default_hold,0,False,0.0,0.0,0.0
2025-04-24 16:30:00+00:00,1.591,hold,hold,default_hold,hold,execute_default_hold,0,False,0.0,0.0,0.0
2025-04-24 16:45:00+00:00,1.6,hold,hold,default_hold,hold,execute_default_hold,0,False,0.0,0.0,0.0
2025-04-24 17:00:00+00:00,1.61,hold,hold,default_hold,hold,execute_default_hold,0,False,0.0,0.0,0.0
2025-04-24 17:15:00+00:00,1.635,buy,buy,trend_buy,buy,weak_trend_limited_buy,50,False,0.0,0.0,0.0
2025-04-24 17:30:00+00:00,1.62,hold,hold,default_hold,hold,execute_default_hold,0,False,0.0,0.0,0.0
2025-04-24 17:45:00+00:00,1.5935,hold,hold,default_hold,hold,execute_default_hold,0,False,0.0,0.0,0.0
2025-04-24 18:00:00+00:00,1.595,hold,hold,default_hold,hold,execute_default_hold,0,False,0.0,0.0,0.0
2025-04-24 18:15:00+00:00,1.58,hold,hold,default_hold,hold,execute_default_hold,0,False,0.0,0.0,0.0
2025-04-24 18:30:00+00:00,1.5991,hold,hold,default_hold,hold,execute_default_hold,0,False,0.0,0.0,0.0
2025-04-24 18:45:00+00:00,1.575,hold,hold,default_hold,hold,execute_default_hold,0,False,0.0,0.0,0.0
2025-04-24 19:00:00+00:00,1.585,hold,hold,default_hold,hold,execute_default_hold,0,False,0.0,0.0,0.0
2025-04-24 19:15:00+00:00,1.635,hold,hold,default_hold,hold,execute_default_hold,0,False,0.0,0.0,0.0
2025-04-24 19:30:00+00:00,1.67,hold,hold,default_hold,hold,execute_default_hold,0,False,0.0,0.0,0.0
2025-04-24 19:45:00+00:00,1.6896,hold,hold,default_hold,hold,execute_default_hold,0,False,0.0,0.0,0.0
2025-04-24 20:00:00+00:00,1.675,hold,hold,default_hold,hold,execute_default_hold,0,False,0.0,0.0,0.0
2025-04-25 13:30:00+00:00,1.6194,hold,hold,default_hold,hold,execute_default_hold,0,False,0.0,0.0,0.0
2025-04-25 13:45:00+00:00,1.655,hold,hold,default_hold,hold,execute_default_hold,0,False,0.0,0.0,0.0
2025-04-25 14:00:00+00:00,1.58,hold,hold,default_hold,hold,execute_default_hold,0,False,0.0,0.0,0.0
2025-04-25 14:15:00+00:00,1.6094,hold,hold,default_hold,hold,execute_default_hold,0,False,0.0,0.0,0.0
2025-04-25 14:30:00+00:00,1.5601,reduce,hold,no_position,hold,execute_no_position,0,False,0.0,0.0,0.0
2025-04-25 14:45:00+00:00,1.535,hold,hold,default_hold,hold,execute_default_hold,0,False,0.0,0.0,0.0
2025-04-25 15:00:00+00:00,1.535,hold,hold,default_hold,hold,execute_default_hold,0,False,0.0,0.0,0.0
2025-04-25 15:15:00+00:00,1.535,hold,hold,default_hold,hold,execute_default_hold,0,False,0.0,0.0,0.0
2025-04-25 15:30:00+00:00,1.531,hold,hold,default_hold,hold,execute_default_hold,0,False,0.0,0.0,0.0
2025-04-25 15:45:00+00:00,1.54,hold,hold,default_hold,hold,execute_default_hold,0,False,0.0,0.0,0.0
2025-04-25 16:00:00+00:00,1.5391,hold,hold,default_hold,hold,execute_default_hold,0,False,0.0,0.0,0.0
2025-04-25 16:15:00+00:00,1.5497,hold,hold,default_hold,hold,execute_default_hold,0,False,0.0,0.0,0.0
2025-04-25 16:30:00+00:00,1.555,hold,hold,default_hold,hold,execute_default_hold,0,False,0.0,0.0,0.0
2025-04-25 16:45:00+00:00,1.5406,hold,hold,default_hold,hold,execute_default_hold,0,False,0.0,0.0,0.0
2025-04-25 17:00:00+00:00,1.545,hold,hold,default_hold,hold,execute_default_hold,0,False,0.0,0.0,0.0
2025-04-25 17:15:00+00:00,1.555,hold,hold,default_hold,hold,execute_default_hold,0,False,0.0,0.0,0.0
2025-04-25 17:30:00+00:00,1.535,hold,hold,default_hold,hold,execute_default_hold,0,False,0.0,0.0,0.0
2025-04-25 17:45:00+00:00,1.5264,hold,hold,default_hold,hold,execute_default_hold,0,False,0.0,0.0,0.0
2025-04-25 18:00:00+00:00,1.5395,hold,hold,default_hold,hold,execute_default_hold,0,False,0.0,0.0,0.0
2025-04-25 18:15:00+00:00,1.5487,hold,hold,default_hold,hold,execute_default_hold,0,False,0.0,0.0,0.0
2025-04-25 18:30:00+00:00,1.5548,hold,hold,default_hold,hold,execute_default_hold,0,False,0.0,0.0,0.0
2025-04-25 18:45:00+00:00,1.555,hold,hold,default_hold,hold,execute_default_hold,0,False,0.0,0.0,0.0
2025-04-25 19:00:00+00:00,1.575,hold,hold,default_hold,hold,execute_default_hold,0,False,0.0,0.0,0.0
2025-04-25 19:15:00+00:00,1.5693,buy,buy,trend_buy,buy,weak_trend_limited_buy,50,False,0.0,0.0,0.0
2025-04-25 19:30:00+00:00,1.56,hold,hold,default_hold,hold,execute_default_hold,0,False,0.0,0.0,0.0
2025-04-25 19:45:00+00:00,1.555,hold,hold,default_hold,hold,execute_default_hold,0,False,0.0,0.0,0.0
2025-04-25 20:00:00+00:00,1.5599,hold,hold,default_hold,hold,execute_default_hold,0,False,0.0,0.0,0.0
2025-04-28 13:30:00+00:00,1.565,hold,hold,default_hold,hold,execute_default_hold,0,False,0.0,0.0,0.0
2025-04-28 13:45:00+00:00,1.5,reduce,hold,no_position,hold,execute_no_position,0,False,0.0,0.0,0.0
2025-04-28 14:00:00+00:00,1.4794,hold,hold,default_hold,hold,execute_default_hold,0,False,0.0,0.0,0.0
2025-04-28 14:15:00+00:00,1.465,hold,hold,default_hold,hold,execute_default_hold,0,False,0.0,0.0,0.0
2025-04-28 14:30:00+00:00,1.475,hold,hold,default_hold,hold,execute_default_hold,0,False,0.0,0.0,0.0
2025-04-28 14:45:00+00:00,1.4891,hold,hold,default_hold,hold,execute_default_hold,0,False,0.0,0.0,0.0
2025-04-28 15:00:00+00:00,1.47,hold,hold,default_hold,hold,execute_default_hold,0,False,0.0,0.0,0.0
2025-04-28 15:15:00+00:00,1.44,hold,hold,default_hold,hold,execute_default_hold,0,False,0.0,0.0,0.0
2025-04-28 15:30:00+00:00,1.399,hold,hold,default_hold,hold,execute_default_hold,0,False,0.0,0.0,0.0
2025-04-28 15:45:00+00:00,1.405,hold,hold,default_hold,hold,execute_default_hold,0,False,0.0,0.0,0.0
2025-04-28 16:00:00+00:00,1.4099,hold,hold,default_hold,hold,execute_default_hold,0,False,0.0,0.0,0.0
2025-04-28 16:15:00+00:00,1.39,hold,hold,default_hold,hold,execute_default_hold,0,False,0.0,0.0,0.0
2025-04-28 16:30:00+00:00,1.395,hold,hold,default_hold,hold,execute_default_hold,0,False,0.0,0.0,0.0
2025-04-28 16:45:00+00:00,1.395,hold,hold,default_hold,hold,execute_default_hold,0,False,0.0,0.0,0.0
2025-04-28 17:00:00+00:00,1.395,hold,hold,default_hold,hold,execute_default_hold,0,False,0.0,0.0,0.0
2025-04-28 17:15:00+00:00,1.395,hold,hold,default_hold,hold,execute_default_hold,0,False,0.0,0.0,0.0
2025-04-28 17:30:00+00:00,1.385,hold,hold,default_hold,hold,execute_default_hold,0,False,0.0,0.0,0.0
2025-04-28 17:45:00+00:00,1.375,hold,hold,default_hold,hold,execute_default_hold,0,False,0.0,0.0,0.0
2025-04-28 18:00:00+00:00,1.365,hold,hold,default_hold,hold,execute_default_hold,0,False,0.0,0.0,0.0
2025-04-28 18:15:00+00:00,1.355,hold,hold,default_hold,hold,execute_default_hold,0,False,0.0,0.0,0.0
2025-04-28 18:30:00+00:00,1.36,hold,hold,default_hold,hold,execute_default_hold,0,False,0.0,0.0,0.0
2025-04-28 18:45:00+00:00,1.3569,hold,hold,default_hold,hold,execute_default_hold,0,False,0.0,0.0,0.0
2025-04-28 19:00:00+00:00,1.355,hold,hold,default_hold,hold,execute_default_hold,0,False,0.0,0.0,0.0
2025-04-28 19:15:00+00:00,1.355,hold,hold,default_hold,hold,execute_default_hold,0,False,0.0,0.0,0.0
2025-04-28 19:30:00+00:00,1.37,hold,hold,default_hold,hold,execute_default_hold,0,False,0.0,0.0,0.0
2025-04-28 19:45:00+00:00,1.3752,hold,hold,default_hold,hold,execute_default_hold,0,False,0.0,0.0,0.0
2025-04-28 20:00:00+00:00,1.37,hold,hold,default_hold,hold,execute_default_hold,0,False,0.0,0.0,0.0
2025-04-29 13:30:00+00:00,1.38,hold,hold,default_hold,hold,execute_default_hold,0,False,0.0,0.0,0.0
2025-04-29 13:45:00+00:00,1.445,hold,hold,default_hold,hold,execute_default_hold,0,False,0.0,0.0,0.0
2025-04-29 14:00:00+00:00,1.405,hold,hold,default_hold,hold,execute_default_hold,0,False,0.0,0.0,0.0
2025-04-29 14:15:00+00:00,1.445,buy,buy,trend_buy,buy,execute_trend_buy,100,False,0.0,0.0,0.0
2025-04-29 14:30:00+00:00,1.4205,hold,hold,default_hold,hold,execute_default_hold,0,False,0.0,0.0,0.0
2025-04-29 14:45:00+00:00,1.445,hold,hold,default_hold,hold,execute_default_hold,0,False,0.0,0.0,0.0
2025-04-29 15:00:00+00:00,1.4436,hold,hold,default_hold,hold,execute_default_hold,0,False,0.0,0.0,0.0
2025-04-29 15:15:00+00:00,1.4401,hold,hold,default_hold,hold,execute_default_hold,0,False,0.0,0.0,0.0
2025-04-29 15:30:00+00:00,1.445,hold,hold,default_hold,hold,execute_default_hold,0,False,0.0,0.0,0.0
2025-04-29 15:45:00+00:00,1.49,hold,hold,default_hold,hold,execute_default_hold,0,False,0.0,0.0,0.0
2025-04-29 16:00:00+00:00,1.485,hold,hold,default_hold,hold,execute_default_hold,0,False,0.0,0.0,0.0
2025-04-29 16:15:00+00:00,1.495,hold,hold,default_hold,hold,execute_default_hold,0,False,0.0,0.0,0.0
2025-04-29 16:30:00+00:00,1.4605,hold,hold,default_hold,hold,execute_default_hold,0,False,0.0,0.0,0.0
2025-04-29 16:45:00+00:00,1.48,hold,hold,default_hold,hold,execute_default_hold,0,False,0.0,0.0,0.0
2025-04-29 17:00:00+00:00,1.47,hold,hold,default_hold,hold,execute_default_hold,0,False,0.0,0.0,0.0
2025-04-29 17:15:00+00:00,1.4935,hold,hold,default_hold,hold,execute_default_hold,0,False,0.0,0.0,0.0
2025-04-29 17:30:00+00:00,1.5081,hold,hold,default_hold,hold,execute_default_hold,0,False,0.0,0.0,0.0
2025-04-29 17:45:00+00:00,1.501,hold,hold,default_hold,hold,execute_default_hold,0,False,0.0,0.0,0.0
2025-04-29 18:00:00+00:00,1.4635,hold,hold,default_hold,hold,execute_default_hold,0,False,0.0,0.0,0.0
2025-04-29 18:15:00+00:00,1.485,reduce,hold,no_position,hold,execute_no_position,0,False,0.0,0.0,0.0
2025-04-29 18:30:00+00:00,1.465,hold,hold,default_hold,hold,execute_default_hold,0,False,0.0,0.0,0.0
2025-04-29 18:45:00+00:00,1.43,hold,hold,default_hold,hold,execute_default_hold,0,False,0.0,0.0,0.0
2025-04-29 19:00:00+00:00,1.42,hold,hold,default_hold,hold,execute_default_hold,0,False,0.0,0.0,0.0
2025-04-29 19:15:00+00:00,1.425,hold,hold,default_hold,hold,execute_default_hold,0,False,0.0,0.0,0.0
2025-04-29 19:30:00+00:00,1.445,hold,hold,default_hold,hold,execute_default_hold,0,False,0.0,0.0,0.0
2025-04-29 19:45:00+00:00,1.44,hold,hold,default_hold,hold,execute_default_hold,0,False,0.0,0.0,0.0
2025-04-29 20:00:00+00:00,1.44,hold,hold,default_hold,hold,execute_default_hold,0,False,0.0,0.0,0.0
2025-04-30 13:30:00+00:00,1.41,hold,hold,default_hold,hold,execute_default_hold,0,False,0.0,0.0,0.0
2025-04-30 13:45:00+00:00,1.42,hold,hold,default_hold,hold,execute_default_hold,0,False,0.0,0.0,0.0
2025-04-30 14:00:00+00:00,1.49,hold,hold,default_hold,hold,execute_default_hold,0,False,0.0,0.0,0.0
2025-04-30 14:15:00+00:00,1.5334,hold,hold,default_hold,hold,execute_default_hold,0,False,0.0,0.0,0.0
2025-04-30 14:30:00+00:00,1.5911,hold,hold,default_hold,hold,execute_default_hold,0,False,0.0,0.0,0.0
2025-04-30 14:45:00+00:00,1.6,buy,buy,trend_buy,buy,execute_trend_buy,100,False,0.0,0.0,0.0
2025-04-30 15:00:00+00:00,1.6,hold,hold,default_hold,hold,execute_default_hold,0,False,0.0,0.0,0.0
2025-04-30 15:15:00+00:00,1.6099,hold,hold,default_hold,hold,execute_default_hold,0,False,0.0,0.0,0.0
2025-04-30 15:30:00+00:00,1.6032,hold,hold,default_hold,hold,execute_default_hold,0,False,0.0,0.0,0.0
2025-04-30 15:45:00+00:00,1.61,hold,hold,default_hold,hold,execute_default_hold,0,False,0.0,0.0,0.0
2025-04-30 16:00:00+00:00,1.6006,hold,hold,default_hold,hold,execute_default_hold,0,False,0.0,0.0,0.0
2025-04-30 16:15:00+00:00,1.6,hold,hold,default_hold,hold,execute_default_hold,0,False,0.0,0.0,0.0
2025-04-30 16:30:00+00:00,1.59,hold,hold,default_hold,hold,execute_default_hold,0,False,0.0,0.0,0.0
2025-04-30 16:45:00+00:00,1.6,hold,hold,default_hold,hold,execute_default_hold,0,False,0.0,0.0,0.0
2025-04-30 17:00:00+00:00,1.6096,hold,hold,default_hold,hold,execute_default_hold,0,False,0.0,0.0,0.0
2025-04-30 17:15:00+00:00,1.6,hold,hold,default_hold,hold,execute_default_hold,0,False,0.0,0.0,0.0
2025-04-30 17:30:00+00:00,1.5994,hold,hold,default_hold,hold,execute_default_hold,0,False,0.0,0.0,0.0
2025-04-30 17:45:00+00:00,1.64,hold,hold,default_hold,hold,execute_default_hold,0,False,0.0,0.0,0.0
2025-04-30 18:00:00+00:00,1.6,reduce,hold,no_position,hold,execute_no_position,0,False,0.0,0.0,0.0
2025-04-30 18:15:00+00:00,1.6,hold,hold,default_hold,hold,execute_default_hold,0,False,0.0,0.0,0.0
2025-04-30 18:30:00+00:00,1.6,hold,hold,default_hold,hold,execute_default_hold,0,False,0.0,0.0,0.0
2025-04-30 18:45:00+00:00,1.6,hold,hold,default_hold,hold,execute_default_hold,0,False,0.0,0.0,0.0
2025-04-30 19:00:00+00:00,1.6,hold,hold,default_hold,hold,execute_default_hold,0,False,0.0,0.0,0.0
2025-04-30 19:15:00+00:00,1.6,hold,hold,default_hold,hold,execute_default_hold,0,False,0.0,0.0,0.0
2025-04-30 19:30:00+00:00,1.6,hold,hold,default_hold,hold,execute_default_hold,0,False,0.0,0.0,0.0
2025-04-30 19:45:00+00:00,1.6005,hold,hold,default_hold,hold,execute_default_hold,0,False,0.0,0.0,0.0
2025-04-30 20:00:00+00:00,1.6034,hold,hold,default_hold,hold,execute_default_hold,0,False,0.0,0.0,0.0
2025-05-01 13:30:00+00:00,1.55,hold,hold,default_hold,hold,execute_default_hold,0,False,0.0,0.0,0.0
2025-05-01 13:45:00+00:00,1.5999,hold,hold,default_hold,hold,execute_default_hold,0,False,0.0,0.0,0.0
2025-05-01 14:00:00+00:00,1.54,hold,hold,default_hold,hold,execute_default_hold,0,False,0.0,0.0,0.0
2025-05-01 14:15:00+00:00,1.535,hold,hold,default_hold,hold,execute_default_hold,0,False,0.0,0.0,0.0
2025-05-01 14:30:00+00:00,1.565,hold,hold,default_hold,hold,execute_default_hold,0,False,0.0,0.0,0.0
2025-05-01 14:45:00+00:00,1.575,hold,hold,default_hold,hold,execute_default_hold,0,False,0.0,0.0,0.0
2025-05-01 15:00:00+00:00,1.605,hold,hold,default_hold,hold,execute_default_hold,0,False,0.0,0.0,0.0
2025-05-01 15:15:00+00:00,1.595,hold,hold,default_hold,hold,execute_default_hold,0,False,0.0,0.0,0.0
2025-05-01 15:30:00+00:00,1.6091,hold,hold,default_hold,hold,execute_default_hold,0,False,0.0,0.0,0.0
2025-05-01 15:45:00+00:00,1.6009,hold,hold,default_hold,hold,execute_default_hold,0,False,0.0,0.0,0.0
2025-05-01 16:00:00+00:00,1.59,hold,hold,default_hold,hold,execute_default_hold,0,False,0.0,0.0,0.0
2025-05-01 16:15:00+00:00,1.6,hold,hold,default_hold,hold,execute_default_hold,0,False,0.0,0.0,0.0
2025-05-01 16:30:00+00:00,1.595,hold,hold,default_hold,hold,execute_default_hold,0,False,0.0,0.0,0.0
2025-05-01 16:45:00+00:00,1.595,buy,buy,trend_buy,buy,weak_trend_limited_buy,50,False,0.0,0.0,0.0
2025-05-01 17:00:00+00:00,1.5903,hold,hold,default_hold,hold,execute_default_hold,0,False,0.0,0.0,0.0
2025-05-01 17:15:00+00:00,1.595,hold,hold,default_hold,hold,execute_default_hold,0,False,0.0,0.0,0.0
2025-05-01 17:30:00+00:00,1.58,hold,hold,default_hold,hold,execute_default_hold,0,False,0.0,0.0,0.0
2025-05-01 17:45:00+00:00,1.59,hold,hold,default_hold,hold,execute_default_hold,0,False,0.0,0.0,0.0
2025-05-01 18:00:00+00:00,1.59,hold,hold,default_hold,hold,execute_default_hold,0,False,0.0,0.0,0.0
2025-05-01 18:15:00+00:00,1.585,hold,hold,default_hold,hold,execute_default_hold,0,False,0.0,0.0,0.0
2025-05-01 18:30:00+00:00,1.5808,hold,hold,default_hold,hold,execute_default_hold,0,False,0.0,0.0,0.0
2025-05-01 18:45:00+00:00,1.54,hold,hold,default_hold,hold,execute_default_hold,0,False,0.0,0.0,0.0
2025-05-01 19:00:00+00:00,1.5445,hold,hold,default_hold,hold,execute_default_hold,0,False,0.0,0.0,0.0
2025-05-01 19:15:00+00:00,1.5494,hold,hold,default_hold,hold,execute_default_hold,0,False,0.0,0.0,0.0
2025-05-01 19:30:00+00:00,1.565,hold,hold,default_hold,hold,execute_default_hold,0,False,0.0,0.0,0.0
2025-05-01 19:45:00+00:00,1.5645,reduce,hold,no_position,hold,execute_no_position,0,False,0.0,0.0,0.0
2025-05-01 20:00:00+00:00,1.545,hold,hold,default_hold,hold,execute_default_hold,0,False,0.0,0.0,0.0
2025-05-02 13:30:00+00:00,1.55,hold,hold,default_hold,hold,execute_default_hold,0,False,0.0,0.0,0.0
2025-05-02 13:45:00+00:00,1.5455,hold,hold,default_hold,hold,execute_default_hold,0,False,0.0,0.0,0.0
2025-05-02 14:00:00+00:00,1.54,hold,hold,default_hold,hold,execute_default_hold,0,False,0.0,0.0,0.0
2025-05-02 14:15:00+00:00,1.55,hold,hold,default_hold,hold,execute_default_hold,0,False,0.0,0.0,0.0
2025-05-02 14:30:00+00:00,1.555,hold,hold,default_hold,hold,execute_default_hold,0,False,0.0,0.0,0.0
2025-05-02 14:45:00+00:00,1.595,hold,hold,default_hold,hold,execute_default_hold,0,False,0.0,0.0,0.0
2025-05-02 15:00:00+00:00,1.6,hold,hold,default_hold,hold,execute_default_hold,0,False,0.0,0.0,0.0
2025-05-02 15:15:00+00:00,1.645,hold,hold,default_hold,hold,execute_default_hold,0,False,0.0,0.0,0.0
2025-05-02 15:30:00+00:00,1.625,buy,buy,trend_buy,buy,execute_trend_buy,100,False,0.0,0.0,0.0
2025-05-02 15:45:00+00:00,1.615,hold,hold,default_hold,hold,execute_default_hold,0,False,0.0,0.0,0.0
2025-05-02 16:00:00+00:00,1.615,hold,hold,default_hold,hold,execute_default_hold,0,False,0.0,0.0,0.0
2025-05-02 16:15:00+00:00,1.62,hold,hold,default_hold,hold,execute_default_hold,0,False,0.0,0.0,0.0
2025-05-02 16:30:00+00:00,1.63,hold,hold,default_hold,hold,execute_default_hold,0,False,0.0,0.0,0.0
2025-05-02 16:45:00+00:00,1.675,hold,hold,default_hold,hold,execute_default_hold,0,False,0.0,0.0,0.0
2025-05-02 17:00:00+00:00,1.66,hold,hold,default_hold,hold,execute_default_hold,0,False,0.0,0.0,0.0
2025-05-02 17:15:00+00:00,1.6698,hold,hold,default_hold,hold,execute_default_hold,0,False,0.0,0.0,0.0
2025-05-02 17:30:00+00:00,1.65,hold,hold,default_hold,hold,execute_default_hold,0,False,0.0,0.0,0.0
2025-05-02 17:45:00+00:00,1.6647,hold,hold,default_hold,hold,execute_default_hold,0,False,0.0,0.0,0.0
2025-05-02 18:00:00+00:00,1.675,hold,hold,default_hold,hold,execute_default_hold,0,False,0.0,0.0,0.0
2025-05-02 18:15:00+00:00,1.67,hold,hold,default_hold,hold,execute_default_hold,0,False,0.0,0.0,0.0
2025-05-02 18:30:00+00:00,1.7095,hold,hold,default_hold,hold,execute_default_hold,0,False,0.0,0.0,0.0
2025-05-02 18:45:00+00:00,1.7104,hold,hold,default_hold,hold,execute_default_hold,0,False,0.0,0.0,0.0
2025-05-02 19:00:00+00:00,1.685,hold,hold,default_hold,hold,execute_default_hold,0,False,0.0,0.0,0.0
2025-05-02 19:15:00+00:00,1.6807,hold,hold,default_hold,hold,execute_default_hold,0,False,0.0,0.0,0.0
2025-05-02 19:30:00+00:00,1.68,hold,hold,default_hold,hold,execute_default_hold,0,False,0.0,0.0,0.0
2025-05-02 19:45:00+00:00,1.665,reduce,hold,no_position,hold,execute_no_position,0,False,0.0,0.0,0.0
2025-05-02 20:00:00+00:00,1.68,hold,hold,default_hold,hold,execute_default_hold,0,False,0.0,0.0,0.0
2025-05-05 13:30:00+00:00,1.68,buy,buy,trend_buy,buy,execute_trend_buy,100,False,0.0,0.0,0.0
2025-05-05 13:45:00+00:00,1.7649,hold,hold,default_hold,hold,execute_default_hold,0,False,0.0,0.0,0.0
2025-05-05 14:00:00+00:00,1.7893,hold,hold,default_hold,hold,execute_default_hold,0,False,0.0,0.0,0.0
2025-05-05 14:15:00+00:00,1.855,hold,hold,default_hold,hold,execute_default_hold,0,False,0.0,0.0,0.0
2025-05-05 14:30:00+00:00,1.8301,hold,hold,default_hold,hold,execute_default_hold,0,False,0.0,0.0,0.0
2025-05-05 14:45:00+00:00,1.87,hold,hold,default_hold,hold,execute_default_hold,0,False,0.0,0.0,0.0
2025-05-05 15:00:00+00:00,1.875,hold,hold,default_hold,hold,execute_default_hold,0,False,0.0,0.0,0.0
2025-05-05 15:15:00+00:00,1.865,hold,hold,default_hold,hold,execute_default_hold,0,False,0.0,0.0,0.0
2025-05-05 15:30:00+00:00,1.83,hold,hold,default_hold,hold,execute_default_hold,0,False,0.0,0.0,0.0
2025-05-05 15:45:00+00:00,1.9027,hold,hold,default_hold,hold,execute_default_hold,0,False,0.0,0.0,0.0
2025-05-05 16:00:00+00:00,1.96,hold,hold,default_hold,hold,execute_default_hold,0,False,0.0,0.0,0.0
2025-05-05 16:15:00+00:00,1.95,hold,hold,default_hold,hold,execute_default_hold,0,False,0.0,0.0,0.0
2025-05-05 16:30:00+00:00,1.9509,hold,hold,default_hold,hold,execute_default_hold,0,False,0.0,0.0,0.0
2025-05-05 16:45:00+00:00,1.9693,hold,hold,default_hold,hold,execute_default_hold,0,False,0.0,0.0,0.0
2025-05-05 17:00:00+00:00,1.93,hold,hold,default_hold,hold,execute_default_hold,0,False,0.0,0.0,0.0
2025-05-05 17:15:00+00:00,1.915,hold,hold,default_hold,hold,execute_default_hold,0,False,0.0,0.0,0.0
2025-05-05 17:30:00+00:00,1.89,hold,hold,default_hold,hold,execute_default_hold,0,False,0.0,0.0,0.0
2025-05-05 17:45:00+00:00,1.891,hold,hold,default_hold,hold,execute_default_hold,0,False,0.0,0.0,0.0
2025-05-05 18:00:00+00:00,1.89,hold,hold,default_hold,hold,execute_default_hold,0,False,0.0,0.0,0.0
2025-05-05 18:15:00+00:00,1.885,reduce,hold,no_position,hold,execute_no_position,0,False,0.0,0.0,0.0
2025-05-05 18:30:00+00:00,1.845,hold,hold,default_hold,hold,execute_default_hold,0,False,0.0,0.0,0.0
2025-05-05 18:45:00+00:00,1.79,hold,hold,default_hold,hold,execute_default_hold,0,False,0.0,0.0,0.0
2025-05-05 19:00:00+00:00,1.79,hold,hold,default_hold,hold,execute_default_hold,0,False,0.0,0.0,0.0
2025-05-05 19:15:00+00:00,1.805,hold,hold,default_hold,hold,execute_default_hold,0,False,0.0,0.0,0.0
2025-05-05 19:30:00+00:00,1.8293,hold,hold,default_hold,hold,execute_default_hold,0,False,0.0,0.0,0.0
2025-05-05 19:45:00+00:00,1.835,hold,hold,default_hold,hold,execute_default_hold,0,False,0.0,0.0,0.0
2025-05-05 20:00:00+00:00,1.79,hold,hold,default_hold,hold,execute_default_hold,0,False,0.0,0.0,0.0
2025-05-06 13:30:00+00:00,1.7703,hold,hold,default_hold,hold,execute_default_hold,0,False,0.0,0.0,0.0
2025-05-06 13:45:00+00:00,1.89,hold,hold,default_hold,hold,execute_default_hold,0,False,0.0,0.0,0.0
2025-05-06 14:00:00+00:00,1.9,hold,hold,default_hold,hold,execute_default_hold,0,False,0.0,0.0,0.0
2025-05-06 14:15:00+00:00,1.875,hold,hold,default_hold,hold,execute_default_hold,0,False,0.0,0.0,0.0
2025-05-06 14:30:00+00:00,1.88,hold,hold,default_hold,hold,execute_default_hold,0,False,0.0,0.0,0.0
2025-05-06 14:45:00+00:00,1.8751,hold,hold,default_hold,hold,execute_default_hold,0,False,0.0,0.0,0.0
2025-05-06 15:00:00+00:00,1.86,hold,hold,default_hold,hold,execute_default_hold,0,False,0.0,0.0,0.0
2025-05-06 15:15:00+00:00,1.8593,buy,buy,trend_buy,buy,weak_trend_limited_buy,50,False,0.0,0.0,0.0
2025-05-06 15:30:00+00:00,1.76,hold,hold,default_hold,hold,execute_default_hold,0,False,0.0,0.0,0.0
2025-05-06 15:45:00+00:00,1.745,hold,hold,default_hold,hold,execute_default_hold,0,False,0.0,0.0,0.0
2025-05-06 16:00:00+00:00,1.7299,hold,hold,default_hold,hold,execute_default_hold,0,False,0.0,0.0,0.0
2025-05-06 16:15:00+00:00,1.71,hold,hold,default_hold,hold,execute_default_hold,0,False,0.0,0.0,0.0
2025-05-06 16:30:00+00:00,1.7047,hold,hold,default_hold,hold,execute_default_hold,0,False,0.0,0.0,0.0
2025-05-06 16:45:00+00:00,1.7,hold,hold,default_hold,hold,execute_default_hold,0,False,0.0,0.0,0.0
2025-05-06 17:00:00+00:00,1.65,hold,hold,default_hold,hold,execute_default_hold,0,False,0.0,0.0,0.0
2025-05-06 17:15:00+00:00,1.6352,hold,hold,default_hold,hold,execute_default_hold,0,False,0.0,0.0,0.0
2025-05-06 17:30:00+00:00,1.6592,hold,hold,default_hold,hold,execute_default_hold,0,False,0.0,0.0,0.0
2025-05-06 17:45:00+00:00,1.655,hold,hold,default_hold,hold,execute_default_hold,0,False,0.0,0.0,0.0
2025-05-06 18:00:00+00:00,1.6391,hold,hold,default_hold,hold,execute_default_hold,0,False,0.0,0.0,0.0
2025-05-06 18:15:00+00:00,1.65,reduce,hold,no_position,hold,execute_no_position,0,False,0.0,0.0,0.0
2025-05-06 18:30:00+00:00,1.6564,hold,hold,default_hold,hold,execute_default_hold,0,False,0.0,0.0,0.0
2025-05-06 18:45:00+00:00,1.6455,hold,hold,default_hold,hold,execute_default_hold,0,False,0.0,0.0,0.0
2025-05-06 19:00:00+00:00,1.655,hold,hold,default_hold,hold,execute_default_hold,0,False,0.0,0.0,0.0
2025-05-06 19:15:00+00:00,1.6549,hold,hold,default_hold,hold,execute_default_hold,0,False,0.0,0.0,0.0
2025-05-06 19:30:00+00:00,1.6452,hold,hold,default_hold,hold,execute_default_hold,0,False,0.0,0.0,0.0
2025-05-06 19:45:00+00:00,1.6466,hold,hold,default_hold,hold,execute_default_hold,0,False,0.0,0.0,0.0
2025-05-06 20:00:00+00:00,1.64,hold,hold,default_hold,hold,execute_default_hold,0,False,0.0,0.0,0.0
2025-05-07 13:30:00+00:00,1.6534,hold,hold,default_hold,hold,execute_default_hold,0,False,0.0,0.0,0.0
2025-05-07 13:45:00+00:00,1.66,hold,hold,default_hold,hold,execute_default_hold,0,False,0.0,0.0,0.0
2025-05-07 14:00:00+00:00,1.68,hold,hold,default_hold,hold,execute_default_hold,0,False,0.0,0.0,0.0
2025-05-07 14:15:00+00:00,1.6399,hold,hold,default_hold,hold,execute_default_hold,0,False,0.0,0.0,0.0
2025-05-07 14:30:00+00:00,1.6091,hold,hold,default_hold,hold,execute_default_hold,0,False,0.0,0.0,0.0
2025-05-07 14:45:00+00:00,1.5693,hold,hold,default_hold,hold,execute_default_hold,0,False,0.0,0.0,0.0
2025-05-07 15:00:00+00:00,1.55,hold,hold,default_hold,hold,execute_default_hold,0,False,0.0,0.0,0.0
2025-05-07 15:15:00+00:00,1.5494,hold,hold,default_hold,hold,execute_default_hold,0,False,0.0,0.0,0.0
2025-05-07 15:30:00+00:00,1.555,hold,hold,default_hold,hold,execute_default_hold,0,False,0.0,0.0,0.0
2025-05-07 15:45:00+00:00,1.58,hold,hold,default_hold,hold,execute_default_hold,0,False,0.0,0.0,0.0
2025-05-07 16:00:00+00:00,1.575,hold,hold,default_hold,hold,execute_default_hold,0,False,0.0,0.0,0.0
2025-05-07 16:15:00+00:00,1.6,hold,hold,default_hold,hold,execute_default_hold,0,False,0.0,0.0,0.0
2025-05-07 16:30:00+00:00,1.5705,hold,hold,default_hold,hold,execute_default_hold,0,False,0.0,0.0,0.0
2025-05-07 16:45:00+00:00,1.5794,hold,hold,default_hold,hold,execute_default_hold,0,False,0.0,0.0,0.0
2025-05-07 17:00:00+00:00,1.585,hold,hold,default_hold,hold,execute_default_hold,0,False,0.0,0.0,0.0
2025-05-07 17:15:00+00:00,1.5894,hold,hold,default_hold,hold,execute_default_hold,0,False,0.0,0.0,0.0
2025-05-07 17:30:00+00:00,1.5891,hold,hold,default_hold,hold,execute_default_hold,0,False,0.0,0.0,0.0
2025-05-07 17:45:00+00:00,1.5702,hold,hold,default_hold,hold,execute_default_hold,0,False,0.0,0.0,0.0
2025-05-07 18:00:00+00:00,1.57,hold,hold,default_hold,hold,execute_default_hold,0,False,0.0,0.0,0.0
2025-05-07 18:15:00+00:00,1.565,hold,hold,default_hold,hold,execute_default_hold,0,False,0.0,0.0,0.0
2025-05-07 18:30:00+00:00,1.5694,hold,hold,default_hold,hold,execute_default_hold,0,False,0.0,0.0,0.0
2025-05-07 18:45:00+00:00,1.565,hold,hold,default_hold,hold,execute_default_hold,0,False,0.0,0.0,0.0
2025-05-07 19:00:00+00:00,1.56,hold,hold,default_hold,hold,execute_default_hold,0,False,0.0,0.0,0.0
2025-05-07 19:15:00+00:00,1.565,hold,hold,default_hold,hold,execute_default_hold,0,False,0.0,0.0,0.0
2025-05-07 19:30:00+00:00,1.565,hold,hold,default_hold,hold,execute_default_hold,0,False,0.0,0.0,0.0
2025-05-07 19:45:00+00:00,1.5601,hold,hold,default_hold,hold,execute_default_hold,0,False,0.0,0.0,0.0
2025-05-07 20:00:00+00:00,1.565,hold,hold,default_hold,hold,execute_default_hold,0,False,0.0,0.0,0.0
2025-05-08 13:30:00+00:00,1.53,hold,hold,default_hold,hold,execute_default_hold,0,False,0.0,0.0,0.0
2025-05-08 13:45:00+00:00,1.52,hold,hold,default_hold,hold,execute_default_hold,0,False,0.0,0.0,0.0
2025-05-08 14:00:00+00:00,1.515,hold,hold,default_hold,hold,execute_default_hold,0,False,0.0,0.0,0.0
2025-05-08 14:15:00+00:00,1.5,hold,hold,default_hold,hold,execute_default_hold,0,False,0.0,0.0,0.0
2025-05-08 14:30:00+00:00,1.51,hold,hold,default_hold,hold,execute_default_hold,0,False,0.0,0.0,0.0
2025-05-08 14:45:00+00:00,1.515,hold,hold,default_hold,hold,execute_default_hold,0,False,0.0,0.0,0.0
2025-05-08 15:00:00+00:00,1.515,hold,hold,default_hold,hold,execute_default_hold,0,False,0.0,0.0,0.0
2025-05-08 15:15:00+00:00,1.551,hold,hold,default_hold,hold,execute_default_hold,0,False,0.0,0.0,0.0
2025-05-08 15:30:00+00:00,1.585,hold,hold,default_hold,hold,execute_default_hold,0,False,0.0,0.0,0.0
2025-05-08 15:45:00+00:00,1.625,hold,hold,default_hold,hold,execute_default_hold,0,False,0.0,0.0,0.0
2025-05-08 16:00:00+00:00,1.59,hold,hold,default_hold,hold,execute_default_hold,0,False,0.0,0.0,0.0
2025-05-08 16:15:00+00:00,1.585,hold,hold,default_hold,hold,execute_default_hold,0,False,0.0,0.0,0.0
2025-05-08 16:30:00+00:00,1.565,buy,buy,trend_buy,buy,execute_trend_buy,100,False,0.0,0.0,0.0
2025-05-08 16:45:00+00:00,1.57,hold,hold,default_hold,hold,execute_default_hold,0,False,0.0,0.0,0.0
2025-05-08 17:00:00+00:00,1.57,hold,hold,default_hold,hold,execute_default_hold,0,False,0.0,0.0,0.0
2025-05-08 17:15:00+00:00,1.57,hold,hold,default_hold,hold,execute_default_hold,0,False,0.0,0.0,0.0
2025-05-08 17:30:00+00:00,1.57,hold,hold,default_hold,hold,execute_default_hold,0,False,0.0,0.0,0.0
2025-05-08 17:45:00+00:00,1.5601,hold,hold,default_hold,hold,execute_default_hold,0,False,0.0,0.0,0.0
2025-05-08 18:00:00+00:00,1.5567,hold,hold,default_hold,hold,execute_default_hold,0,False,0.0,0.0,0.0
2025-05-08 18:15:00+00:00,1.5666,hold,hold,default_hold,hold,execute_default_hold,0,False,0.0,0.0,0.0
2025-05-08 18:30:00+00:00,1.5601,hold,hold,default_hold,hold,execute_default_hold,0,False,0.0,0.0,0.0
2025-05-08 18:45:00+00:00,1.565,hold,hold,default_hold,hold,execute_default_hold,0,False,0.0,0.0,0.0
2025-05-08 19:00:00+00:00,1.56,hold,hold,default_hold,hold,execute_default_hold,0,False,0.0,0.0,0.0
2025-05-08 19:15:00+00:00,1.565,hold,hold,default_hold,hold,execute_default_hold,0,False,0.0,0.0,0.0
2025-05-08 19:30:00+00:00,1.545,reduce,hold,no_position,hold,execute_no_position,0,False,0.0,0.0,0.0
2025-05-08 19:45:00+00:00,1.55,hold,hold,default_hold,hold,execute_default_hold,0,False,0.0,0.0,0.0
2025-05-08 20:00:00+00:00,1.55,hold,hold,default_hold,hold,execute_default_hold,0,False,0.0,0.0,0.0
2025-05-09 13:30:00+00:00,1.5899,hold,hold,default_hold,hold,execute_default_hold,0,False,0.0,0.0,0.0
2025-05-09 13:45:00+00:00,1.61,hold,hold,default_hold,hold,execute_default_hold,0,False,0.0,0.0,0.0
2025-05-09 14:00:00+00:00,1.635,buy,buy,trend_buy,buy,execute_trend_buy,100,False,0.0,0.0,0.0
2025-05-09 14:15:00+00:00,1.61,hold,hold,default_hold,hold,execute_default_hold,0,False,0.0,0.0,0.0
2025-05-09 14:30:00+00:00,1.5982,hold,hold,default_hold,hold,execute_default_hold,0,False,0.0,0.0,0.0
2025-05-09 14:45:00+00:00,1.635,hold,hold,default_hold,hold,execute_default_hold,0,False,0.0,0.0,0.0
2025-05-09 15:00:00+00:00,1.695,hold,hold,default_hold,hold,execute_default_hold,0,False,0.0,0.0,0.0
2025-05-09 15:15:00+00:00,1.71,hold,hold,default_hold,hold,execute_default_hold,0,False,0.0,0.0,0.0
2025-05-09 15:30:00+00:00,1.7318,hold,hold,default_hold,hold,execute_default_hold,0,False,0.0,0.0,0.0
2025-05-09 15:45:00+00:00,1.73,hold,hold,default_hold,hold,execute_default_hold,0,False,0.0,0.0,0.0
2025-05-09 16:00:00+00:00,1.71,hold,hold,default_hold,hold,execute_default_hold,0,False,0.0,0.0,0.0
2025-05-09 16:15:00+00:00,1.725,hold,hold,default_hold,hold,execute_default_hold,0,False,0.0,0.0,0.0
2025-05-09 16:30:00+00:00,1.735,hold,hold,default_hold,hold,execute_default_hold,0,False,0.0,0.0,0.0
2025-05-09 16:45:00+00:00,1.705,hold,hold,default_hold,hold,execute_default_hold,0,False,0.0,0.0,0.0
2025-05-09 17:00:00+00:00,1.6802,hold,hold,default_hold,hold,execute_default_hold,0,False,0.0,0.0,0.0
2025-05-09 17:15:00+00:00,1.715,hold,hold,default_hold,hold,execute_default_hold,0,False,0.0,0.0,0.0
2025-05-09 17:30:00+00:00,1.6908,reduce,hold,no_position,hold,execute_no_position,0,False,0.0,0.0,0.0
2025-05-09 17:45:00+00:00,1.745,hold,hold,default_hold,hold,execute_default_hold,0,False,0.0,0.0,0.0
2025-05-09 18:00:00+00:00,1.765,hold,hold,default_hold,hold,execute_default_hold,0,False,0.0,0.0,0.0
2025-05-09 18:15:00+00:00,1.715,hold,hold,default_hold,hold,execute_default_hold,0,False,0.0,0.0,0.0
2025-05-09 18:30:00+00:00,1.702,hold,hold,default_hold,hold,execute_default_hold,0,False,0.0,0.0,0.0
2025-05-09 18:45:00+00:00,1.7152,hold,hold,default_hold,hold,execute_default_hold,0,False,0.0,0.0,0.0
2025-05-09 19:00:00+00:00,1.78,hold,hold,default_hold,hold,execute_default_hold,0,False,0.0,0.0,0.0
2025-05-09 19:15:00+00:00,1.745,hold,hold,default_hold,hold,execute_default_hold,0,False,0.0,0.0,0.0
2025-05-09 19:30:00+00:00,1.75,hold,hold,default_hold,hold,execute_default_hold,0,False,0.0,0.0,0.0
2025-05-09 19:45:00+00:00,1.728,hold,hold,default_hold,hold,execute_default_hold,0,False,0.0,0.0,0.0
2025-05-09 20:00:00+00:00,1.715,hold,hold,default_hold,hold,execute_default_hold,0,False,0.0,0.0,0.0
2025-05-12 13:30:00+00:00,1.6142,hold,hold,default_hold,hold,execute_default_hold,0,False,0.0,0.0,0.0
2025-05-12 13:45:00+00:00,1.6325,hold,hold,default_hold,hold,execute_default_hold,0,False,0.0,0.0,0.0
2025-05-12 14:00:00+00:00,1.6,hold,hold,default_hold,hold,execute_default_hold,0,False,0.0,0.0,0.0
2025-05-12 14:15:00+00:00,1.5895,hold,hold,default_hold,hold,execute_default_hold,0,False,0.0,0.0,0.0
2025-05-12 14:30:00+00:00,1.6147,hold,hold,default_hold,hold,execute_default_hold,0,False,0.0,0.0,0.0
2025-05-12 14:45:00+00:00,1.6001,hold,hold,default_hold,hold,execute_default_hold,0,False,0.0,0.0,0.0
2025-05-12 15:00:00+00:00,1.595,hold,hold,default_hold,hold,execute_default_hold,0,False,0.0,0.0,0.0
2025-05-12 15:15:00+00:00,1.585,hold,hold,default_hold,hold,execute_default_hold,0,False,0.0,0.0,0.0
2025-05-12 15:30:00+00:00,1.575,hold,hold,default_hold,hold,execute_default_hold,0,False,0.0,0.0,0.0
2025-05-12 15:45:00+00:00,1.555,hold,hold,default_hold,hold,execute_default_hold,0,False,0.0,0.0,0.0
2025-05-12 16:00:00+00:00,1.54,hold,hold,default_hold,hold,execute_default_hold,0,False,0.0,0.0,0.0
2025-05-12 16:15:00+00:00,1.565,hold,hold,default_hold,hold,execute_default_hold,0,False,0.0,0.0,0.0
2025-05-12 16:30:00+00:00,1.555,hold,hold,default_hold,hold,execute_default_hold,0,False,0.0,0.0,0.0
2025-05-12 16:45:00+00:00,1.56,hold,hold,default_hold,hold,execute_default_hold,0,False,0.0,0.0,0.0
2025-05-12 17:00:00+00:00,1.5669,hold,hold,default_hold,hold,execute_default_hold,0,False,0.0,0.0,0.0
2025-05-12 17:15:00+00:00,1.5694,hold,hold,default_hold,hold,execute_default_hold,0,False,0.0,0.0,0.0
2025-05-12 17:30:00+00:00,1.5599,hold,hold,default_hold,hold,execute_default_hold,0,False,0.0,0.0,0.0
2025-05-12 17:45:00+00:00,1.585,hold,hold,default_hold,hold,execute_default_hold,0,False,0.0,0.0,0.0
2025-05-12 18:00:00+00:00,1.585,hold,hold,default_hold,hold,execute_default_hold,0,False,0.0,0.0,0.0
2025-05-12 18:15:00+00:00,1.565,hold,hold,default_hold,hold,execute_default_hold,0,False,0.0,0.0,0.0
2025-05-12 18:30:00+00:00,1.5533,hold,hold,default_hold,hold,execute_default_hold,0,False,0.0,0.0,0.0
2025-05-12 18:45:00+00:00,1.5795,hold,hold,default_hold,hold,execute_default_hold,0,False,0.0,0.0,0.0
2025-05-12 19:00:00+00:00,1.575,hold,hold,default_hold,hold,execute_default_hold,0,False,0.0,0.0,0.0
2025-05-12 19:15:00+00:00,1.565,hold,hold,default_hold,hold,execute_default_hold,0,False,0.0,0.0,0.0
2025-05-12 19:30:00+00:00,1.57,buy,buy,trend_buy,buy,weak_trend_limited_buy,50,False,0.0,0.0,0.0
2025-05-12 19:45:00+00:00,1.575,hold,hold,default_hold,hold,execute_default_hold,0,False,0.0,0.0,0.0
2025-05-12 20:00:00+00:00,1.565,hold,hold,default_hold,hold,execute_default_hold,0,False,0.0,0.0,0.0
2025-05-13 13:30:00+00:00,1.56,reduce,hold,no_position,hold,execute_no_position,0,False,0.0,0.0,0.0
2025-05-13 13:45:00+00:00,1.5806,hold,hold,default_hold,hold,execute_default_hold,0,False,0.0,0.0,0.0
2025-05-13 14:00:00+00:00,1.5501,hold,hold,default_hold,hold,execute_default_hold,0,False,0.0,0.0,0.0
2025-05-13 14:15:00+00:00,1.545,hold,hold,default_hold,hold,execute_default_hold,0,False,0.0,0.0,0.0
2025-05-13 14:30:00+00:00,1.56,hold,hold,default_hold,hold,execute_default_hold,0,False,0.0,0.0,0.0
2025-05-13 14:45:00+00:00,1.5467,hold,hold,default_hold,hold,execute_default_hold,0,False,0.0,0.0,0.0
2025-05-13 15:00:00+00:00,1.54,hold,hold,default_hold,hold,execute_default_hold,0,False,0.0,0.0,0.0
2025-05-13 15:15:00+00:00,1.535,hold,hold,default_hold,hold,execute_default_hold,0,False,0.0,0.0,0.0
2025-05-13 15:30:00+00:00,1.535,hold,hold,default_hold,hold,execute_default_hold,0,False,0.0,0.0,0.0
2025-05-13 15:45:00+00:00,1.535,hold,hold,default_hold,hold,execute_default_hold,0,False,0.0,0.0,0.0
2025-05-13 16:00:00+00:00,1.525,hold,hold,default_hold,hold,execute_default_hold,0,False,0.0,0.0,0.0
2025-05-13 16:15:00+00:00,1.51,hold,hold,default_hold,hold,execute_default_hold,0,False,0.0,0.0,0.0
2025-05-13 16:30:00+00:00,1.505,hold,hold,default_hold,hold,execute_default_hold,0,False,0.0,0.0,0.0
2025-05-13 16:45:00+00:00,1.5092,hold,hold,default_hold,hold,execute_default_hold,0,False,0.0,0.0,0.0
2025-05-13 17:00:00+00:00,1.52,hold,hold,default_hold,hold,execute_default_hold,0,False,0.0,0.0,0.0
2025-05-13 17:15:00+00:00,1.515,hold,hold,default_hold,hold,execute_default_hold,0,False,0.0,0.0,0.0
2025-05-13 17:30:00+00:00,1.515,hold,hold,default_hold,hold,execute_default_hold,0,False,0.0,0.0,0.0
2025-05-13 17:45:00+00:00,1.515,hold,hold,default_hold,hold,execute_default_hold,0,False,0.0,0.0,0.0
2025-05-13 18:00:00+00:00,1.515,hold,hold,default_hold,hold,execute_default_hold,0,False,0.0,0.0,0.0
2025-05-13 18:15:00+00:00,1.519,hold,hold,default_hold,hold,execute_default_hold,0,False,0.0,0.0,0.0
2025-05-13 18:30:00+00:00,1.515,hold,hold,default_hold,hold,execute_default_hold,0,False,0.0,0.0,0.0
2025-05-13 18:45:00+00:00,1.515,hold,hold,default_hold,hold,execute_default_hold,0,False,0.0,0.0,0.0
2025-05-13 19:00:00+00:00,1.52,hold,hold,default_hold,hold,execute_default_hold,0,False,0.0,0.0,0.0
2025-05-13 19:15:00+00:00,1.518,hold,hold,default_hold,hold,execute_default_hold,0,False,0.0,0.0,0.0
2025-05-13 19:30:00+00:00,1.5251,hold,hold,default_hold,hold,execute_default_hold,0,False,0.0,0.0,0.0
2025-05-13 19:45:00+00:00,1.5201,hold,hold,default_hold,hold,execute_default_hold,0,False,0.0,0.0,0.0
2025-05-13 20:00:00+00:00,1.525,hold,hold,default_hold,hold,execute_default_hold,0,False,0.0,0.0,0.0
2025-05-14 13:30:00+00:00,1.55,buy,buy,trend_buy,buy,execute_trend_buy,100,False,0.0,0.0,0.0
2025-05-14 13:45:00+00:00,1.4682,hold,hold,default_hold,hold,execute_default_hold,0,False,0.0,0.0,0.0
2025-05-14 14:00:00+00:00,1.44,hold,hold,default_hold,hold,execute_default_hold,0,False,0.0,0.0,0.0
2025-05-14 14:15:00+00:00,1.44,hold,hold,default_hold,hold,execute_default_hold,0,False,0.0,0.0,0.0
2025-05-14 14:30:00+00:00,1.425,hold,hold,default_hold,hold,execute_default_hold,0,False,0.0,0.0,0.0
2025-05-14 14:45:00+00:00,1.4295,hold,hold,default_hold,hold,execute_default_hold,0,False,0.0,0.0,0.0
2025-05-14 15:00:00+00:00,1.43,hold,hold,default_hold,hold,execute_default_hold,0,False,0.0,0.0,0.0
2025-05-14 15:15:00+00:00,1.425,hold,hold,default_hold,hold,execute_default_hold,0,False,0.0,0.0,0.0
2025-05-14 15:30:00+00:00,1.435,hold,hold,default_hold,hold,execute_default_hold,0,False,0.0,0.0,0.0
2025-05-14 15:45:00+00:00,1.435,hold,hold,default_hold,hold,execute_default_hold,0,False,0.0,0.0,0.0
2025-05-14 16:00:00+00:00,1.435,hold,hold,default_hold,hold,execute_default_hold,0,False,0.0,0.0,0.0
2025-05-14 16:15:00+00:00,1.425,hold,hold,default_hold,hold,execute_default_hold,0,False,0.0,0.0,0.0
2025-05-14 16:30:00+00:00,1.42,reduce,hold,no_position,hold,execute_no_position,0,False,0.0,0.0,0.0
2025-05-14 16:45:00+00:00,1.423,hold,hold,default_hold,hold,execute_default_hold,0,False,0.0,0.0,0.0
2025-05-14 17:00:00+00:00,1.44,hold,hold,default_hold,hold,execute_default_hold,0,False,0.0,0.0,0.0
2025-05-14 17:15:00+00:00,1.4252,hold,hold,default_hold,hold,execute_default_hold,0,False,0.0,0.0,0.0
2025-05-14 17:30:00+00:00,1.3899,hold,hold,default_hold,hold,execute_default_hold,0,False,0.0,0.0,0.0
2025-05-14 17:45:00+00:00,1.385,hold,hold,default_hold,hold,execute_default_hold,0,False,0.0,0.0,0.0
2025-05-14 18:00:00+00:00,1.4094,hold,hold,default_hold,hold,execute_default_hold,0,False,0.0,0.0,0.0
2025-05-14 18:15:00+00:00,1.4075,hold,hold,default_hold,hold,execute_default_hold,0,False,0.0,0.0,0.0
2025-05-14 18:30:00+00:00,1.4,hold,hold,default_hold,hold,execute_default_hold,0,False,0.0,0.0,0.0
2025-05-14 18:45:00+00:00,1.41,hold,hold,default_hold,hold,execute_default_hold,0,False,0.0,0.0,0.0
2025-05-14 19:00:00+00:00,1.415,hold,hold,default_hold,hold,execute_default_hold,0,False,0.0,0.0,0.0
2025-05-14 19:15:00+00:00,1.415,hold,hold,default_hold,hold,execute_default_hold,0,False,0.0,0.0,0.0
2025-05-14 19:30:00+00:00,1.41,hold,hold,default_hold,hold,execute_default_hold,0,False,0.0,0.0,0.0
2025-05-14 19:45:00+00:00,1.405,hold,hold,default_hold,hold,execute_default_hold,0,False,0.0,0.0,0.0
2025-05-14 20:00:00+00:00,1.395,hold,hold,default_hold,hold,execute_default_hold,0,False,0.0,0.0,0.0
2025-05-15 13:30:00+00:00,1.3901,hold,hold,default_hold,hold,execute_default_hold,0,False,0.0,0.0,0.0
2025-05-15 13:45:00+00:00,1.37,hold,hold,default_hold,hold,execute_default_hold,0,False,0.0,0.0,0.0
2025-05-15 14:00:00+00:00,1.3493,hold,hold,default_hold,hold,execute_default_hold,0,False,0.0,0.0,0.0
2025-05-15 14:15:00+00:00,1.36,hold,hold,default_hold,hold,execute_default_hold,0,False,0.0,0.0,0.0
2025-05-15 14:30:00+00:00,1.3698,hold,hold,default_hold,hold,execute_default_hold,0,False,0.0,0.0,0.0
2025-05-15 14:45:00+00:00,1.3768,hold,hold,default_hold,hold,execute_default_hold,0,False,0.0,0.0,0.0
2025-05-15 15:00:00+00:00,1.375,hold,hold,default_hold,hold,execute_default_hold,0,False,0.0,0.0,0.0
2025-05-15 15:15:00+00:00,1.362,hold,hold,default_hold,hold,execute_default_hold,0,False,0.0,0.0,0.0
2025-05-15 15:30:00+00:00,1.385,hold,hold,default_hold,hold,execute_default_hold,0,False,0.0,0.0,0.0
2025-05-15 15:45:00+00:00,1.385,hold,hold,default_hold,hold,execute_default_hold,0,False,0.0,0.0,0.0
2025-05-15 16:00:00+00:00,1.385,hold,hold,default_hold,hold,execute_default_hold,0,False,0.0,0.0,0.0
2025-05-15 16:15:00+00:00,1.39,hold,hold,default_hold,hold,execute_default_hold,0,False,0.0,0.0,0.0
2025-05-15 16:30:00+00:00,1.4,hold,hold,default_hold,hold,execute_default_hold,0,False,0.0,0.0,0.0
2025-05-15 16:45:00+00:00,1.395,hold,hold,default_hold,hold,execute_default_hold,0,False,0.0,0.0,0.0
2025-05-15 17:00:00+00:00,1.395,hold,hold,default_hold,hold,execute_default_hold,0,False,0.0,0.0,0.0
2025-05-15 17:15:00+00:00,1.41,buy,buy,trend_buy,buy,weak_trend_limited_buy,50,False,0.0,0.0,0.0
2025-05-15 17:30:00+00:00,1.405,hold,hold,default_hold,hold,execute_default_hold,0,False,0.0,0.0,0.0
2025-05-15 17:45:00+00:00,1.3861,hold,hold,default_hold,hold,execute_default_hold,0,False,0.0,0.0,0.0
2025-05-15 18:00:00+00:00,1.42,hold,hold,default_hold,hold,execute_default_hold,0,False,0.0,0.0,0.0
2025-05-15 18:15:00+00:00,1.425,hold,hold,default_hold,hold,execute_default_hold,0,False,0.0,0.0,0.0
2025-05-15 18:30:00+00:00,1.425,hold,hold,default_hold,hold,execute_default_hold,0,False,0.0,0.0,0.0
2025-05-15 18:45:00+00:00,1.43,hold,hold,default_hold,hold,execute_default_hold,0,False,0.0,0.0,0.0
2025-05-15 19:00:00+00:00,1.425,hold,hold,default_hold,hold,execute_default_hold,0,False,0.0,0.0,0.0
2025-05-15 19:15:00+00:00,1.45,hold,hold,default_hold,hold,execute_default_hold,0,False,0.0,0.0,0.0
2025-05-15 19:30:00+00:00,1.455,hold,hold,default_hold,hold,execute_default_hold,0,False,0.0,0.0,0.0
2025-05-15 19:45:00+00:00,1.45,hold,hold,default_hold,hold,execute_default_hold,0,False,0.0,0.0,0.0
2025-05-15 20:00:00+00:00,1.465,hold,hold,default_hold,hold,execute_default_hold,0,False,0.0,0.0,0.0
2025-05-16 13:30:00+00:00,1.4498,hold,hold,default_hold,hold,execute_default_hold,0,False,0.0,0.0,0.0
2025-05-16 13:45:00+00:00,1.43,hold,hold,default_hold,hold,execute_default_hold,0,False,0.0,0.0,0.0
2025-05-16 14:00:00+00:00,1.4364,hold,hold,default_hold,hold,execute_default_hold,0,False,0.0,0.0,0.0
2025-05-16 14:15:00+00:00,1.41,reduce,hold,no_position,hold,execute_no_position,0,False,0.0,0.0,0.0
2025-05-16 14:30:00+00:00,1.41,hold,hold,default_hold,hold,execute_default_hold,0,False,0.0,0.0,0.0
2025-05-16 14:45:00+00:00,1.42,hold,hold,default_hold,hold,execute_default_hold,0,False,0.0,0.0,0.0
2025-05-16 15:00:00+00:00,1.43,hold,hold,default_hold,hold,execute_default_hold,0,False,0.0,0.0,0.0
2025-05-16 15:15:00+00:00,1.405,hold,hold,default_hold,hold,execute_default_hold,0,False,0.0,0.0,0.0
2025-05-16 15:30:00+00:00,1.42,hold,hold,default_hold,hold,execute_default_hold,0,False,0.0,0.0,0.0
2025-05-16 15:45:00+00:00,1.395,hold,hold,default_hold,hold,execute_default_hold,0,False,0.0,0.0,0.0
2025-05-16 16:00:00+00:00,1.395,hold,hold,default_hold,hold,execute_default_hold,0,False,0.0,0.0,0.0
2025-05-16 16:15:00+00:00,1.395,hold,hold,default_hold,hold,execute_default_hold,0,False,0.0,0.0,0.0
2025-05-16 16:30:00+00:00,1.3901,hold,hold,default_hold,hold,execute_default_hold,0,False,0.0,0.0,0.0
2025-05-16 16:45:00+00:00,1.385,hold,hold,default_hold,hold,execute_default_hold,0,False,0.0,0.0,0.0
2025-05-16 17:00:00+00:00,1.405,hold,hold,default_hold,hold,execute_default_hold,0,False,0.0,0.0,0.0
2025-05-16 17:15:00+00:00,1.3998,hold,hold,default_hold,hold,execute_default_hold,0,False,0.0,0.0,0.0
2025-05-16 17:30:00+00:00,1.4005,hold,hold,default_hold,hold,execute_default_hold,0,False,0.0,0.0,0.0
2025-05-16 17:45:00+00:00,1.41,hold,hold,default_hold,hold,execute_default_hold,0,False,0.0,0.0,0.0
2025-05-16 18:00:00+00:00,1.414,hold,hold,default_hold,hold,execute_default_hold,0,False,0.0,0.0,0.0
2025-05-16 18:15:00+00:00,1.395,hold,hold,default_hold,hold,execute_default_hold,0,False,0.0,0.0,0.0
2025-05-16 18:30:00+00:00,1.395,hold,hold,default_hold,hold,execute_default_hold,0,False,0.0,0.0,0.0
2025-05-16 18:45:00+00:00,1.4,hold,hold,default_hold,hold,execute_default_hold,0,False,0.0,0.0,0.0
2025-05-16 19:00:00+00:00,1.395,hold,hold,default_hold,hold,execute_default_hold,0,False,0.0,0.0,0.0
2025-05-16 19:15:00+00:00,1.405,hold,hold,default_hold,hold,execute_default_hold,0,False,0.0,0.0,0.0
2025-05-16 19:30:00+00:00,1.415,hold,hold,default_hold,hold,execute_default_hold,0,False,0.0,0.0,0.0
2025-05-16 19:45:00+00:00,1.43,buy,buy,trend_buy,buy,execute_trend_buy,100,False,0.0,0.0,0.0
2025-05-16 20:00:00+00:00,1.41,hold,hold,default_hold,hold,execute_default_hold,0,False,0.0,0.0,0.0
2025-05-19 13:30:00+00:00,1.36,reduce,hold,no_position,hold,execute_no_position,0,False,0.0,0.0,0.0
2025-05-19 13:45:00+00:00,1.34,hold,hold,default_hold,hold,execute_default_hold,0,False,0.0,0.0,0.0
2025-05-19 14:00:00+00:00,1.345,hold,hold,default_hold,hold,execute_default_hold,0,False,0.0,0.0,0.0
2025-05-19 14:15:00+00:00,1.365,hold,hold,default_hold,hold,execute_default_hold,0,False,0.0,0.0,0.0
2025-05-19 14:30:00+00:00,1.39,hold,hold,default_hold,hold,execute_default_hold,0,False,0.0,0.0,0.0
2025-05-19 14:45:00+00:00,1.405,hold,hold,default_hold,hold,execute_default_hold,0,False,0.0,0.0,0.0
2025-05-19 15:00:00+00:00,1.4105,hold,hold,default_hold,hold,execute_default_hold,0,False,0.0,0.0,0.0
2025-05-19 15:15:00+00:00,1.47,hold,hold,default_hold,hold,execute_default_hold,0,False,0.0,0.0,0.0
2025-05-19 15:30:00+00:00,1.45,hold,hold,default_hold,hold,execute_default_hold,0,False,0.0,0.0,0.0
2025-05-19 15:45:00+00:00,1.455,hold,hold,default_hold,hold,execute_default_hold,0,False,0.0,0.0,0.0
2025-05-19 16:00:00+00:00,1.45,hold,hold,default_hold,hold,execute_default_hold,0,False,0.0,0.0,0.0
2025-05-19 16:15:00+00:00,1.4531,hold,hold,default_hold,hold,execute_default_hold,0,False,0.0,0.0,0.0
2025-05-19 16:30:00+00:00,1.46,buy,buy,trend_buy,buy,execute_trend_buy,100,False,0.0,0.0,0.0
2025-05-19 16:45:00+00:00,1.455,hold,hold,default_hold,hold,execute_default_hold,0,False,0.0,0.0,0.0
2025-05-19 17:00:00+00:00,1.455,hold,hold,default_hold,hold,execute_default_hold,0,False,0.0,0.0,0.0
2025-05-19 17:15:00+00:00,1.465,hold,hold,default_hold,hold,execute_default_hold,0,False,0.0,0.0,0.0
2025-05-19 17:30:00+00:00,1.445,hold,hold,default_hold,hold,execute_default_hold,0,False,0.0,0.0,0.0
2025-05-19 17:45:00+00:00,1.44,hold,hold,default_hold,hold,execute_default_hold,0,False,0.0,0.0,0.0
2025-05-19 18:00:00+00:00,1.445,hold,hold,default_hold,hold,execute_default_hold,0,False,0.0,0.0,0.0
2025-05-19 18:15:00+00:00,1.445,hold,hold,default_hold,hold,execute_default_hold,0,False,0.0,0.0,0.0
2025-05-19 18:30:00+00:00,1.435,hold,hold,default_hold,hold,execute_default_hold,0,False,0.0,0.0,0.0
2025-05-19 18:45:00+00:00,1.455,hold,hold,default_hold,hold,execute_default_hold,0,False,0.0,0.0,0.0
2025-05-19 19:00:00+00:00,1.445,hold,hold,default_hold,hold,execute_default_hold,0,False,0.0,0.0,0.0
2025-05-19 19:15:00+00:00,1.445,hold,hold,default_hold,hold,execute_default_hold,0,False,0.0,0.0,0.0
2025-05-19 19:30:00+00:00,1.445,reduce,hold,no_position,hold,execute_no_position,0,False,0.0,0.0,0.0
2025-05-19 19:45:00+00:00,1.445,hold,hold,default_hold,hold,execute_default_hold,0,False,0.0,0.0,0.0
2025-05-19 20:00:00+00:00,1.46,hold,hold,default_hold,hold,execute_default_hold,0,False,0.0,0.0,0.0
2025-05-20 13:30:00+00:00,1.43,hold,hold,default_hold,hold,execute_default_hold,0,False,0.0,0.0,0.0
2025-05-20 13:45:00+00:00,1.4306,hold,hold,default_hold,hold,execute_default_hold,0,False,0.0,0.0,0.0
2025-05-20 14:00:00+00:00,1.435,hold,hold,default_hold,hold,execute_default_hold,0,False,0.0,0.0,0.0
2025-05-20 14:15:00+00:00,1.43,hold,hold,default_hold,hold,execute_default_hold,0,False,0.0,0.0,0.0
2025-05-20 14:30:00+00:00,1.425,hold,hold,default_hold,hold,execute_default_hold,0,False,0.0,0.0,0.0
2025-05-20 14:45:00+00:00,1.47,hold,hold,default_hold,hold,execute_default_hold,0,False,0.0,0.0,0.0
2025-05-20 15:00:00+00:00,1.48,hold,hold,default_hold,hold,execute_default_hold,0,False,0.0,0.0,0.0
2025-05-20 15:15:00+00:00,1.45,hold,hold,default_hold,hold,execute_default_hold,0,False,0.0,0.0,0.0
2025-05-20 15:30:00+00:00,1.455,buy,buy,trend_buy,buy,weak_trend_limited_buy,50,False,0.0,0.0,0.0
2025-05-20 15:45:00+00:00,1.44,hold,hold,default_hold,hold,execute_default_hold,0,False,0.0,0.0,0.0
2025-05-20 16:00:00+00:00,1.455,hold,hold,default_hold,hold,execute_default_hold,0,False,0.0,0.0,0.0
2025-05-20 16:15:00+00:00,1.455,hold,hold,default_hold,hold,execute_default_hold,0,False,0.0,0.0,0.0
2025-05-20 16:30:00+00:00,1.455,hold,hold,default_hold,hold,execute_default_hold,0,False,0.0,0.0,0.0
2025-05-20 16:45:00+00:00,1.455,hold,hold,default_hold,hold,execute_default_hold,0,False,0.0,0.0,0.0
2025-05-20 17:00:00+00:00,1.445,hold,hold,default_hold,hold,execute_default_hold,0,False,0.0,0.0,0.0
2025-05-20 17:15:00+00:00,1.44,hold,hold,default_hold,hold,execute_default_hold,0,False,0.0,0.0,0.0
2025-05-20 17:30:00+00:00,1.455,hold,hold,default_hold,hold,execute_default_hold,0,False,0.0,0.0,0.0
2025-05-20 17:45:00+00:00,1.455,hold,hold,default_hold,hold,execute_default_hold,0,False,0.0,0.0,0.0
2025-05-20 18:00:00+00:00,1.44,hold,hold,default_hold,hold,execute_default_hold,0,False,0.0,0.0,0.0
2025-05-20 18:15:00+00:00,1.43,hold,hold,default_hold,hold,execute_default_hold,0,False,0.0,0.0,0.0
2025-05-20 18:30:00+00:00,1.435,reduce,hold,no_position,hold,execute_no_position,0,False,0.0,0.0,0.0
2025-05-20 18:45:00+00:00,1.4195,hold,hold,default_hold,hold,execute_default_hold,0,False,0.0,0.0,0.0
2025-05-20 19:00:00+00:00,1.415,hold,hold,default_hold,hold,execute_default_hold,0,False,0.0,0.0,0.0
2025-05-20 19:15:00+00:00,1.415,hold,hold,default_hold,hold,execute_default_hold,0,False,0.0,0.0,0.0
2025-05-20 19:30:00+00:00,1.415,hold,hold,default_hold,hold,execute_default_hold,0,False,0.0,0.0,0.0
2025-05-20 19:45:00+00:00,1.425,hold,hold,default_hold,hold,execute_default_hold,0,False,0.0,0.0,0.0
2025-05-20 20:00:00+00:00,1.415,hold,hold,default_hold,hold,execute_default_hold,0,False,0.0,0.0,0.0
2025-05-21 13:30:00+00:00,1.405,hold,hold,default_hold,hold,execute_default_hold,0,False,0.0,0.0,0.0
2025-05-21 13:45:00+00:00,1.41,hold,hold,default_hold,hold,execute_default_hold,0,False,0.0,0.0,0.0
2025-05-21 14:00:00+00:00,1.41,hold,hold,default_hold,hold,execute_default_hold,0,False,0.0,0.0,0.0
2025-05-21 14:15:00+00:00,1.4102,hold,hold,default_hold,hold,execute_default_hold,0,False,0.0,0.0,0.0
2025-05-21 14:30:00+00:00,1.4,hold,hold,default_hold,hold,execute_default_hold,0,False,0.0,0.0,0.0
2025-05-21 14:45:00+00:00,1.3819,hold,hold,default_hold,hold,execute_default_hold,0,False,0.0,0.0,0.0
2025-05-21 15:00:00+00:00,1.4,hold,hold,default_hold,hold,execute_default_hold,0,False,0.0,0.0,0.0
2025-05-21 15:15:00+00:00,1.4,hold,hold,default_hold,hold,execute_default_hold,0,False,0.0,0.0,0.0
2025-05-21 15:30:00+00:00,1.4,hold,hold,default_hold,hold,execute_default_hold,0,False,0.0,0.0,0.0
2025-05-21 15:45:00+00:00,1.415,hold,hold,default_hold,hold,execute_default_hold,0,False,0.0,0.0,0.0
2025-05-21 16:00:00+00:00,1.41,hold,hold,default_hold,hold,execute_default_hold,0,False,0.0,0.0,0.0
2025-05-21 16:15:00+00:00,1.415,hold,hold,default_hold,hold,execute_default_hold,0,False,0.0,0.0,0.0
2025-05-21 16:30:00+00:00,1.44,hold,hold,default_hold,hold,execute_default_hold,0,False,0.0,0.0,0.0
2025-05-21 16:45:00+00:00,1.495,buy,buy,trend_buy,buy,execute_trend_buy,100,False,0.0,0.0,0.0
2025-05-21 17:00:00+00:00,1.54,hold,hold,default_hold,hold,execute_default_hold,0,False,0.0,0.0,0.0
2025-05-21 17:15:00+00:00,1.5,hold,hold,default_hold,hold,execute_default_hold,0,False,0.0,0.0,0.0
2025-05-21 17:30:00+00:00,1.46,hold,hold,default_hold,hold,execute_default_hold,0,False,0.0,0.0,0.0
2025-05-21 17:45:00+00:00,1.455,hold,hold,default_hold,hold,execute_default_hold,0,False,0.0,0.0,0.0
2025-05-21 18:00:00+00:00,1.47,hold,hold,default_hold,hold,execute_default_hold,0,False,0.0,0.0,0.0
2025-05-21 18:15:00+00:00,1.47,hold,hold,default_hold,hold,execute_default_hold,0,False,0.0,0.0,0.0
2025-05-21 18:30:00+00:00,1.48,hold,hold,default_hold,hold,execute_default_hold,0,False,0.0,0.0,0.0
2025-05-21 18:45:00+00:00,1.4998,hold,hold,default_hold,hold,execute_default_hold,0,False,0.0,0.0,0.0
2025-05-21 19:00:00+00:00,1.505,hold,hold,default_hold,hold,execute_default_hold,0,False,0.0,0.0,0.0
2025-05-21 19:15:00+00:00,1.49,hold,hold,default_hold,hold,execute_default_hold,0,False,0.0,0.0,0.0
2025-05-21 19:30:00+00:00,1.485,hold,hold,default_hold,hold,execute_default_hold,0,False,0.0,0.0,0.0
2025-05-21 19:45:00+00:00,1.49,reduce,hold,no_position,hold,execute_no_position,0,False,0.0,0.0,0.0
2025-05-21 20:00:00+00:00,1.5,hold,hold,default_hold,hold,execute_default_hold,0,False,0.0,0.0,0.0
2025-05-22 13:30:00+00:00,1.47,buy,buy,trend_buy,buy,execute_trend_buy,100,False,0.0,0.0,0.0
2025-05-22 13:45:00+00:00,1.49,hold,hold,default_hold,hold,execute_default_hold,0,False,0.0,0.0,0.0
2025-05-22 14:00:00+00:00,1.495,hold,hold,default_hold,hold,execute_default_hold,0,False,0.0,0.0,0.0
2025-05-22 14:15:00+00:00,1.47,hold,hold,default_hold,hold,execute_default_hold,0,False,0.0,0.0,0.0
2025-05-22 14:30:00+00:00,1.46,hold,hold,default_hold,hold,execute_default_hold,0,False,0.0,0.0,0.0
2025-05-22 14:45:00+00:00,1.48,hold,hold,default_hold,hold,execute_default_hold,0,False,0.0,0.0,0.0
2025-05-22 15:00:00+00:00,1.46,hold,hold,default_hold,hold,execute_default_hold,0,False,0.0,0.0,0.0
2025-05-22 15:15:00+00:00,1.4493,hold,hold,default_hold,hold,execute_default_hold,0,False,0.0,0.0,0.0
2025-05-22 15:30:00+00:00,1.445,hold,hold,default_hold,hold,execute_default_hold,0,False,0.0,0.0,0.0
2025-05-22 15:45:00+00:00,1.455,hold,hold,default_hold,hold,execute_default_hold,0,False,0.0,0.0,0.0
2025-05-22 16:00:00+00:00,1.455,hold,hold,default_hold,hold,execute_default_hold,0,False,0.0,0.0,0.0
2025-05-22 16:15:00+00:00,1.465,hold,hold,default_hold,hold,execute_default_hold,0,False,0.0,0.0,0.0
2025-05-22 16:30:00+00:00,1.47,reduce,hold,no_position,hold,execute_no_position,0,False,0.0,0.0,0.0
2025-05-22 16:45:00+00:00,1.46,hold,hold,default_hold,hold,execute_default_hold,0,False,0.0,0.0,0.0
2025-05-22 17:00:00+00:00,1.525,hold,hold,default_hold,hold,execute_default_hold,0,False,0.0,0.0,0.0
2025-05-22 17:15:00+00:00,1.57,hold,hold,default_hold,hold,execute_default_hold,0,False,0.0,0.0,0.0
2025-05-22 17:30:00+00:00,1.525,hold,hold,default_hold,hold,execute_default_hold,0,False,0.0,0.0,0.0
2025-05-22 17:45:00+00:00,1.525,hold,hold,default_hold,hold,execute_default_hold,0,False,0.0,0.0,0.0
2025-05-22 18:00:00+00:00,1.605,hold,hold,default_hold,hold,execute_default_hold,0,False,0.0,0.0,0.0
2025-05-22 18:15:00+00:00,1.6,hold,hold,default_hold,hold,execute_default_hold,0,False,0.0,0.0,0.0
2025-05-22 18:30:00+00:00,1.575,hold,hold,default_hold,hold,execute_default_hold,0,False,0.0,0.0,0.0
2025-05-22 18:45:00+00:00,1.57,hold,hold,default_hold,hold,execute_default_hold,0,False,0.0,0.0,0.0
2025-05-22 19:00:00+00:00,1.5506,hold,hold,default_hold,hold,execute_default_hold,0,False,0.0,0.0,0.0
2025-05-22 19:15:00+00:00,1.575,hold,hold,default_hold,hold,execute_default_hold,0,False,0.0,0.0,0.0
2025-05-22 19:30:00+00:00,1.565,buy,buy,trend_buy,buy,execute_trend_buy,100,False,0.0,0.0,0.0
2025-05-22 19:45:00+00:00,1.565,hold,hold,default_hold,hold,execute_default_hold,0,False,0.0,0.0,0.0
2025-05-22 20:00:00+00:00,1.555,hold,hold,default_hold,hold,execute_default_hold,0,False,0.0,0.0,0.0
2025-05-23 13:30:00+00:00,1.48,reduce,hold,no_position,hold,execute_no_position,0,False,0.0,0.0,0.0
2025-05-23 13:45:00+00:00,1.505,hold,hold,default_hold,hold,execute_default_hold,0,False,0.0,0.0,0.0
2025-05-23 14:00:00+00:00,1.51,hold,hold,default_hold,hold,execute_default_hold,0,False,0.0,0.0,0.0
2025-05-23 14:15:00+00:00,1.5089,hold,hold,default_hold,hold,execute_default_hold,0,False,0.0,0.0,0.0
2025-05-23 14:30:00+00:00,1.5228,hold,hold,default_hold,hold,execute_default_hold,0,False,0.0,0.0,0.0
2025-05-23 14:45:00+00:00,1.5409,hold,hold,default_hold,hold,execute_default_hold,0,False,0.0,0.0,0.0
2025-05-23 15:00:00+00:00,1.5212,hold,hold,default_hold,hold,execute_default_hold,0,False,0.0,0.0,0.0
2025-05-23 15:15:00+00:00,1.5111,hold,hold,default_hold,hold,execute_default_hold,0,False,0.0,0.0,0.0
2025-05-23 15:30:00+00:00,1.525,hold,hold,default_hold,hold,execute_default_hold,0,False,0.0,0.0,0.0
2025-05-23 15:45:00+00:00,1.535,hold,hold,default_hold,hold,execute_default_hold,0,False,0.0,0.0,0.0
2025-05-23 16:00:00+00:00,1.5201,hold,hold,default_hold,hold,execute_default_hold,0,False,0.0,0.0,0.0
2025-05-23 16:15:00+00:00,1.49,hold,hold,default_hold,hold,execute_default_hold,0,False,0.0,0.0,0.0
2025-05-23 16:30:00+00:00,1.5497,hold,hold,default_hold,hold,execute_default_hold,0,False,0.0,0.0,0.0
2025-05-23 16:45:00+00:00,1.5599,hold,hold,default_hold,hold,execute_default_hold,0,False,0.0,0.0,0.0
2025-05-23 17:00:00+00:00,1.555,hold,hold,default_hold,hold,execute_default_hold,0,False,0.0,0.0,0.0
2025-05-23 17:15:00+00:00,1.565,buy,buy,trend_buy,buy,execute_trend_buy,100,False,0.0,0.0,0.0
2025-05-23 17:30:00+00:00,1.55,hold,hold,default_hold,hold,execute_default_hold,0,False,0.0,0.0,0.0
2025-05-23 17:45:00+00:00,1.5798,hold,hold,default_hold,hold,execute_default_hold,0,False,0.0,0.0,0.0
2025-05-23 18:00:00+00:00,1.595,hold,hold,default_hold,hold,execute_default_hold,0,False,0.0,0.0,0.0
2025-05-23 18:15:00+00:00,1.5901,hold,hold,default_hold,hold,execute_default_hold,0,False,0.0,0.0,0.0
2025-05-23 18:30:00+00:00,1.575,hold,hold,default_hold,hold,execute_default_hold,0,False,0.0,0.0,0.0
2025-05-23 18:45:00+00:00,1.57,hold,hold,default_hold,hold,execute_default_hold,0,False,0.0,0.0,0.0
2025-05-23 19:00:00+00:00,1.555,hold,hold,default_hold,hold,execute_default_hold,0,False,0.0,0.0,0.0
2025-05-23 19:15:00+00:00,1.5672,hold,hold,default_hold,hold,execute_default_hold,0,False,0.0,0.0,0.0
2025-05-23 19:30:00+00:00,1.565,hold,hold,default_hold,hold,execute_default_hold,0,False,0.0,0.0,0.0
2025-05-23 19:45:00+00:00,1.565,hold,hold,default_hold,hold,execute_default_hold,0,False,0.0,0.0,0.0
2025-05-23 20:00:00+00:00,1.535,hold,hold,default_hold,hold,execute_default_hold,0,False,0.0,0.0,0.0
2025-05-27 13:30:00+00:00,1.58,hold,hold,default_hold,hold,execute_default_hold,0,False,0.0,0.0,0.0
2025-05-27 13:45:00+00:00,1.5498,reduce,hold,no_position,hold,execute_no_position,0,False,0.0,0.0,0.0
2025-05-27 14:00:00+00:00,1.555,hold,hold,default_hold,hold,execute_default_hold,0,False,0.0,0.0,0.0
2025-05-27 14:15:00+00:00,1.5535,hold,hold,default_hold,hold,execute_default_hold,0,False,0.0,0.0,0.0
2025-05-27 14:30:00+00:00,1.565,hold,hold,default_hold,hold,execute_default_hold,0,False,0.0,0.0,0.0
2025-05-27 14:45:00+00:00,1.545,hold,hold,default_hold,hold,execute_default_hold,0,False,0.0,0.0,0.0
2025-05-27 15:00:00+00:00,1.535,hold,hold,default_hold,hold,execute_default_hold,0,False,0.0,0.0,0.0
2025-05-27 15:15:00+00:00,1.505,hold,hold,default_hold,hold,execute_default_hold,0,False,0.0,0.0,0.0
2025-05-27 15:30:00+00:00,1.49,hold,hold,default_hold,hold,execute_default_hold,0,False,0.0,0.0,0.0
2025-05-27 15:45:00+00:00,1.495,hold,hold,default_hold,hold,execute_default_hold,0,False,0.0,0.0,0.0
2025-05-27 16:00:00+00:00,1.495,hold,hold,default_hold,hold,execute_default_hold,0,False,0.0,0.0,0.0
2025-05-27 16:15:00+00:00,1.485,hold,hold,default_hold,hold,execute_default_hold,0,False,0.0,0.0,0.0
2025-05-27 16:30:00+00:00,1.475,hold,hold,default_hold,hold,execute_default_hold,0,False,0.0,0.0,0.0
2025-05-27 16:45:00+00:00,1.49,hold,hold,default_hold,hold,execute_default_hold,0,False,0.0,0.0,0.0
2025-05-27 17:00:00+00:00,1.4898,hold,hold,default_hold,hold,execute_default_hold,0,False,0.0,0.0,0.0
2025-05-27 17:15:00+00:00,1.485,hold,hold,default_hold,hold,execute_default_hold,0,False,0.0,0.0,0.0
2025-05-27 17:30:00+00:00,1.475,hold,hold,default_hold,hold,execute_default_hold,0,False,0.0,0.0,0.0
2025-05-27 17:45:00+00:00,1.5,hold,hold,default_hold,hold,execute_default_hold,0,False,0.0,0.0,0.0
2025-05-27 18:00:00+00:00,1.5001,hold,hold,default_hold,hold,execute_default_hold,0,False,0.0,0.0,0.0
2025-05-27 18:15:00+00:00,1.485,hold,hold,default_hold,hold,execute_default_hold,0,False,0.0,0.0,0.0
2025-05-27 18:30:00+00:00,1.475,hold,hold,default_hold,hold,execute_default_hold,0,False,0.0,0.0,0.0
2025-05-27 18:45:00+00:00,1.465,hold,hold,default_hold,hold,execute_default_hold,0,False,0.0,0.0,0.0
2025-05-27 19:00:00+00:00,1.465,hold,hold,default_hold,hold,execute_default_hold,0,False,0.0,0.0,0.0
2025-05-27 19:15:00+00:00,1.47,hold,hold,default_hold,hold,execute_default_hold,0,False,0.0,0.0,0.0
2025-05-27 19:30:00+00:00,1.48,hold,hold,default_hold,hold,execute_default_hold,0,False,0.0,0.0,0.0
2025-05-27 19:45:00+00:00,1.495,hold,hold,default_hold,hold,execute_default_hold,0,False,0.0,0.0,0.0
2025-05-27 20:00:00+00:00,1.5,hold,hold,default_hold,hold,execute_default_hold,0,False,0.0,0.0,0.0
2025-05-28 13:30:00+00:00,1.49,hold,hold,default_hold,hold,execute_default_hold,0,False,0.0,0.0,0.0
2025-05-28 13:45:00+00:00,1.44,hold,hold,default_hold,hold,execute_default_hold,0,False,0.0,0.0,0.0
2025-05-28 14:00:00+00:00,1.4501,hold,hold,default_hold,hold,execute_default_hold,0,False,0.0,0.0,0.0
2025-05-28 14:15:00+00:00,1.425,hold,hold,default_hold,hold,execute_default_hold,0,False,0.0,0.0,0.0
2025-05-28 14:30:00+00:00,1.42,hold,hold,default_hold,hold,execute_default_hold,0,False,0.0,0.0,0.0
2025-05-28 14:45:00+00:00,1.42,hold,hold,default_hold,hold,execute_default_hold,0,False,0.0,0.0,0.0
2025-05-28 15:00:00+00:00,1.425,hold,hold,default_hold,hold,execute_default_hold,0,False,0.0,0.0,0.0
2025-05-28 15:15:00+00:00,1.397,hold,hold,default_hold,hold,execute_default_hold,0,False,0.0,0.0,0.0
2025-05-28 15:30:00+00:00,1.4088,hold,hold,default_hold,hold,execute_default_hold,0,False,0.0,0.0,0.0
2025-05-28 15:45:00+00:00,1.415,hold,hold,default_hold,hold,execute_default_hold,0,False,0.0,0.0,0.0
2025-05-28 16:00:00+00:00,1.415,hold,hold,default_hold,hold,execute_default_hold,0,False,0.0,0.0,0.0
2025-05-28 16:15:00+00:00,1.4246,hold,hold,default_hold,hold,execute_default_hold,0,False,0.0,0.0,0.0
2025-05-28 16:30:00+00:00,1.4253,hold,hold,default_hold,hold,execute_default_hold,0,False,0.0,0.0,0.0
2025-05-28 16:45:00+00:00,1.43,hold,hold,default_hold,hold,execute_default_hold,0,False,0.0,0.0,0.0
2025-05-28 17:00:00+00:00,1.42,hold,hold,default_hold,hold,execute_default_hold,0,False,0.0,0.0,0.0
2025-05-28 17:15:00+00:00,1.4164,hold,hold,default_hold,hold,execute_default_hold,0,False,0.0,0.0,0.0
2025-05-28 17:30:00+00:00,1.42,hold,hold,default_hold,hold,execute_default_hold,0,False,0.0,0.0,0.0
2025-05-28 17:45:00+00:00,1.423,hold,hold,default_hold,hold,execute_default_hold,0,False,0.0,0.0,0.0
2025-05-28 18:00:00+00:00,1.425,hold,hold,default_hold,hold,execute_default_hold,0,False,0.0,0.0,0.0
2025-05-28 18:15:00+00:00,1.425,hold,hold,default_hold,hold,execute_default_hold,0,False,0.0,0.0,0.0
2025-05-28 18:30:00+00:00,1.42,buy,buy,trend_buy,buy,weak_trend_limited_buy,50,False,0.0,0.0,0.0
2025-05-28 18:45:00+00:00,1.425,hold,hold,default_hold,hold,execute_default_hold,0,False,0.0,0.0,0.0
2025-05-28 19:00:00+00:00,1.397,hold,hold,default_hold,hold,execute_default_hold,0,False,0.0,0.0,0.0
2025-05-28 19:15:00+00:00,1.3972,hold,hold,default_hold,hold,execute_default_hold,0,False,0.0,0.0,0.0
2025-05-28 19:30:00+00:00,1.395,hold,hold,default_hold,hold,execute_default_hold,0,False,0.0,0.0,0.0
2025-05-28 19:45:00+00:00,1.4099,hold,hold,default_hold,hold,execute_default_hold,0,False,0.0,0.0,0.0
2025-05-28 20:00:00+00:00,1.41,hold,hold,default_hold,hold,execute_default_hold,0,False,0.0,0.0,0.0
2025-05-29 13:30:00+00:00,1.41,reduce,hold,no_position,hold,execute_no_position,0,False,0.0,0.0,0.0
2025-05-29 13:45:00+00:00,1.405,hold,hold,default_hold,hold,execute_default_hold,0,False,0.0,0.0,0.0
2025-05-29 14:00:00+00:00,1.4054,hold,hold,default_hold,hold,execute_default_hold,0,False,0.0,0.0,0.0
2025-05-29 14:15:00+00:00,1.405,hold,hold,default_hold,hold,execute_default_hold,0,False,0.0,0.0,0.0
2025-05-29 14:30:00+00:00,1.415,hold,hold,default_hold,hold,execute_default_hold,0,False,0.0,0.0,0.0
2025-05-29 14:45:00+00:00,1.405,hold,hold,default_hold,hold,execute_default_hold,0,False,0.0,0.0,0.0
2025-05-29 15:00:00+00:00,1.4,hold,hold,default_hold,hold,execute_default_hold,0,False,0.0,0.0,0.0
2025-05-29 15:15:00+00:00,1.4099,hold,hold,default_hold,hold,execute_default_hold,0,False,0.0,0.0,0.0
2025-05-29 15:30:00+00:00,1.415,hold,hold,default_hold,hold,execute_default_hold,0,False,0.0,0.0,0.0
2025-05-29 15:45:00+00:00,1.4105,hold,hold,default_hold,hold,execute_default_hold,0,False,0.0,0.0,0.0
2025-05-29 16:00:00+00:00,1.41,hold,hold,default_hold,hold,execute_default_hold,0,False,0.0,0.0,0.0
2025-05-29 16:15:00+00:00,1.4284,hold,hold,default_hold,hold,execute_default_hold,0,False,0.0,0.0,0.0
2025-05-29 16:30:00+00:00,1.415,buy,buy,trend_buy,buy,weak_trend_limited_buy,50,False,0.0,0.0,0.0
2025-05-29 16:45:00+00:00,1.405,hold,hold,default_hold,hold,execute_default_hold,0,False,0.0,0.0,0.0
2025-05-29 17:00:00+00:00,1.4013,hold,hold,default_hold,hold,execute_default_hold,0,False,0.0,0.0,0.0
2025-05-29 17:15:00+00:00,1.4089,hold,hold,default_hold,hold,execute_default_hold,0,False,0.0,0.0,0.0
2025-05-29 17:30:00+00:00,1.41,hold,hold,default_hold,hold,execute_default_hold,0,False,0.0,0.0,0.0
2025-05-29 17:45:00+00:00,1.405,hold,hold,default_hold,hold,execute_default_hold,0,False,0.0,0.0,0.0
2025-05-29 18:00:00+00:00,1.4,hold,hold,default_hold,hold,execute_default_hold,0,False,0.0,0.0,0.0
2025-05-29 18:15:00+00:00,1.3899,hold,hold,default_hold,hold,execute_default_hold,0,False,0.0,0.0,0.0
2025-05-29 18:30:00+00:00,1.39,hold,hold,default_hold,hold,execute_default_hold,0,False,0.0,0.0,0.0
2025-05-29 18:45:00+00:00,1.39,hold,hold,default_hold,hold,execute_default_hold,0,False,0.0,0.0,0.0
2025-05-29 19:00:00+00:00,1.39,hold,hold,default_hold,hold,execute_default_hold,0,False,0.0,0.0,0.0
2025-05-29 19:15:00+00:00,1.395,hold,hold,default_hold,hold,execute_default_hold,0,False,0.0,0.0,0.0
2025-05-29 19:30:00+00:00,1.395,reduce,hold,no_position,hold,execute_no_position,0,False,0.0,0.0,0.0
2025-05-29 19:45:00+00:00,1.39,hold,hold,default_hold,hold,execute_default_hold,0,False,0.0,0.0,0.0
2025-05-29 20:00:00+00:00,1.4,hold,hold,default_hold,hold,execute_default_hold,0,False,0.0,0.0,0.0
2025-05-30 13:30:00+00:00,1.3581,hold,hold,default_hold,hold,execute_default_hold,0,False,0.0,0.0,0.0
2025-05-30 13:45:00+00:00,1.36,hold,hold,default_hold,hold,execute_default_hold,0,False,0.0,0.0,0.0
2025-05-30 14:00:00+00:00,1.355,hold,hold,default_hold,hold,execute_default_hold,0,False,0.0,0.0,0.0
2025-05-30 14:15:00+00:00,1.365,hold,hold,default_hold,hold,execute_default_hold,0,False,0.0,0.0,0.0
2025-05-30 14:30:00+00:00,1.37,hold,hold,default_hold,hold,execute_default_hold,0,False,0.0,0.0,0.0
2025-05-30 14:45:00+00:00,1.37,hold,hold,default_hold,hold,execute_default_hold,0,False,0.0,0.0,0.0
2025-05-30 15:00:00+00:00,1.375,hold,hold,default_hold,hold,execute_default_hold,0,False,0.0,0.0,0.0
2025-05-30 15:15:00+00:00,1.37,hold,hold,default_hold,hold,execute_default_hold,0,False,0.0,0.0,0.0
2025-05-30 15:30:00+00:00,1.3601,hold,hold,default_hold,hold,execute_default_hold,0,False,0.0,0.0,0.0
2025-05-30 15:45:00+00:00,1.37,hold,hold,default_hold,hold,execute_default_hold,0,False,0.0,0.0,0.0
2025-05-30 16:00:00+00:00,1.37,hold,hold,default_hold,hold,execute_default_hold,0,False,0.0,0.0,0.0
2025-05-30 16:15:00+00:00,1.38,hold,hold,default_hold,hold,execute_default_hold,0,False,0.0,0.0,0.0
2025-05-30 16:30:00+00:00,1.37,hold,hold,default_hold,hold,execute_default_hold,0,False,0.0,0.0,0.0
2025-05-30 16:45:00+00:00,1.34,hold,hold,default_hold,hold,execute_default_hold,0,False,0.0,0.0,0.0
2025-05-30 17:00:00+00:00,1.335,hold,hold,default_hold,hold,execute_default_hold,0,False,0.0,0.0,0.0
2025-05-30 17:15:00+00:00,1.3346,hold,hold,default_hold,hold,execute_default_hold,0,False,0.0,0.0,0.0
2025-05-30 17:30:00+00:00,1.345,hold,hold,default_hold,hold,execute_default_hold,0,False,0.0,0.0,0.0
2025-05-30 17:45:00+00:00,1.355,hold,hold,default_hold,hold,execute_default_hold,0,False,0.0,0.0,0.0
2025-05-30 18:00:00+00:00,1.355,hold,hold,default_hold,hold,execute_default_hold,0,False,0.0,0.0,0.0
2025-05-30 18:15:00+00:00,1.3515,hold,hold,default_hold,hold,execute_default_hold,0,False,0.0,0.0,0.0
2025-05-30 18:30:00+00:00,1.355,hold,hold,default_hold,hold,execute_default_hold,0,False,0.0,0.0,0.0
2025-05-30 18:45:00+00:00,1.36,hold,hold,default_hold,hold,execute_default_hold,0,False,0.0,0.0,0.0
2025-05-30 19:00:00+00:00,1.355,hold,hold,default_hold,hold,execute_default_hold,0,False,0.0,0.0,0.0
2025-05-30 19:15:00+00:00,1.37,hold,hold,default_hold,hold,execute_default_hold,0,False,0.0,0.0,0.0
2025-05-30 19:30:00+00:00,1.3811,hold,hold,default_hold,hold,execute_default_hold,0,False,0.0,0.0,0.0
2025-05-30 19:45:00+00:00,1.395,buy,buy,trend_buy,buy,execute_trend_buy,100,False,0.0,0.0,0.0
2025-05-30 20:00:00+00:00,1.39,hold,hold,default_hold,hold,execute_default_hold,0,False,0.0,0.0,0.0
2025-06-02 13:30:00+00:00,1.4,hold,hold,default_hold,hold,execute_default_hold,0,False,0.0,0.0,0.0
2025-06-02 13:45:00+00:00,1.42,hold,hold,default_hold,hold,execute_default_hold,0,False,0.0,0.0,0.0
2025-06-02 14:00:00+00:00,1.4299,hold,hold,default_hold,hold,execute_default_hold,0,False,0.0,0.0,0.0
2025-06-02 14:15:00+00:00,1.395,hold,hold,default_hold,hold,execute_default_hold,0,False,0.0,0.0,0.0
2025-06-02 14:30:00+00:00,1.43,hold,hold,default_hold,hold,execute_default_hold,0,False,0.0,0.0,0.0
2025-06-02 14:45:00+00:00,1.4586,hold,hold,default_hold,hold,execute_default_hold,0,False,0.0,0.0,0.0
2025-06-02 15:00:00+00:00,1.435,hold,hold,default_hold,hold,execute_default_hold,0,False,0.0,0.0,0.0
2025-06-02 15:15:00+00:00,1.4317,hold,hold,default_hold,hold,execute_default_hold,0,False,0.0,0.0,0.0
2025-06-02 15:30:00+00:00,1.465,hold,hold,default_hold,hold,execute_default_hold,0,False,0.0,0.0,0.0
2025-06-02 15:45:00+00:00,1.44,hold,hold,default_hold,hold,execute_default_hold,0,False,0.0,0.0,0.0
2025-06-02 16:00:00+00:00,1.445,hold,hold,default_hold,hold,execute_default_hold,0,False,0.0,0.0,0.0
2025-06-02 16:15:00+00:00,1.43,hold,hold,default_hold,hold,execute_default_hold,0,False,0.0,0.0,0.0
2025-06-02 16:30:00+00:00,1.4215,reduce,hold,no_position,hold,execute_no_position,0,False,0.0,0.0,0.0
2025-06-02 16:45:00+00:00,1.4309,hold,hold,default_hold,hold,execute_default_hold,0,False,0.0,0.0,0.0
2025-06-02 17:00:00+00:00,1.4299,hold,hold,default_hold,hold,execute_default_hold,0,False,0.0,0.0,0.0
2025-06-02 17:15:00+00:00,1.425,hold,hold,default_hold,hold,execute_default_hold,0,False,0.0,0.0,0.0
2025-06-02 17:30:00+00:00,1.415,hold,hold,default_hold,hold,execute_default_hold,0,False,0.0,0.0,0.0
2025-06-02 17:45:00+00:00,1.42,hold,hold,default_hold,hold,execute_default_hold,0,False,0.0,0.0,0.0
2025-06-02 18:00:00+00:00,1.4201,hold,hold,default_hold,hold,execute_default_hold,0,False,0.0,0.0,0.0
2025-06-02 18:15:00+00:00,1.4223,hold,hold,default_hold,hold,execute_default_hold,0,False,0.0,0.0,0.0
2025-06-02 18:30:00+00:00,1.43,hold,hold,default_hold,hold,execute_default_hold,0,False,0.0,0.0,0.0
2025-06-02 18:45:00+00:00,1.43,hold,hold,default_hold,hold,execute_default_hold,0,False,0.0,0.0,0.0
2025-06-02 19:00:00+00:00,1.43,hold,hold,default_hold,hold,execute_default_hold,0,False,0.0,0.0,0.0
2025-06-02 19:15:00+00:00,1.4221,hold,hold,default_hold,hold,execute_default_hold,0,False,0.0,0.0,0.0
2025-06-02 19:30:00+00:00,1.4246,hold,hold,default_hold,hold,execute_default_hold,0,False,0.0,0.0,0.0
2025-06-02 19:45:00+00:00,1.42,hold,hold,default_hold,hold,execute_default_hold,0,False,0.0,0.0,0.0
2025-06-02 20:00:00+00:00,1.44,hold,hold,default_hold,hold,execute_default_hold,0,False,0.0,0.0,0.0
2025-06-03 13:30:00+00:00,1.415,hold,hold,default_hold,hold,execute_default_hold,0,False,0.0,0.0,0.0
2025-06-03 13:45:00+00:00,1.425,hold,hold,default_hold,hold,execute_default_hold,0,False,0.0,0.0,0.0
2025-06-03 14:00:00+00:00,1.425,buy,buy,trend_buy,buy,weak_trend_limited_buy,50,False,0.0,0.0,0.0
2025-06-03 14:15:00+00:00,1.415,hold,hold,default_hold,hold,execute_default_hold,0,False,0.0,0.0,0.0
2025-06-03 14:30:00+00:00,1.4399,hold,hold,default_hold,hold,execute_default_hold,0,False,0.0,0.0,0.0
2025-06-03 14:45:00+00:00,1.4513,hold,hold,default_hold,hold,execute_default_hold,0,False,0.0,0.0,0.0
2025-06-03 15:00:00+00:00,1.415,hold,hold,default_hold,hold,execute_default_hold,0,False,0.0,0.0,0.0
2025-06-03 15:15:00+00:00,1.385,hold,hold,default_hold,hold,execute_default_hold,0,False,0.0,0.0,0.0
2025-06-03 15:30:00+00:00,1.375,hold,hold,default_hold,hold,execute_default_hold,0,False,0.0,0.0,0.0
2025-06-03 15:45:00+00:00,1.395,hold,hold,default_hold,hold,execute_default_hold,0,False,0.0,0.0,0.0
2025-06-03 16:00:00+00:00,1.39,hold,hold,default_hold,hold,execute_default_hold,0,False,0.0,0.0,0.0
2025-06-03 16:15:00+00:00,1.395,hold,hold,default_hold,hold,execute_default_hold,0,False,0.0,0.0,0.0
2025-06-03 16:30:00+00:00,1.415,hold,hold,default_hold,hold,execute_default_hold,0,False,0.0,0.0,0.0
2025-06-03 16:45:00+00:00,1.405,hold,hold,default_hold,hold,execute_default_hold,0,False,0.0,0.0,0.0
2025-06-03 17:00:00+00:00,1.415,reduce,hold,no_position,hold,execute_no_position,0,False,0.0,0.0,0.0
2025-06-03 17:15:00+00:00,1.405,hold,hold,default_hold,hold,execute_default_hold,0,False,0.0,0.0,0.0
2025-06-03 17:30:00+00:00,1.4047,hold,hold,default_hold,hold,execute_default_hold,0,False,0.0,0.0,0.0
2025-06-03 17:45:00+00:00,1.405,hold,hold,default_hold,hold,execute_default_hold,0,False,0.0,0.0,0.0
2025-06-03 18:00:00+00:00,1.41,hold,hold,default_hold,hold,execute_default_hold,0,False,0.0,0.0,0.0
2025-06-03 18:15:00+00:00,1.405,hold,hold,default_hold,hold,execute_default_hold,0,False,0.0,0.0,0.0
2025-06-03 18:30:00+00:00,1.41,hold,hold,default_hold,hold,execute_default_hold,0,False,0.0,0.0,0.0
2025-06-03 18:45:00+00:00,1.4019,hold,hold,default_hold,hold,execute_default_hold,0,False,0.0,0.0,0.0
2025-06-03 19:00:00+00:00,1.415,hold,hold,default_hold,hold,execute_default_hold,0,False,0.0,0.0,0.0
2025-06-03 19:15:00+00:00,1.405,hold,hold,default_hold,hold,execute_default_hold,0,False,0.0,0.0,0.0
2025-06-03 19:30:00+00:00,1.405,hold,hold,default_hold,hold,execute_default_hold,0,False,0.0,0.0,0.0
2025-06-03 19:45:00+00:00,1.43,hold,hold,default_hold,hold,execute_default_hold,0,False,0.0,0.0,0.0
2025-06-03 20:00:00+00:00,1.42,buy,buy,trend_buy,buy,execute_trend_buy,100,False,0.0,0.0,0.0
2025-06-04 13:30:00+00:00,1.42,hold,hold,default_hold,hold,execute_default_hold,0,False,0.0,0.0,0.0
2025-06-04 13:45:00+00:00,1.4105,hold,hold,default_hold,hold,execute_default_hold,0,False,0.0,0.0,0.0
2025-06-04 14:00:00+00:00,1.395,reduce,hold,no_position,hold,execute_no_position,0,False,0.0,0.0,0.0
2025-06-04 14:15:00+00:00,1.4,hold,hold,default_hold,hold,execute_default_hold,0,False,0.0,0.0,0.0
2025-06-04 14:30:00+00:00,1.4,hold,hold,default_hold,hold,execute_default_hold,0,False,0.0,0.0,0.0
2025-06-04 14:45:00+00:00,1.42,hold,hold,default_hold,hold,execute_default_hold,0,False,0.0,0.0,0.0
2025-06-04 15:00:00+00:00,1.415,hold,hold,default_hold,hold,execute_default_hold,0,False,0.0,0.0,0.0
2025-06-04 15:15:00+00:00,1.425,hold,hold,default_hold,hold,execute_default_hold,0,False,0.0,0.0,0.0
2025-06-04 15:30:00+00:00,1.4,hold,hold,default_hold,hold,execute_default_hold,0,False,0.0,0.0,0.0
2025-06-04 15:45:00+00:00,1.4,hold,hold,default_hold,hold,execute_default_hold,0,False,0.0,0.0,0.0
2025-06-04 16:00:00+00:00,1.395,hold,hold,default_hold,hold,execute_default_hold,0,False,0.0,0.0,0.0
2025-06-04 16:15:00+00:00,1.3901,hold,hold,default_hold,hold,execute_default_hold,0,False,0.0,0.0,0.0
2025-06-04 16:30:00+00:00,1.405,hold,hold,default_hold,hold,execute_default_hold,0,False,0.0,0.0,0.0
2025-06-04 16:45:00+00:00,1.405,hold,hold,default_hold,hold,execute_default_hold,0,False,0.0,0.0,0.0
2025-06-04 17:00:00+00:00,1.41,hold,hold,default_hold,hold,execute_default_hold,0,False,0.0,0.0,0.0
2025-06-04 17:15:00+00:00,1.415,hold,hold,default_hold,hold,execute_default_hold,0,False,0.0,0.0,0.0
2025-06-04 17:30:00+00:00,1.405,hold,hold,default_hold,hold,execute_default_hold,0,False,0.0,0.0,0.0
2025-06-04 17:45:00+00:00,1.395,hold,hold,default_hold,hold,execute_default_hold,0,False,0.0,0.0,0.0
2025-06-04 18:00:00+00:00,1.41,hold,hold,default_hold,hold,execute_default_hold,0,False,0.0,0.0,0.0
2025-06-04 18:15:00+00:00,1.415,hold,hold,default_hold,hold,execute_default_hold,0,False,0.0,0.0,0.0
2025-06-04 18:30:00+00:00,1.405,hold,hold,default_hold,hold,execute_default_hold,0,False,0.0,0.0,0.0
2025-06-04 18:45:00+00:00,1.405,buy,buy,trend_buy,buy,weak_trend_limited_buy,50,False,0.0,0.0,0.0
2025-06-04 19:00:00+00:00,1.485,hold,hold,default_hold,hold,execute_default_hold,0,False,0.0,0.0,0.0
2025-06-04 19:15:00+00:00,1.47,hold,hold,default_hold,hold,execute_default_hold,0,False,0.0,0.0,0.0
2025-06-04 19:30:00+00:00,1.445,hold,hold,default_hold,hold,execute_default_hold,0,False,0.0,0.0,0.0
2025-06-04 19:45:00+00:00,1.44,hold,hold,default_hold,hold,execute_default_hold,0,False,0.0,0.0,0.0
2025-06-04 20:00:00+00:00,1.455,hold,hold,default_hold,hold,execute_default_hold,0,False,0.0,0.0,0.0
2025-06-05 13:30:00+00:00,1.4936,hold,hold,default_hold,hold,execute_default_hold,0,False,0.0,0.0,0.0
2025-06-05 13:45:00+00:00,1.46,hold,hold,default_hold,hold,execute_default_hold,0,False,0.0,0.0,0.0
2025-06-05 14:00:00+00:00,1.43,hold,hold,default_hold,hold,execute_default_hold,0,False,0.0,0.0,0.0
2025-06-05 14:15:00+00:00,1.435,hold,hold,default_hold,hold,execute_default_hold,0,False,0.0,0.0,0.0
2025-06-05 14:30:00+00:00,1.44,hold,hold,default_hold,hold,execute_default_hold,0,False,0.0,0.0,0.0
2025-06-05 14:45:00+00:00,1.45,reduce,hold,no_position,hold,execute_no_position,0,False,0.0,0.0,0.0
2025-06-05 15:00:00+00:00,1.435,hold,hold,default_hold,hold,execute_default_hold,0,False,0.0,0.0,0.0
2025-06-05 15:15:00+00:00,1.425,hold,hold,default_hold,hold,execute_default_hold,0,False,0.0,0.0,0.0
2025-06-05 15:30:00+00:00,1.425,hold,hold,default_hold,hold,execute_default_hold,0,False,0.0,0.0,0.0
2025-06-05 15:45:00+00:00,1.43,hold,hold,default_hold,hold,execute_default_hold,0,False,0.0,0.0,0.0
2025-06-05 16:00:00+00:00,1.425,hold,hold,default_hold,hold,execute_default_hold,0,False,0.0,0.0,0.0
2025-06-05 16:15:00+00:00,1.43,hold,hold,default_hold,hold,execute_default_hold,0,False,0.0,0.0,0.0
2025-06-05 16:30:00+00:00,1.43,hold,hold,default_hold,hold,execute_default_hold,0,False,0.0,0.0,0.0
2025-06-05 16:45:00+00:00,1.415,hold,hold,default_hold,hold,execute_default_hold,0,False,0.0,0.0,0.0
2025-06-05 17:00:00+00:00,1.41,hold,hold,default_hold,hold,execute_default_hold,0,False,0.0,0.0,0.0
2025-06-05 17:15:00+00:00,1.45,hold,hold,default_hold,hold,execute_default_hold,0,False,0.0,0.0,0.0
2025-06-05 17:30:00+00:00,1.4315,hold,hold,default_hold,hold,execute_default_hold,0,False,0.0,0.0,0.0
2025-06-05 17:45:00+00:00,1.435,hold,hold,default_hold,hold,execute_default_hold,0,False,0.0,0.0,0.0
2025-06-05 18:00:00+00:00,1.44,hold,hold,default_hold,hold,execute_default_hold,0,False,0.0,0.0,0.0
2025-06-05 18:15:00+00:00,1.445,hold,hold,default_hold,hold,execute_default_hold,0,False,0.0,0.0,0.0
2025-06-05 18:30:00+00:00,1.45,hold,hold,default_hold,hold,execute_default_hold,0,False,0.0,0.0,0.0
2025-06-05 18:45:00+00:00,1.435,buy,buy,trend_buy,buy,weak_trend_limited_buy,50,False,0.0,0.0,0.0
2025-06-05 19:00:00+00:00,1.435,hold,hold,default_hold,hold,execute_default_hold,0,False,0.0,0.0,0.0
2025-06-05 19:15:00+00:00,1.4201,hold,hold,default_hold,hold,execute_default_hold,0,False,0.0,0.0,0.0
2025-06-05 19:30:00+00:00,1.405,hold,hold,default_hold,hold,execute_default_hold,0,False,0.0,0.0,0.0
2025-06-05 19:45:00+00:00,1.415,hold,hold,default_hold,hold,execute_default_hold,0,False,0.0,0.0,0.0
2025-06-05 20:00:00+00:00,1.42,hold,hold,default_hold,hold,execute_default_hold,0,False,0.0,0.0,0.0
2025-06-06 13:30:00+00:00,1.4,reduce,hold,no_position,hold,execute_no_position,0,False,0.0,0.0,0.0
2025-06-06 13:45:00+00:00,1.395,hold,hold,default_hold,hold,execute_default_hold,0,False,0.0,0.0,0.0
2025-06-06 14:00:00+00:00,1.39,hold,hold,default_hold,hold,execute_default_hold,0,False,0.0,0.0,0.0
2025-06-06 14:15:00+00:00,1.401,hold,hold,default_hold,hold,execute_default_hold,0,False,0.0,0.0,0.0
2025-06-06 14:30:00+00:00,1.39,hold,hold,default_hold,hold,execute_default_hold,0,False,0.0,0.0,0.0
2025-06-06 14:45:00+00:00,1.4,hold,hold,default_hold,hold,execute_default_hold,0,False,0.0,0.0,0.0
2025-06-06 15:00:00+00:00,1.39,hold,hold,default_hold,hold,execute_default_hold,0,False,0.0,0.0,0.0
2025-06-06 15:15:00+00:00,1.405,hold,hold,default_hold,hold,execute_default_hold,0,False,0.0,0.0,0.0
2025-06-06 15:30:00+00:00,1.405,hold,hold,default_hold,hold,execute_default_hold,0,False,0.0,0.0,0.0
2025-06-06 15:45:00+00:00,1.405,hold,hold,default_hold,hold,execute_default_hold,0,False,0.0,0.0,0.0
2025-06-06 16:00:00+00:00,1.405,hold,hold,default_hold,hold,execute_default_hold,0,False,0.0,0.0,0.0
2025-06-06 16:15:00+00:00,1.41,hold,hold,default_hold,hold,execute_default_hold,0,False,0.0,0.0,0.0
2025-06-06 16:30:00+00:00,1.405,hold,hold,default_hold,hold,execute_default_hold,0,False,0.0,0.0,0.0
2025-06-06 16:45:00+00:00,1.4099,hold,hold,default_hold,hold,execute_default_hold,0,False,0.0,0.0,0.0
2025-06-06 17:00:00+00:00,1.405,hold,hold,default_hold,hold,execute_default_hold,0,False,0.0,0.0,0.0
2025-06-06 17:15:00+00:00,1.4046,buy,buy,trend_buy,buy,weak_trend_limited_buy,50,False,0.0,0.0,0.0
2025-06-06 17:30:00+00:00,1.4199,hold,hold,default_hold,hold,execute_default_hold,0,False,0.0,0.0,0.0
2025-06-06 17:45:00+00:00,1.415,hold,hold,default_hold,hold,execute_default_hold,0,False,0.0,0.0,0.0
2025-06-06 18:00:00+00:00,1.415,hold,hold,default_hold,hold,execute_default_hold,0,False,0.0,0.0,0.0
2025-06-06 18:15:00+00:00,1.41,hold,hold,default_hold,hold,execute_default_hold,0,False,0.0,0.0,0.0
2025-06-06 18:30:00+00:00,1.405,hold,hold,default_hold,hold,execute_default_hold,0,False,0.0,0.0,0.0
2025-06-06 18:45:00+00:00,1.4,hold,hold,default_hold,hold,execute_default_hold,0,False,0.0,0.0,0.0
2025-06-06 19:00:00+00:00,1.395,hold,hold,default_hold,hold,execute_default_hold,0,False,0.0,0.0,0.0
2025-06-06 19:15:00+00:00,1.395,hold,hold,default_hold,hold,execute_default_hold,0,False,0.0,0.0,0.0
2025-06-06 19:30:00+00:00,1.38,hold,hold,default_hold,hold,execute_default_hold,0,False,0.0,0.0,0.0
2025-06-06 19:45:00+00:00,1.385,hold,hold,default_hold,hold,execute_default_hold,0,False,0.0,0.0,0.0
2025-06-06 20:00:00+00:00,1.38,hold,hold,default_hold,hold,execute_default_hold,0,False,0.0,0.0,0.0
2025-06-09 13:30:00+00:00,1.3413,reduce,hold,no_position,hold,execute_no_position,0,False,0.0,0.0,0.0
2025-06-09 13:45:00+00:00,1.3499,hold,hold,default_hold,hold,execute_default_hold,0,False,0.0,0.0,0.0
2025-06-09 14:00:00+00:00,1.3488,hold,hold,default_hold,hold,execute_default_hold,0,False,0.0,0.0,0.0
2025-06-09 14:15:00+00:00,1.3402,hold,hold,default_hold,hold,execute_default_hold,0,False,0.0,0.0,0.0
2025-06-09 14:30:00+00:00,1.3501,hold,hold,default_hold,hold,execute_default_hold,0,False,0.0,0.0,0.0
2025-06-09 14:45:00+00:00,1.345,hold,hold,default_hold,hold,execute_default_hold,0,False,0.0,0.0,0.0
2025-06-09 15:00:00+00:00,1.33,hold,hold,default_hold,hold,execute_default_hold,0,False,0.0,0.0,0.0
2025-06-09 15:15:00+00:00,1.335,hold,hold,default_hold,hold,execute_default_hold,0,False,0.0,0.0,0.0
2025-06-09 15:30:00+00:00,1.3535,hold,hold,default_hold,hold,execute_default_hold,0,False,0.0,0.0,0.0
2025-06-09 15:45:00+00:00,1.36,hold,hold,default_hold,hold,execute_default_hold,0,False,0.0,0.0,0.0
2025-06-09 16:00:00+00:00,1.365,hold,hold,default_hold,hold,execute_default_hold,0,False,0.0,0.0,0.0
2025-06-09 16:15:00+00:00,1.37,hold,hold,default_hold,hold,execute_default_hold,0,False,0.0,0.0,0.0
2025-06-09 16:30:00+00:00,1.37,hold,hold,default_hold,hold,execute_default_hold,0,False,0.0,0.0,0.0
2025-06-09 16:45:00+00:00,1.375,hold,hold,default_hold,hold,execute_default_hold,0,False,0.0,0.0,0.0
2025-06-09 17:00:00+00:00,1.3799,hold,hold,default_hold,hold,execute_default_hold,0,False,0.0,0.0,0.0
2025-06-09 17:15:00+00:00,1.39,buy,buy,trend_buy,buy,weak_trend_limited_buy,50,False,0.0,0.0,0.0
2025-06-09 17:30:00+00:00,1.39,hold,hold,default_hold,hold,execute_default_hold,0,False,0.0,0.0,0.0
2025-06-09 17:45:00+00:00,1.385,hold,hold,default_hold,hold,execute_default_hold,0,False,0.0,0.0,0.0
2025-06-09 18:00:00+00:00,1.389,hold,hold,default_hold,hold,execute_default_hold,0,False,0.0,0.0,0.0
2025-06-09 18:15:00+00:00,1.4071,hold,hold,default_hold,hold,execute_default_hold,0,False,0.0,0.0,0.0
2025-06-09 18:30:00+00:00,1.405,hold,hold,default_hold,hold,execute_default_hold,0,False,0.0,0.0,0.0
2025-06-09 18:45:00+00:00,1.395,hold,hold,default_hold,hold,execute_default_hold,0,False,0.0,0.0,0.0
2025-06-09 19:00:00+00:00,1.4101,hold,hold,default_hold,hold,execute_default_hold,0,False,0.0,0.0,0.0
2025-06-09 19:15:00+00:00,1.42,hold,hold,default_hold,hold,execute_default_hold,0,False,0.0,0.0,0.0
2025-06-09 19:30:00+00:00,1.455,hold,hold,default_hold,hold,execute_default_hold,0,False,0.0,0.0,0.0
2025-06-09 19:45:00+00:00,1.455,hold,hold,default_hold,hold,execute_default_hold,0,False,0.0,0.0,0.0
2025-06-09 20:00:00+00:00,1.455,hold,hold,default_hold,hold,execute_default_hold,0,False,0.0,0.0,0.0
2025-06-10 13:30:00+00:00,1.445,hold,hold,default_hold,hold,execute_default_hold,0,False,0.0,0.0,0.0
2025-06-10 13:45:00+00:00,1.4613,hold,hold,default_hold,hold,execute_default_hold,0,False,0.0,0.0,0.0
2025-06-10 14:00:00+00:00,1.485,hold,hold,default_hold,hold,execute_default_hold,0,False,0.0,0.0,0.0
2025-06-10 14:15:00+00:00,1.5,hold,hold,default_hold,hold,execute_default_hold,0,False,0.0,0.0,0.0
2025-06-10 14:30:00+00:00,1.4699,hold,hold,default_hold,hold,execute_default_hold,0,False,0.0,0.0,0.0
2025-06-10 14:45:00+00:00,1.47,hold,hold,default_hold,hold,execute_default_hold,0,False,0.0,0.0,0.0
2025-06-10 15:00:00+00:00,1.465,hold,hold,default_hold,hold,execute_default_hold,0,False,0.0,0.0,0.0
2025-06-10 15:15:00+00:00,1.455,hold,hold,default_hold,hold,execute_default_hold,0,False,0.0,0.0,0.0
2025-06-10 15:30:00+00:00,1.465,hold,hold,default_hold,hold,execute_default_hold,0,False,0.0,0.0,0.0
2025-06-10 15:45:00+00:00,1.4499,reduce,hold,no_position,hold,execute_no_position,0,False,0.0,0.0,0.0
2025-06-10 16:00:00+00:00,1.455,hold,hold,default_hold,hold,execute_default_hold,0,False,0.0,0.0,0.0
2025-06-10 16:15:00+00:00,1.455,hold,hold,default_hold,hold,execute_default_hold,0,False,0.0,0.0,0.0
2025-06-10 16:30:00+00:00,1.465,hold,hold,default_hold,hold,execute_default_hold,0,False,0.0,0.0,0.0
2025-06-10 16:45:00+00:00,1.465,hold,hold,default_hold,hold,execute_default_hold,0,False,0.0,0.0,0.0
2025-06-10 17:00:00+00:00,1.465,hold,hold,default_hold,hold,execute_default_hold,0,False,0.0,0.0,0.0
2025-06-10 17:15:00+00:00,1.465,hold,hold,default_hold,hold,execute_default_hold,0,False,0.0,0.0,0.0
2025-06-10 17:30:00+00:00,1.46,hold,hold,default_hold,hold,execute_default_hold,0,False,0.0,0.0,0.0
2025-06-10 17:45:00+00:00,1.475,hold,hold,default_hold,hold,execute_default_hold,0,False,0.0,0.0,0.0
2025-06-10 18:00:00+00:00,1.465,hold,hold,default_hold,hold,execute_default_hold,0,False,0.0,0.0,0.0
2025-06-10 18:15:00+00:00,1.455,hold,hold,default_hold,hold,execute_default_hold,0,False,0.0,0.0,0.0
2025-06-10 18:30:00+00:00,1.465,hold,hold,default_hold,hold,execute_default_hold,0,False,0.0,0.0,0.0
2025-06-10 18:45:00+00:00,1.46,buy,buy,range_buy,buy,weak_range_limited_buy,50,False,0.0,0.0,0.0
2025-06-10 19:00:00+00:00,1.46,hold,hold,default_hold,hold,execute_default_hold,0,False,0.0,0.0,0.0
2025-06-10 19:15:00+00:00,1.465,hold,hold,default_hold,hold,execute_default_hold,0,False,0.0,0.0,0.0
2025-06-10 19:30:00+00:00,1.465,hold,hold,default_hold,hold,execute_default_hold,0,False,0.0,0.0,0.0
2025-06-10 19:45:00+00:00,1.4599,hold,hold,default_hold,hold,execute_default_hold,0,False,0.0,0.0,0.0
2025-06-10 20:00:00+00:00,1.47,hold,hold,default_hold,hold,execute_default_hold,0,False,0.0,0.0,0.0
2025-06-11 13:30:00+00:00,1.435,reduce,hold,no_position,hold,execute_no_position,0,False,0.0,0.0,0.0
2025-06-11 13:45:00+00:00,1.415,hold,hold,default_hold,hold,execute_default_hold,0,False,0.0,0.0,0.0
2025-06-11 14:00:00+00:00,1.415,hold,hold,default_hold,hold,execute_default_hold,0,False,0.0,0.0,0.0
2025-06-11 14:15:00+00:00,1.4175,hold,hold,default_hold,hold,execute_default_hold,0,False,0.0,0.0,0.0
2025-06-11 14:30:00+00:00,1.415,hold,hold,default_hold,hold,execute_default_hold,0,False,0.0,0.0,0.0
2025-06-11 14:45:00+00:00,1.415,hold,hold,default_hold,hold,execute_default_hold,0,False,0.0,0.0,0.0
2025-06-11 15:00:00+00:00,1.415,hold,hold,default_hold,hold,execute_default_hold,0,False,0.0,0.0,0.0
2025-06-11 15:15:00+00:00,1.4285,hold,hold,default_hold,hold,execute_default_hold,0,False,0.0,0.0,0.0
2025-06-11 15:30:00+00:00,1.43,hold,hold,default_hold,hold,execute_default_hold,0,False,0.0,0.0,0.0
2025-06-11 15:45:00+00:00,1.4328,hold,hold,default_hold,hold,execute_default_hold,0,False,0.0,0.0,0.0
2025-06-11 16:00:00+00:00,1.4347,hold,hold,default_hold,hold,execute_default_hold,0,False,0.0,0.0,0.0
2025-06-11 16:15:00+00:00,1.435,hold,hold,default_hold,hold,execute_default_hold,0,False,0.0,0.0,0.0
2025-06-11 16:30:00+00:00,1.425,hold,hold,default_hold,hold,execute_default_hold,0,False,0.0,0.0,0.0
2025-06-11 16:45:00+00:00,1.43,hold,hold,default_hold,hold,execute_default_hold,0,False,0.0,0.0,0.0
2025-06-11 17:00:00+00:00,1.44,hold,hold,default_hold,hold,execute_default_hold,0,False,0.0,0.0,0.0
2025-06-11 17:15:00+00:00,1.45,hold,hold,default_hold,hold,execute_default_hold,0,False,0.0,0.0,0.0
2025-06-11 17:30:00+00:00,1.46,buy,buy,trend_buy,buy,weak_trend_limited_buy,50,False,0.0,0.0,0.0
2025-06-11 17:45:00+00:00,1.455,hold,hold,default_hold,hold,execute_default_hold,0,False,0.0,0.0,0.0
2025-06-11 18:00:00+00:00,1.445,hold,hold,default_hold,hold,execute_default_hold,0,False,0.0,0.0,0.0
2025-06-11 18:15:00+00:00,1.415,hold,hold,default_hold,hold,execute_default_hold,0,False,0.0,0.0,0.0
2025-06-11 18:30:00+00:00,1.425,hold,hold,default_hold,hold,execute_default_hold,0,False,0.0,0.0,0.0
2025-06-11 18:45:00+00:00,1.43,hold,hold,default_hold,hold,execute_default_hold,0,False,0.0,0.0,0.0
2025-06-11 19:00:00+00:00,1.425,hold,hold,default_hold,hold,execute_default_hold,0,False,0.0,0.0,0.0
2025-06-11 19:15:00+00:00,1.4297,hold,hold,default_hold,hold,execute_default_hold,0,False,0.0,0.0,0.0
2025-06-11 19:30:00+00:00,1.425,hold,hold,default_hold,hold,execute_default_hold,0,False,0.0,0.0,0.0
2025-06-11 19:45:00+00:00,1.415,hold,hold,default_hold,hold,execute_default_hold,0,False,0.0,0.0,0.0
2025-06-11 20:00:00+00:00,1.42,hold,hold,default_hold,hold,execute_default_hold,0,False,0.0,0.0,0.0
2025-06-12 13:30:00+00:00,1.41,reduce,hold,no_position,hold,execute_no_position,0,False,0.0,0.0,0.0
2025-06-12 13:45:00+00:00,1.41,hold,hold,default_hold,hold,execute_default_hold,0,False,0.0,0.0,0.0
2025-06-12 14:00:00+00:00,1.41,hold,hold,default_hold,hold,execute_default_hold,0,False,0.0,0.0,0.0
2025-06-12 14:15:00+00:00,1.41,hold,hold,default_hold,hold,execute_default_hold,0,False,0.0,0.0,0.0
2025-06-12 14:30:00+00:00,1.415,hold,hold,default_hold,hold,execute_default_hold,0,False,0.0,0.0,0.0
2025-06-12 14:45:00+00:00,1.435,hold,hold,default_hold,hold,execute_default_hold,0,False,0.0,0.0,0.0
2025-06-12 15:00:00+00:00,1.4398,hold,hold,default_hold,hold,execute_default_hold,0,False,0.0,0.0,0.0
2025-06-12 15:15:00+00:00,1.425,hold,hold,default_hold,hold,execute_default_hold,0,False,0.0,0.0,0.0
2025-06-12 15:30:00+00:00,1.4117,hold,hold,default_hold,hold,execute_default_hold,0,False,0.0,0.0,0.0
2025-06-12 15:45:00+00:00,1.4089,hold,hold,default_hold,hold,execute_default_hold,0,False,0.0,0.0,0.0
2025-06-12 16:00:00+00:00,1.4001,hold,hold,default_hold,hold,execute_default_hold,0,False,0.0,0.0,0.0
2025-06-12 16:15:00+00:00,1.405,hold,hold,default_hold,hold,execute_default_hold,0,False,0.0,0.0,0.0
2025-06-12 16:30:00+00:00,1.4,hold,hold,default_hold,hold,execute_default_hold,0,False,0.0,0.0,0.0
2025-06-12 16:45:00+00:00,1.43,hold,hold,default_hold,hold,execute_default_hold,0,False,0.0,0.0,0.0
2025-06-12 17:00:00+00:00,1.435,hold,hold,default_hold,hold,execute_default_hold,0,False,0.0,0.0,0.0
2025-06-12 17:15:00+00:00,1.435,hold,hold,default_hold,hold,execute_default_hold,0,False,0.0,0.0,0.0
2025-06-12 17:30:00+00:00,1.435,hold,hold,default_hold,hold,execute_default_hold,0,False,0.0,0.0,0.0
2025-06-12 17:45:00+00:00,1.435,hold,hold,default_hold,hold,execute_default_hold,0,False,0.0,0.0,0.0
2025-06-12 18:00:00+00:00,1.44,hold,hold,default_hold,hold,execute_default_hold,0,False,0.0,0.0,0.0
2025-06-12 18:15:00+00:00,1.485,hold,hold,default_hold,hold,execute_default_hold,0,False,0.0,0.0,0.0
2025-06-12 18:30:00+00:00,1.5005,hold,hold,default_hold,hold,execute_default_hold,0,False,0.0,0.0,0.0
2025-06-12 18:45:00+00:00,1.525,hold,hold,default_hold,hold,execute_default_hold,0,False,0.0,0.0,0.0
2025-06-12 19:00:00+00:00,1.5191,hold,hold,default_hold,hold,execute_default_hold,0,False,0.0,0.0,0.0
2025-06-12 19:15:00+00:00,1.475,hold,hold,default_hold,hold,execute_default_hold,0,False,0.0,0.0,0.0
2025-06-12 19:30:00+00:00,1.48,hold,hold,default_hold,hold,execute_default_hold,0,False,0.0,0.0,0.0
2025-06-12 19:45:00+00:00,1.535,hold,hold,default_hold,hold,execute_default_hold,0,False,0.0,0.0,0.0
2025-06-12 20:00:00+00:00,1.625,hold,hold,default_hold,hold,execute_default_hold,0,False,0.0,0.0,0.0
2025-06-13 13:30:00+00:00,1.5003,hold,hold,default_hold,hold,execute_default_hold,0,False,0.0,0.0,0.0
2025-06-13 13:45:00+00:00,1.505,hold,hold,default_hold,hold,execute_default_hold,0,False,0.0,0.0,0.0
2025-06-13 14:00:00+00:00,1.49,hold,hold,default_hold,hold,execute_default_hold,0,False,0.0,0.0,0.0
2025-06-13 14:15:00+00:00,1.505,hold,hold,default_hold,hold,execute_default_hold,0,False,0.0,0.0,0.0
2025-06-13 14:30:00+00:00,1.4811,hold,hold,default_hold,hold,execute_default_hold,0,False,0.0,0.0,0.0
2025-06-13 14:45:00+00:00,1.515,hold,hold,default_hold,hold,execute_default_hold,0,False,0.0,0.0,0.0
2025-06-13 15:00:00+00:00,1.625,hold,hold,default_hold,hold,execute_default_hold,0,False,0.0,0.0,0.0
2025-06-13 15:15:00+00:00,1.66,hold,hold,default_hold,hold,execute_default_hold,0,False,0.0,0.0,0.0
2025-06-13 15:30:00+00:00,1.66,hold,hold,default_hold,hold,execute_default_hold,0,False,0.0,0.0,0.0
2025-06-13 15:45:00+00:00,1.73,hold,hold,default_hold,hold,execute_default_hold,0,False,0.0,0.0,0.0
2025-06-13 16:00:00+00:00,1.715,hold,hold,default_hold,hold,execute_default_hold,0,False,0.0,0.0,0.0
2025-06-13 16:15:00+00:00,1.7564,hold,hold,default_hold,hold,execute_default_hold,0,False,0.0,0.0,0.0
2025-06-13 16:30:00+00:00,1.7492,hold,hold,default_hold,hold,execute_default_hold,0,False,0.0,0.0,0.0
2025-06-13 16:45:00+00:00,1.79,hold,hold,default_hold,hold,execute_default_hold,0,False,0.0,0.0,0.0
2025-06-13 17:00:00+00:00,1.8577,hold,hold,default_hold,hold,execute_default_hold,0,False,0.0,0.0,0.0
2025-06-13 17:15:00+00:00,1.8816,hold,hold,default_hold,hold,execute_default_hold,0,False,0.0,0.0,0.0
2025-06-13 17:30:00+00:00,1.9,hold,hold,default_hold,hold,execute_default_hold,0,False,0.0,0.0,0.0
2025-06-13 17:45:00+00:00,1.9373,hold,hold,default_hold,hold,execute_default_hold,0,False,0.0,0.0,0.0
2025-06-13 18:00:00+00:00,1.935,hold,hold,default_hold,hold,execute_default_hold,0,False,0.0,0.0,0.0
2025-06-13 18:15:00+00:00,1.95,hold,hold,default_hold,hold,execute_default_hold,0,False,0.0,0.0,0.0
2025-06-13 18:30:00+00:00,1.9756,hold,hold,default_hold,hold,execute_default_hold,0,False,0.0,0.0,0.0
2025-06-13 18:45:00+00:00,1.965,hold,hold,default_hold,hold,execute_default_hold,0,False,0.0,0.0,0.0
2025-06-13 19:00:00+00:00,1.995,hold,hold,default_hold,hold,execute_default_hold,0,False,0.0,0.0,0.0
2025-06-13 19:15:00+00:00,2.025,hold,hold,default_hold,hold,execute_default_hold,0,False,0.0,0.0,0.0
2025-06-13 19:30:00+00:00,2.079,hold,hold,default_hold,hold,execute_default_hold,0,False,0.0,0.0,0.0
2025-06-13 19:45:00+00:00,2.01,hold,hold,default_hold,hold,execute_default_hold,0,False,0.0,0.0,0.0
2025-06-13 20:00:00+00:00,2.04,hold,hold,default_hold,hold,execute_default_hold,0,False,0.0,0.0,0.0
2025-06-16 13:30:00+00:00,2.2,buy,buy,trend_buy,buy,execute_trend_buy,100,False,0.0,0.0,0.0
2025-06-16 13:45:00+00:00,2.235,hold,hold,default_hold,hold,execute_default_hold,0,False,0.0,0.0,0.0
2025-06-16 14:00:00+00:00,2.35,hold,hold,default_hold,hold,execute_default_hold,0,False,0.0,0.0,0.0
2025-06-16 14:15:00+00:00,2.44,hold,hold,default_hold,hold,execute_default_hold,0,False,0.0,0.0,0.0
2025-06-16 14:30:00+00:00,2.415,hold,hold,default_hold,hold,execute_default_hold,0,False,0.0,0.0,0.0
2025-06-16 14:45:00+00:00,2.47,hold,hold,default_hold,hold,execute_default_hold,0,False,0.0,0.0,0.0
2025-06-16 15:00:00+00:00,2.4898,hold,hold,default_hold,hold,execute_default_hold,0,False,0.0,0.0,0.0
2025-06-16 15:15:00+00:00,2.46,hold,hold,default_hold,hold,execute_default_hold,0,False,0.0,0.0,0.0
2025-06-16 15:30:00+00:00,2.49,hold,hold,default_hold,hold,execute_default_hold,0,False,0.0,0.0,0.0
2025-06-16 15:45:00+00:00,2.4846,hold,hold,default_hold,hold,execute_default_hold,0,False,0.0,0.0,0.0
2025-06-16 16:00:00+00:00,2.46,hold,hold,default_hold,hold,execute_default_hold,0,False,0.0,0.0,0.0
2025-06-16 16:15:00+00:00,2.465,hold,hold,default_hold,hold,execute_default_hold,0,False,0.0,0.0,0.0
2025-06-16 16:30:00+00:00,2.495,hold,hold,default_hold,hold,execute_default_hold,0,False,0.0,0.0,0.0
2025-06-16 16:45:00+00:00,2.4615,hold,hold,default_hold,hold,execute_default_hold,0,False,0.0,0.0,0.0
2025-06-16 17:00:00+00:00,2.4909,hold,hold,default_hold,hold,execute_default_hold,0,False,0.0,0.0,0.0
2025-06-16 17:15:00+00:00,2.681,hold,hold,default_hold,hold,execute_default_hold,0,False,0.0,0.0,0.0
2025-06-16 17:30:00+00:00,2.8482,hold,hold,default_hold,hold,execute_default_hold,0,False,0.0,0.0,0.0
2025-06-16 17:45:00+00:00,2.7803,hold,hold,default_hold,hold,execute_default_hold,0,False,0.0,0.0,0.0
2025-06-16 18:00:00+00:00,2.745,hold,hold,default_hold,hold,execute_default_hold,0,False,0.0,0.0,0.0
2025-06-16 18:15:00+00:00,2.8498,hold,hold,default_hold,hold,execute_default_hold,0,False,0.0,0.0,0.0
2025-06-16 18:30:00+00:00,2.98,hold,hold,default_hold,hold,execute_default_hold,0,False,0.0,0.0,0.0
2025-06-16 18:45:00+00:00,3.0,hold,hold,default_hold,hold,execute_default_hold,0,False,0.0,0.0,0.0
2025-06-16 19:00:00+00:00,3.3399,hold,hold,default_hold,hold,execute_default_hold,0,False,0.0,0.0,0.0
2025-06-16 19:15:00+00:00,3.4388,hold,hold,default_hold,hold,execute_default_hold,0,False,0.0,0.0,0.0
2025-06-16 19:30:00+00:00,3.105,hold,hold,default_hold,hold,execute_default_hold,0,False,0.0,0.0,0.0
2025-06-16 19:45:00+00:00,3.1,hold,hold,default_hold,hold,execute_default_hold,0,False,0.0,0.0,0.0
2025-06-16 20:00:00+00:00,3.03,hold,hold,default_hold,hold,execute_default_hold,0,False,0.0,0.0,0.0
2025-06-17 13:30:00+00:00,2.7,reduce,hold,no_position,hold,execute_no_position,0,False,0.0,0.0,0.0
2025-06-17 13:45:00+00:00,2.835,hold,hold,default_hold,hold,execute_default_hold,0,False,0.0,0.0,0.0
2025-06-17 14:00:00+00:00,2.709,hold,hold,default_hold,hold,execute_default_hold,0,False,0.0,0.0,0.0
2025-06-17 14:15:00+00:00,2.745,hold,hold,default_hold,hold,execute_default_hold,0,False,0.0,0.0,0.0
2025-06-17 14:30:00+00:00,2.681,hold,hold,default_hold,hold,execute_default_hold,0,False,0.0,0.0,0.0
2025-06-17 14:45:00+00:00,2.65,hold,hold,default_hold,hold,execute_default_hold,0,False,0.0,0.0,0.0
2025-06-17 15:00:00+00:00,2.73,hold,hold,default_hold,hold,execute_default_hold,0,False,0.0,0.0,0.0
2025-06-17 15:15:00+00:00,2.8215,hold,hold,default_hold,hold,execute_default_hold,0,False,0.0,0.0,0.0
2025-06-17 15:30:00+00:00,2.803,hold,hold,default_hold,hold,execute_default_hold,0,False,0.0,0.0,0.0
2025-06-17 15:45:00+00:00,2.785,hold,hold,default_hold,hold,execute_default_hold,0,False,0.0,0.0,0.0
2025-06-17 16:00:00+00:00,2.795,hold,hold,default_hold,hold,execute_default_hold,0,False,0.0,0.0,0.0
2025-06-17 16:15:00+00:00,2.855,hold,hold,default_hold,hold,execute_default_hold,0,False,0.0,0.0,0.0
2025-06-17 16:30:00+00:00,2.79,hold,hold,default_hold,hold,execute_default_hold,0,False,0.0,0.0,0.0
2025-06-17 16:45:00+00:00,2.81,hold,hold,default_hold,hold,execute_default_hold,0,False,0.0,0.0,0.0
2025-06-17 17:00:00+00:00,2.75,hold,hold,default_hold,hold,execute_default_hold,0,False,0.0,0.0,0.0
2025-06-17 17:15:00+00:00,2.6623,hold,hold,default_hold,hold,execute_default_hold,0,False,0.0,0.0,0.0
2025-06-17 17:30:00+00:00,2.6811,hold,hold,default_hold,hold,execute_default_hold,0,False,0.0,0.0,0.0
2025-06-17 17:45:00+00:00,2.7129,hold,hold,default_hold,hold,execute_default_hold,0,False,0.0,0.0,0.0
2025-06-17 18:00:00+00:00,2.715,hold,hold,default_hold,hold,execute_default_hold,0,False,0.0,0.0,0.0
2025-06-17 18:15:00+00:00,2.72,hold,hold,default_hold,hold,execute_default_hold,0,False,0.0,0.0,0.0
2025-06-17 18:30:00+00:00,2.7,hold,hold,default_hold,hold,execute_default_hold,0,False,0.0,0.0,0.0
2025-06-17 18:45:00+00:00,2.6925,hold,hold,default_hold,hold,execute_default_hold,0,False,0.0,0.0,0.0
2025-06-17 19:00:00+00:00,2.655,hold,hold,default_hold,hold,execute_default_hold,0,False,0.0,0.0,0.0
2025-06-17 19:15:00+00:00,2.6735,hold,hold,default_hold,hold,execute_default_hold,0,False,0.0,0.0,0.0
2025-06-17 19:30:00+00:00,2.72,hold,hold,default_hold,hold,execute_default_hold,0,False,0.0,0.0,0.0
2025-06-17 19:45:00+00:00,2.705,hold,hold,default_hold,hold,execute_default_hold,0,False,0.0,0.0,0.0
2025-06-17 20:00:00+00:00,2.7,hold,hold,default_hold,hold,execute_default_hold,0,False,0.0,0.0,0.0
2025-06-18 13:30:00+00:00,2.71,hold,hold,default_hold,hold,execute_default_hold,0,False,0.0,0.0,0.0
2025-06-18 13:45:00+00:00,2.8899,hold,hold,default_hold,hold,execute_default_hold,0,False,0.0,0.0,0.0
2025-06-18 14:00:00+00:00,2.865,hold,hold,default_hold,hold,execute_default_hold,0,False,0.0,0.0,0.0
2025-06-18 14:15:00+00:00,2.7282,hold,hold,default_hold,hold,execute_default_hold,0,False,0.0,0.0,0.0
2025-06-18 14:30:00+00:00,2.685,hold,hold,default_hold,hold,execute_default_hold,0,False,0.0,0.0,0.0
2025-06-18 14:45:00+00:00,2.675,hold,hold,default_hold,hold,execute_default_hold,0,False,0.0,0.0,0.0
2025-06-18 15:00:00+00:00,2.655,hold,hold,default_hold,hold,execute_default_hold,0,False,0.0,0.0,0.0
2025-06-18 15:15:00+00:00,2.565,hold,hold,default_hold,hold,execute_default_hold,0,False,0.0,0.0,0.0
2025-06-18 15:30:00+00:00,2.5884,hold,hold,default_hold,hold,execute_default_hold,0,False,0.0,0.0,0.0
2025-06-18 15:45:00+00:00,2.575,hold,hold,default_hold,hold,execute_default_hold,0,False,0.0,0.0,0.0
2025-06-18 16:00:00+00:00,2.55,hold,hold,default_hold,hold,execute_default_hold,0,False,0.0,0.0,0.0
2025-06-18 16:15:00+00:00,2.391,hold,hold,default_hold,hold,execute_default_hold,0,False,0.0,0.0,0.0
2025-06-18 16:30:00+00:00,2.385,hold,hold,default_hold,hold,execute_default_hold,0,False,0.0,0.0,0.0
2025-06-18 16:45:00+00:00,2.365,hold,hold,default_hold,hold,execute_default_hold,0,False,0.0,0.0,0.0
2025-06-18 17:00:00+00:00,2.3613,hold,hold,default_hold,hold,execute_default_hold,0,False,0.0,0.0,0.0
2025-06-18 17:15:00+00:00,2.395,hold,hold,default_hold,hold,execute_default_hold,0,False,0.0,0.0,0.0
2025-06-18 17:30:00+00:00,2.4001,hold,hold,default_hold,hold,execute_default_hold,0,False,0.0,0.0,0.0
2025-06-18 17:45:00+00:00,2.415,hold,hold,default_hold,hold,execute_default_hold,0,False,0.0,0.0,0.0
2025-06-18 18:00:00+00:00,2.4216,hold,hold,default_hold,hold,execute_default_hold,0,False,0.0,0.0,0.0
2025-06-18 18:15:00+00:00,2.41,hold,hold,default_hold,hold,execute_default_hold,0,False,0.0,0.0,0.0
2025-06-18 18:30:00+00:00,2.395,hold,hold,default_hold,hold,execute_default_hold,0,False,0.0,0.0,0.0
2025-06-18 18:45:00+00:00,2.2498,hold,hold,default_hold,hold,execute_default_hold,0,False,0.0,0.0,0.0
2025-06-18 19:00:00+00:00,2.1479,hold,hold,default_hold,hold,execute_default_hold,0,False,0.0,0.0,0.0
2025-06-18 19:15:00+00:00,2.1642,hold,hold,default_hold,hold,execute_default_hold,0,False,0.0,0.0,0.0
2025-06-18 19:30:00+00:00,2.19,hold,hold,default_hold,hold,execute_default_hold,0,False,0.0,0.0,0.0
2025-06-18 19:45:00+00:00,2.182,hold,hold,default_hold,hold,execute_default_hold,0,False,0.0,0.0,0.0
2025-06-18 20:00:00+00:00,2.19,hold,hold,default_hold,hold,execute_default_hold,0,False,0.0,0.0,0.0
2025-06-20 13:30:00+00:00,2.3499,hold,hold,default_hold,hold,execute_default_hold,0,False,0.0,0.0,0.0
2025-06-20 13:45:00+00:00,2.47,sell,hold,no_position,hold,execute_no_position,0,False,0.0,0.0,0.0
2025-06-20 14:00:00+00:00,2.395,reduce,hold,no_position,hold,execute_no_position,0,False,0.0,0.0,0.0
2025-06-20 14:15:00+00:00,2.365,hold,hold,default_hold,hold,execute_default_hold,0,False,0.0,0.0,0.0
2025-06-20 14:30:00+00:00,2.3213,avoid,hold,avoid_no_position,hold,execute_avoid_no_position,0,False,0.0,0.0,0.0
2025-06-20 14:45:00+00:00,2.2665,hold,hold,default_hold,hold,execute_default_hold,0,False,0.0,0.0,0.0
2025-06-20 15:00:00+00:00,2.255,hold,hold,default_hold,hold,execute_default_hold,0,False,0.0,0.0,0.0
2025-06-20 15:15:00+00:00,2.25,hold,hold,default_hold,hold,execute_default_hold,0,False,0.0,0.0,0.0
2025-06-20 15:30:00+00:00,2.245,hold,hold,default_hold,hold,execute_default_hold,0,False,0.0,0.0,0.0
2025-06-20 15:45:00+00:00,2.305,hold,hold,default_hold,hold,execute_default_hold,0,False,0.0,0.0,0.0
2025-06-20 16:00:00+00:00,2.296,sell,hold,no_position,hold,execute_no_position,0,False,0.0,0.0,0.0
2025-06-20 16:15:00+00:00,2.305,hold,hold,default_hold,hold,execute_default_hold,0,False,0.0,0.0,0.0
2025-06-20 16:30:00+00:00,2.3152,hold,hold,default_hold,hold,execute_default_hold,0,False,0.0,0.0,0.0
2025-06-20 16:45:00+00:00,2.3403,hold,hold,default_hold,hold,execute_default_hold,0,False,0.0,0.0,0.0
2025-06-20 17:00:00+00:00,2.365,avoid,hold,avoid_no_position,hold,execute_avoid_no_position,0,False,0.0,0.0,0.0
2025-06-20 17:15:00+00:00,2.345,hold,hold,default_hold,hold,execute_default_hold,0,False,0.0,0.0,0.0
2025-06-20 17:30:00+00:00,2.3124,hold,hold,default_hold,hold,execute_default_hold,0,False,0.0,0.0,0.0
2025-06-20 17:45:00+00:00,2.33,hold,hold,default_hold,hold,execute_default_hold,0,False,0.0,0.0,0.0
2025-06-20 18:00:00+00:00,2.3612,hold,hold,default_hold,hold,execute_default_hold,0,False,0.0,0.0,0.0
2025-06-20 18:15:00+00:00,2.4301,hold,hold,default_hold,hold,execute_default_hold,0,False,0.0,0.0,0.0
2025-06-20 18:30:00+00:00,2.4516,hold,hold,default_hold,hold,execute_default_hold,0,False,0.0,0.0,0.0
2025-06-20 18:45:00+00:00,2.53,hold,hold,default_hold,hold,execute_default_hold,0,False,0.0,0.0,0.0
2025-06-20 19:00:00+00:00,2.56,hold,hold,default_hold,hold,execute_default_hold,0,False,0.0,0.0,0.0
2025-06-20 19:15:00+00:00,2.53,hold,hold,default_hold,hold,execute_default_hold,0,False,0.0,0.0,0.0
2025-06-20 19:30:00+00:00,2.4565,hold,hold,default_hold,hold,execute_default_hold,0,False,0.0,0.0,0.0
2025-06-20 19:45:00+00:00,2.4554,hold,hold,default_hold,hold,execute_default_hold,0,False,0.0,0.0,0.0
2025-06-20 20:00:00+00:00,2.4883,hold,hold,default_hold,hold,execute_default_hold,0,False,0.0,0.0,0.0
2025-06-23 13:30:00+00:00,2.4208,hold,hold,default_hold,hold,execute_default_hold,0,False,0.0,0.0,0.0
2025-06-23 13:45:00+00:00,2.4376,hold,hold,default_hold,hold,execute_default_hold,0,False,0.0,0.0,0.0
2025-06-23 14:00:00+00:00,2.4509,hold,hold,default_hold,hold,execute_default_hold,0,False,0.0,0.0,0.0
2025-06-23 14:15:00+00:00,2.47,hold,hold,default_hold,hold,execute_default_hold,0,False,0.0,0.0,0.0
2025-06-23 14:30:00+00:00,2.565,hold,hold,default_hold,hold,execute_default_hold,0,False,0.0,0.0,0.0
2025-06-23 14:45:00+00:00,2.555,reduce,hold,no_position,hold,execute_no_position,0,False,0.0,0.0,0.0
2025-06-23 15:00:00+00:00,2.545,hold,hold,default_hold,hold,execute_default_hold,0,False,0.0,0.0,0.0
2025-06-23 15:15:00+00:00,2.53,hold,hold,default_hold,hold,execute_default_hold,0,False,0.0,0.0,0.0
2025-06-23 15:30:00+00:00,2.48,hold,hold,default_hold,hold,execute_default_hold,0,False,0.0,0.0,0.0
2025-06-23 15:45:00+00:00,2.45,hold,hold,default_hold,hold,execute_default_hold,0,False,0.0,0.0,0.0
2025-06-23 16:00:00+00:00,2.404,hold,hold,default_hold,hold,execute_default_hold,0,False,0.0,0.0,0.0
2025-06-23 16:15:00+00:00,2.445,hold,hold,default_hold,hold,execute_default_hold,0,False,0.0,0.0,0.0
2025-06-23 16:30:00+00:00,2.38,hold,hold,default_hold,hold,execute_default_hold,0,False,0.0,0.0,0.0
2025-06-23 16:45:00+00:00,2.385,hold,hold,default_hold,hold,execute_default_hold,0,False,0.0,0.0,0.0
2025-06-23 17:00:00+00:00,2.37,hold,hold,default_hold,hold,execute_default_hold,0,False,0.0,0.0,0.0
2025-06-23 17:15:00+00:00,2.3824,hold,hold,default_hold,hold,execute_default_hold,0,False,0.0,0.0,0.0
2025-06-23 17:30:00+00:00,2.3801,hold,hold,default_hold,hold,execute_default_hold,0,False,0.0,0.0,0.0
2025-06-23 17:45:00+00:00,2.425,hold,hold,default_hold,hold,execute_default_hold,0,False,0.0,0.0,0.0
2025-06-23 18:00:00+00:00,2.46,hold,hold,default_hold,hold,execute_default_hold,0,False,0.0,0.0,0.0
2025-06-23 18:15:00+00:00,2.44,hold,hold,default_hold,hold,execute_default_hold,0,False,0.0,0.0,0.0
2025-06-23 18:30:00+00:00,2.385,hold,hold,default_hold,hold,execute_default_hold,0,False,0.0,0.0,0.0
2025-06-23 18:45:00+00:00,2.405,hold,hold,default_hold,hold,execute_default_hold,0,False,0.0,0.0,0.0
2025-06-23 19:00:00+00:00,2.385,hold,hold,default_hold,hold,execute_default_hold,0,False,0.0,0.0,0.0
2025-06-23 19:15:00+00:00,2.39,hold,hold,default_hold,hold,execute_default_hold,0,False,0.0,0.0,0.0
2025-06-23 19:30:00+00:00,2.4,hold,hold,default_hold,hold,execute_default_hold,0,False,0.0,0.0,0.0
2025-06-23 19:45:00+00:00,2.375,hold,hold,default_hold,hold,execute_default_hold,0,False,0.0,0.0,0.0
2025-06-23 20:00:00+00:00,2.44,hold,hold,default_hold,hold,execute_default_hold,0,False,0.0,0.0,0.0
2025-06-24 13:30:00+00:00,2.44,hold,hold,default_hold,hold,execute_default_hold,0,False,0.0,0.0,0.0
2025-06-24 13:45:00+00:00,2.4229,hold,hold,default_hold,hold,execute_default_hold,0,False,0.0,0.0,0.0
2025-06-24 14:00:00+00:00,2.49,hold,hold,default_hold,hold,execute_default_hold,0,False,0.0,0.0,0.0
2025-06-24 14:15:00+00:00,2.5846,hold,hold,default_hold,hold,execute_default_hold,0,False,0.0,0.0,0.0
2025-06-24 14:30:00+00:00,2.515,hold,hold,default_hold,hold,execute_default_hold,0,False,0.0,0.0,0.0
2025-06-24 14:45:00+00:00,2.4801,hold,hold,default_hold,hold,execute_default_hold,0,False,0.0,0.0,0.0
2025-06-24 15:00:00+00:00,2.405,hold,hold,default_hold,hold,execute_default_hold,0,False,0.0,0.0,0.0
2025-06-24 15:15:00+00:00,2.41,hold,hold,default_hold,hold,execute_default_hold,0,False,0.0,0.0,0.0
2025-06-24 15:30:00+00:00,2.4269,hold,hold,default_hold,hold,execute_default_hold,0,False,0.0,0.0,0.0
2025-06-24 15:45:00+00:00,2.42,hold,hold,default_hold,hold,execute_default_hold,0,False,0.0,0.0,0.0
2025-06-24 16:00:00+00:00,2.41,hold,hold,default_hold,hold,execute_default_hold,0,False,0.0,0.0,0.0
2025-06-24 16:15:00+00:00,2.39,hold,hold,default_hold,hold,execute_default_hold,0,False,0.0,0.0,0.0
2025-06-24 16:30:00+00:00,2.395,hold,hold,default_hold,hold,execute_default_hold,0,False,0.0,0.0,0.0
2025-06-24 16:45:00+00:00,2.42,hold,hold,default_hold,hold,execute_default_hold,0,False,0.0,0.0,0.0
2025-06-24 17:00:00+00:00,2.4317,hold,hold,default_hold,hold,execute_default_hold,0,False,0.0,0.0,0.0
2025-06-24 17:15:00+00:00,2.42,hold,hold,default_hold,hold,execute_default_hold,0,False,0.0,0.0,0.0
2025-06-24 17:30:00+00:00,2.42,hold,hold,default_hold,hold,execute_default_hold,0,False,0.0,0.0,0.0
2025-06-24 17:45:00+00:00,2.42,hold,hold,default_hold,hold,execute_default_hold,0,False,0.0,0.0,0.0
2025-06-24 18:00:00+00:00,2.4697,hold,hold,default_hold,hold,execute_default_hold,0,False,0.0,0.0,0.0
2025-06-24 18:15:00+00:00,2.4995,hold,hold,default_hold,hold,execute_default_hold,0,False,0.0,0.0,0.0
2025-06-24 18:30:00+00:00,2.5,hold,hold,default_hold,hold,execute_default_hold,0,False,0.0,0.0,0.0
2025-06-24 18:45:00+00:00,2.54,hold,hold,default_hold,hold,execute_default_hold,0,False,0.0,0.0,0.0
2025-06-24 19:00:00+00:00,2.5609,hold,hold,default_hold,hold,execute_default_hold,0,False,0.0,0.0,0.0
2025-06-24 19:15:00+00:00,2.54,hold,hold,default_hold,hold,execute_default_hold,0,False,0.0,0.0,0.0
2025-06-24 19:30:00+00:00,2.54,hold,hold,default_hold,hold,execute_default_hold,0,False,0.0,0.0,0.0
2025-06-24 19:45:00+00:00,2.53,hold,hold,default_hold,hold,execute_default_hold,0,False,0.0,0.0,0.0
2025-06-24 20:00:00+00:00,2.55,hold,hold,default_hold,hold,execute_default_hold,0,False,0.0,0.0,0.0
2025-06-25 13:30:00+00:00,2.595,hold,hold,default_hold,hold,execute_default_hold,0,False,0.0,0.0,0.0
2025-06-25 13:45:00+00:00,2.89,hold,hold,default_hold,hold,execute_default_hold,0,False,0.0,0.0,0.0
2025-06-25 14:00:00+00:00,2.8992,hold,hold,default_hold,hold,execute_default_hold,0,False,0.0,0.0,0.0
2025-06-25 14:15:00+00:00,2.75,hold,hold,default_hold,hold,execute_default_hold,0,False,0.0,0.0,0.0
2025-06-25 14:30:00+00:00,2.675,hold,hold,default_hold,hold,execute_default_hold,0,False,0.0,0.0,0.0
2025-06-25 14:45:00+00:00,2.805,hold,hold,default_hold,hold,execute_default_hold,0,False,0.0,0.0,0.0
2025-06-25 15:00:00+00:00,2.755,hold,hold,default_hold,hold,execute_default_hold,0,False,0.0,0.0,0.0
2025-06-25 15:15:00+00:00,2.77,hold,hold,default_hold,hold,execute_default_hold,0,False,0.0,0.0,0.0
2025-06-25 15:30:00+00:00,2.69,hold,hold,default_hold,hold,execute_default_hold,0,False,0.0,0.0,0.0
2025-06-25 15:45:00+00:00,2.64,hold,hold,default_hold,hold,execute_default_hold,0,False,0.0,0.0,0.0
2025-06-25 16:00:00+00:00,2.6002,hold,hold,default_hold,hold,execute_default_hold,0,False,0.0,0.0,0.0
2025-06-25 16:15:00+00:00,2.6,hold,hold,default_hold,hold,execute_default_hold,0,False,0.0,0.0,0.0
2025-06-25 16:30:00+00:00,2.56,hold,hold,default_hold,hold,execute_default_hold,0,False,0.0,0.0,0.0
2025-06-25 16:45:00+00:00,2.605,hold,hold,default_hold,hold,execute_default_hold,0,False,0.0,0.0,0.0
2025-06-25 17:00:00+00:00,2.71,hold,hold,default_hold,hold,execute_default_hold,0,False,0.0,0.0,0.0
2025-06-25 17:15:00+00:00,2.73,hold,hold,default_hold,hold,execute_default_hold,0,False,0.0,0.0,0.0
2025-06-25 17:30:00+00:00,2.7548,hold,hold,default_hold,hold,execute_default_hold,0,False,0.0,0.0,0.0
2025-06-25 17:45:00+00:00,2.72,hold,hold,default_hold,hold,execute_default_hold,0,False,0.0,0.0,0.0
2025-06-25 18:00:00+00:00,2.73,hold,hold,default_hold,hold,execute_default_hold,0,False,0.0,0.0,0.0
2025-06-25 18:15:00+00:00,2.729,hold,hold,default_hold,hold,execute_default_hold,0,False,0.0,0.0,0.0
2025-06-25 18:30:00+00:00,2.735,hold,hold,default_hold,hold,execute_default_hold,0,False,0.0,0.0,0.0
2025-06-25 18:45:00+00:00,2.73,hold,hold,default_hold,hold,execute_default_hold,0,False,0.0,0.0,0.0
2025-06-25 19:00:00+00:00,2.733,hold,hold,default_hold,hold,execute_default_hold,0,False,0.0,0.0,0.0
2025-06-25 19:15:00+00:00,2.735,hold,hold,default_hold,hold,execute_default_hold,0,False,0.0,0.0,0.0
2025-06-25 19:30:00+00:00,2.735,hold,hold,default_hold,hold,execute_default_hold,0,False,0.0,0.0,0.0
2025-06-25 19:45:00+00:00,2.765,hold,hold,default_hold,hold,execute_default_hold,0,False,0.0,0.0,0.0
2025-06-25 20:00:00+00:00,2.78,hold,hold,default_hold,hold,execute_default_hold,0,False,0.0,0.0,0.0
2025-06-26 13:30:00+00:00,2.79,hold,hold,default_hold,hold,execute_default_hold,0,False,0.0,0.0,0.0
2025-06-26 13:45:00+00:00,2.87,hold,hold,default_hold,hold,execute_default_hold,0,False,0.0,0.0,0.0
2025-06-26 14:00:00+00:00,3.04,hold,hold,default_hold,hold,execute_default_hold,0,False,0.0,0.0,0.0
2025-06-26 14:15:00+00:00,3.07,hold,hold,default_hold,hold,execute_default_hold,0,False,0.0,0.0,0.0
2025-06-26 14:30:00+00:00,3.26,hold,hold,default_hold,hold,execute_default_hold,0,False,0.0,0.0,0.0
2025-06-26 14:45:00+00:00,3.3336,hold,hold,default_hold,hold,execute_default_hold,0,False,0.0,0.0,0.0
2025-06-26 15:00:00+00:00,3.265,hold,hold,default_hold,hold,execute_default_hold,0,False,0.0,0.0,0.0
2025-06-26 15:15:00+00:00,3.3098,hold,hold,default_hold,hold,execute_default_hold,0,False,0.0,0.0,0.0
2025-06-26 15:30:00+00:00,3.3573,hold,hold,default_hold,hold,execute_default_hold,0,False,0.0,0.0,0.0
2025-06-26 15:45:00+00:00,3.365,hold,hold,default_hold,hold,execute_default_hold,0,False,0.0,0.0,0.0
2025-06-26 16:00:00+00:00,3.43,hold,hold,default_hold,hold,execute_default_hold,0,False,0.0,0.0,0.0
2025-06-26 16:15:00+00:00,3.48,hold,hold,default_hold,hold,execute_default_hold,0,False,0.0,0.0,0.0
2025-06-26 16:30:00+00:00,3.57,hold,hold,default_hold,hold,execute_default_hold,0,False,0.0,0.0,0.0
2025-06-26 16:45:00+00:00,3.59,hold,hold,default_hold,hold,execute_default_hold,0,False,0.0,0.0,0.0
2025-06-26 17:00:00+00:00,3.67,hold,hold,default_hold,hold,execute_default_hold,0,False,0.0,0.0,0.0
2025-06-26 17:15:00+00:00,3.6565,hold,hold,default_hold,hold,execute_default_hold,0,False,0.0,0.0,0.0
2025-06-26 17:30:00+00:00,3.5,hold,hold,default_hold,hold,execute_default_hold,0,False,0.0,0.0,0.0
2025-06-26 17:45:00+00:00,3.5,hold,hold,default_hold,hold,execute_default_hold,0,False,0.0,0.0,0.0
2025-06-26 18:00:00+00:00,3.63,hold,hold,default_hold,hold,execute_default_hold,0,False,0.0,0.0,0.0
2025-06-26 18:15:00+00:00,3.51,hold,hold,default_hold,hold,execute_default_hold,0,False,0.0,0.0,0.0
2025-06-26 18:30:00+00:00,3.5082,hold,hold,default_hold,hold,execute_default_hold,0,False,0.0,0.0,0.0
2025-06-26 18:45:00+00:00,3.46,hold,hold,default_hold,hold,execute_default_hold,0,False,0.0,0.0,0.0
2025-06-26 19:00:00+00:00,3.5498,hold,hold,default_hold,hold,execute_default_hold,0,False,0.0,0.0,0.0
2025-06-26 19:15:00+00:00,3.55,hold,hold,default_hold,hold,execute_default_hold,0,False,0.0,0.0,0.0
2025-06-26 19:30:00+00:00,3.52,hold,hold,default_hold,hold,execute_default_hold,0,False,0.0,0.0,0.0
2025-06-26 19:45:00+00:00,3.62,hold,hold,default_hold,hold,execute_default_hold,0,False,0.0,0.0,0.0
2025-06-26 20:00:00+00:00,3.68,hold,hold,default_hold,hold,execute_default_hold,0,False,0.0,0.0,0.0
2025-06-27 13:30:00+00:00,3.1599,hold,hold,default_hold,hold,execute_default_hold,0,False,0.0,0.0,0.0
2025-06-27 13:45:00+00:00,3.21,hold,hold,default_hold,hold,execute_default_hold,0,False,0.0,0.0,0.0
2025-06-27 14:00:00+00:00,3.3787,hold,hold,default_hold,hold,execute_default_hold,0,False,0.0,0.0,0.0
2025-06-27 14:15:00+00:00,3.2328,hold,hold,default_hold,hold,execute_default_hold,0,False,0.0,0.0,0.0
2025-06-27 14:30:00+00:00,3.3585,hold,hold,default_hold,hold,execute_default_hold,0,False,0.0,0.0,0.0
2025-06-27 14:45:00+00:00,3.37,hold,hold,default_hold,hold,execute_default_hold,0,False,0.0,0.0,0.0
2025-06-27 15:00:00+00:00,3.3821,hold,hold,default_hold,hold,execute_default_hold,0,False,0.0,0.0,0.0
2025-06-27 15:15:00+00:00,3.4203,hold,hold,default_hold,hold,execute_default_hold,0,False,0.0,0.0,0.0
2025-06-27 15:30:00+00:00,3.4289,hold,hold,default_hold,hold,execute_default_hold,0,False,0.0,0.0,0.0
2025-06-27 15:45:00+00:00,3.32,hold,hold,default_hold,hold,execute_default_hold,0,False,0.0,0.0,0.0
2025-06-27 16:00:00+00:00,3.34,hold,hold,default_hold,hold,execute_default_hold,0,False,0.0,0.0,0.0
2025-06-27 16:15:00+00:00,3.24,hold,hold,default_hold,hold,execute_default_hold,0,False,0.0,0.0,0.0
2025-06-27 16:30:00+00:00,3.22,hold,hold,default_hold,hold,execute_default_hold,0,False,0.0,0.0,0.0
2025-06-27 16:45:00+00:00,3.17,hold,hold,default_hold,hold,execute_default_hold,0,False,0.0,0.0,0.0
2025-06-27 17:00:00+00:00,3.195,hold,hold,default_hold,hold,execute_default_hold,0,False,0.0,0.0,0.0
2025-06-27 17:15:00+00:00,3.205,hold,hold,default_hold,hold,execute_default_hold,0,False,0.0,0.0,0.0
2025-06-27 17:30:00+00:00,3.24,hold,hold,default_hold,hold,execute_default_hold,0,False,0.0,0.0,0.0
2025-06-27 17:45:00+00:00,3.21,hold,hold,default_hold,hold,execute_default_hold,0,False,0.0,0.0,0.0
2025-06-27 18:00:00+00:00,3.165,hold,hold,default_hold,hold,execute_default_hold,0,False,0.0,0.0,0.0
2025-06-27 18:15:00+00:00,3.1599,hold,hold,default_hold,hold,execute_default_hold,0,False,0.0,0.0,0.0
2025-06-27 18:30:00+00:00,3.155,hold,hold,default_hold,hold,execute_default_hold,0,False,0.0,0.0,0.0
2025-06-27 18:45:00+00:00,3.1101,hold,hold,default_hold,hold,execute_default_hold,0,False,0.0,0.0,0.0
2025-06-27 19:00:00+00:00,3.115,hold,hold,default_hold,hold,execute_default_hold,0,False,0.0,0.0,0.0
2025-06-27 19:15:00+00:00,3.1653,hold,hold,default_hold,hold,execute_default_hold,0,False,0.0,0.0,0.0
2025-06-27 19:30:00+00:00,3.13,hold,hold,default_hold,hold,execute_default_hold,0,False,0.0,0.0,0.0
2025-06-27 19:45:00+00:00,3.1,hold,hold,default_hold,hold,execute_default_hold,0,False,0.0,0.0,0.0
2025-06-27 20:00:00+00:00,3.1,hold,hold,default_hold,hold,execute_default_hold,0,False,0.0,0.0,0.0
2025-06-30 13:30:00+00:00,3.115,hold,hold,default_hold,hold,execute_default_hold,0,False,0.0,0.0,0.0
2025-06-30 13:45:00+00:00,3.01,hold,hold,default_hold,hold,execute_default_hold,0,False,0.0,0.0,0.0
2025-06-30 14:00:00+00:00,3.035,hold,hold,default_hold,hold,execute_default_hold,0,False,0.0,0.0,0.0
2025-06-30 14:15:00+00:00,3.065,hold,hold,default_hold,hold,execute_default_hold,0,False,0.0,0.0,0.0
2025-06-30 14:30:00+00:00,3.035,hold,hold,default_hold,hold,execute_default_hold,0,False,0.0,0.0,0.0
2025-06-30 14:45:00+00:00,3.065,hold,hold,default_hold,hold,execute_default_hold,0,False,0.0,0.0,0.0
2025-06-30 15:00:00+00:00,3.11,hold,hold,default_hold,hold,execute_default_hold,0,False,0.0,0.0,0.0
2025-06-30 15:15:00+00:00,3.18,sell,hold,no_position,hold,execute_no_position,0,False,0.0,0.0,0.0
2025-06-30 15:30:00+00:00,3.145,avoid,hold,avoid_no_position,hold,execute_avoid_no_position,0,False,0.0,0.0,0.0
2025-06-30 15:45:00+00:00,3.13,hold,hold,default_hold,hold,execute_default_hold,0,False,0.0,0.0,0.0
2025-06-30 16:00:00+00:00,3.095,reduce,hold,no_position,hold,execute_no_position,0,False,0.0,0.0,0.0
2025-06-30 16:15:00+00:00,3.1785,sell,hold,no_position,hold,execute_no_position,0,False,0.0,0.0,0.0
2025-06-30 16:30:00+00:00,3.1616,avoid,hold,avoid_no_position,hold,execute_avoid_no_position,0,False,0.0,0.0,0.0
2025-06-30 16:45:00+00:00,3.175,hold,hold,default_hold,hold,execute_default_hold,0,False,0.0,0.0,0.0
2025-06-30 17:00:00+00:00,3.16,hold,hold,default_hold,hold,execute_default_hold,0,False,0.0,0.0,0.0
2025-06-30 17:15:00+00:00,3.1096,hold,hold,default_hold,hold,execute_default_hold,0,False,0.0,0.0,0.0
2025-06-30 17:30:00+00:00,3.175,hold,hold,default_hold,hold,execute_default_hold,0,False,0.0,0.0,0.0
2025-06-30 17:45:00+00:00,3.23,hold,hold,default_hold,hold,execute_default_hold,0,False,0.0,0.0,0.0
2025-06-30 18:00:00+00:00,3.4201,hold,hold,default_hold,hold,execute_default_hold,0,False,0.0,0.0,0.0
2025-06-30 18:15:00+00:00,3.535,hold,hold,default_hold,hold,execute_default_hold,0,False,0.0,0.0,0.0
2025-06-30 18:30:00+00:00,3.55,hold,hold,default_hold,hold,execute_default_hold,0,False,0.0,0.0,0.0
2025-06-30 18:45:00+00:00,3.53,hold,hold,default_hold,hold,execute_default_hold,0,False,0.0,0.0,0.0
2025-06-30 19:00:00+00:00,3.58,hold,hold,default_hold,hold,execute_default_hold,0,False,0.0,0.0,0.0
2025-06-30 19:15:00+00:00,3.545,hold,hold,default_hold,hold,execute_default_hold,0,False,0.0,0.0,0.0
2025-06-30 19:30:00+00:00,3.47,hold,hold,default_hold,hold,execute_default_hold,0,False,0.0,0.0,0.0
2025-06-30 19:45:00+00:00,3.465,hold,hold,default_hold,hold,execute_default_hold,0,False,0.0,0.0,0.0
2025-06-30 20:00:00+00:00,3.59,hold,hold,default_hold,hold,execute_default_hold,0,False,0.0,0.0,0.0
2025-07-02 13:30:00+00:00,3.33,buy,buy,trend_buy,buy,execute_trend_buy,100,False,0.0,0.0,0.0
2025-07-02 13:45:00+00:00,3.4401,hold,hold,default_hold,hold,execute_default_hold,0,False,0.0,0.0,0.0
2025-07-02 14:00:00+00:00,3.42,hold,hold,default_hold,hold,execute_default_hold,0,False,0.0,0.0,0.0
2025-07-02 14:15:00+00:00,3.6104,hold,hold,default_hold,hold,execute_default_hold,0,False,0.0,0.0,0.0
2025-07-02 14:30:00+00:00,3.6767,hold,hold,default_hold,hold,execute_default_hold,0,False,0.0,0.0,0.0
2025-07-02 14:45:00+00:00,3.66,hold,hold,default_hold,hold,execute_default_hold,0,False,0.0,0.0,0.0
2025-07-02 15:00:00+00:00,3.7197,hold,hold,default_hold,hold,execute_default_hold,0,False,0.0,0.0,0.0
2025-07-02 15:15:00+00:00,3.6202,hold,hold,default_hold,hold,execute_default_hold,0,False,0.0,0.0,0.0
2025-07-02 15:30:00+00:00,3.555,hold,hold,default_hold,hold,execute_default_hold,0,False,0.0,0.0,0.0
2025-07-02 15:45:00+00:00,3.47,hold,hold,default_hold,hold,execute_default_hold,0,False,0.0,0.0,0.0
2025-07-02 16:00:00+00:00,3.48,hold,hold,default_hold,hold,execute_default_hold,0,False,0.0,0.0,0.0
2025-07-02 16:15:00+00:00,3.565,hold,hold,default_hold,hold,execute_default_hold,0,False,0.0,0.0,0.0
2025-07-02 16:30:00+00:00,3.6283,hold,hold,default_hold,hold,execute_default_hold,0,False,0.0,0.0,0.0
2025-07-02 16:45:00+00:00,3.6299,hold,hold,default_hold,hold,execute_default_hold,0,False,0.0,0.0,0.0
2025-07-02 17:00:00+00:00,3.6612,reduce,hold,no_position,hold,execute_no_position,0,False,0.0,0.0,0.0
2025-07-02 17:15:00+00:00,3.645,hold,hold,default_hold,hold,execute_default_hold,0,False,0.0,0.0,0.0
2025-07-02 17:30:00+00:00,3.6608,hold,hold,default_hold,hold,execute_default_hold,0,False,0.0,0.0,0.0
2025-07-02 17:45:00+00:00,3.705,hold,hold,default_hold,hold,execute_default_hold,0,False,0.0,0.0,0.0
2025-07-02 18:00:00+00:00,3.675,hold,hold,default_hold,hold,execute_default_hold,0,False,0.0,0.0,0.0
2025-07-02 18:15:00+00:00,3.6513,hold,hold,default_hold,hold,execute_default_hold,0,False,0.0,0.0,0.0
2025-07-02 18:30:00+00:00,3.66,hold,hold,default_hold,hold,execute_default_hold,0,False,0.0,0.0,0.0
2025-07-02 18:45:00+00:00,3.61,hold,hold,default_hold,hold,execute_default_hold,0,False,0.0,0.0,0.0
2025-07-02 19:00:00+00:00,3.62,hold,hold,default_hold,hold,execute_default_hold,0,False,0.0,0.0,0.0
2025-07-02 19:15:00+00:00,3.6,hold,hold,default_hold,hold,execute_default_hold,0,False,0.0,0.0,0.0
2025-07-02 19:30:00+00:00,3.55,hold,hold,default_hold,hold,execute_default_hold,0,False,0.0,0.0,0.0
2025-07-02 19:45:00+00:00,3.6201,hold,hold,default_hold,hold,execute_default_hold,0,False,0.0,0.0,0.0
2025-07-02 20:00:00+00:00,3.62,hold,hold,default_hold,hold,execute_default_hold,0,False,0.0,0.0,0.0
2025-07-03 13:30:00+00:00,3.505,hold,hold,default_hold,hold,execute_default_hold,0,False,0.0,0.0,0.0
2025-07-03 13:45:00+00:00,3.58,hold,hold,default_hold,hold,execute_default_hold,0,False,0.0,0.0,0.0
2025-07-03 14:00:00+00:00,3.56,hold,hold,default_hold,hold,execute_default_hold,0,False,0.0,0.0,0.0
2025-07-03 14:15:00+00:00,3.6,hold,hold,default_hold,hold,execute_default_hold,0,False,0.0,0.0,0.0
2025-07-03 14:30:00+00:00,3.525,hold,hold,default_hold,hold,execute_default_hold,0,False,0.0,0.0,0.0
2025-07-03 14:45:00+00:00,3.5135,hold,hold,default_hold,hold,execute_default_hold,0,False,0.0,0.0,0.0
2025-07-03 15:00:00+00:00,3.475,hold,hold,default_hold,hold,execute_default_hold,0,False,0.0,0.0,0.0
2025-07-03 15:15:00+00:00,3.5099,hold,hold,default_hold,hold,execute_default_hold,0,False,0.0,0.0,0.0
2025-07-03 15:30:00+00:00,3.475,hold,hold,default_hold,hold,execute_default_hold,0,False,0.0,0.0,0.0
2025-07-03 15:45:00+00:00,3.542,hold,hold,default_hold,hold,execute_default_hold,0,False,0.0,0.0,0.0
2025-07-03 16:00:00+00:00,3.57,hold,hold,default_hold,hold,execute_default_hold,0,False,0.0,0.0,0.0
2025-07-03 16:15:00+00:00,3.53,hold,hold,default_hold,hold,execute_default_hold,0,False,0.0,0.0,0.0
2025-07-03 16:30:00+00:00,3.39,hold,hold,default_hold,hold,execute_default_hold,0,False,0.0,0.0,0.0
2025-07-03 16:45:00+00:00,3.36,hold,hold,default_hold,hold,execute_default_hold,0,False,0.0,0.0,0.0
2025-07-03 17:00:00+00:00,3.48,hold,hold,default_hold,hold,execute_default_hold,0,False,0.0,0.0,0.0
2025-07-07 13:30:00+00:00,3.445,hold,hold,default_hold,hold,execute_default_hold,0,False,0.0,0.0,0.0
2025-07-07 13:45:00+00:00,3.306,hold,hold,default_hold,hold,execute_default_hold,0,False,0.0,0.0,0.0
2025-07-07 14:00:00+00:00,3.34,hold,hold,default_hold,hold,execute_default_hold,0,False,0.0,0.0,0.0
2025-07-07 14:15:00+00:00,3.3099,hold,hold,default_hold,hold,execute_default_hold,0,False,0.0,0.0,0.0
2025-07-07 14:30:00+00:00,3.25,hold,hold,default_hold,hold,execute_default_hold,0,False,0.0,0.0,0.0
2025-07-07 14:45:00+00:00,3.2508,hold,hold,default_hold,hold,execute_default_hold,0,False,0.0,0.0,0.0
2025-07-07 15:00:00+00:00,3.145,hold,hold,default_hold,hold,execute_default_hold,0,False,0.0,0.0,0.0
2025-07-07 15:15:00+00:00,3.1795,hold,hold,default_hold,hold,execute_default_hold,0,False,0.0,0.0,0.0
2025-07-07 15:30:00+00:00,3.18,hold,hold,default_hold,hold,execute_default_hold,0,False,0.0,0.0,0.0
2025-07-07 15:45:00+00:00,3.19,hold,hold,default_hold,hold,execute_default_hold,0,False,0.0,0.0,0.0
2025-07-07 16:00:00+00:00,3.265,hold,hold,default_hold,hold,execute_default_hold,0,False,0.0,0.0,0.0
2025-07-07 16:15:00+00:00,3.238,hold,hold,default_hold,hold,execute_default_hold,0,False,0.0,0.0,0.0
2025-07-07 16:30:00+00:00,3.21,hold,hold,default_hold,hold,execute_default_hold,0,False,0.0,0.0,0.0
2025-07-07 16:45:00+00:00,3.2,hold,hold,default_hold,hold,execute_default_hold,0,False,0.0,0.0,0.0
2025-07-07 17:00:00+00:00,3.19,hold,hold,default_hold,hold,execute_default_hold,0,False,0.0,0.0,0.0
2025-07-07 17:15:00+00:00,3.23,hold,hold,default_hold,hold,execute_default_hold,0,False,0.0,0.0,0.0
2025-07-07 17:30:00+00:00,3.235,hold,hold,default_hold,hold,execute_default_hold,0,False,0.0,0.0,0.0
2025-07-07 17:45:00+00:00,3.235,hold,hold,default_hold,hold,execute_default_hold,0,False,0.0,0.0,0.0
2025-07-07 18:00:00+00:00,3.24,hold,hold,default_hold,hold,execute_default_hold,0,False,0.0,0.0,0.0
2025-07-07 18:15:00+00:00,3.2357,hold,hold,default_hold,hold,execute_default_hold,0,False,0.0,0.0,0.0
2025-07-07 18:30:00+00:00,3.18,hold,hold,default_hold,hold,execute_default_hold,0,False,0.0,0.0,0.0
2025-07-07 18:45:00+00:00,3.16,hold,hold,default_hold,hold,execute_default_hold,0,False,0.0,0.0,0.0
2025-07-07 19:00:00+00:00,3.135,hold,hold,default_hold,hold,execute_default_hold,0,False,0.0,0.0,0.0
2025-07-07 19:15:00+00:00,3.1554,hold,hold,default_hold,hold,execute_default_hold,0,False,0.0,0.0,0.0
2025-07-07 19:30:00+00:00,3.16,hold,hold,default_hold,hold,execute_default_hold,0,False,0.0,0.0,0.0
2025-07-07 19:45:00+00:00,3.1874,hold,hold,default_hold,hold,execute_default_hold,0,False,0.0,0.0,0.0
2025-07-07 20:00:00+00:00,3.215,hold,hold,default_hold,hold,execute_default_hold,0,False,0.0,0.0,0.0
2025-07-08 13:30:00+00:00,3.28,hold,hold,default_hold,hold,execute_default_hold,0,False,0.0,0.0,0.0
2025-07-08 13:45:00+00:00,3.17,hold,hold,default_hold,hold,execute_default_hold,0,False,0.0,0.0,0.0
2025-07-08 14:00:00+00:00,3.185,hold,hold,default_hold,hold,execute_default_hold,0,False,0.0,0.0,0.0
2025-07-08 14:15:00+00:00,3.1421,hold,hold,default_hold,hold,execute_default_hold,0,False,0.0,0.0,0.0
2025-07-08 14:30:00+00:00,3.09,hold,hold,default_hold,hold,execute_default_hold,0,False,0.0,0.0,0.0
2025-07-08 14:45:00+00:00,3.055,hold,hold,default_hold,hold,execute_default_hold,0,False,0.0,0.0,0.0
2025-07-08 15:00:00+00:00,2.95,hold,hold,default_hold,hold,execute_default_hold,0,False,0.0,0.0,0.0
2025-07-08 15:15:00+00:00,2.86,hold,hold,default_hold,hold,execute_default_hold,0,False,0.0,0.0,0.0
2025-07-08 15:30:00+00:00,2.885,hold,hold,default_hold,hold,execute_default_hold,0,False,0.0,0.0,0.0
2025-07-08 15:45:00+00:00,2.8853,hold,hold,default_hold,hold,execute_default_hold,0,False,0.0,0.0,0.0
2025-07-08 16:00:00+00:00,2.8901,hold,hold,default_hold,hold,execute_default_hold,0,False,0.0,0.0,0.0
2025-07-08 16:15:00+00:00,2.8819,hold,hold,default_hold,hold,execute_default_hold,0,False,0.0,0.0,0.0
2025-07-08 16:30:00+00:00,2.875,hold,hold,default_hold,hold,execute_default_hold,0,False,0.0,0.0,0.0
2025-07-08 16:45:00+00:00,2.885,hold,hold,default_hold,hold,execute_default_hold,0,False,0.0,0.0,0.0
2025-07-08 17:00:00+00:00,2.925,hold,hold,default_hold,hold,execute_default_hold,0,False,0.0,0.0,0.0
2025-07-08 17:15:00+00:00,2.99,hold,hold,default_hold,hold,execute_default_hold,0,False,0.0,0.0,0.0
2025-07-08 17:30:00+00:00,2.945,hold,hold,default_hold,hold,execute_default_hold,0,False,0.0,0.0,0.0
2025-07-08 17:45:00+00:00,2.97,hold,hold,default_hold,hold,execute_default_hold,0,False,0.0,0.0,0.0
2025-07-08 18:00:00+00:00,2.965,hold,hold,default_hold,hold,execute_default_hold,0,False,0.0,0.0,0.0
2025-07-08 18:15:00+00:00,2.9599,buy,buy,range_buy,buy,execute_range_buy,100,False,0.0,0.0,0.0
2025-07-08 18:30:00+00:00,2.965,hold,hold,default_hold,hold,execute_default_hold,0,False,0.0,0.0,0.0
2025-07-08 18:45:00+00:00,2.975,hold,hold,default_hold,hold,execute_default_hold,0,False,0.0,0.0,0.0
2025-07-08 19:00:00+00:00,2.985,hold,hold,default_hold,hold,execute_default_hold,0,False,0.0,0.0,0.0
2025-07-08 19:15:00+00:00,3.0015,hold,hold,default_hold,hold,execute_default_hold,0,False,0.0,0.0,0.0
2025-07-08 19:30:00+00:00,3.015,hold,hold,default_hold,hold,execute_default_hold,0,False,0.0,0.0,0.0
2025-07-08 19:45:00+00:00,3.015,hold,hold,default_hold,hold,execute_default_hold,0,False,0.0,0.0,0.0
2025-07-08 20:00:00+00:00,3.055,hold,hold,default_hold,hold,execute_default_hold,0,False,0.0,0.0,0.0
2025-07-09 13:30:00+00:00,3.07,hold,hold,default_hold,hold,execute_default_hold,0,False,0.0,0.0,0.0
2025-07-09 13:45:00+00:00,2.995,hold,hold,default_hold,hold,execute_default_hold,0,False,0.0,0.0,0.0
2025-07-09 14:00:00+00:00,2.9299,reduce,hold,no_position,hold,execute_no_position,0,False,0.0,0.0,0.0
2025-07-09 14:15:00+00:00,2.885,hold,hold,default_hold,hold,execute_default_hold,0,False,0.0,0.0,0.0
2025-07-09 14:30:00+00:00,2.885,hold,hold,default_hold,hold,execute_default_hold,0,False,0.0,0.0,0.0
2025-07-09 14:45:00+00:00,2.8899,hold,hold,default_hold,hold,execute_default_hold,0,False,0.0,0.0,0.0
2025-07-09 15:00:00+00:00,2.875,hold,hold,default_hold,hold,execute_default_hold,0,False,0.0,0.0,0.0
2025-07-09 15:15:00+00:00,2.8,hold,hold,default_hold,hold,execute_default_hold,0,False,0.0,0.0,0.0
2025-07-09 15:30:00+00:00,2.825,hold,hold,default_hold,hold,execute_default_hold,0,False,0.0,0.0,0.0
2025-07-09 15:45:00+00:00,2.8391,hold,hold,default_hold,hold,execute_default_hold,0,False,0.0,0.0,0.0
2025-07-09 16:00:00+00:00,2.845,hold,hold,default_hold,hold,execute_default_hold,0,False,0.0,0.0,0.0
2025-07-09 16:15:00+00:00,2.835,hold,hold,default_hold,hold,execute_default_hold,0,False,0.0,0.0,0.0
2025-07-09 16:30:00+00:00,2.855,hold,hold,default_hold,hold,execute_default_hold,0,False,0.0,0.0,0.0
2025-07-09 16:45:00+00:00,2.805,hold,hold,default_hold,hold,execute_default_hold,0,False,0.0,0.0,0.0
2025-07-09 17:00:00+00:00,2.8,hold,hold,default_hold,hold,execute_default_hold,0,False,0.0,0.0,0.0
2025-07-09 17:15:00+00:00,2.8277,hold,hold,default_hold,hold,execute_default_hold,0,False,0.0,0.0,0.0
2025-07-09 17:30:00+00:00,2.8201,hold,hold,default_hold,hold,execute_default_hold,0,False,0.0,0.0,0.0
2025-07-09 17:45:00+00:00,2.8369,hold,hold,default_hold,hold,execute_default_hold,0,False,0.0,0.0,0.0
2025-07-09 18:00:00+00:00,2.815,hold,hold,default_hold,hold,execute_default_hold,0,False,0.0,0.0,0.0
2025-07-09 18:15:00+00:00,2.83,hold,hold,default_hold,hold,execute_default_hold,0,False,0.0,0.0,0.0
2025-07-09 18:30:00+00:00,2.8615,hold,hold,default_hold,hold,execute_default_hold,0,False,0.0,0.0,0.0
2025-07-09 18:45:00+00:00,2.8495,hold,hold,default_hold,hold,execute_default_hold,0,False,0.0,0.0,0.0
2025-07-09 19:00:00+00:00,2.8652,hold,hold,default_hold,hold,execute_default_hold,0,False,0.0,0.0,0.0
2025-07-09 19:15:00+00:00,2.875,hold,hold,default_hold,hold,execute_default_hold,0,False,0.0,0.0,0.0
2025-07-09 19:30:00+00:00,2.865,buy,buy,trend_buy,buy,weak_trend_limited_buy,50,False,0.0,0.0,0.0
2025-07-09 19:45:00+00:00,2.845,hold,hold,default_hold,hold,execute_default_hold,0,False,0.0,0.0,0.0
2025-07-09 20:00:00+00:00,2.83,hold,hold,default_hold,hold,execute_default_hold,0,False,0.0,0.0,0.0
2025-07-10 13:30:00+00:00,3.265,hold,hold,default_hold,hold,execute_default_hold,0,False,0.0,0.0,0.0
2025-07-10 13:45:00+00:00,3.24,hold,hold,default_hold,hold,execute_default_hold,0,False,0.0,0.0,0.0
2025-07-10 14:00:00+00:00,3.0425,hold,hold,default_hold,hold,execute_default_hold,0,False,0.0,0.0,0.0
2025-07-10 14:15:00+00:00,3.04,hold,hold,default_hold,hold,execute_default_hold,0,False,0.0,0.0,0.0
2025-07-10 14:30:00+00:00,2.9541,hold,hold,default_hold,hold,execute_default_hold,0,False,0.0,0.0,0.0
2025-07-10 14:45:00+00:00,2.935,hold,hold,default_hold,hold,execute_default_hold,0,False,0.0,0.0,0.0
2025-07-10 15:00:00+00:00,2.99,hold,hold,default_hold,hold,execute_default_hold,0,False,0.0,0.0,0.0
2025-07-10 15:15:00+00:00,2.965,hold,hold,default_hold,hold,execute_default_hold,0,False,0.0,0.0,0.0
2025-07-10 15:30:00+00:00,2.985,hold,hold,default_hold,hold,execute_default_hold,0,False,0.0,0.0,0.0
2025-07-10 15:45:00+00:00,2.978,hold,hold,default_hold,hold,execute_default_hold,0,False,0.0,0.0,0.0
2025-07-10 16:00:00+00:00,2.9783,reduce,hold,no_position,hold,execute_no_position,0,False,0.0,0.0,0.0
2025-07-10 16:15:00+00:00,2.9898,hold,hold,default_hold,hold,execute_default_hold,0,False,0.0,0.0,0.0
2025-07-10 16:30:00+00:00,2.9735,hold,hold,default_hold,hold,execute_default_hold,0,False,0.0,0.0,0.0
2025-07-10 16:45:00+00:00,3.0096,hold,hold,default_hold,hold,execute_default_hold,0,False,0.0,0.0,0.0
2025-07-10 17:00:00+00:00,2.9903,hold,hold,default_hold,hold,execute_default_hold,0,False,0.0,0.0,0.0
2025-07-10 17:15:00+00:00,3.05,hold,hold,default_hold,hold,execute_default_hold,0,False,0.0,0.0,0.0
2025-07-10 17:30:00+00:00,3.04,hold,hold,default_hold,hold,execute_default_hold,0,False,0.0,0.0,0.0
2025-07-10 17:45:00+00:00,3.052,hold,hold,default_hold,hold,execute_default_hold,0,False,0.0,0.0,0.0
2025-07-10 18:00:00+00:00,3.0661,hold,hold,default_hold,hold,execute_default_hold,0,False,0.0,0.0,0.0
2025-07-10 18:15:00+00:00,3.01,hold,hold,default_hold,hold,execute_default_hold,0,False,0.0,0.0,0.0
2025-07-10 18:30:00+00:00,2.9952,hold,hold,default_hold,hold,execute_default_hold,0,False,0.0,0.0,0.0
2025-07-10 18:45:00+00:00,3.01,hold,hold,default_hold,hold,execute_default_hold,0,False,0.0,0.0,0.0
2025-07-10 19:00:00+00:00,3.0413,buy,buy,trend_buy,buy,weak_trend_limited_buy,50,False,0.0,0.0,0.0
2025-07-10 19:15:00+00:00,3.075,hold,hold,default_hold,hold,execute_default_hold,0,False,0.0,0.0,0.0
2025-07-10 19:30:00+00:00,3.115,hold,hold,default_hold,hold,execute_default_hold,0,False,0.0,0.0,0.0
2025-07-10 19:45:00+00:00,3.0775,hold,hold,default_hold,hold,execute_default_hold,0,False,0.0,0.0,0.0
2025-07-10 20:00:00+00:00,3.045,hold,hold,default_hold,hold,execute_default_hold,0,False,0.0,0.0,0.0
2025-07-11 13:30:00+00:00,2.975,reduce,hold,no_position,hold,execute_no_position,0,False,0.0,0.0,0.0
2025-07-11 13:45:00+00:00,3.0561,hold,hold,default_hold,hold,execute_default_hold,0,False,0.0,0.0,0.0
2025-07-11 14:00:00+00:00,3.04,hold,hold,default_hold,hold,execute_default_hold,0,False,0.0,0.0,0.0
2025-07-11 14:15:00+00:00,3.0201,hold,hold,default_hold,hold,execute_default_hold,0,False,0.0,0.0,0.0
2025-07-11 14:30:00+00:00,3.01,hold,hold,default_hold,hold,execute_default_hold,0,False,0.0,0.0,0.0
2025-07-11 14:45:00+00:00,2.93,hold,hold,default_hold,hold,execute_default_hold,0,False,0.0,0.0,0.0
2025-07-11 15:00:00+00:00,2.94,hold,hold,default_hold,hold,execute_default_hold,0,False,0.0,0.0,0.0
2025-07-11 15:15:00+00:00,2.915,hold,hold,default_hold,hold,execute_default_hold,0,False,0.0,0.0,0.0
2025-07-11 15:30:00+00:00,2.89,hold,hold,default_hold,hold,execute_default_hold,0,False,0.0,0.0,0.0
2025-07-11 15:45:00+00:00,2.8873,hold,hold,default_hold,hold,execute_default_hold,0,False,0.0,0.0,0.0
2025-07-11 16:00:00+00:00,2.925,hold,hold,default_hold,hold,execute_default_hold,0,False,0.0,0.0,0.0
2025-07-11 16:15:00+00:00,2.945,hold,hold,default_hold,hold,execute_default_hold,0,False,0.0,0.0,0.0
2025-07-11 16:30:00+00:00,3.015,hold,hold,default_hold,hold,execute_default_hold,0,False,0.0,0.0,0.0
2025-07-11 16:45:00+00:00,2.995,hold,hold,default_hold,hold,execute_default_hold,0,False,0.0,0.0,0.0
2025-07-11 17:00:00+00:00,2.94,hold,hold,default_hold,hold,execute_default_hold,0,False,0.0,0.0,0.0
2025-07-11 17:15:00+00:00,2.985,hold,hold,default_hold,hold,execute_default_hold,0,False,0.0,0.0,0.0
2025-07-11 17:30:00+00:00,2.975,hold,hold,default_hold,hold,execute_default_hold,0,False,0.0,0.0,0.0
2025-07-11 17:45:00+00:00,2.955,hold,hold,default_hold,hold,execute_default_hold,0,False,0.0,0.0,0.0
2025-07-11 18:00:00+00:00,3.04,hold,hold,default_hold,hold,execute_default_hold,0,False,0.0,0.0,0.0
2025-07-11 18:15:00+00:00,3.0048,buy,buy,trend_buy,buy,weak_trend_limited_buy,50,False,0.0,0.0,0.0
2025-07-11 18:30:00+00:00,2.95,hold,hold,default_hold,hold,execute_default_hold,0,False,0.0,0.0,0.0
2025-07-11 18:45:00+00:00,2.965,hold,hold,default_hold,hold,execute_default_hold,0,False,0.0,0.0,0.0
2025-07-11 19:00:00+00:00,2.955,hold,hold,default_hold,hold,execute_default_hold,0,False,0.0,0.0,0.0
2025-07-11 19:15:00+00:00,2.955,hold,hold,default_hold,hold,execute_default_hold,0,False,0.0,0.0,0.0
2025-07-11 19:30:00+00:00,2.955,hold,hold,default_hold,hold,execute_default_hold,0,False,0.0,0.0,0.0
2025-07-11 19:45:00+00:00,2.95,hold,hold,default_hold,hold,execute_default_hold,0,False,0.0,0.0,0.0
2025-07-11 20:00:00+00:00,2.98,hold,hold,default_hold,hold,execute_default_hold,0,False,0.0,0.0,0.0
2025-07-14 13:30:00+00:00,2.9699,hold,hold,default_hold,hold,execute_default_hold,0,False,0.0,0.0,0.0
2025-07-14 13:45:00+00:00,2.865,reduce,hold,no_position,hold,execute_no_position,0,False,0.0,0.0,0.0
2025-07-14 14:00:00+00:00,2.845,hold,hold,default_hold,hold,execute_default_hold,0,False,0.0,0.0,0.0
2025-07-14 14:15:00+00:00,2.905,hold,hold,default_hold,hold,execute_default_hold,0,False,0.0,0.0,0.0
2025-07-14 14:30:00+00:00,2.91,hold,hold,default_hold,hold,execute_default_hold,0,False,0.0,0.0,0.0
2025-07-14 14:45:00+00:00,2.94,hold,hold,default_hold,hold,execute_default_hold,0,False,0.0,0.0,0.0
2025-07-14 15:00:00+00:00,2.9,hold,hold,default_hold,hold,execute_default_hold,0,False,0.0,0.0,0.0
2025-07-14 15:15:00+00:00,2.885,hold,hold,default_hold,hold,execute_default_hold,0,False,0.0,0.0,0.0
2025-07-14 15:30:00+00:00,2.89,hold,hold,default_hold,hold,execute_default_hold,0,False,0.0,0.0,0.0
2025-07-14 15:45:00+00:00,2.88,hold,hold,default_hold,hold,execute_default_hold,0,False,0.0,0.0,0.0
2025-07-14 16:00:00+00:00,2.851,hold,hold,default_hold,hold,execute_default_hold,0,False,0.0,0.0,0.0
2025-07-14 16:15:00+00:00,2.905,hold,hold,default_hold,hold,execute_default_hold,0,False,0.0,0.0,0.0
2025-07-14 16:30:00+00:00,2.905,hold,hold,default_hold,hold,execute_default_hold,0,False,0.0,0.0,0.0
2025-07-14 16:45:00+00:00,2.915,hold,hold,default_hold,hold,execute_default_hold,0,False,0.0,0.0,0.0
2025-07-14 17:00:00+00:00,2.89,hold,hold,default_hold,hold,execute_default_hold,0,False,0.0,0.0,0.0
2025-07-14 17:15:00+00:00,2.915,hold,hold,default_hold,hold,execute_default_hold,0,False,0.0,0.0,0.0
2025-07-14 17:30:00+00:00,2.885,hold,hold,default_hold,hold,execute_default_hold,0,False,0.0,0.0,0.0
2025-07-14 17:45:00+00:00,2.895,hold,hold,default_hold,hold,execute_default_hold,0,False,0.0,0.0,0.0
2025-07-14 18:00:00+00:00,2.88,hold,hold,default_hold,hold,execute_default_hold,0,False,0.0,0.0,0.0
2025-07-14 18:15:00+00:00,2.8999,hold,hold,default_hold,hold,execute_default_hold,0,False,0.0,0.0,0.0
2025-07-14 18:30:00+00:00,2.895,buy,buy,trend_buy,buy,weak_trend_limited_buy,50,False,0.0,0.0,0.0
2025-07-14 18:45:00+00:00,2.915,hold,hold,default_hold,hold,execute_default_hold,0,False,0.0,0.0,0.0
2025-07-14 19:00:00+00:00,2.915,hold,hold,default_hold,hold,execute_default_hold,0,False,0.0,0.0,0.0
2025-07-14 19:15:00+00:00,2.9077,hold,hold,default_hold,hold,execute_default_hold,0,False,0.0,0.0,0.0
2025-07-14 19:30:00+00:00,2.905,hold,hold,default_hold,hold,execute_default_hold,0,False,0.0,0.0,0.0
2025-07-14 19:45:00+00:00,2.92,hold,hold,default_hold,hold,execute_default_hold,0,False,0.0,0.0,0.0
2025-07-14 20:00:00+00:00,2.98,hold,hold,default_hold,hold,execute_default_hold,0,False,0.0,0.0,0.0
2025-07-15 13:30:00+00:00,3.2426,hold,hold,default_hold,hold,execute_default_hold,0,False,0.0,0.0,0.0
2025-07-15 13:45:00+00:00,3.2094,hold,hold,default_hold,hold,execute_default_hold,0,False,0.0,0.0,0.0
2025-07-15 14:00:00+00:00,3.3998,hold,hold,default_hold,hold,execute_default_hold,0,False,0.0,0.0,0.0
2025-07-15 14:15:00+00:00,3.587,hold,hold,default_hold,hold,execute_default_hold,0,False,0.0,0.0,0.0
2025-07-15 14:30:00+00:00,3.7511,hold,hold,default_hold,hold,execute_default_hold,0,False,0.0,0.0,0.0
2025-07-15 14:45:00+00:00,3.6848,hold,hold,default_hold,hold,execute_default_hold,0,False,0.0,0.0,0.0
2025-07-15 15:00:00+00:00,3.52,hold,hold,default_hold,hold,execute_default_hold,0,False,0.0,0.0,0.0
2025-07-15 15:15:00+00:00,3.595,hold,hold,default_hold,hold,execute_default_hold,0,False,0.0,0.0,0.0
2025-07-15 15:30:00+00:00,3.568,hold,hold,default_hold,hold,execute_default_hold,0,False,0.0,0.0,0.0
2025-07-15 15:45:00+00:00,3.6201,hold,hold,default_hold,hold,execute_default_hold,0,False,0.0,0.0,0.0
2025-07-15 16:00:00+00:00,3.73,hold,hold,default_hold,hold,execute_default_hold,0,False,0.0,0.0,0.0
2025-07-15 16:15:00+00:00,3.6879,hold,hold,default_hold,hold,execute_default_hold,0,False,0.0,0.0,0.0
2025-07-15 16:30:00+00:00,3.775,hold,hold,default_hold,hold,execute_default_hold,0,False,0.0,0.0,0.0
2025-07-15 16:45:00+00:00,3.9535,hold,hold,default_hold,hold,execute_default_hold,0,False,0.0,0.0,0.0
2025-07-15 17:00:00+00:00,3.895,hold,hold,default_hold,hold,execute_default_hold,0,False,0.0,0.0,0.0
2025-07-15 17:15:00+00:00,3.8584,hold,hold,default_hold,hold,execute_default_hold,0,False,0.0,0.0,0.0
2025-07-15 17:30:00+00:00,3.9712,hold,hold,default_hold,hold,execute_default_hold,0,False,0.0,0.0,0.0
2025-07-15 17:45:00+00:00,4.0296,hold,hold,default_hold,hold,execute_default_hold,0,False,0.0,0.0,0.0
2025-07-15 18:00:00+00:00,4.02,hold,hold,default_hold,hold,execute_default_hold,0,False,0.0,0.0,0.0
2025-07-15 18:15:00+00:00,4.0548,hold,hold,default_hold,hold,execute_default_hold,0,False,0.0,0.0,0.0
2025-07-15 18:30:00+00:00,4.0201,hold,hold,default_hold,hold,execute_default_hold,0,False,0.0,0.0,0.0
2025-07-15 18:45:00+00:00,3.975,hold,hold,default_hold,hold,execute_default_hold,0,False,0.0,0.0,0.0
2025-07-15 19:00:00+00:00,3.94,hold,hold,default_hold,hold,execute_default_hold,0,False,0.0,0.0,0.0
2025-07-15 19:15:00+00:00,3.9888,hold,hold,default_hold,hold,execute_default_hold,0,False,0.0,0.0,0.0
2025-07-15 19:30:00+00:00,3.98,hold,hold,default_hold,hold,execute_default_hold,0,False,0.0,0.0,0.0
2025-07-15 19:45:00+00:00,3.9648,hold,hold,default_hold,hold,execute_default_hold,0,False,0.0,0.0,0.0
2025-07-15 20:00:00+00:00,3.9828,hold,hold,default_hold,hold,execute_default_hold,0,False,0.0,0.0,0.0
2025-07-16 13:30:00+00:00,4.4169,hold,hold,default_hold,hold,execute_default_hold,0,False,0.0,0.0,0.0
2025-07-16 13:45:00+00:00,4.0,reduce,hold,no_position,hold,execute_no_position,0,False,0.0,0.0,0.0
2025-07-16 14:00:00+00:00,4.175,hold,hold,default_hold,hold,execute_default_hold,0,False,0.0,0.0,0.0
2025-07-16 14:15:00+00:00,4.205,hold,hold,default_hold,hold,execute_default_hold,0,False,0.0,0.0,0.0
2025-07-16 14:30:00+00:00,4.135,hold,hold,default_hold,hold,execute_default_hold,0,False,0.0,0.0,0.0
2025-07-16 14:45:00+00:00,4.36,hold,hold,default_hold,hold,execute_default_hold,0,False,0.0,0.0,0.0
2025-07-16 15:00:00+00:00,4.27,hold,hold,default_hold,hold,execute_default_hold,0,False,0.0,0.0,0.0
2025-07-16 15:15:00+00:00,4.155,hold,hold,default_hold,hold,execute_default_hold,0,False,0.0,0.0,0.0
2025-07-16 15:30:00+00:00,4.145,hold,hold,default_hold,hold,execute_default_hold,0,False,0.0,0.0,0.0
2025-07-16 15:45:00+00:00,4.1752,hold,hold,default_hold,hold,execute_default_hold,0,False,0.0,0.0,0.0
2025-07-16 16:00:00+00:00,4.1476,hold,hold,default_hold,hold,execute_default_hold,0,False,0.0,0.0,0.0
2025-07-16 16:15:00+00:00,4.0,hold,hold,default_hold,hold,execute_default_hold,0,False,0.0,0.0,0.0
2025-07-16 16:30:00+00:00,3.945,hold,hold,default_hold,hold,execute_default_hold,0,False,0.0,0.0,0.0
2025-07-16 16:45:00+00:00,3.8665,hold,hold,default_hold,hold,execute_default_hold,0,False,0.0,0.0,0.0
2025-07-16 17:00:00+00:00,3.8885,hold,hold,default_hold,hold,execute_default_hold,0,False,0.0,0.0,0.0
2025-07-16 17:15:00+00:00,3.9175,hold,hold,default_hold,hold,execute_default_hold,0,False,0.0,0.0,0.0
2025-07-16 17:30:00+00:00,3.9685,hold,hold,default_hold,hold,execute_default_hold,0,False,0.0,0.0,0.0
2025-07-16 17:45:00+00:00,3.965,hold,hold,default_hold,hold,execute_default_hold,0,False,0.0,0.0,0.0
2025-07-16 18:00:00+00:00,3.97,hold,hold,default_hold,hold,execute_default_hold,0,False,0.0,0.0,0.0
2025-07-16 18:15:00+00:00,3.925,hold,hold,default_hold,hold,execute_default_hold,0,False,0.0,0.0,0.0
2025-07-16 18:30:00+00:00,3.9026,hold,hold,default_hold,hold,execute_default_hold,0,False,0.0,0.0,0.0
2025-07-16 18:45:00+00:00,3.9,hold,hold,default_hold,hold,execute_default_hold,0,False,0.0,0.0,0.0
2025-07-16 19:00:00+00:00,3.965,buy,buy,range_buy,buy,weak_range_limited_buy,50,False,0.0,0.0,0.0
2025-07-16 19:15:00+00:00,3.985,hold,hold,default_hold,hold,execute_default_hold,0,False,0.0,0.0,0.0
2025-07-16 19:30:00+00:00,3.975,hold,hold,default_hold,hold,execute_default_hold,0,False,0.0,0.0,0.0
2025-07-16 19:45:00+00:00,3.98,hold,hold,default_hold,hold,execute_default_hold,0,False,0.0,0.0,0.0
2025-07-16 20:00:00+00:00,4.11,hold,hold,default_hold,hold,execute_default_hold,0,False,0.0,0.0,0.0
2025-07-17 13:30:00+00:00,3.97,hold,hold,default_hold,hold,execute_default_hold,0,False,0.0,0.0,0.0
2025-07-17 13:45:00+00:00,4.3001,hold,hold,default_hold,hold,execute_default_hold,0,False,0.0,0.0,0.0
2025-07-17 14:00:00+00:00,4.0899,hold,hold,default_hold,hold,execute_default_hold,0,False,0.0,0.0,0.0
2025-07-17 14:15:00+00:00,3.9677,hold,hold,default_hold,hold,execute_default_hold,0,False,0.0,0.0,0.0
2025-07-17 14:30:00+00:00,4.2403,hold,hold,default_hold,hold,execute_default_hold,0,False,0.0,0.0,0.0
2025-07-17 14:45:00+00:00,4.7104,hold,hold,default_hold,hold,execute_default_hold,0,False,0.0,0.0,0.0
2025-07-17 15:00:00+00:00,4.4501,hold,hold,default_hold,hold,execute_default_hold,0,False,0.0,0.0,0.0
2025-07-17 15:15:00+00:00,4.46,hold,hold,default_hold,hold,execute_default_hold,0,False,0.0,0.0,0.0
2025-07-17 15:30:00+00:00,4.4297,hold,hold,default_hold,hold,execute_default_hold,0,False,0.0,0.0,0.0
2025-07-17 15:45:00+00:00,4.475,hold,hold,default_hold,hold,execute_default_hold,0,False,0.0,0.0,0.0
2025-07-17 16:00:00+00:00,4.3419,hold,hold,default_hold,hold,execute_default_hold,0,False,0.0,0.0,0.0
2025-07-17 16:15:00+00:00,4.2227,reduce,hold,no_position,hold,execute_no_position,0,False,0.0,0.0,0.0
2025-07-17 16:30:00+00:00,4.17,hold,hold,default_hold,hold,execute_default_hold,0,False,0.0,0.0,0.0
2025-07-17 16:45:00+00:00,4.1597,hold,hold,default_hold,hold,execute_default_hold,0,False,0.0,0.0,0.0
2025-07-17 17:00:00+00:00,4.105,hold,hold,default_hold,hold,execute_default_hold,0,False,0.0,0.0,0.0
2025-07-17 17:15:00+00:00,4.165,hold,hold,default_hold,hold,execute_default_hold,0,False,0.0,0.0,0.0
2025-07-17 17:30:00+00:00,4.165,hold,hold,default_hold,hold,execute_default_hold,0,False,0.0,0.0,0.0
2025-07-17 17:45:00+00:00,4.21,hold,hold,default_hold,hold,execute_default_hold,0,False,0.0,0.0,0.0
2025-07-17 18:00:00+00:00,4.235,hold,hold,default_hold,hold,execute_default_hold,0,False,0.0,0.0,0.0
2025-07-17 18:15:00+00:00,4.223,hold,hold,default_hold,hold,execute_default_hold,0,False,0.0,0.0,0.0
2025-07-17 18:30:00+00:00,4.23,hold,hold,default_hold,hold,execute_default_hold,0,False,0.0,0.0,0.0
2025-07-17 18:45:00+00:00,4.225,hold,hold,default_hold,hold,execute_default_hold,0,False,0.0,0.0,0.0
2025-07-17 19:00:00+00:00,4.2467,hold,hold,default_hold,hold,execute_default_hold,0,False,0.0,0.0,0.0
2025-07-17 19:15:00+00:00,4.23,hold,hold,default_hold,hold,execute_default_hold,0,False,0.0,0.0,0.0
2025-07-17 19:30:00+00:00,4.2,buy,buy,range_buy,buy,weak_range_limited_buy,50,False,0.0,0.0,0.0
2025-07-17 19:45:00+00:00,4.26,hold,hold,default_hold,hold,execute_default_hold,0,False,0.0,0.0,0.0
2025-07-17 20:00:00+00:00,4.375,hold,hold,default_hold,hold,execute_default_hold,0,False,0.0,0.0,0.0
2025-07-18 13:30:00+00:00,4.34,hold,hold,default_hold,hold,execute_default_hold,0,False,0.0,0.0,0.0
2025-07-18 13:45:00+00:00,4.6443,hold,hold,default_hold,hold,execute_default_hold,0,False,0.0,0.0,0.0
2025-07-18 14:00:00+00:00,5.0,hold,hold,default_hold,hold,execute_default_hold,0,False,0.0,0.0,0.0
2025-07-18 14:15:00+00:00,4.7662,hold,hold,default_hold,hold,execute_default_hold,0,False,0.0,0.0,0.0
2025-07-18 14:30:00+00:00,4.69,hold,hold,default_hold,hold,execute_default_hold,0,False,0.0,0.0,0.0
2025-07-18 14:45:00+00:00,4.77,hold,hold,default_hold,hold,execute_default_hold,0,False,0.0,0.0,0.0
2025-07-18 15:00:00+00:00,4.5701,hold,hold,default_hold,hold,execute_default_hold,0,False,0.0,0.0,0.0
2025-07-18 15:15:00+00:00,4.57,hold,hold,default_hold,hold,execute_default_hold,0,False,0.0,0.0,0.0
2025-07-18 15:30:00+00:00,4.5085,hold,hold,default_hold,hold,execute_default_hold,0,False,0.0,0.0,0.0
2025-07-18 15:45:00+00:00,4.5057,hold,hold,default_hold,hold,execute_default_hold,0,False,0.0,0.0,0.0
2025-07-18 16:00:00+00:00,4.54,hold,hold,default_hold,hold,execute_default_hold,0,False,0.0,0.0,0.0
2025-07-18 16:15:00+00:00,4.655,hold,hold,default_hold,hold,execute_default_hold,0,False,0.0,0.0,0.0
2025-07-18 16:30:00+00:00,4.4602,reduce,hold,no_position,hold,execute_no_position,0,False,0.0,0.0,0.0
2025-07-18 16:45:00+00:00,4.49,hold,hold,default_hold,hold,execute_default_hold,0,False,0.0,0.0,0.0
2025-07-18 17:00:00+00:00,4.3747,hold,hold,default_hold,hold,execute_default_hold,0,False,0.0,0.0,0.0
2025-07-18 17:15:00+00:00,4.33,hold,hold,default_hold,hold,execute_default_hold,0,False,0.0,0.0,0.0
2025-07-18 17:30:00+00:00,4.46,hold,hold,default_hold,hold,execute_default_hold,0,False,0.0,0.0,0.0
2025-07-18 17:45:00+00:00,4.41,hold,hold,default_hold,hold,execute_default_hold,0,False,0.0,0.0,0.0
2025-07-18 18:00:00+00:00,4.4713,hold,hold,default_hold,hold,execute_default_hold,0,False,0.0,0.0,0.0
2025-07-18 18:15:00+00:00,4.445,hold,hold,default_hold,hold,execute_default_hold,0,False,0.0,0.0,0.0
2025-07-18 18:30:00+00:00,4.455,hold,hold,default_hold,hold,execute_default_hold,0,False,0.0,0.0,0.0
2025-07-18 18:45:00+00:00,4.475,hold,hold,default_hold,hold,execute_default_hold,0,False,0.0,0.0,0.0
2025-07-18 19:00:00+00:00,4.43,hold,hold,default_hold,hold,execute_default_hold,0,False,0.0,0.0,0.0
2025-07-18 19:15:00+00:00,4.46,hold,hold,default_hold,hold,execute_default_hold,0,False,0.0,0.0,0.0
2025-07-18 19:30:00+00:00,4.5019,hold,hold,default_hold,hold,execute_default_hold,0,False,0.0,0.0,0.0
2025-07-18 19:45:00+00:00,4.485,hold,hold,default_hold,hold,execute_default_hold,0,False,0.0,0.0,0.0
2025-07-18 20:00:00+00:00,4.47,hold,hold,default_hold,hold,execute_default_hold,0,False,0.0,0.0,0.0
2025-07-21 13:30:00+00:00,4.37,hold,hold,default_hold,hold,execute_default_hold,0,False,0.0,0.0,0.0
2025-07-21 13:45:00+00:00,4.38,hold,hold,default_hold,hold,execute_default_hold,0,False,0.0,0.0,0.0
2025-07-21 14:00:00+00:00,4.325,hold,hold,default_hold,hold,execute_default_hold,0,False,0.0,0.0,0.0
2025-07-21 14:15:00+00:00,4.33,hold,hold,default_hold,hold,execute_default_hold,0,False,0.0,0.0,0.0
2025-07-21 14:30:00+00:00,4.2665,hold,hold,default_hold,hold,execute_default_hold,0,False,0.0,0.0,0.0
2025-07-21 14:45:00+00:00,4.2165,hold,hold,default_hold,hold,execute_default_hold,0,False,0.0,0.0,0.0
2025-07-21 15:00:00+00:00,4.2,hold,hold,default_hold,hold,execute_default_hold,0,False,0.0,0.0,0.0
2025-07-21 15:15:00+00:00,4.12,hold,hold,default_hold,hold,execute_default_hold,0,False,0.0,0.0,0.0
2025-07-21 15:30:00+00:00,4.085,hold,hold,default_hold,hold,execute_default_hold,0,False,0.0,0.0,0.0
2025-07-21 15:45:00+00:00,4.04,hold,hold,default_hold,hold,execute_default_hold,0,False,0.0,0.0,0.0
2025-07-21 16:00:00+00:00,4.009,hold,hold,default_hold,hold,execute_default_hold,0,False,0.0,0.0,0.0
2025-07-21 16:15:00+00:00,3.9881,hold,hold,default_hold,hold,execute_default_hold,0,False,0.0,0.0,0.0
2025-07-21 16:30:00+00:00,3.93,hold,hold,default_hold,hold,execute_default_hold,0,False,0.0,0.0,0.0
2025-07-21 16:45:00+00:00,3.97,hold,hold,default_hold,hold,execute_default_hold,0,False,0.0,0.0,0.0
2025-07-21 17:00:00+00:00,3.9847,hold,hold,default_hold,hold,execute_default_hold,0,False,0.0,0.0,0.0
2025-07-21 17:15:00+00:00,3.9171,hold,hold,default_hold,hold,execute_default_hold,0,False,0.0,0.0,0.0
2025-07-21 17:30:00+00:00,3.99,hold,hold,default_hold,hold,execute_default_hold,0,False,0.0,0.0,0.0
2025-07-21 17:45:00+00:00,4.0035,hold,hold,default_hold,hold,execute_default_hold,0,False,0.0,0.0,0.0
2025-07-21 18:00:00+00:00,4.01,hold,hold,default_hold,hold,execute_default_hold,0,False,0.0,0.0,0.0
2025-07-21 18:15:00+00:00,4.015,hold,hold,default_hold,hold,execute_default_hold,0,False,0.0,0.0,0.0
2025-07-21 18:30:00+00:00,4.015,buy,buy,range_buy,buy,weak_range_limited_buy,50,False,0.0,0.0,0.0
2025-07-21 18:45:00+00:00,4.025,hold,hold,default_hold,hold,execute_default_hold,0,False,0.0,0.0,0.0
2025-07-21 19:00:00+00:00,3.955,hold,hold,default_hold,hold,execute_default_hold,0,False,0.0,0.0,0.0
2025-07-21 19:15:00+00:00,3.9479,hold,hold,default_hold,hold,execute_default_hold,0,False,0.0,0.0,0.0
2025-07-21 19:30:00+00:00,3.96,hold,hold,default_hold,hold,execute_default_hold,0,False,0.0,0.0,0.0
2025-07-21 19:45:00+00:00,3.9447,hold,hold,default_hold,hold,execute_default_hold,0,False,0.0,0.0,0.0
2025-07-21 20:00:00+00:00,3.905,hold,hold,default_hold,hold,execute_default_hold,0,False,0.0,0.0,0.0
2025-07-22 13:30:00+00:00,3.76,reduce,hold,no_position,hold,execute_no_position,0,False,0.0,0.0,0.0
2025-07-22 13:45:00+00:00,3.845,hold,hold,default_hold,hold,execute_default_hold,0,False,0.0,0.0,0.0
2025-07-22 14:00:00+00:00,3.7704,hold,hold,default_hold,hold,execute_default_hold,0,False,0.0,0.0,0.0
2025-07-22 14:15:00+00:00,3.76,hold,hold,default_hold,hold,execute_default_hold,0,False,0.0,0.0,0.0
2025-07-22 14:30:00+00:00,3.69,hold,hold,default_hold,hold,execute_default_hold,0,False,0.0,0.0,0.0
2025-07-22 14:45:00+00:00,3.745,hold,hold,default_hold,hold,execute_default_hold,0,False,0.0,0.0,0.0
2025-07-22 15:00:00+00:00,3.7556,hold,hold,default_hold,hold,execute_default_hold,0,False,0.0,0.0,0.0
2025-07-22 15:15:00+00:00,3.725,hold,hold,default_hold,hold,execute_default_hold,0,False,0.0,0.0,0.0
2025-07-22 15:30:00+00:00,3.7247,hold,hold,default_hold,hold,execute_default_hold,0,False,0.0,0.0,0.0
2025-07-22 15:45:00+00:00,3.79,hold,hold,default_hold,hold,execute_default_hold,0,False,0.0,0.0,0.0
2025-07-22 16:00:00+00:00,3.745,hold,hold,default_hold,hold,execute_default_hold,0,False,0.0,0.0,0.0
2025-07-22 16:15:00+00:00,3.81,hold,hold,default_hold,hold,execute_default_hold,0,False,0.0,0.0,0.0
2025-07-22 16:30:00+00:00,3.7,hold,hold,default_hold,hold,execute_default_hold,0,False,0.0,0.0,0.0
2025-07-22 16:45:00+00:00,3.733,hold,hold,default_hold,hold,execute_default_hold,0,False,0.0,0.0,0.0
2025-07-22 17:00:00+00:00,3.77,hold,hold,default_hold,hold,execute_default_hold,0,False,0.0,0.0,0.0
2025-07-22 17:15:00+00:00,3.8217,hold,hold,default_hold,hold,execute_default_hold,0,False,0.0,0.0,0.0
2025-07-22 17:30:00+00:00,3.8112,hold,hold,default_hold,hold,execute_default_hold,0,False,0.0,0.0,0.0
2025-07-22 17:45:00+00:00,3.815,hold,hold,default_hold,hold,execute_default_hold,0,False,0.0,0.0,0.0
2025-07-22 18:00:00+00:00,3.8127,buy,buy,trend_buy,buy,weak_trend_limited_buy,50,False,0.0,0.0,0.0
2025-07-22 18:15:00+00:00,3.82,hold,hold,default_hold,hold,execute_default_hold,0,False,0.0,0.0,0.0
2025-07-22 18:30:00+00:00,3.8581,hold,hold,default_hold,hold,execute_default_hold,0,False,0.0,0.0,0.0
2025-07-22 18:45:00+00:00,3.835,hold,hold,default_hold,hold,execute_default_hold,0,False,0.0,0.0,0.0
2025-07-22 19:00:00+00:00,3.885,hold,hold,default_hold,hold,execute_default_hold,0,False,0.0,0.0,0.0
2025-07-22 19:15:00+00:00,3.875,hold,hold,default_hold,hold,execute_default_hold,0,False,0.0,0.0,0.0
2025-07-22 19:30:00+00:00,3.945,hold,hold,default_hold,hold,execute_default_hold,0,False,0.0,0.0,0.0
2025-07-22 19:45:00+00:00,4.0337,hold,hold,default_hold,hold,execute_default_hold,0,False,0.0,0.0,0.0
2025-07-22 20:00:00+00:00,4.04,hold,hold,default_hold,hold,execute_default_hold,0,False,0.0,0.0,0.0
2025-07-23 13:30:00+00:00,4.065,hold,hold,default_hold,hold,execute_default_hold,0,False,0.0,0.0,0.0
2025-07-23 13:45:00+00:00,4.13,hold,hold,default_hold,hold,execute_default_hold,0,False,0.0,0.0,0.0
2025-07-23 14:00:00+00:00,4.15,hold,hold,default_hold,hold,execute_default_hold,0,False,0.0,0.0,0.0
2025-07-23 14:15:00+00:00,4.16,hold,hold,default_hold,hold,execute_default_hold,0,False,0.0,0.0,0.0
2025-07-23 14:30:00+00:00,4.1908,hold,hold,default_hold,hold,execute_default_hold,0,False,0.0,0.0,0.0
2025-07-23 14:45:00+00:00,4.17,hold,hold,default_hold,hold,execute_default_hold,0,False,0.0,0.0,0.0
2025-07-23 15:00:00+00:00,4.18,hold,hold,default_hold,hold,execute_default_hold,0,False,0.0,0.0,0.0
2025-07-23 15:15:00+00:00,4.15,hold,hold,default_hold,hold,execute_default_hold,0,False,0.0,0.0,0.0
2025-07-23 15:30:00+00:00,4.2035,hold,hold,default_hold,hold,execute_default_hold,0,False,0.0,0.0,0.0
2025-07-23 15:45:00+00:00,4.2647,hold,hold,default_hold,hold,execute_default_hold,0,False,0.0,0.0,0.0
2025-07-23 16:00:00+00:00,4.4084,hold,hold,default_hold,hold,execute_default_hold,0,False,0.0,0.0,0.0
2025-07-23 16:15:00+00:00,4.35,hold,hold,default_hold,hold,execute_default_hold,0,False,0.0,0.0,0.0
2025-07-23 16:30:00+00:00,4.3737,hold,hold,default_hold,hold,execute_default_hold,0,False,0.0,0.0,0.0
2025-07-23 16:45:00+00:00,4.55,hold,hold,default_hold,hold,execute_default_hold,0,False,0.0,0.0,0.0
2025-07-23 17:00:00+00:00,4.38,hold,hold,default_hold,hold,execute_default_hold,0,False,0.0,0.0,0.0
2025-07-23 17:15:00+00:00,4.33,hold,hold,default_hold,hold,execute_default_hold,0,False,0.0,0.0,0.0
2025-07-23 17:30:00+00:00,4.4,hold,hold,default_hold,hold,execute_default_hold,0,False,0.0,0.0,0.0
2025-07-23 17:45:00+00:00,4.317,hold,hold,default_hold,hold,execute_default_hold,0,False,0.0,0.0,0.0
2025-07-23 18:00:00+00:00,4.455,hold,hold,default_hold,hold,execute_default_hold,0,False,0.0,0.0,0.0
2025-07-23 18:15:00+00:00,4.55,hold,hold,default_hold,hold,execute_default_hold,0,False,0.0,0.0,0.0
2025-07-23 18:30:00+00:00,4.545,hold,hold,default_hold,hold,execute_default_hold,0,False,0.0,0.0,0.0
2025-07-23 18:45:00+00:00,4.565,hold,hold,default_hold,hold,execute_default_hold,0,False,0.0,0.0,0.0
2025-07-23 19:00:00+00:00,4.52,hold,hold,default_hold,hold,execute_default_hold,0,False,0.0,0.0,0.0
2025-07-23 19:15:00+00:00,4.54,reduce,hold,no_position,hold,execute_no_position,0,False,0.0,0.0,0.0
2025-07-23 19:30:00+00:00,4.53,hold,hold,default_hold,hold,execute_default_hold,0,False,0.0,0.0,0.0
2025-07-23 19:45:00+00:00,4.535,hold,hold,default_hold,hold,execute_default_hold,0,False,0.0,0.0,0.0
2025-07-23 20:00:00+00:00,4.55,hold,hold,default_hold,hold,execute_default_hold,0,False,0.0,0.0,0.0
2025-07-24 13:30:00+00:00,4.57,buy,buy,trend_buy,buy,execute_trend_buy,100,False,0.0,0.0,0.0
2025-07-24 13:45:00+00:00,4.555,hold,hold,default_hold,hold,execute_default_hold,0,False,0.0,0.0,0.0
2025-07-24 14:00:00+00:00,4.475,hold,hold,default_hold,hold,execute_default_hold,0,False,0.0,0.0,0.0
2025-07-24 14:15:00+00:00,4.3302,hold,hold,default_hold,hold,execute_default_hold,0,False,0.0,0.0,0.0
2025-07-24 14:30:00+00:00,4.58,hold,hold,default_hold,hold,execute_default_hold,0,False,0.0,0.0,0.0
2025-07-24 14:45:00+00:00,4.54,hold,hold,default_hold,hold,execute_default_hold,0,False,0.0,0.0,0.0
2025-07-24 15:00:00+00:00,4.4758,hold,hold,default_hold,hold,execute_default_hold,0,False,0.0,0.0,0.0
2025-07-24 15:15:00+00:00,4.385,hold,hold,default_hold,hold,execute_default_hold,0,False,0.0,0.0,0.0
2025-07-24 15:30:00+00:00,4.42,hold,hold,default_hold,hold,execute_default_hold,0,False,0.0,0.0,0.0
2025-07-24 15:45:00+00:00,4.404,hold,hold,default_hold,hold,execute_default_hold,0,False,0.0,0.0,0.0
2025-07-24 16:00:00+00:00,4.39,hold,hold,default_hold,hold,execute_default_hold,0,False,0.0,0.0,0.0
2025-07-24 16:15:00+00:00,4.3773,hold,hold,default_hold,hold,execute_default_hold,0,False,0.0,0.0,0.0
2025-07-24 16:30:00+00:00,4.3648,reduce,hold,no_position,hold,execute_no_position,0,False,0.0,0.0,0.0
2025-07-24 16:45:00+00:00,4.3535,hold,hold,default_hold,hold,execute_default_hold,0,False,0.0,0.0,0.0
2025-07-24 17:00:00+00:00,4.24,hold,hold,default_hold,hold,execute_default_hold,0,False,0.0,0.0,0.0
2025-07-24 17:15:00+00:00,4.275,hold,hold,default_hold,hold,execute_default_hold,0,False,0.0,0.0,0.0
2025-07-24 17:30:00+00:00,4.265,hold,hold,default_hold,hold,execute_default_hold,0,False,0.0,0.0,0.0
2025-07-24 17:45:00+00:00,4.245,hold,hold,default_hold,hold,execute_default_hold,0,False,0.0,0.0,0.0
2025-07-24 18:00:00+00:00,4.235,hold,hold,default_hold,hold,execute_default_hold,0,False,0.0,0.0,0.0
2025-07-24 18:15:00+00:00,4.2482,hold,hold,default_hold,hold,execute_default_hold,0,False,0.0,0.0,0.0
2025-07-24 18:30:00+00:00,4.2599,hold,hold,default_hold,hold,execute_default_hold,0,False,0.0,0.0,0.0
2025-07-24 18:45:00+00:00,4.205,hold,hold,default_hold,hold,execute_default_hold,0,False,0.0,0.0,0.0
2025-07-24 19:00:00+00:00,4.2376,hold,hold,default_hold,hold,execute_default_hold,0,False,0.0,0.0,0.0
2025-07-24 19:15:00+00:00,4.29,hold,hold,default_hold,hold,execute_default_hold,0,False,0.0,0.0,0.0
2025-07-24 19:30:00+00:00,4.31,buy,buy,range_buy,buy,execute_range_buy,100,False,0.0,0.0,0.0
2025-07-24 19:45:00+00:00,4.265,hold,hold,default_hold,hold,execute_default_hold,0,False,0.0,0.0,0.0
2025-07-24 20:00:00+00:00,4.2235,hold,hold,default_hold,hold,execute_default_hold,0,False,0.0,0.0,0.0
2025-07-25 13:30:00+00:00,4.1747,reduce,hold,no_position,hold,execute_no_position,0,False,0.0,0.0,0.0
2025-07-25 13:45:00+00:00,4.135,hold,hold,default_hold,hold,execute_default_hold,0,False,0.0,0.0,0.0
2025-07-25 14:00:00+00:00,4.2855,hold,hold,default_hold,hold,execute_default_hold,0,False,0.0,0.0,0.0
2025-07-25 14:15:00+00:00,4.39,hold,hold,default_hold,hold,execute_default_hold,0,False,0.0,0.0,0.0
2025-07-25 14:30:00+00:00,4.37,hold,hold,default_hold,hold,execute_default_hold,0,False,0.0,0.0,0.0
2025-07-25 14:45:00+00:00,4.3407,hold,hold,default_hold,hold,execute_default_hold,0,False,0.0,0.0,0.0
2025-07-25 15:00:00+00:00,4.285,hold,hold,default_hold,hold,execute_default_hold,0,False,0.0,0.0,0.0
2025-07-25 15:15:00+00:00,4.27,hold,hold,default_hold,hold,execute_default_hold,0,False,0.0,0.0,0.0
2025-07-25 15:30:00+00:00,4.24,hold,hold,default_hold,hold,execute_default_hold,0,False,0.0,0.0,0.0
2025-07-25 15:45:00+00:00,4.1904,hold,hold,default_hold,hold,execute_default_hold,0,False,0.0,0.0,0.0
2025-07-25 16:00:00+00:00,4.245,hold,hold,default_hold,hold,execute_default_hold,0,False,0.0,0.0,0.0
2025-07-25 16:15:00+00:00,4.23,hold,hold,default_hold,hold,execute_default_hold,0,False,0.0,0.0,0.0
2025-07-25 16:30:00+00:00,4.2652,hold,hold,default_hold,hold,execute_default_hold,0,False,0.0,0.0,0.0
2025-07-25 16:45:00+00:00,4.2428,hold,hold,default_hold,hold,execute_default_hold,0,False,0.0,0.0,0.0
2025-07-25 17:00:00+00:00,4.175,hold,hold,default_hold,hold,execute_default_hold,0,False,0.0,0.0,0.0
2025-07-25 17:15:00+00:00,4.21,hold,hold,default_hold,hold,execute_default_hold,0,False,0.0,0.0,0.0
2025-07-25 17:30:00+00:00,4.1718,hold,hold,default_hold,hold,execute_default_hold,0,False,0.0,0.0,0.0
2025-07-25 17:45:00+00:00,4.185,hold,hold,default_hold,hold,execute_default_hold,0,False,0.0,0.0,0.0
2025-07-25 18:00:00+00:00,4.1447,hold,hold,default_hold,hold,execute_default_hold,0,False,0.0,0.0,0.0
2025-07-25 18:15:00+00:00,4.215,hold,hold,default_hold,hold,execute_default_hold,0,False,0.0,0.0,0.0
2025-07-25 18:30:00+00:00,4.27,hold,hold,default_hold,hold,execute_default_hold,0,False,0.0,0.0,0.0
2025-07-25 18:45:00+00:00,4.265,hold,hold,default_hold,hold,execute_default_hold,0,False,0.0,0.0,0.0
2025-07-25 19:00:00+00:00,4.325,hold,hold,default_hold,hold,execute_default_hold,0,False,0.0,0.0,0.0
2025-07-25 19:15:00+00:00,4.335,hold,hold,default_hold,hold,execute_default_hold,0,False,0.0,0.0,0.0
2025-07-25 19:30:00+00:00,4.3699,buy,buy,trend_buy,buy,execute_trend_buy,100,False,0.0,0.0,0.0
2025-07-25 19:45:00+00:00,4.35,hold,hold,default_hold,hold,execute_default_hold,0,False,0.0,0.0,0.0
2025-07-25 20:00:00+00:00,4.34,hold,hold,default_hold,hold,execute_default_hold,0,False,0.0,0.0,0.0
2025-07-28 13:30:00+00:00,4.59,hold,hold,default_hold,hold,execute_default_hold,0,False,0.0,0.0,0.0
2025-07-28 13:45:00+00:00,4.335,hold,hold,default_hold,hold,execute_default_hold,0,False,0.0,0.0,0.0
2025-07-28 14:00:00+00:00,4.23,hold,hold,default_hold,hold,execute_default_hold,0,False,0.0,0.0,0.0
2025-07-28 14:15:00+00:00,4.2,reduce,hold,no_position,hold,execute_no_position,0,False,0.0,0.0,0.0
2025-07-28 14:30:00+00:00,4.2125,hold,hold,default_hold,hold,execute_default_hold,0,False,0.0,0.0,0.0
2025-07-28 14:45:00+00:00,4.255,hold,hold,default_hold,hold,execute_default_hold,0,False,0.0,0.0,0.0
2025-07-28 15:00:00+00:00,4.29,hold,hold,default_hold,hold,execute_default_hold,0,False,0.0,0.0,0.0
2025-07-28 15:15:00+00:00,4.3,hold,hold,default_hold,hold,execute_default_hold,0,False,0.0,0.0,0.0
2025-07-28 15:30:00+00:00,4.3,hold,hold,default_hold,hold,execute_default_hold,0,False,0.0,0.0,0.0
2025-07-28 15:45:00+00:00,4.3,hold,hold,default_hold,hold,execute_default_hold,0,False,0.0,0.0,0.0
2025-07-28 16:00:00+00:00,4.245,hold,hold,default_hold,hold,execute_default_hold,0,False,0.0,0.0,0.0
2025-07-28 16:15:00+00:00,4.27,hold,hold,default_hold,hold,execute_default_hold,0,False,0.0,0.0,0.0
2025-07-28 16:30:00+00:00,4.26,hold,hold,default_hold,hold,execute_default_hold,0,False,0.0,0.0,0.0
2025-07-28 16:45:00+00:00,4.2698,hold,hold,default_hold,hold,execute_default_hold,0,False,0.0,0.0,0.0
2025-07-28 17:00:00+00:00,4.2612,hold,hold,default_hold,hold,execute_default_hold,0,False,0.0,0.0,0.0
2025-07-28 17:15:00+00:00,4.21,hold,hold,default_hold,hold,execute_default_hold,0,False,0.0,0.0,0.0
2025-07-28 17:30:00+00:00,4.125,hold,hold,default_hold,hold,execute_default_hold,0,False,0.0,0.0,0.0
2025-07-28 17:45:00+00:00,4.0848,hold,hold,default_hold,hold,execute_default_hold,0,False,0.0,0.0,0.0
2025-07-28 18:00:00+00:00,4.02,hold,hold,default_hold,hold,execute_default_hold,0,False,0.0,0.0,0.0
2025-07-28 18:15:00+00:00,4.02,hold,hold,default_hold,hold,execute_default_hold,0,False,0.0,0.0,0.0
2025-07-28 18:30:00+00:00,4.02,hold,hold,default_hold,hold,execute_default_hold,0,False,0.0,0.0,0.0
2025-07-28 18:45:00+00:00,4.015,hold,hold,default_hold,hold,execute_default_hold,0,False,0.0,0.0,0.0
2025-07-28 19:00:00+00:00,4.01,hold,hold,default_hold,hold,execute_default_hold,0,False,0.0,0.0,0.0
2025-07-28 19:15:00+00:00,4.0,hold,hold,default_hold,hold,execute_default_hold,0,False,0.0,0.0,0.0
2025-07-28 19:30:00+00:00,3.985,hold,hold,default_hold,hold,execute_default_hold,0,False,0.0,0.0,0.0
2025-07-28 19:45:00+00:00,4.0,hold,hold,default_hold,hold,execute_default_hold,0,False,0.0,0.0,0.0
2025-07-28 20:00:00+00:00,4.07,hold,hold,default_hold,hold,execute_default_hold,0,False,0.0,0.0,0.0
2025-07-29 13:30:00+00:00,3.85,hold,hold,default_hold,hold,execute_default_hold,0,False,0.0,0.0,0.0
2025-07-29 13:45:00+00:00,3.71,hold,hold,default_hold,hold,execute_default_hold,0,False,0.0,0.0,0.0
2025-07-29 14:00:00+00:00,3.765,hold,hold,default_hold,hold,execute_default_hold,0,False,0.0,0.0,0.0
2025-07-29 14:15:00+00:00,3.62,hold,hold,default_hold,hold,execute_default_hold,0,False,0.0,0.0,0.0
2025-07-29 14:30:00+00:00,3.595,hold,hold,default_hold,hold,execute_default_hold,0,False,0.0,0.0,0.0
2025-07-29 14:45:00+00:00,3.6654,hold,hold,default_hold,hold,execute_default_hold,0,False,0.0,0.0,0.0
2025-07-29 15:00:00+00:00,3.675,hold,hold,default_hold,hold,execute_default_hold,0,False,0.0,0.0,0.0
2025-07-29 15:15:00+00:00,3.67,hold,hold,default_hold,hold,execute_default_hold,0,False,0.0,0.0,0.0
2025-07-29 15:30:00+00:00,3.6365,hold,hold,default_hold,hold,execute_default_hold,0,False,0.0,0.0,0.0
2025-07-29 15:45:00+00:00,3.58,hold,hold,default_hold,hold,execute_default_hold,0,False,0.0,0.0,0.0
2025-07-29 16:00:00+00:00,3.625,hold,hold,default_hold,hold,execute_default_hold,0,False,0.0,0.0,0.0
2025-07-29 16:15:00+00:00,3.6135,hold,hold,default_hold,hold,execute_default_hold,0,False,0.0,0.0,0.0
2025-07-29 16:30:00+00:00,3.6011,hold,hold,default_hold,hold,execute_default_hold,0,False,0.0,0.0,0.0
2025-07-29 16:45:00+00:00,3.62,hold,hold,default_hold,hold,execute_default_hold,0,False,0.0,0.0,0.0
2025-07-29 17:00:00+00:00,3.62,hold,hold,default_hold,hold,execute_default_hold,0,False,0.0,0.0,0.0
2025-07-29 17:15:00+00:00,3.625,hold,hold,default_hold,hold,execute_default_hold,0,False,0.0,0.0,0.0
2025-07-29 17:30:00+00:00,3.6333,hold,hold,default_hold,hold,execute_default_hold,0,False,0.0,0.0,0.0
2025-07-29 17:45:00+00:00,3.615,hold,hold,default_hold,hold,execute_default_hold,0,False,0.0,0.0,0.0
2025-07-29 18:00:00+00:00,3.59,hold,hold,default_hold,hold,execute_default_hold,0,False,0.0,0.0,0.0
2025-07-29 18:15:00+00:00,3.56,hold,hold,default_hold,hold,execute_default_hold,0,False,0.0,0.0,0.0
2025-07-29 18:30:00+00:00,3.5578,hold,hold,default_hold,hold,execute_default_hold,0,False,0.0,0.0,0.0
2025-07-29 18:45:00+00:00,3.535,hold,hold,default_hold,hold,execute_default_hold,0,False,0.0,0.0,0.0
2025-07-29 19:00:00+00:00,3.515,hold,hold,default_hold,hold,execute_default_hold,0,False,0.0,0.0,0.0
2025-07-29 19:15:00+00:00,3.515,hold,hold,default_hold,hold,execute_default_hold,0,False,0.0,0.0,0.0
2025-07-29 19:30:00+00:00,3.45,hold,hold,default_hold,hold,execute_default_hold,0,False,0.0,0.0,0.0
2025-07-29 19:45:00+00:00,3.38,hold,hold,default_hold,hold,execute_default_hold,0,False,0.0,0.0,0.0
2025-07-29 20:00:00+00:00,3.4,hold,hold,default_hold,hold,execute_default_hold,0,False,0.0,0.0,0.0
2025-07-30 13:30:00+00:00,3.405,hold,hold,default_hold,hold,execute_default_hold,0,False,0.0,0.0,0.0
2025-07-30 13:45:00+00:00,3.32,hold,hold,default_hold,hold,execute_default_hold,0,False,0.0,0.0,0.0
2025-07-30 14:00:00+00:00,3.295,hold,hold,default_hold,hold,execute_default_hold,0,False,0.0,0.0,0.0
2025-07-30 14:15:00+00:00,3.24,hold,hold,default_hold,hold,execute_default_hold,0,False,0.0,0.0,0.0
2025-07-30 14:30:00+00:00,3.2064,hold,hold,default_hold,hold,execute_default_hold,0,False,0.0,0.0,0.0
2025-07-30 14:45:00+00:00,3.2499,hold,hold,default_hold,hold,execute_default_hold,0,False,0.0,0.0,0.0
2025-07-30 15:00:00+00:00,3.24,hold,hold,default_hold,hold,execute_default_hold,0,False,0.0,0.0,0.0
2025-07-30 15:15:00+00:00,3.245,hold,hold,default_hold,hold,execute_default_hold,0,False,0.0,0.0,0.0
2025-07-30 15:30:00+00:00,3.2601,hold,hold,default_hold,hold,execute_default_hold,0,False,0.0,0.0,0.0
2025-07-30 15:45:00+00:00,3.3148,hold,hold,default_hold,hold,execute_default_hold,0,False,0.0,0.0,0.0
2025-07-30 16:00:00+00:00,3.31,hold,hold,default_hold,hold,execute_default_hold,0,False,0.0,0.0,0.0
2025-07-30 16:15:00+00:00,3.32,hold,hold,default_hold,hold,execute_default_hold,0,False,0.0,0.0,0.0
2025-07-30 16:30:00+00:00,3.4365,hold,hold,default_hold,hold,execute_default_hold,0,False,0.0,0.0,0.0
2025-07-30 16:45:00+00:00,3.5501,hold,hold,default_hold,hold,execute_default_hold,0,False,0.0,0.0,0.0
2025-07-30 17:00:00+00:00,3.545,hold,hold,default_hold,hold,execute_default_hold,0,False,0.0,0.0,0.0
2025-07-30 17:15:00+00:00,3.515,hold,hold,default_hold,hold,execute_default_hold,0,False,0.0,0.0,0.0
2025-07-30 17:30:00+00:00,3.5198,hold,hold,default_hold,hold,execute_default_hold,0,False,0.0,0.0,0.0
2025-07-30 17:45:00+00:00,3.535,hold,hold,default_hold,hold,execute_default_hold,0,False,0.0,0.0,0.0
2025-07-30 18:00:00+00:00,3.56,hold,hold,default_hold,hold,execute_default_hold,0,False,0.0,0.0,0.0
2025-07-30 18:15:00+00:00,3.5512,hold,hold,default_hold,hold,execute_default_hold,0,False,0.0,0.0,0.0
2025-07-30 18:30:00+00:00,3.545,hold,hold,default_hold,hold,execute_default_hold,0,False,0.0,0.0,0.0
2025-07-30 18:45:00+00:00,3.4798,buy,buy,trend_buy,buy,execute_trend_buy,100,False,0.0,0.0,0.0
2025-07-30 19:00:00+00:00,3.38,hold,hold,default_hold,hold,execute_default_hold,0,False,0.0,0.0,0.0
2025-07-30 19:15:00+00:00,3.375,hold,hold,default_hold,hold,execute_default_hold,0,False,0.0,0.0,0.0
2025-07-30 19:30:00+00:00,3.325,hold,hold,default_hold,hold,execute_default_hold,0,False,0.0,0.0,0.0
2025-07-30 19:45:00+00:00,3.335,hold,hold,default_hold,hold,execute_default_hold,0,False,0.0,0.0,0.0
2025-07-30 20:00:00+00:00,3.39,hold,hold,default_hold,hold,execute_default_hold,0,False,0.0,0.0,0.0
2025-07-31 13:30:00+00:00,3.46,sell,hold,no_position,hold,execute_no_position,0,False,0.0,0.0,0.0
2025-07-31 13:45:00+00:00,3.41,reduce,hold,no_position,hold,execute_no_position,0,False,0.0,0.0,0.0
2025-07-31 14:00:00+00:00,3.43,hold,hold,default_hold,hold,execute_default_hold,0,False,0.0,0.0,0.0
2025-07-31 14:15:00+00:00,3.4404,hold,hold,default_hold,hold,execute_default_hold,0,False,0.0,0.0,0.0
2025-07-31 14:30:00+00:00,3.4754,hold,hold,default_hold,hold,execute_default_hold,0,False,0.0,0.0,0.0
2025-07-31 14:45:00+00:00,3.4809,avoid,hold,avoid_no_position,hold,execute_avoid_no_position,0,False,0.0,0.0,0.0
2025-07-31 15:00:00+00:00,3.51,sell,hold,no_position,hold,execute_no_position,0,False,0.0,0.0,0.0
2025-07-31 15:15:00+00:00,3.53,hold,hold,default_hold,hold,execute_default_hold,0,False,0.0,0.0,0.0
2025-07-31 15:30:00+00:00,3.525,avoid,hold,avoid_no_position,hold,execute_avoid_no_position,0,False,0.0,0.0,0.0
2025-07-31 15:45:00+00:00,3.54,hold,hold,default_hold,hold,execute_default_hold,0,False,0.0,0.0,0.0
2025-07-31 16:00:00+00:00,3.54,hold,hold,default_hold,hold,execute_default_hold,0,False,0.0,0.0,0.0
2025-07-31 16:15:00+00:00,3.5527,hold,hold,default_hold,hold,execute_default_hold,0,False,0.0,0.0,0.0
2025-07-31 16:30:00+00:00,3.59,hold,hold,default_hold,hold,execute_default_hold,0,False,0.0,0.0,0.0
2025-07-31 16:45:00+00:00,3.585,hold,hold,default_hold,hold,execute_default_hold,0,False,0.0,0.0,0.0
2025-07-31 17:00:00+00:00,3.59,hold,hold,default_hold,hold,execute_default_hold,0,False,0.0,0.0,0.0
2025-07-31 17:15:00+00:00,3.58,hold,hold,default_hold,hold,execute_default_hold,0,False,0.0,0.0,0.0
2025-07-31 17:30:00+00:00,3.52,hold,hold,default_hold,hold,execute_default_hold,0,False,0.0,0.0,0.0
2025-07-31 17:45:00+00:00,3.5252,sell,hold,no_position,hold,execute_no_position,0,False,0.0,0.0,0.0
2025-07-31 18:00:00+00:00,3.45,hold,hold,default_hold,hold,execute_default_hold,0,False,0.0,0.0,0.0
2025-07-31 18:15:00+00:00,3.47,hold,hold,default_hold,hold,execute_default_hold,0,False,0.0,0.0,0.0
2025-07-31 18:30:00+00:00,3.52,hold,hold,default_hold,hold,execute_default_hold,0,False,0.0,0.0,0.0
2025-07-31 18:45:00+00:00,3.505,hold,hold,default_hold,hold,execute_default_hold,0,False,0.0,0.0,0.0
2025-07-31 19:00:00+00:00,3.525,hold,hold,default_hold,hold,execute_default_hold,0,False,0.0,0.0,0.0
2025-07-31 19:15:00+00:00,3.5335,reduce,hold,no_position,hold,execute_no_position,0,False,0.0,0.0,0.0
2025-07-31 19:30:00+00:00,3.51,hold,hold,default_hold,hold,execute_default_hold,0,False,0.0,0.0,0.0
2025-07-31 19:45:00+00:00,3.7989,sell,hold,no_position,hold,execute_no_position,0,False,0.0,0.0,0.0
2025-07-31 20:00:00+00:00,3.775,avoid,hold,avoid_no_position,hold,execute_avoid_no_position,0,False,0.0,0.0,0.0
2025-08-01 13:30:00+00:00,3.61,hold,hold,default_hold,hold,execute_default_hold,0,False,0.0,0.0,0.0
2025-08-01 13:45:00+00:00,3.611,hold,hold,default_hold,hold,execute_default_hold,0,False,0.0,0.0,0.0
2025-08-01 14:00:00+00:00,3.58,hold,hold,default_hold,hold,execute_default_hold,0,False,0.0,0.0,0.0
2025-08-01 14:15:00+00:00,3.815,hold,hold,default_hold,hold,execute_default_hold,0,False,0.0,0.0,0.0
2025-08-01 14:30:00+00:00,3.94,hold,hold,default_hold,hold,execute_default_hold,0,False,0.0,0.0,0.0
2025-08-01 14:45:00+00:00,3.99,hold,hold,default_hold,hold,execute_default_hold,0,False,0.0,0.0,0.0
2025-08-01 15:00:00+00:00,3.965,hold,hold,default_hold,hold,execute_default_hold,0,False,0.0,0.0,0.0
2025-08-01 15:15:00+00:00,4.02,hold,hold,default_hold,hold,execute_default_hold,0,False,0.0,0.0,0.0
2025-08-01 15:30:00+00:00,3.94,hold,hold,default_hold,hold,execute_default_hold,0,False,0.0,0.0,0.0
2025-08-01 15:45:00+00:00,4.08,hold,hold,default_hold,hold,execute_default_hold,0,False,0.0,0.0,0.0
2025-08-01 16:00:00+00:00,4.1967,hold,hold,default_hold,hold,execute_default_hold,0,False,0.0,0.0,0.0
2025-08-01 16:15:00+00:00,4.145,hold,hold,default_hold,hold,execute_default_hold,0,False,0.0,0.0,0.0
2025-08-01 16:30:00+00:00,4.11,hold,hold,default_hold,hold,execute_default_hold,0,False,0.0,0.0,0.0
2025-08-01 16:45:00+00:00,4.0735,hold,hold,default_hold,hold,execute_default_hold,0,False,0.0,0.0,0.0
2025-08-01 17:00:00+00:00,3.96,hold,hold,default_hold,hold,execute_default_hold,0,False,0.0,0.0,0.0
2025-08-01 17:15:00+00:00,3.93,reduce,hold,no_position,hold,execute_no_position,0,False,0.0,0.0,0.0
2025-08-01 17:30:00+00:00,3.855,hold,hold,default_hold,hold,execute_default_hold,0,False,0.0,0.0,0.0
2025-08-01 17:45:00+00:00,3.875,hold,hold,default_hold,hold,execute_default_hold,0,False,0.0,0.0,0.0
2025-08-01 18:00:00+00:00,3.785,hold,hold,default_hold,hold,execute_default_hold,0,False,0.0,0.0,0.0
2025-08-01 18:15:00+00:00,3.735,hold,hold,default_hold,hold,execute_default_hold,0,False,0.0,0.0,0.0
2025-08-01 18:30:00+00:00,3.8199,hold,hold,default_hold,hold,execute_default_hold,0,False,0.0,0.0,0.0
2025-08-01 18:45:00+00:00,3.87,hold,hold,default_hold,hold,execute_default_hold,0,False,0.0,0.0,0.0
2025-08-01 19:00:00+00:00,3.84,hold,hold,default_hold,hold,execute_default_hold,0,False,0.0,0.0,0.0
2025-08-01 19:15:00+00:00,3.86,hold,hold,default_hold,hold,execute_default_hold,0,False,0.0,0.0,0.0
2025-08-01 19:30:00+00:00,3.8721,hold,hold,default_hold,hold,execute_default_hold,0,False,0.0,0.0,0.0
2025-08-01 19:45:00+00:00,3.81,hold,hold,default_hold,hold,execute_default_hold,0,False,0.0,0.0,0.0
2025-08-01 20:00:00+00:00,3.815,hold,hold,default_hold,hold,execute_default_hold,0,False,0.0,0.0,0.0
2025-08-04 13:30:00+00:00,4.01,hold,hold,default_hold,hold,execute_default_hold,0,False,0.0,0.0,0.0
2025-08-04 13:45:00+00:00,4.03,hold,hold,default_hold,hold,execute_default_hold,0,False,0.0,0.0,0.0
2025-08-04 14:00:00+00:00,4.04,hold,hold,default_hold,hold,execute_default_hold,0,False,0.0,0.0,0.0
2025-08-04 14:15:00+00:00,3.9866,hold,hold,default_hold,hold,execute_default_hold,0,False,0.0,0.0,0.0
2025-08-04 14:30:00+00:00,3.8451,hold,hold,default_hold,hold,execute_default_hold,0,False,0.0,0.0,0.0
2025-08-04 14:45:00+00:00,3.67,hold,hold,default_hold,hold,execute_default_hold,0,False,0.0,0.0,0.0
2025-08-04 15:00:00+00:00,3.71,hold,hold,default_hold,hold,execute_default_hold,0,False,0.0,0.0,0.0
2025-08-04 15:15:00+00:00,3.775,hold,hold,default_hold,hold,execute_default_hold,0,False,0.0,0.0,0.0
2025-08-04 15:30:00+00:00,3.86,hold,hold,default_hold,hold,execute_default_hold,0,False,0.0,0.0,0.0
2025-08-04 15:45:00+00:00,3.95,hold,hold,default_hold,hold,execute_default_hold,0,False,0.0,0.0,0.0
2025-08-04 16:00:00+00:00,3.925,hold,hold,default_hold,hold,execute_default_hold,0,False,0.0,0.0,0.0
2025-08-04 16:15:00+00:00,3.89,hold,hold,default_hold,hold,execute_default_hold,0,False,0.0,0.0,0.0
2025-08-04 16:30:00+00:00,3.8099,hold,hold,default_hold,hold,execute_default_hold,0,False,0.0,0.0,0.0
2025-08-04 16:45:00+00:00,3.845,hold,hold,default_hold,hold,execute_default_hold,0,False,0.0,0.0,0.0
2025-08-04 17:00:00+00:00,3.87,hold,hold,default_hold,hold,execute_default_hold,0,False,0.0,0.0,0.0
2025-08-04 17:15:00+00:00,3.89,hold,hold,default_hold,hold,execute_default_hold,0,False,0.0,0.0,0.0
2025-08-04 17:30:00+00:00,3.84,hold,hold,default_hold,hold,execute_default_hold,0,False,0.0,0.0,0.0
2025-08-04 17:45:00+00:00,3.83,hold,hold,default_hold,hold,execute_default_hold,0,False,0.0,0.0,0.0
2025-08-04 18:00:00+00:00,3.845,hold,hold,default_hold,hold,execute_default_hold,0,False,0.0,0.0,0.0
2025-08-04 18:15:00+00:00,3.76,hold,hold,default_hold,hold,execute_default_hold,0,False,0.0,0.0,0.0
2025-08-04 18:30:00+00:00,3.81,hold,hold,default_hold,hold,execute_default_hold,0,False,0.0,0.0,0.0
2025-08-04 18:45:00+00:00,3.76,hold,hold,default_hold,hold,execute_default_hold,0,False,0.0,0.0,0.0
2025-08-04 19:00:00+00:00,3.71,hold,hold,default_hold,hold,execute_default_hold,0,False,0.0,0.0,0.0
2025-08-04 19:15:00+00:00,3.72,hold,hold,default_hold,hold,execute_default_hold,0,False,0.0,0.0,0.0
2025-08-04 19:30:00+00:00,3.6698,hold,hold,default_hold,hold,execute_default_hold,0,False,0.0,0.0,0.0
2025-08-04 19:45:00+00:00,3.655,hold,hold,default_hold,hold,execute_default_hold,0,False,0.0,0.0,0.0
2025-08-04 20:00:00+00:00,3.76,hold,hold,default_hold,hold,execute_default_hold,0,False,0.0,0.0,0.0
2025-08-05 13:30:00+00:00,3.705,hold,hold,default_hold,hold,execute_default_hold,0,False,0.0,0.0,0.0
2025-08-05 13:45:00+00:00,3.7,hold,hold,default_hold,hold,execute_default_hold,0,False,0.0,0.0,0.0
2025-08-05 14:00:00+00:00,3.855,hold,hold,default_hold,hold,execute_default_hold,0,False,0.0,0.0,0.0
2025-08-05 14:15:00+00:00,3.81,hold,hold,default_hold,hold,execute_default_hold,0,False,0.0,0.0,0.0
2025-08-05 14:30:00+00:00,3.75,hold,hold,default_hold,hold,execute_default_hold,0,False,0.0,0.0,0.0
2025-08-05 14:45:00+00:00,3.6601,hold,hold,default_hold,hold,execute_default_hold,0,False,0.0,0.0,0.0
2025-08-05 15:00:00+00:00,3.6954,hold,hold,default_hold,hold,execute_default_hold,0,False,0.0,0.0,0.0
2025-08-05 15:15:00+00:00,3.76,hold,hold,default_hold,hold,execute_default_hold,0,False,0.0,0.0,0.0
2025-08-05 15:30:00+00:00,3.788,hold,hold,default_hold,hold,execute_default_hold,0,False,0.0,0.0,0.0
2025-08-05 15:45:00+00:00,3.78,hold,hold,default_hold,hold,execute_default_hold,0,False,0.0,0.0,0.0
2025-08-05 16:00:00+00:00,3.784,hold,hold,default_hold,hold,execute_default_hold,0,False,0.0,0.0,0.0
2025-08-05 16:15:00+00:00,3.795,hold,hold,default_hold,hold,execute_default_hold,0,False,0.0,0.0,0.0
2025-08-05 16:30:00+00:00,3.86,hold,hold,default_hold,hold,execute_default_hold,0,False,0.0,0.0,0.0
2025-08-05 16:45:00+00:00,3.835,hold,hold,default_hold,hold,execute_default_hold,0,False,0.0,0.0,0.0
2025-08-05 17:00:00+00:00,3.86,hold,hold,default_hold,hold,execute_default_hold,0,False,0.0,0.0,0.0
2025-08-05 17:15:00+00:00,3.83,hold,hold,default_hold,hold,execute_default_hold,0,False,0.0,0.0,0.0
2025-08-05 17:30:00+00:00,3.95,hold,hold,default_hold,hold,execute_default_hold,0,False,0.0,0.0,0.0
2025-08-05 17:45:00+00:00,3.91,hold,hold,default_hold,hold,execute_default_hold,0,False,0.0,0.0,0.0
2025-08-05 18:00:00+00:00,4.1,hold,hold,default_hold,hold,execute_default_hold,0,False,0.0,0.0,0.0
2025-08-05 18:15:00+00:00,4.1311,hold,hold,default_hold,hold,execute_default_hold,0,False,0.0,0.0,0.0
2025-08-05 18:30:00+00:00,4.07,hold,hold,default_hold,hold,execute_default_hold,0,False,0.0,0.0,0.0
2025-08-05 18:45:00+00:00,4.0196,hold,hold,default_hold,hold,execute_default_hold,0,False,0.0,0.0,0.0
2025-08-05 19:00:00+00:00,4.025,hold,hold,default_hold,hold,execute_default_hold,0,False,0.0,0.0,0.0
2025-08-05 19:15:00+00:00,4.0751,hold,hold,default_hold,hold,execute_default_hold,0,False,0.0,0.0,0.0
2025-08-05 19:30:00+00:00,4.05,hold,hold,default_hold,hold,execute_default_hold,0,False,0.0,0.0,0.0
2025-08-05 19:45:00+00:00,4.035,hold,hold,default_hold,hold,execute_default_hold,0,False,0.0,0.0,0.0
2025-08-05 20:00:00+00:00,4.22,hold,hold,default_hold,hold,execute_default_hold,0,False,0.0,0.0,0.0
2025-08-06 13:30:00+00:00,4.225,hold,hold,default_hold,hold,execute_default_hold,0,False,0.0,0.0,0.0
2025-08-06 13:45:00+00:00,4.141,buy,buy,trend_buy,buy,execute_trend_buy,100,False,0.0,0.0,0.0
2025-08-06 14:00:00+00:00,4.09,hold,hold,default_hold,hold,execute_default_hold,0,False,0.0,0.0,0.0
2025-08-06 14:15:00+00:00,4.1,hold,hold,default_hold,hold,execute_default_hold,0,False,0.0,0.0,0.0
2025-08-06 14:30:00+00:00,4.0,hold,hold,default_hold,hold,execute_default_hold,0,False,0.0,0.0,0.0
2025-08-06 14:45:00+00:00,3.915,hold,hold,default_hold,hold,execute_default_hold,0,False,0.0,0.0,0.0
2025-08-06 15:00:00+00:00,3.927,hold,hold,default_hold,hold,execute_default_hold,0,False,0.0,0.0,0.0
2025-08-06 15:15:00+00:00,3.88,hold,hold,default_hold,hold,execute_default_hold,0,False,0.0,0.0,0.0
2025-08-06 15:30:00+00:00,3.885,hold,hold,default_hold,hold,execute_default_hold,0,False,0.0,0.0,0.0
2025-08-06 15:45:00+00:00,3.8977,hold,hold,default_hold,hold,execute_default_hold,0,False,0.0,0.0,0.0
2025-08-06 16:00:00+00:00,3.915,hold,hold,default_hold,hold,execute_default_hold,0,False,0.0,0.0,0.0
2025-08-06 16:15:00+00:00,3.9428,hold,hold,default_hold,hold,execute_default_hold,0,False,0.0,0.0,0.0
2025-08-06 16:30:00+00:00,3.945,hold,hold,default_hold,hold,execute_default_hold,0,False,0.0,0.0,0.0
2025-08-06 16:45:00+00:00,3.9177,reduce,hold,no_position,hold,execute_no_position,0,False,0.0,0.0,0.0
2025-08-06 17:00:00+00:00,3.94,hold,hold,default_hold,hold,execute_default_hold,0,False,0.0,0.0,0.0
2025-08-06 17:15:00+00:00,3.915,hold,hold,default_hold,hold,execute_default_hold,0,False,0.0,0.0,0.0
2025-08-06 17:30:00+00:00,3.96,hold,hold,default_hold,hold,execute_default_hold,0,False,0.0,0.0,0.0
2025-08-06 17:45:00+00:00,3.965,hold,hold,default_hold,hold,execute_default_hold,0,False,0.0,0.0,0.0
2025-08-06 18:00:00+00:00,3.96,hold,hold,default_hold,hold,execute_default_hold,0,False,0.0,0.0,0.0
2025-08-06 18:15:00+00:00,4.005,hold,hold,default_hold,hold,execute_default_hold,0,False,0.0,0.0,0.0
2025-08-06 18:30:00+00:00,3.95,hold,hold,default_hold,hold,execute_default_hold,0,False,0.0,0.0,0.0
2025-08-06 18:45:00+00:00,3.965,hold,hold,default_hold,hold,execute_default_hold,0,False,0.0,0.0,0.0
2025-08-06 19:00:00+00:00,3.975,hold,hold,default_hold,hold,execute_default_hold,0,False,0.0,0.0,0.0
2025-08-06 19:15:00+00:00,3.945,hold,hold,default_hold,hold,execute_default_hold,0,False,0.0,0.0,0.0
2025-08-06 19:30:00+00:00,3.945,hold,hold,default_hold,hold,execute_default_hold,0,False,0.0,0.0,0.0
2025-08-06 19:45:00+00:00,3.925,buy,buy,trend_buy,buy,execute_trend_buy,100,False,0.0,0.0,0.0
2025-08-06 20:00:00+00:00,3.95,hold,hold,default_hold,hold,execute_default_hold,0,False,0.0,0.0,0.0
2025-08-07 13:30:00+00:00,4.03,hold,hold,default_hold,hold,execute_default_hold,0,False,0.0,0.0,0.0
2025-08-07 13:45:00+00:00,4.1001,hold,hold,default_hold,hold,execute_default_hold,0,False,0.0,0.0,0.0
2025-08-07 14:00:00+00:00,4.0894,hold,hold,default_hold,hold,execute_default_hold,0,False,0.0,0.0,0.0
2025-08-07 14:15:00+00:00,4.2803,hold,hold,default_hold,hold,execute_default_hold,0,False,0.0,0.0,0.0
2025-08-07 14:30:00+00:00,4.1705,hold,hold,default_hold,hold,execute_default_hold,0,False,0.0,0.0,0.0
2025-08-07 14:45:00+00:00,4.06,hold,hold,default_hold,hold,execute_default_hold,0,False,0.0,0.0,0.0
2025-08-07 15:00:00+00:00,3.98,hold,hold,default_hold,hold,execute_default_hold,0,False,0.0,0.0,0.0
2025-08-07 15:15:00+00:00,3.92,reduce,hold,no_position,hold,execute_no_position,0,False,0.0,0.0,0.0
2025-08-07 15:30:00+00:00,3.902,hold,hold,default_hold,hold,execute_default_hold,0,False,0.0,0.0,0.0
2025-08-07 15:45:00+00:00,3.89,hold,hold,default_hold,hold,execute_default_hold,0,False,0.0,0.0,0.0
2025-08-07 16:00:00+00:00,3.885,hold,hold,default_hold,hold,execute_default_hold,0,False,0.0,0.0,0.0
2025-08-07 16:15:00+00:00,3.855,hold,hold,default_hold,hold,execute_default_hold,0,False,0.0,0.0,0.0
2025-08-07 16:30:00+00:00,3.95,hold,hold,default_hold,hold,execute_default_hold,0,False,0.0,0.0,0.0
2025-08-07 16:45:00+00:00,3.94,hold,hold,default_hold,hold,execute_default_hold,0,False,0.0,0.0,0.0
2025-08-07 17:00:00+00:00,3.925,hold,hold,default_hold,hold,execute_default_hold,0,False,0.0,0.0,0.0
2025-08-07 17:15:00+00:00,3.8885,hold,hold,default_hold,hold,execute_default_hold,0,False,0.0,0.0,0.0
2025-08-07 17:30:00+00:00,3.9,hold,hold,default_hold,hold,execute_default_hold,0,False,0.0,0.0,0.0
2025-08-07 17:45:00+00:00,3.895,hold,hold,default_hold,hold,execute_default_hold,0,False,0.0,0.0,0.0
2025-08-07 18:00:00+00:00,3.9972,hold,hold,default_hold,hold,execute_default_hold,0,False,0.0,0.0,0.0
2025-08-07 18:15:00+00:00,3.97,buy,buy,range_buy,buy,execute_range_buy,100,False,0.0,0.0,0.0
2025-08-07 18:30:00+00:00,4.0279,hold,hold,default_hold,hold,execute_default_hold,0,False,0.0,0.0,0.0
2025-08-07 18:45:00+00:00,4.12,hold,hold,default_hold,hold,execute_default_hold,0,False,0.0,0.0,0.0
2025-08-07 19:00:00+00:00,4.135,hold,hold,default_hold,hold,execute_default_hold,0,False,0.0,0.0,0.0
2025-08-07 19:15:00+00:00,4.24,hold,hold,default_hold,hold,execute_default_hold,0,False,0.0,0.0,0.0
2025-08-07 19:30:00+00:00,4.11,hold,hold,default_hold,hold,execute_default_hold,0,False,0.0,0.0,0.0
2025-08-07 19:45:00+00:00,4.155,hold,hold,default_hold,hold,execute_default_hold,0,False,0.0,0.0,0.0
2025-08-07 20:00:00+00:00,4.25,hold,hold,default_hold,hold,execute_default_hold,0,False,0.0,0.0,0.0
2025-08-08 13:30:00+00:00,4.27,hold,hold,default_hold,hold,execute_default_hold,0,False,0.0,0.0,0.0
2025-08-08 13:45:00+00:00,4.287,hold,hold,default_hold,hold,execute_default_hold,0,False,0.0,0.0,0.0
2025-08-08 14:00:00+00:00,4.11,hold,hold,default_hold,hold,execute_default_hold,0,False,0.0,0.0,0.0
2025-08-08 14:15:00+00:00,4.155,hold,hold,default_hold,hold,execute_default_hold,0,False,0.0,0.0,0.0
2025-08-08 14:30:00+00:00,4.149,hold,hold,default_hold,hold,execute_default_hold,0,False,0.0,0.0,0.0
2025-08-08 14:45:00+00:00,4.12,reduce,hold,no_position,hold,execute_no_position,0,False,0.0,0.0,0.0
2025-08-08 15:00:00+00:00,4.135,hold,hold,default_hold,hold,execute_default_hold,0,False,0.0,0.0,0.0
2025-08-08 15:15:00+00:00,4.105,hold,hold,default_hold,hold,execute_default_hold,0,False,0.0,0.0,0.0
2025-08-08 15:30:00+00:00,4.1,hold,hold,default_hold,hold,execute_default_hold,0,False,0.0,0.0,0.0
2025-08-08 15:45:00+00:00,4.055,hold,hold,default_hold,hold,execute_default_hold,0,False,0.0,0.0,0.0
2025-08-08 16:00:00+00:00,4.1,hold,hold,default_hold,hold,execute_default_hold,0,False,0.0,0.0,0.0
2025-08-08 16:15:00+00:00,3.99,hold,hold,default_hold,hold,execute_default_hold,0,False,0.0,0.0,0.0
2025-08-08 16:30:00+00:00,4.0054,hold,hold,default_hold,hold,execute_default_hold,0,False,0.0,0.0,0.0
2025-08-08 16:45:00+00:00,4.0246,hold,hold,default_hold,hold,execute_default_hold,0,False,0.0,0.0,0.0
2025-08-08 17:00:00+00:00,3.995,hold,hold,default_hold,hold,execute_default_hold,0,False,0.0,0.0,0.0
2025-08-08 17:15:00+00:00,3.995,hold,hold,default_hold,hold,execute_default_hold,0,False,0.0,0.0,0.0
2025-08-08 17:30:00+00:00,4.1161,hold,hold,default_hold,hold,execute_default_hold,0,False,0.0,0.0,0.0
2025-08-08 17:45:00+00:00,4.11,hold,hold,default_hold,hold,execute_default_hold,0,False,0.0,0.0,0.0
2025-08-08 18:00:00+00:00,4.3209,hold,hold,default_hold,hold,execute_default_hold,0,False,0.0,0.0,0.0
2025-08-08 18:15:00+00:00,4.3586,hold,hold,default_hold,hold,execute_default_hold,0,False,0.0,0.0,0.0
2025-08-08 18:30:00+00:00,4.4701,buy,buy,trend_buy,buy,execute_trend_buy,100,False,0.0,0.0,0.0
2025-08-08 18:45:00+00:00,4.5,hold,hold,default_hold,hold,execute_default_hold,0,False,0.0,0.0,0.0
2025-08-08 19:00:00+00:00,4.565,hold,hold,default_hold,hold,execute_default_hold,0,False,0.0,0.0,0.0
2025-08-08 19:15:00+00:00,4.565,hold,hold,default_hold,hold,execute_default_hold,0,False,0.0,0.0,0.0
2025-08-08 19:30:00+00:00,4.575,hold,hold,default_hold,hold,execute_default_hold,0,False,0.0,0.0,0.0
2025-08-08 19:45:00+00:00,4.67,hold,hold,default_hold,hold,execute_default_hold,0,False,0.0,0.0,0.0
2025-08-08 20:00:00+00:00,4.63,hold,hold,default_hold,hold,execute_default_hold,0,False,0.0,0.0,0.0
2025-08-11 13:30:00+00:00,4.6328,hold,hold,default_hold,hold,execute_default_hold,0,False,0.0,0.0,0.0
2025-08-11 13:45:00+00:00,4.7699,hold,hold,default_hold,hold,execute_default_hold,0,False,0.0,0.0,0.0
2025-08-11 14:00:00+00:00,4.7045,hold,hold,default_hold,hold,execute_default_hold,0,False,0.0,0.0,0.0
2025-08-11 14:15:00+00:00,4.6289,hold,hold,default_hold,hold,execute_default_hold,0,False,0.0,0.0,0.0
2025-08-11 14:30:00+00:00,4.5388,hold,hold,default_hold,hold,execute_default_hold,0,False,0.0,0.0,0.0
2025-08-11 14:45:00+00:00,4.5597,reduce,hold,no_position,hold,execute_no_position,0,False,0.0,0.0,0.0
2025-08-11 15:00:00+00:00,4.58,hold,hold,default_hold,hold,execute_default_hold,0,False,0.0,0.0,0.0
2025-08-11 15:15:00+00:00,4.68,hold,hold,default_hold,hold,execute_default_hold,0,False,0.0,0.0,0.0
2025-08-11 15:30:00+00:00,4.63,hold,hold,default_hold,hold,execute_default_hold,0,False,0.0,0.0,0.0
2025-08-11 15:45:00+00:00,4.7298,hold,hold,default_hold,hold,execute_default_hold,0,False,0.0,0.0,0.0
2025-08-11 16:00:00+00:00,4.8,hold,hold,default_hold,hold,execute_default_hold,0,False,0.0,0.0,0.0
2025-08-11 16:15:00+00:00,4.91,hold,hold,default_hold,hold,execute_default_hold,0,False,0.0,0.0,0.0
2025-08-11 16:30:00+00:00,5.1498,hold,hold,default_hold,hold,execute_default_hold,0,False,0.0,0.0,0.0
2025-08-11 16:45:00+00:00,5.011,hold,hold,default_hold,hold,execute_default_hold,0,False,0.0,0.0,0.0
2025-08-11 17:00:00+00:00,5.065,hold,hold,default_hold,hold,execute_default_hold,0,False,0.0,0.0,0.0
2025-08-11 17:15:00+00:00,4.94,hold,hold,default_hold,hold,execute_default_hold,0,False,0.0,0.0,0.0
2025-08-11 17:30:00+00:00,4.865,hold,hold,default_hold,hold,execute_default_hold,0,False,0.0,0.0,0.0
2025-08-11 17:45:00+00:00,4.7999,buy,buy,trend_buy,buy,execute_trend_buy,100,False,0.0,0.0,0.0
2025-08-11 18:00:00+00:00,4.8255,hold,hold,default_hold,hold,execute_default_hold,0,False,0.0,0.0,0.0
2025-08-11 18:15:00+00:00,4.82,hold,hold,default_hold,hold,execute_default_hold,0,False,0.0,0.0,0.0
2025-08-11 18:30:00+00:00,4.825,hold,hold,default_hold,hold,execute_default_hold,0,False,0.0,0.0,0.0
2025-08-11 18:45:00+00:00,4.905,hold,hold,default_hold,hold,execute_default_hold,0,False,0.0,0.0,0.0
2025-08-11 19:00:00+00:00,4.86,hold,hold,default_hold,hold,execute_default_hold,0,False,0.0,0.0,0.0
2025-08-11 19:15:00+00:00,4.89,hold,hold,default_hold,hold,execute_default_hold,0,False,0.0,0.0,0.0
2025-08-11 19:30:00+00:00,4.905,hold,hold,default_hold,hold,execute_default_hold,0,False,0.0,0.0,0.0
2025-08-11 19:45:00+00:00,4.865,hold,hold,default_hold,hold,execute_default_hold,0,False,0.0,0.0,0.0
2025-08-11 20:00:00+00:00,4.92,hold,hold,default_hold,hold,execute_default_hold,0,False,0.0,0.0,0.0
2025-08-12 13:30:00+00:00,4.9366,hold,hold,default_hold,hold,execute_default_hold,0,False,0.0,0.0,0.0
2025-08-12 13:45:00+00:00,4.98,hold,hold,default_hold,hold,execute_default_hold,0,False,0.0,0.0,0.0
2025-08-12 14:00:00+00:00,5.0,hold,hold,default_hold,hold,execute_default_hold,0,False,0.0,0.0,0.0
2025-08-12 14:15:00+00:00,5.0,hold,hold,default_hold,hold,execute_default_hold,0,False,0.0,0.0,0.0
2025-08-12 14:30:00+00:00,4.96,hold,hold,default_hold,hold,execute_default_hold,0,False,0.0,0.0,0.0
2025-08-12 14:45:00+00:00,4.93,hold,hold,default_hold,hold,execute_default_hold,0,False,0.0,0.0,0.0
2025-08-12 15:00:00+00:00,4.825,reduce,hold,no_position,hold,execute_no_position,0,False,0.0,0.0,0.0
2025-08-12 15:15:00+00:00,4.84,hold,hold,default_hold,hold,execute_default_hold,0,False,0.0,0.0,0.0
2025-08-12 15:30:00+00:00,4.81,hold,hold,default_hold,hold,execute_default_hold,0,False,0.0,0.0,0.0
2025-08-12 15:45:00+00:00,4.97,hold,hold,default_hold,hold,execute_default_hold,0,False,0.0,0.0,0.0
2025-08-12 16:00:00+00:00,4.865,hold,hold,default_hold,hold,execute_default_hold,0,False,0.0,0.0,0.0
2025-08-12 16:15:00+00:00,4.8272,hold,hold,default_hold,hold,execute_default_hold,0,False,0.0,0.0,0.0
2025-08-12 16:30:00+00:00,4.82,hold,hold,default_hold,hold,execute_default_hold,0,False,0.0,0.0,0.0
2025-08-12 16:45:00+00:00,4.8,hold,hold,default_hold,hold,execute_default_hold,0,False,0.0,0.0,0.0
2025-08-12 17:00:00+00:00,4.905,hold,hold,default_hold,hold,execute_default_hold,0,False,0.0,0.0,0.0
2025-08-12 17:15:00+00:00,4.96,hold,hold,default_hold,hold,execute_default_hold,0,False,0.0,0.0,0.0
2025-08-12 17:30:00+00:00,4.95,hold,hold,default_hold,hold,execute_default_hold,0,False,0.0,0.0,0.0
2025-08-12 17:45:00+00:00,4.925,hold,hold,default_hold,hold,execute_default_hold,0,False,0.0,0.0,0.0
2025-08-12 18:00:00+00:00,4.9,hold,hold,default_hold,hold,execute_default_hold,0,False,0.0,0.0,0.0
2025-08-12 18:15:00+00:00,4.89,hold,hold,default_hold,hold,execute_default_hold,0,False,0.0,0.0,0.0
2025-08-12 18:30:00+00:00,4.84,hold,hold,default_hold,hold,execute_default_hold,0,False,0.0,0.0,0.0
2025-08-12 18:45:00+00:00,4.855,hold,hold,default_hold,hold,execute_default_hold,0,False,0.0,0.0,0.0
2025-08-12 19:00:00+00:00,4.845,buy,buy,trend_buy,buy,weak_trend_limited_buy,50,False,0.0,0.0,0.0
2025-08-12 19:15:00+00:00,4.85,hold,hold,default_hold,hold,execute_default_hold,0,False,0.0,0.0,0.0
2025-08-12 19:30:00+00:00,4.895,hold,hold,default_hold,hold,execute_default_hold,0,False,0.0,0.0,0.0
2025-08-12 19:45:00+00:00,4.8419,hold,hold,default_hold,hold,execute_default_hold,0,False,0.0,0.0,0.0
2025-08-12 20:00:00+00:00,4.845,hold,hold,default_hold,hold,execute_default_hold,0,False,0.0,0.0,0.0
2025-08-13 13:30:00+00:00,4.89,reduce,hold,no_position,hold,execute_no_position,0,False,0.0,0.0,0.0
2025-08-13 13:45:00+00:00,5.06,hold,hold,default_hold,hold,execute_default_hold,0,False,0.0,0.0,0.0
2025-08-13 14:00:00+00:00,5.06,hold,hold,default_hold,hold,execute_default_hold,0,False,0.0,0.0,0.0
2025-08-13 14:15:00+00:00,5.035,hold,hold,default_hold,hold,execute_default_hold,0,False,0.0,0.0,0.0
2025-08-13 14:30:00+00:00,5.02,hold,hold,default_hold,hold,execute_default_hold,0,False,0.0,0.0,0.0
2025-08-13 14:45:00+00:00,4.97,hold,hold,default_hold,hold,execute_default_hold,0,False,0.0,0.0,0.0
2025-08-13 15:00:00+00:00,4.8644,hold,hold,default_hold,hold,execute_default_hold,0,False,0.0,0.0,0.0
2025-08-13 15:15:00+00:00,4.76,hold,hold,default_hold,hold,execute_default_hold,0,False,0.0,0.0,0.0
2025-08-13 15:30:00+00:00,4.76,hold,hold,default_hold,hold,execute_default_hold,0,False,0.0,0.0,0.0
2025-08-13 15:45:00+00:00,4.79,hold,hold,default_hold,hold,execute_default_hold,0,False,0.0,0.0,0.0
2025-08-13 16:00:00+00:00,4.765,hold,hold,default_hold,hold,execute_default_hold,0,False,0.0,0.0,0.0
2025-08-13 16:15:00+00:00,4.755,hold,hold,default_hold,hold,execute_default_hold,0,False,0.0,0.0,0.0
2025-08-13 16:30:00+00:00,4.74,hold,hold,default_hold,hold,execute_default_hold,0,False,0.0,0.0,0.0
2025-08-13 16:45:00+00:00,4.71,hold,hold,default_hold,hold,execute_default_hold,0,False,0.0,0.0,0.0
2025-08-13 17:00:00+00:00,4.69,hold,hold,default_hold,hold,execute_default_hold,0,False,0.0,0.0,0.0
2025-08-13 17:15:00+00:00,4.695,hold,hold,default_hold,hold,execute_default_hold,0,False,0.0,0.0,0.0
2025-08-13 17:30:00+00:00,4.725,hold,hold,default_hold,hold,execute_default_hold,0,False,0.0,0.0,0.0
2025-08-13 17:45:00+00:00,4.8,buy,buy,range_buy,buy,weak_range_limited_buy,50,False,0.0,0.0,0.0
2025-08-13 18:00:00+00:00,4.8,hold,hold,default_hold,hold,execute_default_hold,0,False,0.0,0.0,0.0
2025-08-13 18:15:00+00:00,4.7374,hold,hold,default_hold,hold,execute_default_hold,0,False,0.0,0.0,0.0
2025-08-13 18:30:00+00:00,4.735,hold,hold,default_hold,hold,execute_default_hold,0,False,0.0,0.0,0.0
2025-08-13 18:45:00+00:00,4.785,hold,hold,default_hold,hold,execute_default_hold,0,False,0.0,0.0,0.0
2025-08-13 19:00:00+00:00,5.01,hold,hold,default_hold,hold,execute_default_hold,0,False,0.0,0.0,0.0
2025-08-13 19:15:00+00:00,4.88,hold,hold,default_hold,hold,execute_default_hold,0,False,0.0,0.0,0.0
2025-08-13 19:30:00+00:00,4.935,hold,hold,default_hold,hold,execute_default_hold,0,False,0.0,0.0,0.0
2025-08-13 19:45:00+00:00,4.905,hold,hold,default_hold,hold,execute_default_hold,0,False,0.0,0.0,0.0
2025-08-13 20:00:00+00:00,4.97,hold,hold,default_hold,hold,execute_default_hold,0,False,0.0,0.0,0.0
2025-08-14 13:30:00+00:00,4.8,hold,hold,default_hold,hold,execute_default_hold,0,False,0.0,0.0,0.0
2025-08-14 13:45:00+00:00,5.02,hold,hold,default_hold,hold,execute_default_hold,0,False,0.0,0.0,0.0
2025-08-14 14:00:00+00:00,5.165,hold,hold,default_hold,hold,execute_default_hold,0,False,0.0,0.0,0.0
2025-08-14 14:15:00+00:00,5.17,hold,hold,default_hold,hold,execute_default_hold,0,False,0.0,0.0,0.0
2025-08-14 14:30:00+00:00,5.15,hold,hold,default_hold,hold,execute_default_hold,0,False,0.0,0.0,0.0
2025-08-14 14:45:00+00:00,5.2235,hold,hold,default_hold,hold,execute_default_hold,0,False,0.0,0.0,0.0
2025-08-14 15:00:00+00:00,5.155,hold,hold,default_hold,hold,execute_default_hold,0,False,0.0,0.0,0.0
2025-08-14 15:15:00+00:00,5.1599,hold,hold,default_hold,hold,execute_default_hold,0,False,0.0,0.0,0.0
2025-08-14 15:30:00+00:00,5.13,hold,hold,default_hold,hold,execute_default_hold,0,False,0.0,0.0,0.0
2025-08-14 15:45:00+00:00,5.1,hold,hold,default_hold,hold,execute_default_hold,0,False,0.0,0.0,0.0
2025-08-14 16:00:00+00:00,5.17,hold,hold,default_hold,hold,execute_default_hold,0,False,0.0,0.0,0.0
2025-08-14 16:15:00+00:00,5.13,hold,hold,default_hold,hold,execute_default_hold,0,False,0.0,0.0,0.0
2025-08-14 16:30:00+00:00,5.14,reduce,hold,no_position,hold,execute_no_position,0,False,0.0,0.0,0.0
2025-08-14 16:45:00+00:00,5.1044,hold,hold,default_hold,hold,execute_default_hold,0,False,0.0,0.0,0.0
2025-08-14 17:00:00+00:00,5.17,hold,hold,default_hold,hold,execute_default_hold,0,False,0.0,0.0,0.0
2025-08-14 17:15:00+00:00,5.185,hold,hold,default_hold,hold,execute_default_hold,0,False,0.0,0.0,0.0
2025-08-14 17:30:00+00:00,5.245,hold,hold,default_hold,hold,execute_default_hold,0,False,0.0,0.0,0.0
2025-08-14 17:45:00+00:00,5.31,hold,hold,default_hold,hold,execute_default_hold,0,False,0.0,0.0,0.0
2025-08-14 18:00:00+00:00,5.64,hold,hold,default_hold,hold,execute_default_hold,0,False,0.0,0.0,0.0
2025-08-14 18:15:00+00:00,5.68,hold,hold,default_hold,hold,execute_default_hold,0,False,0.0,0.0,0.0
2025-08-14 18:30:00+00:00,5.67,hold,hold,default_hold,hold,execute_default_hold,0,False,0.0,0.0,0.0
2025-08-14 18:45:00+00:00,5.81,hold,hold,default_hold,hold,execute_default_hold,0,False,0.0,0.0,0.0
2025-08-14 19:00:00+00:00,5.845,hold,hold,default_hold,hold,execute_default_hold,0,False,0.0,0.0,0.0
2025-08-14 19:15:00+00:00,5.845,hold,hold,default_hold,hold,execute_default_hold,0,False,0.0,0.0,0.0
2025-08-14 19:30:00+00:00,5.825,hold,hold,default_hold,hold,execute_default_hold,0,False,0.0,0.0,0.0
2025-08-14 19:45:00+00:00,5.82,hold,hold,default_hold,hold,execute_default_hold,0,False,0.0,0.0,0.0
2025-08-14 20:00:00+00:00,5.86,hold,hold,default_hold,hold,execute_default_hold,0,False,0.0,0.0,0.0
2025-08-15 13:30:00+00:00,6.03,buy,buy,trend_buy,buy,execute_trend_buy,100,False,0.0,0.0,0.0
2025-08-15 13:45:00+00:00,5.7,hold,hold,default_hold,hold,execute_default_hold,0,False,0.0,0.0,0.0
2025-08-15 14:00:00+00:00,5.7795,hold,hold,default_hold,hold,execute_default_hold,0,False,0.0,0.0,0.0
2025-08-15 14:15:00+00:00,5.78,hold,hold,default_hold,hold,execute_default_hold,0,False,0.0,0.0,0.0
2025-08-15 14:30:00+00:00,5.6901,hold,hold,default_hold,hold,execute_default_hold,0,False,0.0,0.0,0.0
2025-08-15 14:45:00+00:00,5.68,hold,hold,default_hold,hold,execute_default_hold,0,False,0.0,0.0,0.0
2025-08-15 15:00:00+00:00,5.75,hold,hold,default_hold,hold,execute_default_hold,0,False,0.0,0.0,0.0
2025-08-15 15:15:00+00:00,5.75,hold,hold,default_hold,hold,execute_default_hold,0,False,0.0,0.0,0.0
2025-08-15 15:30:00+00:00,5.7147,hold,hold,default_hold,hold,execute_default_hold,0,False,0.0,0.0,0.0
2025-08-15 15:45:00+00:00,5.68,hold,hold,default_hold,hold,execute_default_hold,0,False,0.0,0.0,0.0
2025-08-15 16:00:00+00:00,5.71,hold,hold,default_hold,hold,execute_default_hold,0,False,0.0,0.0,0.0
2025-08-15 16:15:00+00:00,5.68,hold,hold,default_hold,hold,execute_default_hold,0,False,0.0,0.0,0.0
2025-08-15 16:30:00+00:00,5.64,reduce,hold,no_position,hold,execute_no_position,0,False,0.0,0.0,0.0
2025-08-15 16:45:00+00:00,5.6499,hold,hold,default_hold,hold,execute_default_hold,0,False,0.0,0.0,0.0
2025-08-15 17:00:00+00:00,5.7,hold,hold,default_hold,hold,execute_default_hold,0,False,0.0,0.0,0.0
2025-08-15 17:15:00+00:00,5.8336,hold,hold,default_hold,hold,execute_default_hold,0,False,0.0,0.0,0.0
2025-08-15 17:30:00+00:00,6.04,hold,hold,default_hold,hold,execute_default_hold,0,False,0.0,0.0,0.0
2025-08-15 17:45:00+00:00,6.05,hold,hold,default_hold,hold,execute_default_hold,0,False,0.0,0.0,0.0
2025-08-15 18:00:00+00:00,6.06,hold,hold,default_hold,hold,execute_default_hold,0,False,0.0,0.0,0.0
2025-08-15 18:15:00+00:00,5.98,hold,hold,default_hold,hold,execute_default_hold,0,False,0.0,0.0,0.0
2025-08-15 18:30:00+00:00,5.97,hold,hold,default_hold,hold,execute_default_hold,0,False,0.0,0.0,0.0
2025-08-15 18:45:00+00:00,5.93,hold,hold,default_hold,hold,execute_default_hold,0,False,0.0,0.0,0.0
2025-08-15 19:00:00+00:00,5.88,hold,hold,default_hold,hold,execute_default_hold,0,False,0.0,0.0,0.0
2025-08-15 19:15:00+00:00,5.93,hold,hold,default_hold,hold,execute_default_hold,0,False,0.0,0.0,0.0
2025-08-15 19:30:00+00:00,5.91,buy,buy,trend_buy,buy,execute_trend_buy,100,False,0.0,0.0,0.0
2025-08-15 19:45:00+00:00,5.9,hold,hold,default_hold,hold,execute_default_hold,0,False,0.0,0.0,0.0
2025-08-15 20:00:00+00:00,5.84,hold,hold,default_hold,hold,execute_default_hold,0,False,0.0,0.0,0.0
2025-08-18 13:30:00+00:00,5.865,reduce,hold,no_position,hold,execute_no_position,0,False,0.0,0.0,0.0
2025-08-18 13:45:00+00:00,5.6553,hold,hold,default_hold,hold,execute_default_hold,0,False,0.0,0.0,0.0
2025-08-18 14:00:00+00:00,5.37,hold,hold,default_hold,hold,execute_default_hold,0,False,0.0,0.0,0.0
2025-08-18 14:15:00+00:00,5.4442,hold,hold,default_hold,hold,execute_default_hold,0,False,0.0,0.0,0.0
2025-08-18 14:30:00+00:00,5.46,hold,hold,default_hold,hold,execute_default_hold,0,False,0.0,0.0,0.0
2025-08-18 14:45:00+00:00,5.42,hold,hold,default_hold,hold,execute_default_hold,0,False,0.0,0.0,0.0
2025-08-18 15:00:00+00:00,5.52,hold,hold,default_hold,hold,execute_default_hold,0,False,0.0,0.0,0.0
2025-08-18 15:15:00+00:00,5.5299,hold,hold,default_hold,hold,execute_default_hold,0,False,0.0,0.0,0.0
2025-08-18 15:30:00+00:00,5.56,hold,hold,default_hold,hold,execute_default_hold,0,False,0.0,0.0,0.0
2025-08-18 15:45:00+00:00,5.5699,hold,hold,default_hold,hold,execute_default_hold,0,False,0.0,0.0,0.0
2025-08-18 16:00:00+00:00,5.625,hold,hold,default_hold,hold,execute_default_hold,0,False,0.0,0.0,0.0
2025-08-18 16:15:00+00:00,5.6002,hold,hold,default_hold,hold,execute_default_hold,0,False,0.0,0.0,0.0
2025-08-18 16:30:00+00:00,5.62,hold,hold,default_hold,hold,execute_default_hold,0,False,0.0,0.0,0.0
2025-08-18 16:45:00+00:00,5.65,hold,hold,default_hold,hold,execute_default_hold,0,False,0.0,0.0,0.0
2025-08-18 17:00:00+00:00,5.7,hold,hold,default_hold,hold,execute_default_hold,0,False,0.0,0.0,0.0
2025-08-18 17:15:00+00:00,5.835,hold,hold,default_hold,hold,execute_default_hold,0,False,0.0,0.0,0.0
2025-08-18 17:30:00+00:00,5.95,buy,buy,trend_buy,buy,execute_trend_buy,100,False,0.0,0.0,0.0
2025-08-18 17:45:00+00:00,5.88,hold,hold,default_hold,hold,execute_default_hold,0,False,0.0,0.0,0.0
2025-08-18 18:00:00+00:00,6.11,hold,hold,default_hold,hold,execute_default_hold,0,False,0.0,0.0,0.0
2025-08-18 18:15:00+00:00,6.22,hold,hold,default_hold,hold,execute_default_hold,0,False,0.0,0.0,0.0
2025-08-18 18:30:00+00:00,6.23,hold,hold,default_hold,hold,execute_default_hold,0,False,0.0,0.0,0.0
2025-08-18 18:45:00+00:00,6.24,hold,hold,default_hold,hold,execute_default_hold,0,False,0.0,0.0,0.0
2025-08-18 19:00:00+00:00,6.2872,hold,hold,default_hold,hold,execute_default_hold,0,False,0.0,0.0,0.0
2025-08-18 19:15:00+00:00,6.15,hold,hold,default_hold,hold,execute_default_hold,0,False,0.0,0.0,0.0
2025-08-18 19:30:00+00:00,6.17,hold,hold,default_hold,hold,execute_default_hold,0,False,0.0,0.0,0.0
2025-08-18 19:45:00+00:00,6.045,hold,hold,default_hold,hold,execute_default_hold,0,False,0.0,0.0,0.0
2025-08-18 20:00:00+00:00,6.15,hold,hold,default_hold,hold,execute_default_hold,0,False,0.0,0.0,0.0
2025-08-19 13:30:00+00:00,6.06,hold,hold,default_hold,hold,execute_default_hold,0,False,0.0,0.0,0.0
2025-08-19 13:45:00+00:00,5.835,reduce,hold,no_position,hold,execute_no_position,0,False,0.0,0.0,0.0
2025-08-19 14:00:00+00:00,5.859,hold,hold,default_hold,hold,execute_default_hold,0,False,0.0,0.0,0.0
2025-08-19 14:15:00+00:00,5.91,hold,hold,default_hold,hold,execute_default_hold,0,False,0.0,0.0,0.0
2025-08-19 14:30:00+00:00,5.6351,hold,hold,default_hold,hold,execute_default_hold,0,False,0.0,0.0,0.0
2025-08-19 14:45:00+00:00,5.66,hold,hold,default_hold,hold,execute_default_hold,0,False,0.0,0.0,0.0
2025-08-19 15:00:00+00:00,5.745,hold,hold,default_hold,hold,execute_default_hold,0,False,0.0,0.0,0.0
2025-08-19 15:15:00+00:00,5.7541,hold,hold,default_hold,hold,execute_default_hold,0,False,0.0,0.0,0.0
2025-08-19 15:30:00+00:00,5.76,hold,hold,default_hold,hold,execute_default_hold,0,False,0.0,0.0,0.0
2025-08-19 15:45:00+00:00,5.7699,hold,hold,default_hold,hold,execute_default_hold,0,False,0.0,0.0,0.0
2025-08-19 16:00:00+00:00,5.8,hold,hold,default_hold,hold,execute_default_hold,0,False,0.0,0.0,0.0
2025-08-19 16:15:00+00:00,5.7,hold,hold,default_hold,hold,execute_default_hold,0,False,0.0,0.0,0.0
2025-08-19 16:30:00+00:00,5.6616,hold,hold,default_hold,hold,execute_default_hold,0,False,0.0,0.0,0.0
2025-08-19 16:45:00+00:00,5.63,hold,hold,default_hold,hold,execute_default_hold,0,False,0.0,0.0,0.0
2025-08-19 17:00:00+00:00,5.63,hold,hold,default_hold,hold,execute_default_hold,0,False,0.0,0.0,0.0
2025-08-19 17:15:00+00:00,5.78,buy,buy,range_buy,buy,execute_range_buy,100,False,0.0,0.0,0.0
2025-08-19 17:30:00+00:00,5.7,hold,hold,default_hold,hold,execute_default_hold,0,False,0.0,0.0,0.0
2025-08-19 17:45:00+00:00,5.67,hold,hold,default_hold,hold,execute_default_hold,0,False,0.0,0.0,0.0
2025-08-19 18:00:00+00:00,5.7136,hold,hold,default_hold,hold,execute_default_hold,0,False,0.0,0.0,0.0
2025-08-19 18:15:00+00:00,5.67,hold,hold,default_hold,hold,execute_default_hold,0,False,0.0,0.0,0.0
2025-08-19 18:30:00+00:00,5.735,hold,hold,default_hold,hold,execute_default_hold,0,False,0.0,0.0,0.0
2025-08-19 18:45:00+00:00,5.77,hold,hold,default_hold,hold,execute_default_hold,0,False,0.0,0.0,0.0
2025-08-19 19:00:00+00:00,5.76,hold,hold,default_hold,hold,execute_default_hold,0,False,0.0,0.0,0.0
2025-08-19 19:15:00+00:00,5.66,hold,hold,default_hold,hold,execute_default_hold,0,False,0.0,0.0,0.0
2025-08-19 19:30:00+00:00,5.735,hold,hold,default_hold,hold,execute_default_hold,0,False,0.0,0.0,0.0
2025-08-19 19:45:00+00:00,5.725,hold,hold,default_hold,hold,execute_default_hold,0,False,0.0,0.0,0.0
2025-08-19 20:00:00+00:00,5.71,hold,hold,default_hold,hold,execute_default_hold,0,False,0.0,0.0,0.0
2025-08-20 13:30:00+00:00,5.5,reduce,hold,no_position,hold,execute_no_position,0,False,0.0,0.0,0.0
2025-08-20 13:45:00+00:00,5.59,hold,hold,default_hold,hold,execute_default_hold,0,False,0.0,0.0,0.0
2025-08-20 14:00:00+00:00,5.55,hold,hold,default_hold,hold,execute_default_hold,0,False,0.0,0.0,0.0
2025-08-20 14:15:00+00:00,5.61,hold,hold,default_hold,hold,execute_default_hold,0,False,0.0,0.0,0.0
2025-08-20 14:30:00+00:00,5.6175,hold,hold,default_hold,hold,execute_default_hold,0,False,0.0,0.0,0.0
2025-08-20 14:45:00+00:00,5.59,hold,hold,default_hold,hold,execute_default_hold,0,False,0.0,0.0,0.0
2025-08-20 15:00:00+00:00,5.5559,hold,hold,default_hold,hold,execute_default_hold,0,False,0.0,0.0,0.0
2025-08-20 15:15:00+00:00,5.645,hold,hold,default_hold,hold,execute_default_hold,0,False,0.0,0.0,0.0
2025-08-20 15:30:00+00:00,5.69,hold,hold,default_hold,hold,execute_default_hold,0,False,0.0,0.0,0.0
2025-08-20 15:45:00+00:00,5.725,hold,hold,default_hold,hold,execute_default_hold,0,False,0.0,0.0,0.0
2025-08-20 16:00:00+00:00,5.59,hold,hold,default_hold,hold,execute_default_hold,0,False,0.0,0.0,0.0
2025-08-20 16:15:00+00:00,5.61,hold,hold,default_hold,hold,execute_default_hold,0,False,0.0,0.0,0.0
2025-08-20 16:30:00+00:00,5.655,hold,hold,default_hold,hold,execute_default_hold,0,False,0.0,0.0,0.0
2025-08-20 16:45:00+00:00,5.6524,hold,hold,default_hold,hold,execute_default_hold,0,False,0.0,0.0,0.0
2025-08-20 17:00:00+00:00,5.6884,hold,hold,default_hold,hold,execute_default_hold,0,False,0.0,0.0,0.0
2025-08-20 17:15:00+00:00,5.67,buy,buy,trend_buy,buy,weak_trend_limited_buy,50,False,0.0,0.0,0.0
2025-08-20 17:30:00+00:00,5.685,hold,hold,default_hold,hold,execute_default_hold,0,False,0.0,0.0,0.0
2025-08-20 17:45:00+00:00,5.698,hold,hold,default_hold,hold,execute_default_hold,0,False,0.0,0.0,0.0
2025-08-20 18:00:00+00:00,5.6,hold,hold,default_hold,hold,execute_default_hold,0,False,0.0,0.0,0.0
2025-08-20 18:15:00+00:00,5.57,hold,hold,default_hold,hold,execute_default_hold,0,False,0.0,0.0,0.0
2025-08-20 18:30:00+00:00,5.625,hold,hold,default_hold,hold,execute_default_hold,0,False,0.0,0.0,0.0
2025-08-20 18:45:00+00:00,5.665,hold,hold,default_hold,hold,execute_default_hold,0,False,0.0,0.0,0.0
2025-08-20 19:00:00+00:00,5.69,hold,hold,default_hold,hold,execute_default_hold,0,False,0.0,0.0,0.0
2025-08-20 19:15:00+00:00,5.7977,hold,hold,default_hold,hold,execute_default_hold,0,False,0.0,0.0,0.0
2025-08-20 19:30:00+00:00,5.795,hold,hold,default_hold,hold,execute_default_hold,0,False,0.0,0.0,0.0
2025-08-20 19:45:00+00:00,5.8016,hold,hold,default_hold,hold,execute_default_hold,0,False,0.0,0.0,0.0
2025-08-20 20:00:00+00:00,5.82,hold,hold,default_hold,hold,execute_default_hold,0,False,0.0,0.0,0.0
2025-08-21 13:30:00+00:00,5.7398,hold,hold,default_hold,hold,execute_default_hold,0,False,0.0,0.0,0.0
2025-08-21 13:45:00+00:00,5.775,hold,hold,default_hold,hold,execute_default_hold,0,False,0.0,0.0,0.0
2025-08-21 14:00:00+00:00,5.88,hold,hold,default_hold,hold,execute_default_hold,0,False,0.0,0.0,0.0
2025-08-21 14:15:00+00:00,6.0,hold,hold,default_hold,hold,execute_default_hold,0,False,0.0,0.0,0.0
2025-08-21 14:30:00+00:00,5.9,hold,hold,default_hold,hold,execute_default_hold,0,False,0.0,0.0,0.0
2025-08-21 14:45:00+00:00,5.91,hold,hold,default_hold,hold,execute_default_hold,0,False,0.0,0.0,0.0
2025-08-21 15:00:00+00:00,5.83,hold,hold,default_hold,hold,execute_default_hold,0,False,0.0,0.0,0.0
2025-08-21 15:15:00+00:00,5.7972,hold,hold,default_hold,hold,execute_default_hold,0,False,0.0,0.0,0.0
2025-08-21 15:30:00+00:00,5.935,hold,hold,default_hold,hold,execute_default_hold,0,False,0.0,0.0,0.0
2025-08-21 15:45:00+00:00,5.88,hold,hold,default_hold,hold,execute_default_hold,0,False,0.0,0.0,0.0
2025-08-21 16:00:00+00:00,5.79,hold,hold,default_hold,hold,execute_default_hold,0,False,0.0,0.0,0.0
2025-08-21 16:15:00+00:00,5.71,reduce,hold,no_position,hold,execute_no_position,0,False,0.0,0.0,0.0
2025-08-21 16:30:00+00:00,5.6726,hold,hold,default_hold,hold,execute_default_hold,0,False,0.0,0.0,0.0
2025-08-21 16:45:00+00:00,5.685,hold,hold,default_hold,hold,execute_default_hold,0,False,0.0,0.0,0.0
2025-08-21 17:00:00+00:00,5.58,hold,hold,default_hold,hold,execute_default_hold,0,False,0.0,0.0,0.0
2025-08-21 17:15:00+00:00,5.5442,hold,hold,default_hold,hold,execute_default_hold,0,False,0.0,0.0,0.0
2025-08-21 17:30:00+00:00,5.63,hold,hold,default_hold,hold,execute_default_hold,0,False,0.0,0.0,0.0
2025-08-21 17:45:00+00:00,5.63,hold,hold,default_hold,hold,execute_default_hold,0,False,0.0,0.0,0.0
2025-08-21 18:00:00+00:00,5.5742,hold,hold,default_hold,hold,execute_default_hold,0,False,0.0,0.0,0.0
2025-08-21 18:15:00+00:00,5.61,hold,hold,default_hold,hold,execute_default_hold,0,False,0.0,0.0,0.0
2025-08-21 18:30:00+00:00,5.595,hold,hold,default_hold,hold,execute_default_hold,0,False,0.0,0.0,0.0
2025-08-21 18:45:00+00:00,5.59,hold,hold,default_hold,hold,execute_default_hold,0,False,0.0,0.0,0.0
2025-08-21 19:00:00+00:00,5.88,hold,hold,default_hold,hold,execute_default_hold,0,False,0.0,0.0,0.0
2025-08-21 19:15:00+00:00,5.885,hold,hold,default_hold,hold,execute_default_hold,0,False,0.0,0.0,0.0
2025-08-21 19:30:00+00:00,5.75,hold,hold,default_hold,hold,execute_default_hold,0,False,0.0,0.0,0.0
2025-08-21 19:45:00+00:00,5.92,hold,hold,default_hold,hold,execute_default_hold,0,False,0.0,0.0,0.0
2025-08-21 20:00:00+00:00,5.88,buy,buy,trend_buy,buy,execute_trend_buy,100,False,0.0,0.0,0.0
2025-08-22 13:30:00+00:00,5.895,hold,hold,default_hold,hold,execute_default_hold,0,False,0.0,0.0,0.0
2025-08-22 13:45:00+00:00,5.96,hold,hold,default_hold,hold,execute_default_hold,0,False,0.0,0.0,0.0
2025-08-22 14:00:00+00:00,5.85,hold,hold,default_hold,hold,execute_default_hold,0,False,0.0,0.0,0.0
2025-08-22 14:15:00+00:00,5.951,hold,hold,default_hold,hold,execute_default_hold,0,False,0.0,0.0,0.0
2025-08-22 14:30:00+00:00,5.96,hold,hold,default_hold,hold,execute_default_hold,0,False,0.0,0.0,0.0
2025-08-22 14:45:00+00:00,5.87,reduce,hold,no_position,hold,execute_no_position,0,False,0.0,0.0,0.0
2025-08-22 15:00:00+00:00,5.98,hold,hold,default_hold,hold,execute_default_hold,0,False,0.0,0.0,0.0
2025-08-22 15:15:00+00:00,5.995,hold,hold,default_hold,hold,execute_default_hold,0,False,0.0,0.0,0.0
2025-08-22 15:30:00+00:00,6.145,hold,hold,default_hold,hold,execute_default_hold,0,False,0.0,0.0,0.0
2025-08-22 15:45:00+00:00,6.205,hold,hold,default_hold,hold,execute_default_hold,0,False,0.0,0.0,0.0
2025-08-22 16:00:00+00:00,6.36,hold,hold,default_hold,hold,execute_default_hold,0,False,0.0,0.0,0.0
2025-08-22 16:15:00+00:00,6.26,hold,hold,default_hold,hold,execute_default_hold,0,False,0.0,0.0,0.0
2025-08-22 16:30:00+00:00,6.49,hold,hold,default_hold,hold,execute_default_hold,0,False,0.0,0.0,0.0
2025-08-22 16:45:00+00:00,6.44,hold,hold,default_hold,hold,execute_default_hold,0,False,0.0,0.0,0.0
2025-08-22 17:00:00+00:00,6.44,hold,hold,default_hold,hold,execute_default_hold,0,False,0.0,0.0,0.0
2025-08-22 17:15:00+00:00,6.445,hold,hold,default_hold,hold,execute_default_hold,0,False,0.0,0.0,0.0
2025-08-22 17:30:00+00:00,6.395,hold,hold,default_hold,hold,execute_default_hold,0,False,0.0,0.0,0.0
2025-08-22 17:45:00+00:00,6.42,buy,buy,trend_buy,buy,execute_trend_buy,100,False,0.0,0.0,0.0
2025-08-22 18:00:00+00:00,6.38,hold,hold,default_hold,hold,execute_default_hold,0,False,0.0,0.0,0.0
2025-08-22 18:15:00+00:00,6.34,hold,hold,default_hold,hold,execute_default_hold,0,False,0.0,0.0,0.0
2025-08-22 18:30:00+00:00,6.355,hold,hold,default_hold,hold,execute_default_hold,0,False,0.0,0.0,0.0
2025-08-22 18:45:00+00:00,6.385,hold,hold,default_hold,hold,execute_default_hold,0,False,0.0,0.0,0.0
2025-08-22 19:00:00+00:00,6.3684,hold,hold,default_hold,hold,execute_default_hold,0,False,0.0,0.0,0.0
2025-08-22 19:15:00+00:00,6.41,hold,hold,default_hold,hold,execute_default_hold,0,False,0.0,0.0,0.0
2025-08-22 19:30:00+00:00,6.405,hold,hold,default_hold,hold,execute_default_hold,0,False,0.0,0.0,0.0
2025-08-22 19:45:00+00:00,6.425,hold,hold,default_hold,hold,execute_default_hold,0,False,0.0,0.0,0.0
2025-08-22 20:00:00+00:00,6.55,hold,hold,default_hold,hold,execute_default_hold,0,False,0.0,0.0,0.0
2025-08-25 13:30:00+00:00,6.3552,reduce,hold,no_position,hold,execute_no_position,0,False,0.0,0.0,0.0
2025-08-25 13:45:00+00:00,6.19,hold,hold,default_hold,hold,execute_default_hold,0,False,0.0,0.0,0.0
2025-08-25 14:00:00+00:00,6.16,hold,hold,default_hold,hold,execute_default_hold,0,False,0.0,0.0,0.0
2025-08-25 14:15:00+00:00,6.15,hold,hold,default_hold,hold,execute_default_hold,0,False,0.0,0.0,0.0
2025-08-25 14:30:00+00:00,6.24,hold,hold,default_hold,hold,execute_default_hold,0,False,0.0,0.0,0.0
2025-08-25 14:45:00+00:00,6.17,hold,hold,default_hold,hold,execute_default_hold,0,False,0.0,0.0,0.0
2025-08-25 15:00:00+00:00,6.17,hold,hold,default_hold,hold,execute_default_hold,0,False,0.0,0.0,0.0
2025-08-25 15:15:00+00:00,6.075,hold,hold,default_hold,hold,execute_default_hold,0,False,0.0,0.0,0.0
2025-08-25 15:30:00+00:00,6.125,hold,hold,default_hold,hold,execute_default_hold,0,False,0.0,0.0,0.0
2025-08-25 15:45:00+00:00,6.08,hold,hold,default_hold,hold,execute_default_hold,0,False,0.0,0.0,0.0
2025-08-25 16:00:00+00:00,6.025,hold,hold,default_hold,hold,execute_default_hold,0,False,0.0,0.0,0.0
2025-08-25 16:15:00+00:00,6.13,hold,hold,default_hold,hold,execute_default_hold,0,False,0.0,0.0,0.0
2025-08-25 16:30:00+00:00,6.135,hold,hold,default_hold,hold,execute_default_hold,0,False,0.0,0.0,0.0
2025-08-25 16:45:00+00:00,6.13,hold,hold,default_hold,hold,execute_default_hold,0,False,0.0,0.0,0.0
2025-08-25 17:00:00+00:00,6.165,hold,hold,default_hold,hold,execute_default_hold,0,False,0.0,0.0,0.0
2025-08-25 17:15:00+00:00,6.2088,hold,hold,default_hold,hold,execute_default_hold,0,False,0.0,0.0,0.0
2025-08-25 17:30:00+00:00,6.205,hold,hold,default_hold,hold,execute_default_hold,0,False,0.0,0.0,0.0
2025-08-25 17:45:00+00:00,6.265,hold,hold,default_hold,hold,execute_default_hold,0,False,0.0,0.0,0.0
2025-08-25 18:00:00+00:00,6.275,hold,hold,default_hold,hold,execute_default_hold,0,False,0.0,0.0,0.0
2025-08-25 18:15:00+00:00,6.305,buy,buy,trend_buy,buy,weak_trend_limited_buy,50,False,0.0,0.0,0.0
2025-08-25 18:30:00+00:00,6.38,hold,hold,default_hold,hold,execute_default_hold,0,False,0.0,0.0,0.0
2025-08-25 18:45:00+00:00,6.48,hold,hold,default_hold,hold,execute_default_hold,0,False,0.0,0.0,0.0
2025-08-25 19:00:00+00:00,6.54,hold,hold,default_hold,hold,execute_default_hold,0,False,0.0,0.0,0.0
2025-08-25 19:15:00+00:00,6.53,hold,hold,default_hold,hold,execute_default_hold,0,False,0.0,0.0,0.0
2025-08-25 19:30:00+00:00,6.2151,hold,hold,default_hold,hold,execute_default_hold,0,False,0.0,0.0,0.0
2025-08-25 19:45:00+00:00,6.175,hold,hold,default_hold,hold,execute_default_hold,0,False,0.0,0.0,0.0
2025-08-25 20:00:00+00:00,6.31,hold,hold,default_hold,hold,execute_default_hold,0,False,0.0,0.0,0.0
2025-08-26 13:30:00+00:00,6.17,reduce,hold,no_position,hold,execute_no_position,0,False,0.0,0.0,0.0
2025-08-26 13:45:00+00:00,6.185,hold,hold,default_hold,hold,execute_default_hold,0,False,0.0,0.0,0.0
2025-08-26 14:00:00+00:00,6.16,hold,hold,default_hold,hold,execute_default_hold,0,False,0.0,0.0,0.0
2025-08-26 14:15:00+00:00,6.16,hold,hold,default_hold,hold,execute_default_hold,0,False,0.0,0.0,0.0
2025-08-26 14:30:00+00:00,6.03,hold,hold,default_hold,hold,execute_default_hold,0,False,0.0,0.0,0.0
2025-08-26 14:45:00+00:00,5.96,hold,hold,default_hold,hold,execute_default_hold,0,False,0.0,0.0,0.0
2025-08-26 15:00:00+00:00,6.55,hold,hold,default_hold,hold,execute_default_hold,0,False,0.0,0.0,0.0
2025-08-26 15:15:00+00:00,5.7472,hold,hold,default_hold,hold,execute_default_hold,0,False,0.0,0.0,0.0
2025-08-26 15:30:00+00:00,5.9298,hold,hold,default_hold,hold,execute_default_hold,0,False,0.0,0.0,0.0
2025-08-26 15:45:00+00:00,6.035,hold,hold,default_hold,hold,execute_default_hold,0,False,0.0,0.0,0.0
2025-08-26 16:00:00+00:00,6.431,hold,hold,default_hold,hold,execute_default_hold,0,False,0.0,0.0,0.0
2025-08-26 16:15:00+00:00,6.7249,hold,hold,default_hold,hold,execute_default_hold,0,False,0.0,0.0,0.0
2025-08-26 16:30:00+00:00,7.1199,hold,hold,default_hold,hold,execute_default_hold,0,False,0.0,0.0,0.0
2025-08-26 16:45:00+00:00,7.39,hold,hold,default_hold,hold,execute_default_hold,0,False,0.0,0.0,0.0
2025-08-26 17:00:00+00:00,7.33,hold,hold,default_hold,hold,execute_default_hold,0,False,0.0,0.0,0.0
2025-08-26 17:15:00+00:00,7.185,hold,hold,default_hold,hold,execute_default_hold,0,False,0.0,0.0,0.0
2025-08-26 17:30:00+00:00,7.13,hold,hold,default_hold,hold,execute_default_hold,0,False,0.0,0.0,0.0
2025-08-26 17:45:00+00:00,7.1201,hold,hold,default_hold,hold,execute_default_hold,0,False,0.0,0.0,0.0
2025-08-26 18:00:00+00:00,6.885,buy,buy,trend_buy,buy,execute_trend_buy,100,False,0.0,0.0,0.0
2025-08-26 18:15:00+00:00,6.78,hold,hold,default_hold,hold,execute_default_hold,0,False,0.0,0.0,0.0
2025-08-26 18:30:00+00:00,6.765,hold,hold,default_hold,hold,execute_default_hold,0,False,0.0,0.0,0.0
2025-08-26 18:45:00+00:00,6.56,hold,hold,default_hold,hold,execute_default_hold,0,False,0.0,0.0,0.0
2025-08-26 19:00:00+00:00,6.695,hold,hold,default_hold,hold,execute_default_hold,0,False,0.0,0.0,0.0
2025-08-26 19:15:00+00:00,6.79,hold,hold,default_hold,hold,execute_default_hold,0,False,0.0,0.0,0.0
2025-08-26 19:30:00+00:00,6.785,hold,hold,default_hold,hold,execute_default_hold,0,False,0.0,0.0,0.0
2025-08-26 19:45:00+00:00,6.775,hold,hold,default_hold,hold,execute_default_hold,0,False,0.0,0.0,0.0
2025-08-26 20:00:00+00:00,6.8622,hold,hold,default_hold,hold,execute_default_hold,0,False,0.0,0.0,0.0
2025-08-27 13:30:00+00:00,7.04,reduce,hold,no_position,hold,execute_no_position,0,False,0.0,0.0,0.0
2025-08-27 13:45:00+00:00,7.2,hold,hold,default_hold,hold,execute_default_hold,0,False,0.0,0.0,0.0
2025-08-27 14:00:00+00:00,7.0258,hold,hold,default_hold,hold,execute_default_hold,0,False,0.0,0.0,0.0
2025-08-27 14:15:00+00:00,7.1813,hold,hold,default_hold,hold,execute_default_hold,0,False,0.0,0.0,0.0
2025-08-27 14:30:00+00:00,7.2621,hold,hold,default_hold,hold,execute_default_hold,0,False,0.0,0.0,0.0
2025-08-27 14:45:00+00:00,7.22,hold,hold,default_hold,hold,execute_default_hold,0,False,0.0,0.0,0.0
2025-08-27 15:00:00+00:00,7.3099,hold,hold,default_hold,hold,execute_default_hold,0,False,0.0,0.0,0.0
2025-08-27 15:15:00+00:00,7.36,hold,hold,default_hold,hold,execute_default_hold,0,False,0.0,0.0,0.0
2025-08-27 15:30:00+00:00,7.21,hold,hold,default_hold,hold,execute_default_hold,0,False,0.0,0.0,0.0
2025-08-27 15:45:00+00:00,7.19,hold,hold,default_hold,hold,execute_default_hold,0,False,0.0,0.0,0.0
2025-08-27 16:00:00+00:00,7.195,hold,hold,default_hold,hold,execute_default_hold,0,False,0.0,0.0,0.0
2025-08-27 16:15:00+00:00,7.1499,hold,hold,default_hold,hold,execute_default_hold,0,False,0.0,0.0,0.0
2025-08-27 16:30:00+00:00,7.16,buy,buy,trend_buy,buy,execute_trend_buy,100,False,0.0,0.0,0.0
2025-08-27 16:45:00+00:00,7.215,hold,hold,default_hold,hold,execute_default_hold,0,False,0.0,0.0,0.0
2025-08-27 17:00:00+00:00,7.395,hold,hold,default_hold,hold,execute_default_hold,0,False,0.0,0.0,0.0
2025-08-27 17:15:00+00:00,7.37,hold,hold,default_hold,hold,execute_default_hold,0,False,0.0,0.0,0.0
2025-08-27 17:30:00+00:00,7.14,hold,hold,default_hold,hold,execute_default_hold,0,False,0.0,0.0,0.0
2025-08-27 17:45:00+00:00,7.11,hold,hold,default_hold,hold,execute_default_hold,0,False,0.0,0.0,0.0
2025-08-27 18:00:00+00:00,7.005,hold,hold,default_hold,hold,execute_default_hold,0,False,0.0,0.0,0.0
2025-08-27 18:15:00+00:00,6.82,hold,hold,default_hold,hold,execute_default_hold,0,False,0.0,0.0,0.0
2025-08-27 18:30:00+00:00,6.8276,hold,hold,default_hold,hold,execute_default_hold,0,False,0.0,0.0,0.0
2025-08-27 18:45:00+00:00,6.77,hold,hold,default_hold,hold,execute_default_hold,0,False,0.0,0.0,0.0
2025-08-27 19:00:00+00:00,6.675,hold,hold,default_hold,hold,execute_default_hold,0,False,0.0,0.0,0.0
2025-08-27 19:15:00+00:00,6.575,hold,hold,default_hold,hold,execute_default_hold,0,False,0.0,0.0,0.0
2025-08-27 19:30:00+00:00,6.45,reduce,hold,no_position,hold,execute_no_position,0,False,0.0,0.0,0.0
2025-08-27 19:45:00+00:00,6.555,hold,hold,default_hold,hold,execute_default_hold,0,False,0.0,0.0,0.0
2025-08-27 20:00:00+00:00,6.495,hold,hold,default_hold,hold,execute_default_hold,0,False,0.0,0.0,0.0
2025-08-28 13:30:00+00:00,6.58,hold,hold,default_hold,hold,execute_default_hold,0,False,0.0,0.0,0.0
2025-08-28 13:45:00+00:00,6.5299,hold,hold,default_hold,hold,execute_default_hold,0,False,0.0,0.0,0.0
2025-08-28 14:00:00+00:00,6.525,hold,hold,default_hold,hold,execute_default_hold,0,False,0.0,0.0,0.0
2025-08-28 14:15:00+00:00,6.48,hold,hold,default_hold,hold,execute_default_hold,0,False,0.0,0.0,0.0
2025-08-28 14:30:00+00:00,6.49,hold,hold,default_hold,hold,execute_default_hold,0,False,0.0,0.0,0.0
2025-08-28 14:45:00+00:00,6.47,hold,hold,default_hold,hold,execute_default_hold,0,False,0.0,0.0,0.0
2025-08-28 15:00:00+00:00,6.46,hold,hold,default_hold,hold,execute_default_hold,0,False,0.0,0.0,0.0
2025-08-28 15:15:00+00:00,6.45,hold,hold,default_hold,hold,execute_default_hold,0,False,0.0,0.0,0.0
2025-08-28 15:30:00+00:00,6.485,hold,hold,default_hold,hold,execute_default_hold,0,False,0.0,0.0,0.0
2025-08-28 15:45:00+00:00,6.5301,buy,buy,range_buy,buy,weak_range_limited_buy,50,False,0.0,0.0,0.0
2025-08-28 16:00:00+00:00,6.515,hold,hold,default_hold,hold,execute_default_hold,0,False,0.0,0.0,0.0
2025-08-28 16:15:00+00:00,6.425,hold,hold,default_hold,hold,execute_default_hold,0,False,0.0,0.0,0.0
2025-08-28 16:30:00+00:00,6.4078,hold,hold,default_hold,hold,execute_default_hold,0,False,0.0,0.0,0.0
2025-08-28 16:45:00+00:00,6.39,hold,hold,default_hold,hold,execute_default_hold,0,False,0.0,0.0,0.0
2025-08-28 17:00:00+00:00,6.38,hold,hold,default_hold,hold,execute_default_hold,0,False,0.0,0.0,0.0
2025-08-28 17:15:00+00:00,6.48,hold,hold,default_hold,hold,execute_default_hold,0,False,0.0,0.0,0.0
2025-08-28 17:30:00+00:00,6.49,hold,hold,default_hold,hold,execute_default_hold,0,False,0.0,0.0,0.0
2025-08-28 17:45:00+00:00,6.4749,hold,hold,default_hold,hold,execute_default_hold,0,False,0.0,0.0,0.0
2025-08-28 18:00:00+00:00,6.51,hold,hold,default_hold,hold,execute_default_hold,0,False,0.0,0.0,0.0
2025-08-28 18:15:00+00:00,6.54,hold,hold,default_hold,hold,execute_default_hold,0,False,0.0,0.0,0.0
2025-08-28 18:30:00+00:00,6.52,hold,hold,default_hold,hold,execute_default_hold,0,False,0.0,0.0,0.0
2025-08-28 18:45:00+00:00,6.549,reduce,hold,no_position,hold,execute_no_position,0,False,0.0,0.0,0.0
2025-08-28 19:00:00+00:00,6.49,hold,hold,default_hold,hold,execute_default_hold,0,False,0.0,0.0,0.0
2025-08-28 19:15:00+00:00,6.53,hold,hold,default_hold,hold,execute_default_hold,0,False,0.0,0.0,0.0
2025-08-28 19:30:00+00:00,6.515,hold,hold,default_hold,hold,execute_default_hold,0,False,0.0,0.0,0.0
2025-08-28 19:45:00+00:00,6.4573,hold,hold,default_hold,hold,execute_default_hold,0,False,0.0,0.0,0.0
2025-08-28 20:00:00+00:00,6.45,hold,hold,default_hold,hold,execute_default_hold,0,False,0.0,0.0,0.0
2025-08-29 13:30:00+00:00,6.5,buy,buy,trend_buy,buy,execute_trend_buy,100,False,0.0,0.0,0.0
2025-08-29 13:45:00+00:00,6.525,hold,hold,default_hold,hold,execute_default_hold,0,False,0.0,0.0,0.0
2025-08-29 14:00:00+00:00,6.56,hold,hold,default_hold,hold,execute_default_hold,0,False,0.0,0.0,0.0
2025-08-29 14:15:00+00:00,6.42,hold,hold,default_hold,hold,execute_default_hold,0,False,0.0,0.0,0.0
2025-08-29 14:30:00+00:00,6.36,hold,hold,default_hold,hold,execute_default_hold,0,False,0.0,0.0,0.0
2025-08-29 14:45:00+00:00,6.415,hold,hold,default_hold,hold,execute_default_hold,0,False,0.0,0.0,0.0
2025-08-29 15:00:00+00:00,6.358,hold,hold,default_hold,hold,execute_default_hold,0,False,0.0,0.0,0.0
2025-08-29 15:15:00+00:00,6.565,hold,hold,default_hold,hold,execute_default_hold,0,False,0.0,0.0,0.0
2025-08-29 15:30:00+00:00,6.5,hold,hold,default_hold,hold,execute_default_hold,0,False,0.0,0.0,0.0
2025-08-29 15:45:00+00:00,6.48,hold,hold,default_hold,hold,execute_default_hold,0,False,0.0,0.0,0.0
2025-08-29 16:00:00+00:00,6.49,hold,hold,default_hold,hold,execute_default_hold,0,False,0.0,0.0,0.0
2025-08-29 16:15:00+00:00,6.41,hold,hold,default_hold,hold,execute_default_hold,0,False,0.0,0.0,0.0
2025-08-29 16:30:00+00:00,6.45,reduce,hold,no_position,hold,execute_no_position,0,False,0.0,0.0,0.0
2025-08-29 16:45:00+00:00,6.415,hold,hold,default_hold,hold,execute_default_hold,0,False,0.0,0.0,0.0
2025-08-29 17:00:00+00:00,6.48,hold,hold,default_hold,hold,execute_default_hold,0,False,0.0,0.0,0.0
2025-08-29 17:15:00+00:00,6.37,hold,hold,default_hold,hold,execute_default_hold,0,False,0.0,0.0,0.0
2025-08-29 17:30:00+00:00,6.35,hold,hold,default_hold,hold,execute_default_hold,0,False,0.0,0.0,0.0
2025-08-29 17:45:00+00:00,6.23,hold,hold,default_hold,hold,execute_default_hold,0,False,0.0,0.0,0.0
2025-08-29 18:00:00+00:00,6.225,hold,hold,default_hold,hold,execute_default_hold,0,False,0.0,0.0,0.0
2025-08-29 18:15:00+00:00,6.245,hold,hold,default_hold,hold,execute_default_hold,0,False,0.0,0.0,0.0
2025-08-29 18:30:00+00:00,6.235,hold,hold,default_hold,hold,execute_default_hold,0,False,0.0,0.0,0.0
2025-08-29 18:45:00+00:00,6.245,hold,hold,default_hold,hold,execute_default_hold,0,False,0.0,0.0,0.0
2025-08-29 19:00:00+00:00,6.26,hold,hold,default_hold,hold,execute_default_hold,0,False,0.0,0.0,0.0
2025-08-29 19:15:00+00:00,6.25,hold,hold,default_hold,hold,execute_default_hold,0,False,0.0,0.0,0.0
2025-08-29 19:30:00+00:00,6.255,hold,hold,default_hold,hold,execute_default_hold,0,False,0.0,0.0,0.0
2025-08-29 19:45:00+00:00,6.235,hold,hold,default_hold,hold,execute_default_hold,0,False,0.0,0.0,0.0
2025-08-29 20:00:00+00:00,6.195,hold,hold,default_hold,hold,execute_default_hold,0,False,0.0,0.0,0.0
2025-09-02 13:30:00+00:00,5.9005,hold,hold,default_hold,hold,execute_default_hold,0,False,0.0,0.0,0.0
2025-09-02 13:45:00+00:00,6.0295,hold,hold,default_hold,hold,execute_default_hold,0,False,0.0,0.0,0.0
2025-09-02 14:00:00+00:00,6.07,hold,hold,default_hold,hold,execute_default_hold,0,False,0.0,0.0,0.0
2025-09-02 14:15:00+00:00,5.9085,hold,hold,default_hold,hold,execute_default_hold,0,False,0.0,0.0,0.0
2025-09-02 14:30:00+00:00,5.86,hold,hold,default_hold,hold,execute_default_hold,0,False,0.0,0.0,0.0
2025-09-02 14:45:00+00:00,5.76,hold,hold,default_hold,hold,execute_default_hold,0,False,0.0,0.0,0.0
2025-09-02 15:00:00+00:00,5.7799,hold,hold,default_hold,hold,execute_default_hold,0,False,0.0,0.0,0.0
2025-09-02 15:15:00+00:00,5.7378,hold,hold,default_hold,hold,execute_default_hold,0,False,0.0,0.0,0.0
2025-09-02 15:30:00+00:00,5.7654,hold,hold,default_hold,hold,execute_default_hold,0,False,0.0,0.0,0.0
2025-09-02 15:45:00+00:00,5.715,hold,hold,default_hold,hold,execute_default_hold,0,False,0.0,0.0,0.0
2025-09-02 16:00:00+00:00,5.715,hold,hold,default_hold,hold,execute_default_hold,0,False,0.0,0.0,0.0
2025-09-02 16:15:00+00:00,5.705,hold,hold,default_hold,hold,execute_default_hold,0,False,0.0,0.0,0.0
2025-09-02 16:30:00+00:00,5.72,hold,hold,default_hold,hold,execute_default_hold,0,False,0.0,0.0,0.0
2025-09-02 16:45:00+00:00,5.77,hold,hold,default_hold,hold,execute_default_hold,0,False,0.0,0.0,0.0
2025-09-02 17:00:00+00:00,5.83,hold,hold,default_hold,hold,execute_default_hold,0,False,0.0,0.0,0.0
2025-09-02 17:15:00+00:00,5.765,avoid,hold,avoid_no_position,hold,execute_avoid_no_position,0,False,0.0,0.0,0.0
2025-09-02 17:30:00+00:00,5.78,hold,hold,default_hold,hold,execute_default_hold,0,False,0.0,0.0,0.0
2025-09-02 17:45:00+00:00,5.765,hold,hold,default_hold,hold,execute_default_hold,0,False,0.0,0.0,0.0
2025-09-02 18:00:00+00:00,5.79,hold,hold,default_hold,hold,execute_default_hold,0,False,0.0,0.0,0.0
2025-09-02 18:15:00+00:00,5.765,hold,hold,default_hold,hold,execute_default_hold,0,False,0.0,0.0,0.0
2025-09-02 18:30:00+00:00,5.7249,hold,hold,default_hold,hold,execute_default_hold,0,False,0.0,0.0,0.0
2025-09-02 18:45:00+00:00,5.72,hold,hold,default_hold,hold,execute_default_hold,0,False,0.0,0.0,0.0
2025-09-02 19:00:00+00:00,5.795,hold,hold,default_hold,hold,execute_default_hold,0,False,0.0,0.0,0.0
2025-09-02 19:15:00+00:00,5.82,hold,hold,default_hold,hold,execute_default_hold,0,False,0.0,0.0,0.0
2025-09-02 19:30:00+00:00,5.845,hold,hold,default_hold,hold,execute_default_hold,0,False,0.0,0.0,0.0
2025-09-02 19:45:00+00:00,5.825,hold,hold,default_hold,hold,execute_default_hold,0,False,0.0,0.0,0.0
2025-09-02 20:00:00+00:00,5.82,hold,hold,default_hold,hold,execute_default_hold,0,False,0.0,0.0,0.0
2025-09-03 13:30:00+00:00,6.0909,hold,hold,default_hold,hold,execute_default_hold,0,False,0.0,0.0,0.0
2025-09-03 13:45:00+00:00,5.9,buy,buy,trend_buy,buy,execute_trend_buy,100,True,0.0,0.0,0.0
2025-09-03 14:00:00+00:00,5.89,hold,hold,default_hold,hold,execute_default_hold,0,False,-1.0,0.0,-1.0
2025-09-03 14:15:00+00:00,5.7598,hold,hold,default_hold,hold,execute_default_hold,0,False,-14.019999999999982,0.0,-14.019999999999982
2025-09-03 14:30:00+00:00,5.8117,hold,hold,default_hold,hold,execute_default_hold,0,False,-8.830000000000041,0.0,-8.830000000000041
2025-09-03 14:45:00+00:00,5.8091,hold,hold,default_hold,hold,execute_default_hold,0,False,-9.090000000000032,0.0,-9.090000000000032
2025-09-03 15:00:00+00:00,5.92,hold,hold,default_hold,hold,execute_default_hold,0,False,2.0,0.0,0.0
2025-09-03 15:15:00+00:00,5.915,hold,hold,default_hold,hold,execute_default_hold,0,False,1.5,0.0,-0.5
2025-09-03 15:30:00+00:00,5.815,hold,hold,default_hold,hold,execute_default_hold,0,False,-8.5,0.0,-10.5
2025-09-03 15:45:00+00:00,5.88,hold,hold,default_hold,hold,execute_default_hold,0,False,-2.0,0.0,-4.0
2025-09-03 16:00:00+00:00,5.915,hold,hold,default_hold,hold,execute_default_hold,0,False,1.5,0.0,-0.5
2025-09-03 16:15:00+00:00,5.835,hold,hold,default_hold,hold,execute_default_hold,0,False,-6.5,0.0,-8.5
2025-09-03 16:30:00+00:00,5.84,hold,hold,default_hold,hold,execute_default_hold,0,False,-6.0,0.0,-8.0
2025-09-03 16:45:00+00:00,5.82,hold,hold,default_hold,hold,execute_default_hold,0,False,-8.0,0.0,-10.0
2025-09-03 17:00:00+00:00,5.825,hold,hold,default_hold,hold,execute_default_hold,0,False,-7.5,0.0,-9.5
2025-09-03 17:15:00+00:00,5.87,hold,hold,default_hold,hold,execute_default_hold,0,False,-3.0,0.0,-5.0
2025-09-03 17:30:00+00:00,5.867,reduce,reduce,defensive_reduce,reduce,execute_defensive_reduce,100,True,-3.2999999999999545,-3.3000000000000362,-5.2999999999999545
2025-09-03 17:45:00+00:00,5.8,hold,hold,default_hold,hold,execute_default_hold,0,False,-3.2999999999999545,-3.3000000000000362,-5.2999999999999545
2025-09-03 18:00:00+00:00,5.83,hold,hold,default_hold,hold,execute_default_hold,0,False,-3.2999999999999545,-3.3000000000000362,-5.2999999999999545
2025-09-03 18:15:00+00:00,5.835,hold,hold,default_hold,hold,execute_default_hold,0,False,-3.2999999999999545,-3.3000000000000362,-5.2999999999999545
2025-09-03 18:30:00+00:00,5.882,hold,hold,default_hold,hold,execute_default_hold,0,False,-3.2999999999999545,-3.3000000000000362,-5.2999999999999545
2025-09-03 18:45:00+00:00,5.8819,hold,hold,default_hold,hold,execute_default_hold,0,False,-3.2999999999999545,-3.3000000000000362,-5.2999999999999545
2025-09-03 19:00:00+00:00,5.87,hold,hold,default_hold,hold,execute_default_hold,0,False,-3.2999999999999545,-3.3000000000000362,-5.2999999999999545
2025-09-03 19:15:00+00:00,5.8882,hold,hold,default_hold,hold,execute_default_hold,0,False,-3.2999999999999545,-3.3000000000000362,-5.2999999999999545
2025-09-03 19:30:00+00:00,5.825,hold,hold,default_hold,hold,execute_default_hold,0,False,-3.2999999999999545,-3.3000000000000362,-5.2999999999999545
2025-09-03 19:45:00+00:00,5.79,hold,hold,default_hold,hold,execute_default_hold,0,False,-3.2999999999999545,-3.3000000000000362,-5.2999999999999545
2025-09-03 20:00:00+00:00,5.85,hold,hold,default_hold,hold,execute_default_hold,0,False,-3.2999999999999545,-3.3000000000000362,-5.2999999999999545
2025-09-04 13:30:00+00:00,5.97,hold,hold,default_hold,hold,execute_default_hold,0,False,-3.2999999999999545,-3.3000000000000362,-5.2999999999999545
2025-09-04 13:45:00+00:00,5.8584,buy,buy,trend_buy,buy,cautious_buy,100,True,-3.2999999999999545,-3.3000000000000362,-5.2999999999999545
2025-09-04 14:00:00+00:00,5.935,hold,hold,default_hold,hold,execute_default_hold,0,False,4.360000000000127,-3.3000000000000362,0.0
2025-09-04 14:15:00+00:00,5.7756,hold,hold,default_hold,hold,execute_default_hold,0,False,-11.579999999999927,-3.3000000000000362,-15.940000000000055
2025-09-04 14:30:00+00:00,5.705,hold,hold,default_hold,hold,execute_default_hold,0,False,-18.639999999999873,-3.3000000000000362,-23.0
2025-09-04 14:45:00+00:00,5.7,hold,hold,default_hold,hold,execute_default_hold,0,False,-19.139999999999873,-3.3000000000000362,-23.5
2025-09-04 15:00:00+00:00,5.695,hold,hold,default_hold,hold,execute_default_hold,0,False,-19.639999999999873,-3.3000000000000362,-24.0
2025-09-04 15:15:00+00:00,5.59,hold,hold,default_hold,hold,execute_default_hold,0,False,-30.139999999999873,-3.3000000000000362,-34.5
2025-09-04 15:30:00+00:00,5.4229,hold,hold,default_hold,hold,execute_default_hold,0,False,-46.849999999999795,-3.3000000000000362,-51.20999999999992
2025-09-04 15:45:00+00:00,5.4443,hold,hold,default_hold,hold,execute_default_hold,0,False,-44.70999999999981,-3.3000000000000362,-49.069999999999936
2025-09-04 16:00:00+00:00,5.4495,hold,hold,default_hold,hold,execute_default_hold,0,False,-44.18999999999994,-3.3000000000000362,-48.55000000000007
2025-09-04 16:15:00+00:00,5.4371,hold,hold,default_hold,hold,execute_default_hold,0,False,-45.429999999999836,-3.3000000000000362,-49.789999999999964
2025-09-04 16:30:00+00:00,5.4099,hold,hold,default_hold,hold,execute_default_hold,0,False,-48.149999999999864,-3.3000000000000362,-52.50999999999999
2025-09-04 16:45:00+00:00,5.35,reduce,reduce,defensive_reduce,reduce,reduce_limited,50,True,-54.13999999999987,-28.720000000000034,-58.5
2025-09-04 17:00:00+00:00,5.375,hold,hold,default_hold,hold,execute_default_hold,0,False,-52.88999999999987,-28.720000000000034,-57.25
2025-09-04 17:15:00+00:00,5.4,hold,hold,default_hold,hold,execute_default_hold,0,False,-51.63999999999987,-28.720000000000034,-56.0
2025-09-04 17:30:00+00:00,5.4146,hold,hold,default_hold,hold,execute_default_hold,0,False,-50.909999999999854,-28.720000000000034,-55.26999999999998
2025-09-04 17:45:00+00:00,5.51,hold,hold,default_hold,hold,execute_default_hold,0,False,-46.13999999999987,-28.720000000000034,-50.5
2025-09-04 18:00:00+00:00,5.59,hold,hold,default_hold,hold,execute_default_hold,0,False,-42.13999999999987,-28.720000000000034,-46.5
2025-09-04 18:15:00+00:00,5.62,hold,hold,default_hold,hold,execute_default_hold,0,False,-40.63999999999987,-28.720000000000034,-45.0
2025-09-04 18:30:00+00:00,5.62,hold,hold,default_hold,hold,execute_default_hold,0,False,-40.63999999999987,-28.720000000000034,-45.0
2025-09-04 18:45:00+00:00,5.6721,hold,hold,default_hold,hold,execute_default_hold,0,False,-38.034999999999854,-28.720000000000034,-42.39499999999998
2025-09-04 19:00:00+00:00,5.7,hold,hold,default_hold,hold,execute_default_hold,0,False,-36.63999999999987,-28.720000000000034,-41.0
2025-09-04 19:15:00+00:00,5.765,hold,hold,default_hold,hold,execute_default_hold,0,False,-33.38999999999987,-28.720000000000034,-37.75
2025-09-04 19:30:00+00:00,5.7699,hold,hold,default_hold,hold,execute_default_hold,0,False,-33.14499999999987,-28.720000000000034,-37.504999999999995
2025-09-04 19:45:00+00:00,5.735,hold,hold,default_hold,hold,execute_default_hold,0,False,-34.88999999999987,-28.720000000000034,-39.25
2025-09-04 20:00:00+00:00,5.75,hold,hold,default_hold,hold,execute_default_hold,0,False,-34.13999999999987,-28.720000000000034,-38.5
2025-09-05 13:30:00+00:00,5.86,hold,hold,default_hold,hold,execute_default_hold,0,False,-28.639999999999873,-28.720000000000034,-33.0
2025-09-05 13:45:00+00:00,6.0,hold,hold,default_hold,hold,execute_default_hold,0,False,-21.639999999999873,-28.720000000000034,-26.0
2025-09-05 14:00:00+00:00,6.03,avoid,hold,avoid_hold,hold,execute_avoid_hold,0,False,-20.139999999999873,-28.720000000000034,-24.5
2025-09-05 14:15:00+00:00,5.88,hold,hold,default_hold,hold,execute_default_hold,0,False,-27.639999999999873,-28.720000000000034,-32.0
2025-09-05 14:30:00+00:00,5.6203,sell,sell,alpha_sell,sell,execute_alpha_sell,50,True,-40.624999999999886,-40.625,-44.985000000000014
2025-09-05 14:45:00+00:00,5.535,hold,hold,default_hold,hold,execute_default_hold,0,False,-40.624999999999886,-40.625,-44.985000000000014
2025-09-05 15:00:00+00:00,5.6297,hold,hold,default_hold,hold,execute_default_hold,0,False,-40.624999999999886,-40.625,-44.985000000000014
2025-09-05 15:15:00+00:00,5.6,hold,hold,default_hold,hold,execute_default_hold,0,False,-40.624999999999886,-40.625,-44.985000000000014
2025-09-05 15:30:00+00:00,5.72,hold,hold,default_hold,hold,execute_default_hold,0,False,-40.624999999999886,-40.625,-44.985000000000014
2025-09-05 15:45:00+00:00,5.67,hold,hold,default_hold,hold,execute_default_hold,0,False,-40.624999999999886,-40.625,-44.985000000000014
2025-09-05 16:00:00+00:00,5.66,hold,hold,default_hold,hold,execute_default_hold,0,False,-40.624999999999886,-40.625,-44.985000000000014
2025-09-05 16:15:00+00:00,5.675,reduce,hold,no_position,hold,execute_no_position,0,False,-40.624999999999886,-40.625,-44.985000000000014
2025-09-05 16:30:00+00:00,5.6718,hold,hold,default_hold,hold,execute_default_hold,0,False,-40.624999999999886,-40.625,-44.985000000000014
2025-09-05 16:45:00+00:00,5.6778,hold,hold,default_hold,hold,execute_default_hold,0,False,-40.624999999999886,-40.625,-44.985000000000014
2025-09-05 17:00:00+00:00,5.73,avoid,hold,avoid_no_position,hold,execute_avoid_no_position,0,False,-40.624999999999886,-40.625,-44.985000000000014
2025-09-05 17:15:00+00:00,5.7183,hold,hold,default_hold,hold,execute_default_hold,0,False,-40.624999999999886,-40.625,-44.985000000000014
2025-09-05 17:30:00+00:00,5.83,hold,hold,default_hold,hold,execute_default_hold,0,False,-40.624999999999886,-40.625,-44.985000000000014
2025-09-05 17:45:00+00:00,5.79,hold,hold,default_hold,hold,execute_default_hold,0,False,-40.624999999999886,-40.625,-44.985000000000014
2025-09-05 18:00:00+00:00,5.795,hold,hold,default_hold,hold,execute_default_hold,0,False,-40.624999999999886,-40.625,-44.985000000000014
2025-09-05 18:15:00+00:00,5.775,hold,hold,default_hold,hold,execute_default_hold,0,False,-40.624999999999886,-40.625,-44.985000000000014
2025-09-05 18:30:00+00:00,5.785,hold,hold,default_hold,hold,execute_default_hold,0,False,-40.624999999999886,-40.625,-44.985000000000014
2025-09-05 18:45:00+00:00,5.78,hold,hold,default_hold,hold,execute_default_hold,0,False,-40.624999999999886,-40.625,-44.985000000000014
2025-09-05 19:00:00+00:00,5.7,hold,hold,default_hold,hold,execute_default_hold,0,False,-40.624999999999886,-40.625,-44.985000000000014
2025-09-05 19:15:00+00:00,5.7819,hold,hold,default_hold,hold,execute_default_hold,0,False,-40.624999999999886,-40.625,-44.985000000000014
2025-09-05 19:30:00+00:00,5.8451,hold,hold,default_hold,hold,execute_default_hold,0,False,-40.624999999999886,-40.625,-44.985000000000014
2025-09-05 19:45:00+00:00,5.845,hold,hold,default_hold,hold,execute_default_hold,0,False,-40.624999999999886,-40.625,-44.985000000000014
2025-09-05 20:00:00+00:00,5.825,sell,hold,no_position,hold,execute_no_position,0,False,-40.624999999999886,-40.625,-44.985000000000014
2025-09-08 13:30:00+00:00,5.9463,hold,hold,default_hold,hold,execute_default_hold,0,False,-40.624999999999886,-40.625,-44.985000000000014
2025-09-08 13:45:00+00:00,5.73,reduce,hold,no_position,hold,execute_no_position,0,False,-40.624999999999886,-40.625,-44.985000000000014
2025-09-08 14:00:00+00:00,5.71,hold,hold,default_hold,hold,execute_default_hold,0,False,-40.624999999999886,-40.625,-44.985000000000014
2025-09-08 14:15:00+00:00,5.7301,hold,hold,default_hold,hold,execute_default_hold,0,False,-40.624999999999886,-40.625,-44.985000000000014
2025-09-08 14:30:00+00:00,5.96,hold,hold,default_hold,hold,execute_default_hold,0,False,-40.624999999999886,-40.625,-44.985000000000014
2025-09-08 14:45:00+00:00,6.07,hold,hold,default_hold,hold,execute_default_hold,0,False,-40.624999999999886,-40.625,-44.985000000000014
2025-09-08 15:00:00+00:00,6.11,hold,hold,default_hold,hold,execute_default_hold,0,False,-40.624999999999886,-40.625,-44.985000000000014
2025-09-08 15:15:00+00:00,6.03,hold,hold,default_hold,hold,execute_default_hold,0,False,-40.624999999999886,-40.625,-44.985000000000014
2025-09-08 15:30:00+00:00,6.0503,hold,hold,default_hold,hold,execute_default_hold,0,False,-40.624999999999886,-40.625,-44.985000000000014
2025-09-08 15:45:00+00:00,6.09,hold,hold,default_hold,hold,execute_default_hold,0,False,-40.624999999999886,-40.625,-44.985000000000014
2025-09-08 16:00:00+00:00,6.1797,hold,hold,default_hold,hold,execute_default_hold,0,False,-40.624999999999886,-40.625,-44.985000000000014
2025-09-08 16:15:00+00:00,6.165,hold,hold,default_hold,hold,execute_default_hold,0,False,-40.624999999999886,-40.625,-44.985000000000014
2025-09-08 16:30:00+00:00,6.2,hold,hold,default_hold,hold,execute_default_hold,0,False,-40.624999999999886,-40.625,-44.985000000000014
2025-09-08 16:45:00+00:00,6.09,hold,hold,default_hold,hold,execute_default_hold,0,False,-40.624999999999886,-40.625,-44.985000000000014
2025-09-08 17:00:00+00:00,6.12,hold,hold,default_hold,hold,execute_default_hold,0,False,-40.624999999999886,-40.625,-44.985000000000014
2025-09-08 17:15:00+00:00,6.1395,hold,hold,default_hold,hold,execute_default_hold,0,False,-40.624999999999886,-40.625,-44.985000000000014
2025-09-08 17:30:00+00:00,6.19,hold,hold,default_hold,hold,execute_default_hold,0,False,-40.624999999999886,-40.625,-44.985000000000014
2025-09-08 17:45:00+00:00,6.18,hold,hold,default_hold,hold,execute_default_hold,0,False,-40.624999999999886,-40.625,-44.985000000000014
2025-09-08 18:00:00+00:00,6.19,hold,hold,default_hold,hold,execute_default_hold,0,False,-40.624999999999886,-40.625,-44.985000000000014
2025-09-08 18:15:00+00:00,6.235,hold,hold,default_hold,hold,execute_default_hold,0,False,-40.624999999999886,-40.625,-44.985000000000014
2025-09-08 18:30:00+00:00,6.225,hold,hold,default_hold,hold,execute_default_hold,0,False,-40.624999999999886,-40.625,-44.985000000000014
2025-09-08 18:45:00+00:00,6.2201,hold,hold,default_hold,hold,execute_default_hold,0,False,-40.624999999999886,-40.625,-44.985000000000014
2025-09-08 19:00:00+00:00,6.23,hold,hold,default_hold,hold,execute_default_hold,0,False,-40.624999999999886,-40.625,-44.985000000000014
2025-09-08 19:15:00+00:00,6.21,hold,hold,default_hold,hold,execute_default_hold,0,False,-40.624999999999886,-40.625,-44.985000000000014
2025-09-08 19:30:00+00:00,6.215,hold,hold,default_hold,hold,execute_default_hold,0,False,-40.624999999999886,-40.625,-44.985000000000014
2025-09-08 19:45:00+00:00,6.18,hold,hold,default_hold,hold,execute_default_hold,0,False,-40.624999999999886,-40.625,-44.985000000000014
2025-09-08 20:00:00+00:00,6.16,hold,hold,default_hold,hold,execute_default_hold,0,False,-40.624999999999886,-40.625,-44.985000000000014
2025-09-09 13:30:00+00:00,6.15,sell,hold,no_position,hold,execute_no_position,0,False,-40.624999999999886,-40.625,-44.985000000000014
2025-09-09 13:45:00+00:00,6.1111,hold,hold,default_hold,hold,execute_default_hold,0,False,-40.624999999999886,-40.625,-44.985000000000014
2025-09-09 14:00:00+00:00,6.07,hold,hold,default_hold,hold,execute_default_hold,0,False,-40.624999999999886,-40.625,-44.985000000000014
2025-09-09 14:15:00+00:00,6.02,reduce,hold,no_position,hold,execute_no_position,0,False,-40.624999999999886,-40.625,-44.985000000000014
2025-09-09 14:30:00+00:00,6.095,hold,hold,default_hold,hold,execute_default_hold,0,False,-40.624999999999886,-40.625,-44.985000000000014
2025-09-09 14:45:00+00:00,6.04,hold,hold,default_hold,hold,execute_default_hold,0,False,-40.624999999999886,-40.625,-44.985000000000014
2025-09-09 15:00:00+00:00,6.09,hold,hold,default_hold,hold,execute_default_hold,0,False,-40.624999999999886,-40.625,-44.985000000000014
2025-09-09 15:15:00+00:00,6.1088,hold,hold,default_hold,hold,execute_default_hold,0,False,-40.624999999999886,-40.625,-44.985000000000014
2025-09-09 15:30:00+00:00,6.145,hold,hold,default_hold,hold,execute_default_hold,0,False,-40.624999999999886,-40.625,-44.985000000000014
2025-09-09 15:45:00+00:00,5.99,hold,hold,default_hold,hold,execute_default_hold,0,False,-40.624999999999886,-40.625,-44.985000000000014
2025-09-09 16:00:00+00:00,5.95,hold,hold,default_hold,hold,execute_default_hold,0,False,-40.624999999999886,-40.625,-44.985000000000014
2025-09-09 16:15:00+00:00,5.9344,hold,hold,default_hold,hold,execute_default_hold,0,False,-40.624999999999886,-40.625,-44.985000000000014
2025-09-09 16:30:00+00:00,5.91,hold,hold,default_hold,hold,execute_default_hold,0,False,-40.624999999999886,-40.625,-44.985000000000014
2025-09-09 16:45:00+00:00,5.9074,hold,hold,default_hold,hold,execute_default_hold,0,False,-40.624999999999886,-40.625,-44.985000000000014
2025-09-09 17:00:00+00:00,5.93,hold,hold,default_hold,hold,execute_default_hold,0,False,-40.624999999999886,-40.625,-44.985000000000014
2025-09-09 17:15:00+00:00,6.0,hold,hold,default_hold,hold,execute_default_hold,0,False,-40.624999999999886,-40.625,-44.985000000000014
2025-09-09 17:30:00+00:00,5.9643,hold,hold,default_hold,hold,execute_default_hold,0,False,-40.624999999999886,-40.625,-44.985000000000014
2025-09-09 17:45:00+00:00,5.965,hold,hold,default_hold,hold,execute_default_hold,0,False,-40.624999999999886,-40.625,-44.985000000000014
2025-09-09 18:00:00+00:00,5.9481,hold,hold,default_hold,hold,execute_default_hold,0,False,-40.624999999999886,-40.625,-44.985000000000014
2025-09-09 18:15:00+00:00,5.8777,hold,hold,default_hold,hold,execute_default_hold,0,False,-40.624999999999886,-40.625,-44.985000000000014
2025-09-09 18:30:00+00:00,5.92,hold,hold,default_hold,hold,execute_default_hold,0,False,-40.624999999999886,-40.625,-44.985000000000014
2025-09-09 18:45:00+00:00,5.925,hold,hold,default_hold,hold,execute_default_hold,0,False,-40.624999999999886,-40.625,-44.985000000000014
2025-09-09 19:00:00+00:00,5.915,avoid,hold,avoid_no_position,hold,execute_avoid_no_position,0,False,-40.624999999999886,-40.625,-44.985000000000014
2025-09-09 19:15:00+00:00,5.89,reduce,hold,no_position,hold,execute_no_position,0,False,-40.624999999999886,-40.625,-44.985000000000014
2025-09-09 19:30:00+00:00,5.91,hold,hold,default_hold,hold,execute_default_hold,0,False,-40.624999999999886,-40.625,-44.985000000000014
2025-09-09 19:45:00+00:00,5.9,hold,hold,default_hold,hold,execute_default_hold,0,False,-40.624999999999886,-40.625,-44.985000000000014
2025-09-09 20:00:00+00:00,5.875,hold,hold,default_hold,hold,execute_default_hold,0,False,-40.624999999999886,-40.625,-44.985000000000014
2025-09-10 13:30:00+00:00,5.9,hold,hold,default_hold,hold,execute_default_hold,0,False,-40.624999999999886,-40.625,-44.985000000000014
2025-09-10 13:45:00+00:00,5.915,hold,hold,default_hold,hold,execute_default_hold,0,False,-40.624999999999886,-40.625,-44.985000000000014
2025-09-10 14:00:00+00:00,5.955,avoid,hold,avoid_no_position,hold,execute_avoid_no_position,0,False,-40.624999999999886,-40.625,-44.985000000000014
2025-09-10 14:15:00+00:00,5.85,reduce,hold,no_position,hold,execute_no_position,0,False,-40.624999999999886,-40.625,-44.985000000000014
2025-09-10 14:30:00+00:00,5.84,hold,hold,default_hold,hold,execute_default_hold,0,False,-40.624999999999886,-40.625,-44.985000000000014
2025-09-10 14:45:00+00:00,5.76,hold,hold,default_hold,hold,execute_default_hold,0,False,-40.624999999999886,-40.625,-44.985000000000014
2025-09-10 15:00:00+00:00,5.7983,hold,hold,default_hold,hold,execute_default_hold,0,False,-40.624999999999886,-40.625,-44.985000000000014
2025-09-10 15:15:00+00:00,5.85,hold,hold,default_hold,hold,execute_default_hold,0,False,-40.624999999999886,-40.625,-44.985000000000014
2025-09-10 15:30:00+00:00,5.86,hold,hold,default_hold,hold,execute_default_hold,0,False,-40.624999999999886,-40.625,-44.985000000000014
2025-09-10 15:45:00+00:00,5.875,avoid,hold,avoid_no_position,hold,execute_avoid_no_position,0,False,-40.624999999999886,-40.625,-44.985000000000014
2025-09-10 16:00:00+00:00,5.845,reduce,hold,no_position,hold,execute_no_position,0,False,-40.624999999999886,-40.625,-44.985000000000014
2025-09-10 16:15:00+00:00,5.848,hold,hold,default_hold,hold,execute_default_hold,0,False,-40.624999999999886,-40.625,-44.985000000000014
2025-09-10 16:30:00+00:00,5.73,hold,hold,default_hold,hold,execute_default_hold,0,False,-40.624999999999886,-40.625,-44.985000000000014
2025-09-10 16:45:00+00:00,5.73,hold,hold,default_hold,hold,execute_default_hold,0,False,-40.624999999999886,-40.625,-44.985000000000014
2025-09-10 17:00:00+00:00,5.7134,hold,hold,default_hold,hold,execute_default_hold,0,False,-40.624999999999886,-40.625,-44.985000000000014
2025-09-10 17:15:00+00:00,5.72,hold,hold,default_hold,hold,execute_default_hold,0,False,-40.624999999999886,-40.625,-44.985000000000014
2025-09-10 17:30:00+00:00,5.705,hold,hold,default_hold,hold,execute_default_hold,0,False,-40.624999999999886,-40.625,-44.985000000000014
2025-09-10 17:45:00+00:00,5.715,hold,hold,default_hold,hold,execute_default_hold,0,False,-40.624999999999886,-40.625,-44.985000000000014
2025-09-10 18:00:00+00:00,5.715,hold,hold,default_hold,hold,execute_default_hold,0,False,-40.624999999999886,-40.625,-44.985000000000014
2025-09-10 18:15:00+00:00,5.7136,hold,hold,default_hold,hold,execute_default_hold,0,False,-40.624999999999886,-40.625,-44.985000000000014
2025-09-10 18:30:00+00:00,5.7097,hold,hold,default_hold,hold,execute_default_hold,0,False,-40.624999999999886,-40.625,-44.985000000000014
2025-09-10 18:45:00+00:00,5.6901,hold,hold,default_hold,hold,execute_default_hold,0,False,-40.624999999999886,-40.625,-44.985000000000014
2025-09-10 19:00:00+00:00,5.705,hold,hold,default_hold,hold,execute_default_hold,0,False,-40.624999999999886,-40.625,-44.985000000000014
2025-09-10 19:15:00+00:00,5.665,hold,hold,default_hold,hold,execute_default_hold,0,False,-40.624999999999886,-40.625,-44.985000000000014
2025-09-10 19:30:00+00:00,5.65,hold,hold,default_hold,hold,execute_default_hold,0,False,-40.624999999999886,-40.625,-44.985000000000014
2025-09-10 19:45:00+00:00,5.695,hold,hold,default_hold,hold,execute_default_hold,0,False,-40.624999999999886,-40.625,-44.985000000000014
2025-09-10 20:00:00+00:00,5.72,avoid,hold,avoid_no_position,hold,execute_avoid_no_position,0,False,-40.624999999999886,-40.625,-44.985000000000014
2025-09-11 13:30:00+00:00,5.95,sell,hold,no_position,hold,execute_no_position,0,False,-40.624999999999886,-40.625,-44.985000000000014
2025-09-11 13:45:00+00:00,6.12,avoid,hold,avoid_no_position,hold,execute_avoid_no_position,0,False,-40.624999999999886,-40.625,-44.985000000000014
2025-09-11 14:00:00+00:00,6.25,hold,hold,default_hold,hold,execute_default_hold,0,False,-40.624999999999886,-40.625,-44.985000000000014
2025-09-11 14:15:00+00:00,6.275,hold,hold,default_hold,hold,execute_default_hold,0,False,-40.624999999999886,-40.625,-44.985000000000014
2025-09-11 14:30:00+00:00,6.175,hold,hold,default_hold,hold,execute_default_hold,0,False,-40.624999999999886,-40.625,-44.985000000000014
2025-09-11 14:45:00+00:00,6.2,hold,hold,default_hold,hold,execute_default_hold,0,False,-40.624999999999886,-40.625,-44.985000000000014
2025-09-11 15:00:00+00:00,6.2297,hold,hold,default_hold,hold,execute_default_hold,0,False,-40.624999999999886,-40.625,-44.985000000000014
2025-09-11 15:15:00+00:00,6.22,hold,hold,default_hold,hold,execute_default_hold,0,False,-40.624999999999886,-40.625,-44.985000000000014
2025-09-11 15:30:00+00:00,6.19,hold,hold,default_hold,hold,execute_default_hold,0,False,-40.624999999999886,-40.625,-44.985000000000014
2025-09-11 15:45:00+00:00,6.185,hold,hold,default_hold,hold,execute_default_hold,0,False,-40.624999999999886,-40.625,-44.985000000000014
2025-09-11 16:00:00+00:00,6.245,hold,hold,default_hold,hold,execute_default_hold,0,False,-40.624999999999886,-40.625,-44.985000000000014
2025-09-11 16:15:00+00:00,6.2801,hold,hold,default_hold,hold,execute_default_hold,0,False,-40.624999999999886,-40.625,-44.985000000000014
2025-09-11 16:30:00+00:00,6.29,hold,hold,default_hold,hold,execute_default_hold,0,False,-40.624999999999886,-40.625,-44.985000000000014
2025-09-11 16:45:00+00:00,6.265,sell,hold,no_position,hold,execute_no_position,0,False,-40.624999999999886,-40.625,-44.985000000000014
2025-09-11 17:00:00+00:00,6.365,hold,hold,default_hold,hold,execute_default_hold,0,False,-40.624999999999886,-40.625,-44.985000000000014
2025-09-11 17:15:00+00:00,6.3217,hold,hold,default_hold,hold,execute_default_hold,0,False,-40.624999999999886,-40.625,-44.985000000000014
2025-09-11 17:30:00+00:00,6.3058,hold,hold,default_hold,hold,execute_default_hold,0,False,-40.624999999999886,-40.625,-44.985000000000014
2025-09-11 17:45:00+00:00,6.24,avoid,hold,avoid_no_position,hold,execute_avoid_no_position,0,False,-40.624999999999886,-40.625,-44.985000000000014
2025-09-11 18:00:00+00:00,6.2201,hold,hold,default_hold,hold,execute_default_hold,0,False,-40.624999999999886,-40.625,-44.985000000000014
2025-09-11 18:15:00+00:00,6.19,hold,hold,default_hold,hold,execute_default_hold,0,False,-40.624999999999886,-40.625,-44.985000000000014
2025-09-11 18:30:00+00:00,6.16,sell,hold,no_position,hold,execute_no_position,0,False,-40.624999999999886,-40.625,-44.985000000000014
2025-09-11 18:45:00+00:00,6.15,hold,hold,default_hold,hold,execute_default_hold,0,False,-40.624999999999886,-40.625,-44.985000000000014
2025-09-11 19:00:00+00:00,6.12,hold,hold,default_hold,hold,execute_default_hold,0,False,-40.624999999999886,-40.625,-44.985000000000014
2025-09-11 19:15:00+00:00,6.17,reduce,hold,no_position,hold,execute_no_position,0,False,-40.624999999999886,-40.625,-44.985000000000014
2025-09-11 19:30:00+00:00,6.175,hold,hold,default_hold,hold,execute_default_hold,0,False,-40.624999999999886,-40.625,-44.985000000000014
2025-09-11 19:45:00+00:00,6.225,hold,hold,default_hold,hold,execute_default_hold,0,False,-40.624999999999886,-40.625,-44.985000000000014
2025-09-11 20:00:00+00:00,6.24,hold,hold,default_hold,hold,execute_default_hold,0,False,-40.624999999999886,-40.625,-44.985000000000014
2025-09-12 13:30:00+00:00,6.285,hold,hold,default_hold,hold,execute_default_hold,0,False,-40.624999999999886,-40.625,-44.985000000000014
2025-09-12 13:45:00+00:00,6.23,hold,hold,default_hold,hold,execute_default_hold,0,False,-40.624999999999886,-40.625,-44.985000000000014
2025-09-12 14:00:00+00:00,6.23,hold,hold,default_hold,hold,execute_default_hold,0,False,-40.624999999999886,-40.625,-44.985000000000014
2025-09-12 14:15:00+00:00,6.31,hold,hold,default_hold,hold,execute_default_hold,0,False,-40.624999999999886,-40.625,-44.985000000000014
2025-09-12 14:30:00+00:00,6.27,hold,hold,default_hold,hold,execute_default_hold,0,False,-40.624999999999886,-40.625,-44.985000000000014
2025-09-12 14:45:00+00:00,6.275,buy,buy,trend_buy,buy,weak_trend_limited_buy,50,True,-40.624999999999886,-40.625,-44.985000000000014
2025-09-12 15:00:00+00:00,6.31,hold,hold,default_hold,hold,execute_default_hold,0,False,-38.874999999999886,-40.625,-43.235000000000014
2025-09-12 15:15:00+00:00,6.2836,hold,hold,default_hold,hold,execute_default_hold,0,False,-40.19499999999988,-40.625,-44.55500000000001
2025-09-12 15:30:00+00:00,6.365,hold,hold,default_hold,hold,execute_default_hold,0,False,-36.124999999999886,-40.625,-40.485000000000014
2025-09-12 15:45:00+00:00,6.3515,hold,hold,default_hold,hold,execute_default_hold,0,False,-36.7999999999999,-40.625,-41.160000000000025
2025-09-12 16:00:00+00:00,6.35,hold,hold,default_hold,hold,execute_default_hold,0,False,-36.874999999999886,-40.625,-41.235000000000014
2025-09-12 16:15:00+00:00,6.26,hold,hold,default_hold,hold,execute_default_hold,0,False,-41.374999999999886,-40.625,-45.735000000000014
2025-09-12 16:30:00+00:00,6.2782,hold,hold,default_hold,hold,execute_default_hold,0,False,-40.46499999999986,-40.625,-44.82499999999999
2025-09-12 16:45:00+00:00,6.2036,hold,hold,default_hold,hold,execute_default_hold,0,False,-44.19499999999988,-40.625,-48.55500000000001
2025-09-12 17:00:00+00:00,6.22,hold,hold,default_hold,hold,execute_default_hold,0,False,-43.374999999999886,-40.625,-47.735000000000014
2025-09-12 17:15:00+00:00,6.29,hold,hold,default_hold,hold,execute_default_hold,0,False,-39.874999999999886,-40.625,-44.235000000000014
2025-09-12 17:30:00+00:00,6.275,hold,hold,default_hold,hold,execute_default_hold,0,False,-40.624999999999886,-40.625,-44.985000000000014
2025-09-12 17:45:00+00:00,6.2435,reduce,reduce,trim_in_trend,reduce,reduce_limited,50,True,-42.199999999999875,-42.20000000000002,-46.56
2025-09-12 18:00:00+00:00,6.29,hold,hold,default_hold,hold,execute_default_hold,0,False,-42.199999999999875,-42.20000000000002,-46.56
2025-09-12 18:15:00+00:00,6.3,hold,hold,default_hold,hold,execute_default_hold,0,False,-42.199999999999875,-42.20000000000002,-46.56
2025-09-12 18:30:00+00:00,6.345,hold,hold,default_hold,hold,execute_default_hold,0,False,-42.199999999999875,-42.20000000000002,-46.56
2025-09-12 18:45:00+00:00,6.4,hold,hold,default_hold,hold,execute_default_hold,0,False,-42.199999999999875,-42.20000000000002,-46.56
2025-09-12 19:00:00+00:00,6.35,hold,hold,default_hold,hold,execute_default_hold,0,False,-42.199999999999875,-42.20000000000002,-46.56
2025-09-12 19:15:00+00:00,6.33,hold,hold,default_hold,hold,execute_default_hold,0,False,-42.199999999999875,-42.20000000000002,-46.56
2025-09-12 19:30:00+00:00,6.3193,hold,hold,default_hold,hold,execute_default_hold,0,False,-42.199999999999875,-42.20000000000002,-46.56
2025-09-12 19:45:00+00:00,6.34,hold,hold,default_hold,hold,execute_default_hold,0,False,-42.199999999999875,-42.20000000000002,-46.56
2025-09-12 20:00:00+00:00,6.215,hold,hold,default_hold,hold,execute_default_hold,0,False,-42.199999999999875,-42.20000000000002,-46.56
2025-09-15 13:30:00+00:00,6.43,hold,hold,default_hold,hold,execute_default_hold,0,False,-42.199999999999875,-42.20000000000002,-46.56
2025-09-15 13:45:00+00:00,6.18,hold,hold,default_hold,hold,execute_default_hold,0,False,-42.199999999999875,-42.20000000000002,-46.56
2025-09-15 14:00:00+00:00,6.33,hold,hold,default_hold,hold,execute_default_hold,0,False,-42.199999999999875,-42.20000000000002,-46.56
2025-09-15 14:15:00+00:00,6.27,hold,hold,default_hold,hold,execute_default_hold,0,False,-42.199999999999875,-42.20000000000002,-46.56
2025-09-15 14:30:00+00:00,6.22,hold,hold,default_hold,hold,execute_default_hold,0,False,-42.199999999999875,-42.20000000000002,-46.56
2025-09-15 14:45:00+00:00,6.24,hold,hold,default_hold,hold,execute_default_hold,0,False,-42.199999999999875,-42.20000000000002,-46.56
2025-09-15 15:00:00+00:00,6.25,hold,hold,default_hold,hold,execute_default_hold,0,False,-42.199999999999875,-42.20000000000002,-46.56
2025-09-15 15:15:00+00:00,6.28,hold,hold,default_hold,hold,execute_default_hold,0,False,-42.199999999999875,-42.20000000000002,-46.56
2025-09-15 15:30:00+00:00,6.305,hold,hold,default_hold,hold,execute_default_hold,0,False,-42.199999999999875,-42.20000000000002,-46.56
2025-09-15 15:45:00+00:00,6.3063,hold,hold,default_hold,hold,execute_default_hold,0,False,-42.199999999999875,-42.20000000000002,-46.56
2025-09-15 16:00:00+00:00,6.3697,hold,hold,default_hold,hold,execute_default_hold,0,False,-42.199999999999875,-42.20000000000002,-46.56
2025-09-15 16:15:00+00:00,6.3219,hold,hold,default_hold,hold,execute_default_hold,0,False,-42.199999999999875,-42.20000000000002,-46.56
2025-09-15 16:30:00+00:00,6.28,hold,hold,default_hold,hold,execute_default_hold,0,False,-42.199999999999875,-42.20000000000002,-46.56
2025-09-15 16:45:00+00:00,6.2723,hold,hold,default_hold,hold,execute_default_hold,0,False,-42.199999999999875,-42.20000000000002,-46.56
2025-09-15 17:00:00+00:00,6.275,hold,hold,default_hold,hold,execute_default_hold,0,False,-42.199999999999875,-42.20000000000002,-46.56
2025-09-15 17:15:00+00:00,6.41,hold,hold,default_hold,hold,execute_default_hold,0,False,-42.199999999999875,-42.20000000000002,-46.56
2025-09-15 17:30:00+00:00,6.36,hold,hold,default_hold,hold,execute_default_hold,0,False,-42.199999999999875,-42.20000000000002,-46.56
2025-09-15 17:45:00+00:00,6.409,hold,hold,default_hold,hold,execute_default_hold,0,False,-42.199999999999875,-42.20000000000002,-46.56
2025-09-15 18:00:00+00:00,6.6396,hold,hold,default_hold,hold,execute_default_hold,0,False,-42.199999999999875,-42.20000000000002,-46.56
2025-09-15 18:15:00+00:00,6.52,hold,hold,default_hold,hold,execute_default_hold,0,False,-42.199999999999875,-42.20000000000002,-46.56
2025-09-15 18:30:00+00:00,6.58,hold,hold,default_hold,hold,execute_default_hold,0,False,-42.199999999999875,-42.20000000000002,-46.56
2025-09-15 18:45:00+00:00,6.56,hold,hold,default_hold,hold,execute_default_hold,0,False,-42.199999999999875,-42.20000000000002,-46.56
2025-09-15 19:00:00+00:00,6.5697,hold,hold,default_hold,hold,execute_default_hold,0,False,-42.199999999999875,-42.20000000000002,-46.56
2025-09-15 19:15:00+00:00,6.5599,hold,hold,default_hold,hold,execute_default_hold,0,False,-42.199999999999875,-42.20000000000002,-46.56
2025-09-15 19:30:00+00:00,6.59,hold,hold,default_hold,hold,execute_default_hold,0,False,-42.199999999999875,-42.20000000000002,-46.56
2025-09-15 19:45:00+00:00,6.595,hold,hold,default_hold,hold,execute_default_hold,0,False,-42.199999999999875,-42.20000000000002,-46.56
2025-09-15 20:00:00+00:00,6.685,hold,hold,default_hold,hold,execute_default_hold,0,False,-42.199999999999875,-42.20000000000002,-46.56
2025-09-16 13:30:00+00:00,6.96,hold,hold,default_hold,hold,execute_default_hold,0,False,-42.199999999999875,-42.20000000000002,-46.56
2025-09-16 13:45:00+00:00,6.62,hold,hold,default_hold,hold,execute_default_hold,0,False,-42.199999999999875,-42.20000000000002,-46.56
2025-09-16 14:00:00+00:00,6.5386,hold,hold,default_hold,hold,execute_default_hold,0,False,-42.199999999999875,-42.20000000000002,-46.56
2025-09-16 14:15:00+00:00,6.55,hold,hold,default_hold,hold,execute_default_hold,0,False,-42.199999999999875,-42.20000000000002,-46.56
2025-09-16 14:30:00+00:00,6.55,hold,hold,default_hold,hold,execute_default_hold,0,False,-42.199999999999875,-42.20000000000002,-46.56
2025-09-16 14:45:00+00:00,6.71,hold,hold,default_hold,hold,execute_default_hold,0,False,-42.199999999999875,-42.20000000000002,-46.56
2025-09-16 15:00:00+00:00,6.73,hold,hold,default_hold,hold,execute_default_hold,0,False,-42.199999999999875,-42.20000000000002,-46.56
2025-09-16 15:15:00+00:00,6.645,hold,hold,default_hold,hold,execute_default_hold,0,False,-42.199999999999875,-42.20000000000002,-46.56
2025-09-16 15:30:00+00:00,6.7857,hold,hold,default_hold,hold,execute_default_hold,0,False,-42.199999999999875,-42.20000000000002,-46.56
2025-09-16 15:45:00+00:00,6.7886,hold,hold,default_hold,hold,execute_default_hold,0,False,-42.199999999999875,-42.20000000000002,-46.56
2025-09-16 16:00:00+00:00,6.8699,hold,hold,default_hold,hold,execute_default_hold,0,False,-42.199999999999875,-42.20000000000002,-46.56
2025-09-16 16:15:00+00:00,6.845,hold,hold,default_hold,hold,execute_default_hold,0,False,-42.199999999999875,-42.20000000000002,-46.56
2025-09-16 16:30:00+00:00,6.82,hold,hold,default_hold,hold,execute_default_hold,0,False,-42.199999999999875,-42.20000000000002,-46.56
2025-09-16 16:45:00+00:00,6.88,hold,hold,default_hold,hold,execute_default_hold,0,False,-42.199999999999875,-42.20000000000002,-46.56
2025-09-16 17:00:00+00:00,6.8665,hold,hold,default_hold,hold,execute_default_hold,0,False,-42.199999999999875,-42.20000000000002,-46.56
2025-09-16 17:15:00+00:00,6.87,hold,hold,default_hold,hold,execute_default_hold,0,False,-42.199999999999875,-42.20000000000002,-46.56
2025-09-16 17:30:00+00:00,6.7765,hold,hold,default_hold,hold,execute_default_hold,0,False,-42.199999999999875,-42.20000000000002,-46.56
2025-09-16 17:45:00+00:00,6.76,hold,hold,default_hold,hold,execute_default_hold,0,False,-42.199999999999875,-42.20000000000002,-46.56
2025-09-16 18:00:00+00:00,6.74,hold,hold,default_hold,hold,execute_default_hold,0,False,-42.199999999999875,-42.20000000000002,-46.56
2025-09-16 18:15:00+00:00,6.64,hold,hold,default_hold,hold,execute_default_hold,0,False,-42.199999999999875,-42.20000000000002,-46.56
2025-09-16 18:30:00+00:00,6.66,hold,hold,default_hold,hold,execute_default_hold,0,False,-42.199999999999875,-42.20000000000002,-46.56
2025-09-16 18:45:00+00:00,6.7256,hold,hold,default_hold,hold,execute_default_hold,0,False,-42.199999999999875,-42.20000000000002,-46.56
2025-09-16 19:00:00+00:00,6.705,hold,hold,default_hold,hold,execute_default_hold,0,False,-42.199999999999875,-42.20000000000002,-46.56
2025-09-16 19:15:00+00:00,6.6831,hold,hold,default_hold,hold,execute_default_hold,0,False,-42.199999999999875,-42.20000000000002,-46.56
2025-09-16 19:30:00+00:00,6.685,hold,hold,default_hold,hold,execute_default_hold,0,False,-42.199999999999875,-42.20000000000002,-46.56
2025-09-16 19:45:00+00:00,6.64,hold,hold,default_hold,hold,execute_default_hold,0,False,-42.199999999999875,-42.20000000000002,-46.56
2025-09-16 20:00:00+00:00,6.505,hold,hold,default_hold,hold,execute_default_hold,0,False,-42.199999999999875,-42.20000000000002,-46.56
2025-09-17 13:30:00+00:00,6.28,hold,hold,default_hold,hold,execute_default_hold,0,False,-42.199999999999875,-42.20000000000002,-46.56
2025-09-17 13:45:00+00:00,6.52,hold,hold,default_hold,hold,execute_default_hold,0,False,-42.199999999999875,-42.20000000000002,-46.56
2025-09-17 14:00:00+00:00,6.565,hold,hold,default_hold,hold,execute_default_hold,0,False,-42.199999999999875,-42.20000000000002,-46.56
2025-09-17 14:15:00+00:00,6.395,hold,hold,default_hold,hold,execute_default_hold,0,False,-42.199999999999875,-42.20000000000002,-46.56
2025-09-17 14:30:00+00:00,6.29,hold,hold,default_hold,hold,execute_default_hold,0,False,-42.199999999999875,-42.20000000000002,-46.56
2025-09-17 14:45:00+00:00,6.34,hold,hold,default_hold,hold,execute_default_hold,0,False,-42.199999999999875,-42.20000000000002,-46.56
2025-09-17 15:00:00+00:00,6.4,hold,hold,default_hold,hold,execute_default_hold,0,False,-42.199999999999875,-42.20000000000002,-46.56
2025-09-17 15:15:00+00:00,6.42,hold,hold,default_hold,hold,execute_default_hold,0,False,-42.199999999999875,-42.20000000000002,-46.56
2025-09-17 15:30:00+00:00,6.48,hold,hold,default_hold,hold,execute_default_hold,0,False,-42.199999999999875,-42.20000000000002,-46.56
2025-09-17 15:45:00+00:00,6.52,hold,hold,default_hold,hold,execute_default_hold,0,False,-42.199999999999875,-42.20000000000002,-46.56
2025-09-17 16:00:00+00:00,6.49,hold,hold,default_hold,hold,execute_default_hold,0,False,-42.199999999999875,-42.20000000000002,-46.56
2025-09-17 16:15:00+00:00,6.4504,hold,hold,default_hold,hold,execute_default_hold,0,False,-42.199999999999875,-42.20000000000002,-46.56
2025-09-17 16:30:00+00:00,6.52,hold,hold,default_hold,hold,execute_default_hold,0,False,-42.199999999999875,-42.20000000000002,-46.56
2025-09-17 16:45:00+00:00,6.453,hold,hold,default_hold,hold,execute_default_hold,0,False,-42.199999999999875,-42.20000000000002,-46.56
2025-09-17 17:00:00+00:00,6.445,hold,hold,default_hold,hold,execute_default_hold,0,False,-42.199999999999875,-42.20000000000002,-46.56
2025-09-17 17:15:00+00:00,6.4599,hold,hold,default_hold,hold,execute_default_hold,0,False,-42.199999999999875,-42.20000000000002,-46.56
2025-09-17 17:30:00+00:00,6.43,hold,hold,default_hold,hold,execute_default_hold,0,False,-42.199999999999875,-42.20000000000002,-46.56
2025-09-17 17:45:00+00:00,6.49,hold,hold,default_hold,hold,execute_default_hold,0,False,-42.199999999999875,-42.20000000000002,-46.56
2025-09-17 18:00:00+00:00,6.47,hold,hold,default_hold,hold,execute_default_hold,0,False,-42.199999999999875,-42.20000000000002,-46.56
2025-09-17 18:15:00+00:00,6.48,hold,hold,default_hold,hold,execute_default_hold,0,False,-42.199999999999875,-42.20000000000002,-46.56
2025-09-17 18:30:00+00:00,6.52,hold,hold,default_hold,hold,execute_default_hold,0,False,-42.199999999999875,-42.20000000000002,-46.56
2025-09-17 18:45:00+00:00,6.3,hold,hold,default_hold,hold,execute_default_hold,0,False,-42.199999999999875,-42.20000000000002,-46.56
2025-09-17 19:00:00+00:00,6.34,hold,hold,default_hold,hold,execute_default_hold,0,False,-42.199999999999875,-42.20000000000002,-46.56
2025-09-17 19:15:00+00:00,6.325,hold,hold,default_hold,hold,execute_default_hold,0,False,-42.199999999999875,-42.20000000000002,-46.56
2025-09-17 19:30:00+00:00,6.37,hold,hold,default_hold,hold,execute_default_hold,0,False,-42.199999999999875,-42.20000000000002,-46.56
2025-09-17 19:45:00+00:00,6.3662,hold,hold,default_hold,hold,execute_default_hold,0,False,-42.199999999999875,-42.20000000000002,-46.56
2025-09-17 20:00:00+00:00,6.365,hold,hold,default_hold,hold,execute_default_hold,0,False,-42.199999999999875,-42.20000000000002,-46.56
2025-09-18 13:30:00+00:00,6.59,hold,hold,default_hold,hold,execute_default_hold,0,False,-42.199999999999875,-42.20000000000002,-46.56
2025-09-18 13:45:00+00:00,6.535,hold,hold,default_hold,hold,execute_default_hold,0,False,-42.199999999999875,-42.20000000000002,-46.56
2025-09-18 14:00:00+00:00,6.68,hold,hold,default_hold,hold,execute_default_hold,0,False,-42.199999999999875,-42.20000000000002,-46.56
2025-09-18 14:15:00+00:00,6.9,buy,buy,trend_buy,buy,cautious_buy,100,True,-42.19999999999982,-42.20000000000002,-46.559999999999945
2025-09-18 14:30:00+00:00,6.948,hold,hold,default_hold,hold,execute_default_hold,0,False,-37.39999999999975,-42.20000000000002,-41.75999999999988
2025-09-18 14:45:00+00:00,6.9625,hold,hold,default_hold,hold,execute_default_hold,0,False,-35.94999999999982,-42.20000000000002,-40.309999999999945
2025-09-18 15:00:00+00:00,6.875,hold,hold,default_hold,hold,execute_default_hold,0,False,-44.69999999999982,-42.20000000000002,-49.059999999999945
2025-09-18 15:15:00+00:00,6.71,hold,hold,default_hold,hold,execute_default_hold,0,False,-61.19999999999982,-42.20000000000002,-65.55999999999995
2025-09-18 15:30:00+00:00,6.735,hold,hold,default_hold,hold,execute_default_hold,0,False,-58.69999999999982,-42.20000000000002,-63.059999999999945
2025-09-18 15:45:00+00:00,6.83,hold,hold,default_hold,hold,execute_default_hold,0,False,-49.19999999999982,-42.20000000000002,-53.559999999999945
2025-09-18 16:00:00+00:00,6.84,hold,hold,default_hold,hold,execute_default_hold,0,False,-48.19999999999982,-42.20000000000002,-52.559999999999945
2025-09-18 16:15:00+00:00,6.855,hold,hold,default_hold,hold,execute_default_hold,0,False,-46.69999999999982,-42.20000000000002,-51.059999999999945
2025-09-18 16:30:00+00:00,6.94,hold,hold,default_hold,hold,execute_default_hold,0,False,-38.19999999999982,-42.20000000000002,-42.559999999999945
2025-09-18 16:45:00+00:00,6.9294,hold,hold,default_hold,hold,execute_default_hold,0,False,-39.25999999999976,-42.20000000000002,-43.61999999999989
2025-09-18 17:00:00+00:00,6.95,hold,hold,default_hold,hold,execute_default_hold,0,False,-37.19999999999982,-42.20000000000002,-41.559999999999945
2025-09-18 17:15:00+00:00,6.92,reduce,reduce,trim_in_trend,reduce,reduce_limited,50,True,-40.19999999999982,-41.20000000000004,-44.559999999999945
2025-09-18 17:30:00+00:00,6.85,hold,hold,default_hold,hold,execute_default_hold,0,False,-43.69999999999982,-41.20000000000004,-48.059999999999945
2025-09-18 17:45:00+00:00,6.84,hold,hold,default_hold,hold,execute_default_hold,0,False,-44.19999999999982,-41.20000000000004,-48.559999999999945
2025-09-18 18:00:00+00:00,6.84,hold,hold,default_hold,hold,execute_default_hold,0,False,-44.19999999999982,-41.20000000000004,-48.559999999999945
2025-09-18 18:15:00+00:00,6.85,hold,hold,default_hold,hold,execute_default_hold,0,False,-43.69999999999982,-41.20000000000004,-48.059999999999945
2025-09-18 18:30:00+00:00,6.94,hold,hold,default_hold,hold,execute_default_hold,0,False,-39.19999999999982,-41.20000000000004,-43.559999999999945
2025-09-18 18:45:00+00:00,6.8899,hold,hold,default_hold,hold,execute_default_hold,0,False,-41.704999999999814,-41.20000000000004,-46.06499999999994
2025-09-18 19:00:00+00:00,6.86,hold,hold,default_hold,hold,execute_default_hold,0,False,-43.19999999999982,-41.20000000000004,-47.559999999999945
2025-09-18 19:15:00+00:00,6.865,hold,hold,default_hold,hold,execute_default_hold,0,False,-42.94999999999982,-41.20000000000004,-47.309999999999945
2025-09-18 19:30:00+00:00,6.855,hold,hold,default_hold,hold,execute_default_hold,0,False,-43.44999999999982,-41.20000000000004,-47.809999999999945
2025-09-18 19:45:00+00:00,6.835,hold,hold,default_hold,hold,execute_default_hold,0,False,-44.44999999999982,-41.20000000000004,-48.809999999999945
2025-09-18 20:00:00+00:00,6.82,hold,hold,default_hold,hold,execute_default_hold,0,False,-45.19999999999982,-41.20000000000004,-49.559999999999945
2025-09-19 13:30:00+00:00,6.9985,buy,buy,trend_buy,buy,cautious_buy,100,True,-36.274999999999636,-41.20000000000004,-40.63499999999976
2025-09-19 13:45:00+00:00,6.885,hold,hold,default_hold,hold,execute_default_hold,0,False,-53.29999999999973,-41.20000000000004,-57.659999999999854
2025-09-19 14:00:00+00:00,6.93,hold,hold,default_hold,hold,execute_default_hold,0,False,-46.54999999999973,-41.20000000000004,-50.909999999999854
2025-09-19 14:15:00+00:00,6.93,hold,hold,default_hold,hold,execute_default_hold,0,False,-46.54999999999973,-41.20000000000004,-50.909999999999854
2025-09-19 14:30:00+00:00,6.9376,hold,hold,default_hold,hold,execute_default_hold,0,False,-45.409999999999854,-41.20000000000004,-49.76999999999998
2025-09-19 14:45:00+00:00,6.8303,hold,hold,default_hold,hold,execute_default_hold,0,False,-61.504999999999654,-41.20000000000004,-65.86499999999978
2025-09-19 15:00:00+00:00,6.9801,hold,hold,default_hold,hold,execute_default_hold,0,False,-39.03499999999963,-41.20000000000004,-43.394999999999754
2025-09-19 15:15:00+00:00,6.85,hold,hold,default_hold,hold,execute_default_hold,0,False,-58.54999999999973,-41.20000000000004,-62.909999999999854
2025-09-19 15:30:00+00:00,6.98,hold,hold,default_hold,hold,execute_default_hold,0,False,-39.04999999999973,-41.20000000000004,-43.409999999999854
2025-09-19 15:45:00+00:00,7.0478,hold,hold,default_hold,hold,execute_default_hold,0,False,-28.87999999999988,-41.20000000000004,-33.24000000000001
2025-09-19 16:00:00+00:00,7.1122,hold,hold,default_hold,hold,execute_default_hold,0,False,-19.2199999999998,-41.20000000000004,-23.579999999999927
2025-09-19 16:15:00+00:00,6.945,hold,hold,default_hold,hold,execute_default_hold,0,False,-44.29999999999973,-41.20000000000004,-48.659999999999854
2025-09-19 16:30:00+00:00,6.94,hold,hold,default_hold,hold,execute_default_hold,0,False,-45.04999999999973,-41.20000000000004,-49.409999999999854
2025-09-19 16:45:00+00:00,6.9,reduce,reduce,trim_in_trend,reduce,reduce_limited,50,True,-51.04999999999973,-41.20000000000004,-55.409999999999854
2025-09-19 17:00:00+00:00,6.85,hold,hold,default_hold,hold,execute_default_hold,0,False,-56.04999999999973,-41.20000000000004,-60.409999999999854
2025-09-19 17:15:00+00:00,6.89,hold,hold,default_hold,hold,execute_default_hold,0,False,-52.04999999999973,-41.20000000000004,-56.409999999999854
2025-09-19 17:30:00+00:00,7.1,hold,hold,default_hold,hold,execute_default_hold,0,False,-31.049999999999727,-41.20000000000004,-35.409999999999854
2025-09-19 17:45:00+00:00,7.15,hold,hold,default_hold,hold,execute_default_hold,0,False,-26.049999999999727,-41.20000000000004,-30.409999999999854
2025-09-19 18:00:00+00:00,7.3176,hold,hold,default_hold,hold,execute_default_hold,0,False,-9.289999999999736,-41.20000000000004,-13.649999999999864
2025-09-19 18:15:00+00:00,7.24,hold,hold,default_hold,hold,execute_default_hold,0,False,-17.049999999999727,-41.20000000000004,-21.409999999999854
2025-09-19 18:30:00+00:00,7.16,hold,hold,default_hold,hold,execute_default_hold,0,False,-25.049999999999727,-41.20000000000004,-29.409999999999854
2025-09-19 18:45:00+00:00,7.1,hold,hold,default_hold,hold,execute_default_hold,0,False,-31.049999999999727,-41.20000000000004,-35.409999999999854
2025-09-19 19:00:00+00:00,7.15,hold,hold,default_hold,hold,execute_default_hold,0,False,-26.049999999999727,-41.20000000000004,-30.409999999999854
2025-09-19 19:15:00+00:00,7.18,hold,hold,default_hold,hold,execute_default_hold,0,False,-23.049999999999727,-41.20000000000004,-27.409999999999854
2025-09-19 19:30:00+00:00,7.165,hold,hold,default_hold,hold,execute_default_hold,0,False,-24.549999999999727,-41.20000000000004,-28.909999999999854
2025-09-19 19:45:00+00:00,7.14,buy,buy,trend_buy,buy,cautious_buy,100,True,-27.049999999999727,-41.20000000000004,-31.409999999999854
2025-09-19 20:00:00+00:00,7.18,hold,hold,default_hold,hold,execute_default_hold,0,False,-19.049999999999727,-41.20000000000004,-23.409999999999854
2025-09-22 13:30:00+00:00,7.245,hold,hold,default_hold,hold,execute_default_hold,0,False,-6.049999999999727,-41.20000000000004,-10.409999999999854
2025-09-22 13:45:00+00:00,6.96,reduce,reduce,trim_in_trend,reduce,reduce_limited,50,True,-63.04999999999973,-43.125000000000036,-67.40999999999985
2025-09-22 14:00:00+00:00,7.15,hold,hold,default_hold,hold,execute_default_hold,0,False,-34.54999999999973,-43.125000000000036,-38.909999999999854
2025-09-22 14:15:00+00:00,7.19,hold,hold,default_hold,hold,execute_default_hold,0,False,-28.549999999999727,-43.125000000000036,-32.909999999999854
2025-09-22 14:30:00+00:00,7.05,hold,hold,default_hold,hold,execute_default_hold,0,False,-49.54999999999973,-43.125000000000036,-53.909999999999854
2025-09-22 14:45:00+00:00,7.095,hold,hold,default_hold,hold,execute_default_hold,0,False,-42.79999999999973,-43.125000000000036,-47.159999999999854
2025-09-22 15:00:00+00:00,7.02,hold,hold,default_hold,hold,execute_default_hold,0,False,-54.04999999999973,-43.125000000000036,-58.409999999999854
2025-09-22 15:15:00+00:00,6.97,hold,hold,default_hold,hold,execute_default_hold,0,False,-61.54999999999973,-43.125000000000036,-65.90999999999985
2025-09-22 15:30:00+00:00,6.9535,hold,hold,default_hold,hold,execute_default_hold,0,False,-64.02499999999964,-43.125000000000036,-68.38499999999976
2025-09-22 15:45:00+00:00,6.96,hold,hold,default_hold,hold,execute_default_hold,0,False,-63.04999999999973,-43.125000000000036,-67.40999999999985
2025-09-22 16:00:00+00:00,6.87,hold,hold,default_hold,hold,execute_default_hold,0,False,-76.54999999999973,-43.125000000000036,-80.90999999999985
2025-09-22 16:15:00+00:00,6.85,hold,hold,default_hold,hold,execute_default_hold,0,False,-79.54999999999973,-43.125000000000036,-83.90999999999985
2025-09-22 16:30:00+00:00,6.9325,hold,hold,default_hold,hold,execute_default_hold,0,False,-67.17499999999973,-43.125000000000036,-71.53499999999985
2025-09-22 16:45:00+00:00,7.03,hold,hold,default_hold,hold,execute_default_hold,0,False,-52.54999999999973,-43.125000000000036,-56.909999999999854
2025-09-22 17:00:00+00:00,7.0,hold,hold,default_hold,hold,execute_default_hold,0,False,-57.04999999999973,-43.125000000000036,-61.409999999999854
2025-09-22 17:15:00+00:00,6.97,hold,hold,default_hold,hold,execute_default_hold,0,False,-61.54999999999973,-43.125000000000036,-65.90999999999985
2025-09-22 17:30:00+00:00,7.03,hold,hold,default_hold,hold,execute_default_hold,0,False,-52.54999999999973,-43.125000000000036,-56.909999999999854
2025-09-22 17:45:00+00:00,7.105,hold,hold,default_hold,hold,execute_default_hold,0,False,-41.29999999999973,-43.125000000000036,-45.659999999999854
2025-09-22 18:00:00+00:00,7.015,hold,hold,default_hold,hold,execute_default_hold,0,False,-54.79999999999973,-43.125000000000036,-59.159999999999854
2025-09-22 18:15:00+00:00,7.09,hold,hold,default_hold,hold,execute_default_hold,0,False,-43.54999999999973,-43.125000000000036,-47.909999999999854
2025-09-22 18:30:00+00:00,7.073,hold,hold,default_hold,hold,execute_default_hold,0,False,-46.09999999999968,-43.125000000000036,-50.45999999999981
2025-09-22 18:45:00+00:00,7.035,buy,buy,trend_buy,buy,cautious_buy,100,True,-51.79999999999973,-43.125000000000036,-56.159999999999854
2025-09-22 19:00:00+00:00,7.075,hold,hold,default_hold,hold,execute_default_hold,0,False,-41.79999999999973,-43.125000000000036,-46.159999999999854
2025-09-22 19:15:00+00:00,7.075,hold,hold,default_hold,hold,execute_default_hold,0,False,-41.79999999999973,-43.125000000000036,-46.159999999999854
2025-09-22 19:30:00+00:00,7.065,hold,hold,default_hold,hold,execute_default_hold,0,False,-44.29999999999973,-43.125000000000036,-48.659999999999854
2025-09-22 19:45:00+00:00,7.0335,hold,hold,default_hold,hold,execute_default_hold,0,False,-52.17499999999973,-43.125000000000036,-56.534999999999854
2025-09-22 20:00:00+00:00,6.91,hold,hold,default_hold,hold,execute_default_hold,0,False,-83.04999999999973,-43.125000000000036,-87.40999999999985
2025-09-23 13:30:00+00:00,6.995,reduce,reduce,trim_in_trend,reduce,reduce_limited,50,True,-61.79999999999973,-43.300000000000026,-66.15999999999985
2025-09-23 13:45:00+00:00,6.96,hold,hold,default_hold,hold,execute_default_hold,0,False,-68.79999999999973,-43.300000000000026,-73.15999999999985
2025-09-23 14:00:00+00:00,6.94,hold,hold,default_hold,hold,execute_default_hold,0,False,-72.79999999999973,-43.300000000000026,-77.15999999999985
2025-09-23 14:15:00+00:00,6.97,hold,hold,default_hold,hold,execute_default_hold,0,False,-66.79999999999973,-43.300000000000026,-71.15999999999985
2025-09-23 14:30:00+00:00,7.0544,hold,hold,default_hold,hold,execute_default_hold,0,False,-49.91999999999962,-43.300000000000026,-54.279999999999745
2025-09-23 14:45:00+00:00,7.21,hold,hold,default_hold,hold,execute_default_hold,0,False,-18.799999999999727,-43.300000000000026,-23.159999999999854
2025-09-23 15:00:00+00:00,7.2301,hold,hold,default_hold,hold,execute_default_hold,0,False,-14.779999999999745,-43.300000000000026,-19.139999999999873
2025-09-23 15:15:00+00:00,7.1905,hold,hold,default_hold,hold,execute_default_hold,0,False,-22.699999999999818,-43.300000000000026,-27.059999999999945
2025-09-23 15:30:00+00:00,7.13,hold,hold,default_hold,hold,execute_default_hold,0,False,-34.79999999999973,-43.300000000000026,-39.159999999999854
2025-09-23 15:45:00+00:00,7.1026,hold,hold,default_hold,hold,execute_default_hold,0,False,-40.279999999999745,-43.300000000000026,-44.63999999999987
2025-09-23 16:00:00+00:00,7.07,hold,hold,default_hold,hold,execute_default_hold,0,False,-46.79999999999973,-43.300000000000026,-51.159999999999854
2025-09-23 16:15:00+00:00,7.0854,hold,hold,default_hold,hold,execute_default_hold,0,False,-43.7199999999998,-43.300000000000026,-48.07999999999993
2025-09-23 16:30:00+00:00,7.29,hold,hold,default_hold,hold,execute_default_hold,0,False,-2.799999999999727,-43.300000000000026,-7.1599999999998545
2025-09-23 16:45:00+00:00,7.29,hold,hold,default_hold,hold,execute_default_hold,0,False,-2.799999999999727,-43.300000000000026,-7.1599999999998545
2025-09-23 17:00:00+00:00,7.25,hold,hold,default_hold,hold,execute_default_hold,0,False,-10.799999999999727,-43.300000000000026,-15.159999999999854
2025-09-23 17:15:00+00:00,7.2,hold,hold,default_hold,hold,execute_default_hold,0,False,-20.799999999999727,-43.300000000000026,-25.159999999999854
2025-09-23 17:30:00+00:00,7.11,hold,hold,default_hold,hold,execute_default_hold,0,False,-38.79999999999973,-43.300000000000026,-43.159999999999854
2025-09-23 17:45:00+00:00,6.79,hold,hold,default_hold,hold,execute_default_hold,0,False,-102.79999999999973,-43.300000000000026,-107.15999999999985
2025-09-23 18:00:00+00:00,6.8836,hold,hold,default_hold,hold,execute_default_hold,0,False,-84.0799999999997,-43.300000000000026,-88.43999999999983
2025-09-23 18:15:00+00:00,6.87,hold,hold,default_hold,hold,execute_default_hold,0,False,-86.79999999999973,-43.300000000000026,-91.15999999999985
2025-09-23 18:30:00+00:00,6.94,hold,hold,default_hold,hold,execute_default_hold,0,False,-72.79999999999973,-43.300000000000026,-77.15999999999985
2025-09-23 18:45:00+00:00,6.985,hold,hold,default_hold,hold,execute_default_hold,0,False,-63.79999999999973,-43.300000000000026,-68.15999999999985
2025-09-23 19:00:00+00:00,6.97,hold,hold,default_hold,hold,execute_default_hold,0,False,-66.79999999999973,-43.300000000000026,-71.15999999999985
2025-09-23 19:15:00+00:00,6.875,hold,hold,default_hold,hold,execute_default_hold,0,False,-85.79999999999973,-43.300000000000026,-90.15999999999985
2025-09-23 19:30:00+00:00,6.885,hold,hold,default_hold,hold,execute_default_hold,0,False,-83.79999999999973,-43.300000000000026,-88.15999999999985
2025-09-23 19:45:00+00:00,6.85,hold,hold,default_hold,hold,execute_default_hold,0,False,-90.79999999999973,-43.300000000000026,-95.15999999999985
2025-09-23 20:00:00+00:00,6.72,hold,hold,default_hold,hold,execute_default_hold,0,False,-116.79999999999973,-43.300000000000026,-121.15999999999985
2025-09-24 13:30:00+00:00,7.0216,hold,hold,default_hold,hold,execute_default_hold,0,False,-56.47999999999956,-43.300000000000026,-60.83999999999969
2025-09-24 13:45:00+00:00,6.91,hold,hold,default_hold,hold,execute_default_hold,0,False,-78.79999999999973,-43.300000000000026,-83.15999999999985
2025-09-24 14:00:00+00:00,6.98,hold,hold,default_hold,hold,execute_default_hold,0,False,-64.79999999999973,-43.300000000000026,-69.15999999999985
2025-09-24 14:15:00+00:00,6.72,hold,hold,default_hold,hold,execute_default_hold,0,False,-116.79999999999973,-43.300000000000026,-121.15999999999985
2025-09-24 14:30:00+00:00,6.765,hold,hold,default_hold,hold,execute_default_hold,0,False,-107.79999999999973,-43.300000000000026,-112.15999999999985
2025-09-24 14:45:00+00:00,6.85,hold,hold,default_hold,hold,execute_default_hold,0,False,-90.79999999999973,-43.300000000000026,-95.15999999999985
2025-09-24 15:00:00+00:00,6.86,hold,hold,default_hold,hold,execute_default_hold,0,False,-88.79999999999973,-43.300000000000026,-93.15999999999985
2025-09-24 15:15:00+00:00,6.95,hold,hold,default_hold,hold,execute_default_hold,0,False,-70.79999999999973,-43.300000000000026,-75.15999999999985
2025-09-24 15:30:00+00:00,6.91,hold,hold,default_hold,hold,execute_default_hold,0,False,-78.79999999999973,-43.300000000000026,-83.15999999999985
2025-09-24 15:45:00+00:00,6.64,hold,hold,default_hold,hold,execute_default_hold,0,False,-132.79999999999973,-43.300000000000026,-137.15999999999985
2025-09-24 16:00:00+00:00,6.6048,hold,hold,default_hold,hold,execute_default_hold,0,False,-139.8399999999997,-43.300000000000026,-144.19999999999982
2025-09-24 16:15:00+00:00,6.66,hold,hold,default_hold,hold,execute_default_hold,0,False,-128.79999999999973,-43.300000000000026,-133.15999999999985
2025-09-24 16:30:00+00:00,6.72,hold,hold,default_hold,hold,execute_default_hold,0,False,-116.79999999999973,-43.300000000000026,-121.15999999999985
2025-09-24 16:45:00+00:00,6.925,hold,hold,default_hold,hold,execute_default_hold,0,False,-75.79999999999973,-43.300000000000026,-80.15999999999985
2025-09-24 17:00:00+00:00,6.91,hold,hold,default_hold,hold,execute_default_hold,0,False,-78.79999999999973,-43.300000000000026,-83.15999999999985
2025-09-24 17:15:00+00:00,6.84,hold,hold,default_hold,hold,execute_default_hold,0,False,-92.79999999999973,-43.300000000000026,-97.15999999999985
2025-09-24 17:30:00+00:00,6.94,hold,hold,default_hold,hold,execute_default_hold,0,False,-72.79999999999973,-43.300000000000026,-77.15999999999985
2025-09-24 17:45:00+00:00,6.95,hold,hold,default_hold,hold,execute_default_hold,0,False,-70.79999999999973,-43.300000000000026,-75.15999999999985
2025-09-24 18:00:00+00:00,6.85,hold,hold,default_hold,hold,execute_default_hold,0,False,-90.79999999999973,-43.300000000000026,-95.15999999999985
2025-09-24 18:15:00+00:00,6.85,hold,hold,default_hold,hold,execute_default_hold,0,False,-90.79999999999973,-43.300000000000026,-95.15999999999985
2025-09-24 18:30:00+00:00,6.795,buy,buy,trend_buy,buy,weak_trend_limited_buy,50,True,-101.79999999999973,-43.300000000000026,-106.15999999999985
2025-09-24 18:45:00+00:00,6.8,hold,hold,default_hold,hold,execute_default_hold,0,False,-100.54999999999973,-43.300000000000026,-104.90999999999985
2025-09-24 19:00:00+00:00,6.81,hold,hold,default_hold,hold,execute_default_hold,0,False,-98.04999999999973,-43.300000000000026,-102.40999999999985
2025-09-24 19:15:00+00:00,6.73,hold,hold,default_hold,hold,execute_default_hold,0,False,-118.04999999999973,-43.300000000000026,-122.40999999999985
2025-09-24 19:30:00+00:00,6.71,hold,hold,default_hold,hold,execute_default_hold,0,False,-123.04999999999973,-43.300000000000026,-127.40999999999985
2025-09-24 19:45:00+00:00,6.67,hold,hold,default_hold,hold,execute_default_hold,0,False,-133.04999999999973,-43.300000000000026,-137.40999999999985
2025-09-24 20:00:00+00:00,6.71,hold,hold,default_hold,hold,execute_default_hold,0,False,-123.04999999999973,-43.300000000000026,-127.40999999999985
2025-09-25 13:30:00+00:00,6.384,reduce,reduce,defensive_reduce,reduce,reduce_limited,50,True,-204.5499999999995,-81.1,-208.90999999999963
2025-09-25 13:45:00+00:00,6.44,hold,hold,default_hold,hold,execute_default_hold,0,False,-193.34999999999968,-81.1,-197.7099999999998
2025-09-25 14:00:00+00:00,6.72,hold,hold,default_hold,hold,execute_default_hold,0,False,-137.34999999999968,-81.1,-141.7099999999998
2025-09-25 14:15:00+00:00,6.96,hold,hold,default_hold,hold,execute_default_hold,0,False,-89.34999999999968,-81.1,-93.70999999999981
2025-09-25 14:30:00+00:00,7.28,hold,hold,default_hold,hold,execute_default_hold,0,False,-25.34999999999968,-81.1,-29.70999999999981
2025-09-25 14:45:00+00:00,7.58,hold,hold,default_hold,hold,execute_default_hold,0,False,34.65000000000032,-81.1,0.0
2025-09-25 15:00:00+00:00,7.4703,hold,hold,default_hold,hold,execute_default_hold,0,False,12.710000000000264,-81.1,-21.940000000000055
2025-09-25 15:15:00+00:00,7.555,hold,hold,default_hold,hold,execute_default_hold,0,False,29.65000000000032,-81.1,-5.0
2025-09-25 15:30:00+00:00,7.31,hold,hold,default_hold,hold,execute_default_hold,0,False,-19.34999999999968,-81.1,-54.0
2025-09-25 15:45:00+00:00,7.475,hold,hold,default_hold,hold,execute_default_hold,0,False,13.650000000000318,-81.1,-21.0
2025-09-25 16:00:00+00:00,7.3444,hold,hold,default_hold,hold,execute_default_hold,0,False,-12.469999999999573,-81.1,-47.11999999999989
2025-09-25 16:15:00+00:00,7.1969,hold,hold,default_hold,hold,execute_default_hold,0,False,-41.96999999999957,-81.1,-76.61999999999989
2025-09-25 16:30:00+00:00,7.1299,hold,hold,default_hold,hold,execute_default_hold,0,False,-55.36999999999966,-81.1,-90.01999999999998
2025-09-25 16:45:00+00:00,7.01,hold,hold,default_hold,hold,execute_default_hold,0,False,-79.34999999999968,-81.1,-114.0
2025-09-25 17:00:00+00:00,7.02,hold,hold,default_hold,hold,execute_default_hold,0,False,-77.34999999999968,-81.1,-112.0
2025-09-25 17:15:00+00:00,6.95,hold,hold,default_hold,hold,execute_default_hold,0,False,-91.34999999999968,-81.1,-126.0
2025-09-25 17:30:00+00:00,6.8,hold,hold,default_hold,hold,execute_default_hold,0,False,-121.34999999999968,-81.1,-156.0
2025-09-25 17:45:00+00:00,6.7398,hold,hold,default_hold,hold,execute_default_hold,0,False,-133.38999999999965,-81.1,-168.03999999999996
2025-09-25 18:00:00+00:00,6.68,hold,hold,default_hold,hold,execute_default_hold,0,False,-145.34999999999968,-81.1,-180.0
2025-09-25 18:15:00+00:00,6.77,hold,hold,default_hold,hold,execute_default_hold,0,False,-127.34999999999968,-81.1,-162.0
2025-09-25 18:30:00+00:00,6.85,hold,hold,default_hold,hold,execute_default_hold,0,False,-111.34999999999968,-81.1,-146.0
2025-09-25 18:45:00+00:00,6.87,hold,hold,default_hold,hold,execute_default_hold,0,False,-107.34999999999968,-81.1,-142.0
2025-09-25 19:00:00+00:00,6.89,hold,hold,default_hold,hold,execute_default_hold,0,False,-103.34999999999968,-81.1,-138.0
2025-09-25 19:15:00+00:00,6.92,hold,hold,default_hold,hold,execute_default_hold,0,False,-97.34999999999968,-81.1,-132.0
2025-09-25 19:30:00+00:00,6.9,hold,hold,default_hold,hold,execute_default_hold,0,False,-101.34999999999968,-81.1,-136.0
2025-09-25 19:45:00+00:00,6.92,hold,hold,default_hold,hold,execute_default_hold,0,False,-97.34999999999968,-81.1,-132.0
2025-09-25 20:00:00+00:00,7.03,hold,hold,default_hold,hold,execute_default_hold,0,False,-75.34999999999968,-81.1,-110.0
2025-09-26 13:30:00+00:00,7.11,hold,hold,default_hold,hold,execute_default_hold,0,False,-59.34999999999968,-81.1,-94.0
2025-09-26 13:45:00+00:00,6.89,buy,buy,range_buy,buy,weak_range_limited_buy,50,True,-103.34999999999968,-81.1,-138.0
2025-09-26 14:00:00+00:00,6.93,hold,hold,default_hold,hold,execute_default_hold,0,False,-93.34999999999968,-81.1,-128.0
2025-09-26 14:15:00+00:00,6.615,hold,hold,default_hold,hold,execute_default_hold,0,False,-172.09999999999968,-81.1,-206.75
2025-09-26 14:30:00+00:00,6.51,hold,hold,default_hold,hold,execute_default_hold,0,False,-198.34999999999968,-81.1,-233.0
2025-09-26 14:45:00+00:00,6.49,hold,hold,default_hold,hold,execute_default_hold,0,False,-203.34999999999968,-81.1,-238.0
2025-09-26 15:00:00+00:00,6.43,hold,hold,default_hold,hold,execute_default_hold,0,False,-218.34999999999968,-81.1,-253.0
2025-09-26 15:15:00+00:00,6.3707,hold,hold,default_hold,hold,execute_default_hold,0,False,-233.17499999999973,-81.1,-267.82500000000005
2025-09-26 15:30:00+00:00,6.43,hold,hold,default_hold,hold,execute_default_hold,0,False,-218.34999999999968,-81.1,-253.0
2025-09-26 15:45:00+00:00,6.325,hold,hold,default_hold,hold,execute_default_hold,0,False,-244.59999999999968,-81.1,-279.25
2025-09-26 16:00:00+00:00,6.32,hold,hold,default_hold,hold,execute_default_hold,0,False,-245.84999999999968,-81.1,-280.5
2025-09-26 16:15:00+00:00,6.335,hold,hold,default_hold,hold,execute_default_hold,0,False,-242.09999999999968,-81.1,-276.75
2025-09-26 16:30:00+00:00,6.43,hold,hold,default_hold,hold,execute_default_hold,0,False,-218.34999999999968,-81.1,-253.0
2025-09-26 16:45:00+00:00,6.425,reduce,reduce,defensive_reduce,reduce,reduce_limited,50,True,-219.59999999999968,-116.85,-254.25
2025-09-26 17:00:00+00:00,6.4387,hold,hold,default_hold,hold,execute_default_hold,0,False,-216.85999999999967,-116.85,-251.51
2025-09-26 17:15:00+00:00,6.525,hold,hold,default_hold,hold,execute_default_hold,0,False,-199.59999999999968,-116.85,-234.25
2025-09-26 17:30:00+00:00,6.4813,hold,hold,default_hold,hold,execute_default_hold,0,False,-208.3399999999997,-116.85,-242.99
2025-09-26 17:45:00+00:00,6.48,hold,hold,default_hold,hold,execute_default_hold,0,False,-208.59999999999968,-116.85,-243.25
2025-09-26 18:00:00+00:00,6.54,hold,hold,default_hold,hold,execute_default_hold,0,False,-196.59999999999968,-116.85,-231.25
2025-09-26 18:15:00+00:00,6.505,hold,hold,default_hold,hold,execute_default_hold,0,False,-203.59999999999968,-116.85,-238.25
2025-09-26 18:30:00+00:00,6.53,hold,hold,default_hold,hold,execute_default_hold,0,False,-198.59999999999968,-116.85,-233.25
2025-09-26 18:45:00+00:00,6.5999,hold,hold,default_hold,hold,execute_default_hold,0,False,-184.61999999999966,-116.85,-219.26999999999998
2025-09-26 19:00:00+00:00,6.6,hold,hold,default_hold,hold,execute_default_hold,0,False,-184.59999999999968,-116.85,-219.25
2025-09-26 19:15:00+00:00,6.49,hold,hold,default_hold,hold,execute_default_hold,0,False,-206.59999999999968,-116.85,-241.25
2025-09-26 19:30:00+00:00,6.5185,hold,hold,default_hold,hold,execute_default_hold,0,False,-200.89999999999964,-116.85,-235.54999999999995
2025-09-26 19:45:00+00:00,6.535,buy,buy,trend_buy,buy,cautious_buy,100,True,-197.59999999999945,-116.85,-232.24999999999977
2025-09-26 20:00:00+00:00,6.485,hold,hold,default_hold,hold,execute_default_hold,0,False,-212.59999999999945,-116.85,-247.24999999999977
2025-09-29 13:30:00+00:00,6.4196,reduce,reduce,trim_in_trend,reduce,reduce_limited,50,True,-232.21999999999935,-147.62,-266.86999999999966
2025-09-29 13:45:00+00:00,6.19,hold,hold,default_hold,hold,execute_default_hold,0,False,-289.61999999999944,-147.62,-324.26999999999975
2025-09-29 14:00:00+00:00,6.42,hold,hold,default_hold,hold,execute_default_hold,0,False,-232.11999999999944,-147.62,-266.76999999999975
2025-09-29 14:15:00+00:00,6.2899,hold,hold,default_hold,hold,execute_default_hold,0,False,-264.6449999999993,-147.62,-299.2949999999996
2025-09-29 14:30:00+00:00,6.2075,hold,hold,default_hold,hold,execute_default_hold,0,False,-285.24499999999944,-147.62,-319.89499999999975
2025-09-29 14:45:00+00:00,6.2365,hold,hold,default_hold,hold,execute_default_hold,0,False,-277.99499999999944,-147.62,-312.64499999999975
2025-09-29 15:00:00+00:00,6.2,hold,hold,default_hold,hold,execute_default_hold,0,False,-287.11999999999944,-147.62,-321.76999999999975
2025-09-29 15:15:00+00:00,6.215,hold,hold,default_hold,hold,execute_default_hold,0,False,-283.36999999999944,-147.62,-318.01999999999975
2025-09-29 15:30:00+00:00,6.22,hold,hold,default_hold,hold,execute_default_hold,0,False,-282.11999999999944,-147.62,-316.76999999999975
2025-09-29 15:45:00+00:00,6.2257,hold,hold,default_hold,hold,execute_default_hold,0,False,-280.6949999999995,-147.62,-315.3449999999998
2025-09-29 16:00:00+00:00,6.23,hold,hold,default_hold,hold,execute_default_hold,0,False,-279.61999999999944,-147.62,-314.26999999999975
2025-09-29 16:15:00+00:00,6.27,hold,hold,default_hold,hold,execute_default_hold,0,False,-269.61999999999944,-147.62,-304.26999999999975
2025-09-29 16:30:00+00:00,6.24,hold,hold,default_hold,hold,execute_default_hold,0,False,-277.11999999999944,-147.62,-311.76999999999975
2025-09-29 16:45:00+00:00,6.195,hold,hold,default_hold,hold,execute_default_hold,0,False,-288.36999999999944,-147.62,-323.01999999999975
2025-09-29 17:00:00+00:00,6.195,hold,hold,default_hold,hold,execute_default_hold,0,False,-288.36999999999944,-147.62,-323.01999999999975
2025-09-29 17:15:00+00:00,6.22,hold,hold,default_hold,hold,execute_default_hold,0,False,-282.11999999999944,-147.62,-316.76999999999975
2025-09-29 17:30:00+00:00,6.25,hold,hold,default_hold,hold,execute_default_hold,0,False,-274.61999999999944,-147.62,-309.26999999999975
2025-09-29 17:45:00+00:00,6.375,hold,hold,default_hold,hold,execute_default_hold,0,False,-243.36999999999944,-147.62,-278.01999999999975
2025-09-29 18:00:00+00:00,6.5948,hold,hold,default_hold,hold,execute_default_hold,0,False,-188.4199999999994,-147.62,-223.0699999999997
2025-09-29 18:15:00+00:00,6.68,buy,buy,trend_buy,buy,cautious_buy,100,True,-167.11999999999944,-147.62,-201.76999999999975
2025-09-29 18:30:00+00:00,6.615,hold,hold,default_hold,hold,execute_default_hold,0,False,-189.86999999999944,-147.62,-224.51999999999975
2025-09-29 18:45:00+00:00,6.65,hold,hold,default_hold,hold,execute_default_hold,0,False,-177.61999999999944,-147.62,-212.26999999999975
2025-09-29 19:00:00+00:00,6.87,hold,hold,default_hold,hold,execute_default_hold,0,False,-100.61999999999944,-147.62,-135.26999999999975
2025-09-29 19:15:00+00:00,6.6094,hold,hold,default_hold,hold,execute_default_hold,0,False,-191.82999999999947,-147.62,-226.4799999999998
2025-09-29 19:30:00+00:00,6.5099,hold,hold,default_hold,hold,execute_default_hold,0,False,-226.6549999999993,-147.62,-261.3049999999996
2025-09-29 19:45:00+00:00,6.515,hold,hold,default_hold,hold,execute_default_hold,0,False,-224.86999999999944,-147.62,-259.51999999999975
2025-09-29 20:00:00+00:00,6.495,hold,hold,default_hold,hold,execute_default_hold,0,False,-231.86999999999944,-147.62,-266.51999999999975
2025-09-30 13:30:00+00:00,6.525,hold,hold,default_hold,hold,execute_default_hold,0,False,-221.36999999999944,-147.62,-256.01999999999975
2025-09-30 13:45:00+00:00,6.55,reduce,reduce,trim_in_trend,reduce,reduce_limited,50,True,-212.61999999999944,-171.87,-247.26999999999975
2025-09-30 14:00:00+00:00,6.42,hold,hold,default_hold,hold,execute_default_hold,0,False,-251.61999999999944,-171.87,-286.26999999999975
2025-09-30 14:15:00+00:00,6.3,hold,hold,default_hold,hold,execute_default_hold,0,False,-287.61999999999944,-171.87,-322.26999999999975
2025-09-30 14:30:00+00:00,6.28,hold,hold,default_hold,hold,execute_default_hold,0,False,-293.61999999999944,-171.87,-328.26999999999975
2025-09-30 14:45:00+00:00,6.2969,hold,hold,default_hold,hold,execute_default_hold,0,False,-288.5499999999995,-171.87,-323.1999999999998
2025-09-30 15:00:00+00:00,6.3298,hold,hold,default_hold,hold,execute_default_hold,0,False,-278.6799999999996,-171.87,-313.3299999999999
2025-09-30 15:15:00+00:00,6.2442,hold,hold,default_hold,hold,execute_default_hold,0,False,-304.35999999999945,-171.87,-339.00999999999976
2025-09-30 15:30:00+00:00,6.2247,hold,hold,default_hold,hold,execute_default_hold,0,False,-310.20999999999935,-171.87,-344.8599999999997
2025-09-30 15:45:00+00:00,6.24,hold,hold,default_hold,hold,execute_default_hold,0,False,-305.61999999999944,-171.87,-340.26999999999975
2025-09-30 16:00:00+00:00,6.27,hold,hold,default_hold,hold,execute_default_hold,0,False,-296.61999999999966,-171.87,-331.27
2025-09-30 16:15:00+00:00,6.23,hold,hold,default_hold,hold,execute_default_hold,0,False,-308.6199999999992,-171.87,-343.2699999999995
2025-09-30 16:30:00+00:00,6.2724,hold,hold,default_hold,hold,execute_default_hold,0,False,-295.8999999999994,-171.87,-330.5499999999997
2025-09-30 16:45:00+00:00,6.24,hold,hold,default_hold,hold,execute_default_hold,0,False,-305.61999999999944,-171.87,-340.26999999999975
2025-09-30 17:00:00+00:00,6.19,hold,hold,default_hold,hold,execute_default_hold,0,False,-320.6199999999992,-171.87,-355.2699999999995
2025-09-30 17:15:00+00:00,6.14,hold,hold,default_hold,hold,execute_default_hold,0,False,-335.61999999999944,-171.87,-370.26999999999975
2025-09-30 17:30:00+00:00,6.13,hold,hold,default_hold,hold,execute_default_hold,0,False,-338.61999999999944,-171.87,-373.26999999999975
2025-09-30 17:45:00+00:00,6.11,hold,hold,default_hold,hold,execute_default_hold,0,False,-344.61999999999944,-171.87,-379.26999999999975
2025-09-30 18:00:00+00:00,6.13,hold,hold,default_hold,hold,execute_default_hold,0,False,-338.61999999999944,-171.87,-373.26999999999975
2025-09-30 18:15:00+00:00,6.18,hold,hold,default_hold,hold,execute_default_hold,0,False,-323.61999999999944,-171.87,-358.26999999999975
2025-09-30 18:30:00+00:00,6.18,hold,hold,default_hold,hold,execute_default_hold,0,False,-323.61999999999944,-171.87,-358.26999999999975
2025-09-30 18:45:00+00:00,6.15,hold,hold,default_hold,hold,execute_default_hold,0,False,-332.61999999999944,-171.87,-367.26999999999975
2025-09-30 19:00:00+00:00,6.16,hold,hold,default_hold,hold,execute_default_hold,0,False,-329.61999999999944,-171.87,-364.26999999999975
2025-09-30 19:15:00+00:00,6.14,hold,hold,default_hold,hold,execute_default_hold,0,False,-335.61999999999944,-171.87,-370.26999999999975
2025-09-30 19:30:00+00:00,6.155,hold,hold,default_hold,hold,execute_default_hold,0,False,-331.11999999999944,-171.87,-365.76999999999975
2025-09-30 19:45:00+00:00,6.1495,buy,buy,range_buy,buy,drawdown_limited_range,50,True,-332.7699999999995,-171.87,-367.41999999999985
2025-09-30 20:00:00+00:00,6.22,hold,hold,default_hold,hold,execute_default_hold,0,False,-308.09499999999935,-171.87,-342.74499999999966
2025-10-02 13:30:00+00:00,7.3785,hold,hold,default_hold,hold,execute_default_hold,0,False,97.38000000000056,-171.87,0.0
2025-10-02 13:45:00+00:00,7.415,hold,hold,default_hold,hold,execute_default_hold,0,False,110.15500000000065,-171.87,0.0
2025-10-02 14:00:00+00:00,7.28,hold,hold,default_hold,hold,execute_default_hold,0,False,62.905000000000655,-171.87,-47.25
2025-10-02 14:15:00+00:00,7.33,hold,hold,default_hold,hold,execute_default_hold,0,False,80.40500000000065,-171.87,-29.75
2025-10-02 14:30:00+00:00,7.24,hold,hold,default_hold,hold,execute_default_hold,0,False,48.905000000000655,-171.87,-61.25
2025-10-02 14:45:00+00:00,7.23,hold,hold,default_hold,hold,execute_default_hold,0,False,45.405000000000655,-171.87,-64.75
2025-10-02 15:00:00+00:00,7.375,hold,hold,default_hold,hold,execute_default_hold,0,False,96.15500000000065,-171.87,-14.0
2025-10-02 15:15:00+00:00,7.48,hold,hold,default_hold,hold,execute_default_hold,0,False,132.90500000000065,-171.87,0.0
2025-10-02 15:30:00+00:00,7.485,hold,hold,default_hold,hold,execute_default_hold,0,False,134.65500000000065,-171.87,0.0
2025-10-02 15:45:00+00:00,7.5897,hold,hold,default_hold,hold,execute_default_hold,0,False,171.30000000000064,-171.87,0.0
2025-10-02 16:00:00+00:00,7.555,hold,hold,default_hold,hold,execute_default_hold,0,False,159.15500000000065,-171.87,-12.144999999999982
2025-10-02 16:15:00+00:00,7.27,reduce,reduce,trim_in_trend,reduce,reduce_limited,50,True,59.405000000000655,-148.12000000000003,-111.89499999999998
2025-10-02 16:30:00+00:00,7.24,hold,hold,default_hold,hold,execute_default_hold,0,False,50.405000000000655,-148.12000000000003,-120.89499999999998
2025-10-02 16:45:00+00:00,7.2457,hold,hold,default_hold,hold,execute_default_hold,0,False,52.11500000000069,-148.12000000000003,-119.18499999999995
2025-10-02 17:00:00+00:00,7.24,hold,hold,default_hold,hold,execute_default_hold,0,False,50.405000000000655,-148.12000000000003,-120.89499999999998
2025-10-02 17:15:00+00:00,7.225,hold,hold,default_hold,hold,execute_default_hold,0,False,45.905000000000655,-148.12000000000003,-125.39499999999998
2025-10-02 17:30:00+00:00,7.29,hold,hold,default_hold,hold,execute_default_hold,0,False,65.40500000000065,-148.12000000000003,-105.89499999999998
2025-10-02 17:45:00+00:00,7.275,hold,hold,default_hold,hold,execute_default_hold,0,False,60.905000000000655,-148.12000000000003,-110.39499999999998
2025-10-02 18:00:00+00:00,7.21,hold,hold,default_hold,hold,execute_default_hold,0,False,41.405000000000655,-148.12000000000003,-129.89499999999998
2025-10-02 18:15:00+00:00,7.235,hold,hold,default_hold,hold,execute_default_hold,0,False,48.905000000000655,-148.12000000000003,-122.39499999999998
2025-10-02 18:30:00+00:00,7.2799,hold,hold,default_hold,hold,execute_default_hold,0,False,62.375000000000455,-148.12000000000003,-108.92500000000018
2025-10-02 18:45:00+00:00,7.47,hold,hold,default_hold,hold,execute_default_hold,0,False,119.40500000000065,-148.12000000000003,-51.89499999999998
2025-10-02 19:00:00+00:00,7.66,hold,hold,default_hold,hold,execute_default_hold,0,False,176.40500000000065,-148.12000000000003,0.0
2025-10-02 19:15:00+00:00,7.97,hold,hold,default_hold,hold,execute_default_hold,0,False,269.40500000000065,-148.12000000000003,0.0
2025-10-02 19:30:00+00:00,7.995,hold,hold,default_hold,hold,execute_default_hold,0,False,276.90500000000065,-148.12000000000003,0.0
2025-10-02 19:45:00+00:00,8.02,hold,hold,default_hold,hold,execute_default_hold,0,False,284.40500000000065,-148.12000000000003,0.0
2025-10-02 20:00:00+00:00,8.09,hold,hold,default_hold,hold,execute_default_hold,0,False,305.40500000000065,-148.12000000000003,0.0
2025-10-03 13:30:00+00:00,8.2409,hold,hold,default_hold,hold,execute_default_hold,0,False,350.67500000000064,-148.12000000000003,0.0
2025-10-03 13:45:00+00:00,8.425,hold,hold,default_hold,hold,execute_default_hold,0,False,405.90500000000065,-148.12000000000003,0.0
2025-10-03 14:00:00+00:00,8.62,hold,hold,default_hold,hold,execute_default_hold,0,False,464.4050000000002,-148.12000000000003,0.0
2025-10-03 14:15:00+00:00,8.74,hold,hold,default_hold,hold,execute_default_hold,0,False,500.40500000000065,-148.12000000000003,0.0
2025-10-03 14:30:00+00:00,8.67,hold,hold,default_hold,hold,execute_default_hold,0,False,479.40500000000065,-148.12000000000003,-21.0
2025-10-03 14:45:00+00:00,8.64,hold,hold,default_hold,hold,execute_default_hold,0,False,470.40500000000065,-148.12000000000003,-30.0
2025-10-03 15:00:00+00:00,8.51,hold,hold,default_hold,hold,execute_default_hold,0,False,431.40500000000065,-148.12000000000003,-69.0
2025-10-03 15:15:00+00:00,8.52,hold,hold,default_hold,hold,execute_default_hold,0,False,434.40500000000065,-148.12000000000003,-66.0
2025-10-03 15:30:00+00:00,8.515,hold,hold,default_hold,hold,execute_default_hold,0,False,432.90500000000065,-148.12000000000003,-67.5
2025-10-03 15:45:00+00:00,8.53,hold,hold,default_hold,hold,execute_default_hold,0,False,437.40500000000065,-148.12000000000003,-63.0
2025-10-03 16:00:00+00:00,8.4746,hold,hold,default_hold,hold,execute_default_hold,0,False,420.78500000000076,-148.12000000000003,-79.61999999999989
2025-10-03 16:15:00+00:00,8.6122,hold,hold,default_hold,hold,execute_default_hold,0,False,462.0650000000005,-148.12000000000003,-38.340000000000146
2025-10-03 16:30:00+00:00,8.545,hold,hold,default_hold,hold,execute_default_hold,0,False,441.90500000000065,-148.12000000000003,-58.5
2025-10-03 16:45:00+00:00,8.5526,hold,hold,default_hold,hold,execute_default_hold,0,False,444.18500000000085,-148.12000000000003,-56.2199999999998
2025-10-03 17:00:00+00:00,8.52,hold,hold,default_hold,hold,execute_default_hold,0,False,434.40500000000065,-148.12000000000003,-66.0
2025-10-03 17:15:00+00:00,8.39,hold,hold,default_hold,hold,execute_default_hold,0,False,395.40500000000065,-148.12000000000003,-105.0
2025-10-03 17:30:00+00:00,8.2678,hold,hold,default_hold,hold,execute_default_hold,0,False,358.74500000000035,-148.12000000000003,-141.6600000000003
2025-10-03 17:45:00+00:00,8.1606,hold,hold,default_hold,hold,execute_default_hold,0,False,326.58500000000095,-148.12000000000003,-173.8199999999997
2025-10-03 18:00:00+00:00,8.1,hold,hold,default_hold,hold,execute_default_hold,0,False,308.40500000000065,-148.12000000000003,-192.0
2025-10-03 18:15:00+00:00,8.1354,hold,hold,default_hold,hold,execute_default_hold,0,False,319.025000000001,-148.12000000000003,-181.37999999999965
2025-10-03 18:30:00+00:00,8.1599,hold,hold,default_hold,hold,execute_default_hold,0,False,326.3750000000009,-148.12000000000003,-174.02999999999975
2025-10-03 18:45:00+00:00,8.15,hold,hold,default_hold,hold,execute_default_hold,0,False,323.40500000000065,-148.12000000000003,-177.0
2025-10-03 19:00:00+00:00,8.11,hold,hold,default_hold,hold,execute_default_hold,0,False,311.40500000000065,-148.12000000000003,-189.0
2025-10-03 19:15:00+00:00,8.072,hold,hold,default_hold,hold,execute_default_hold,0,False,300.00500000000056,-148.12000000000003,-200.4000000000001
2025-10-03 19:30:00+00:00,7.94,hold,hold,default_hold,hold,execute_default_hold,0,False,260.40500000000065,-148.12000000000003,-240.0
2025-10-03 19:45:00+00:00,7.935,hold,hold,default_hold,hold,execute_default_hold,0,False,258.90500000000065,-148.12000000000003,-241.5
2025-10-03 20:00:00+00:00,7.97,hold,hold,default_hold,hold,execute_default_hold,0,False,269.40500000000065,-148.12000000000003,-231.0
2025-10-06 13:30:00+00:00,11.83,hold,hold,default_hold,hold,execute_default_hold,0,False,1427.4050000000007,-148.12000000000003,0.0
2025-10-06 13:45:00+00:00,13.54,buy,buy,trend_buy,buy,cautious_buy,100,True,1940.4050000000007,-148.12000000000003,0.0
2025-10-06 14:00:00+00:00,13.1799,hold,hold,default_hold,hold,execute_default_hold,0,False,1796.3650000000007,-148.12000000000003,-144.03999999999996
2025-10-06 14:15:00+00:00,13.89,hold,hold,default_hold,hold,execute_default_hold,0,False,2080.4050000000007,-148.12000000000003,0.0
2025-10-06 14:30:00+00:00,13.14,hold,hold,default_hold,hold,execute_default_hold,0,False,1780.4050000000007,-148.12000000000003,-300.0
2025-10-06 14:45:00+00:00,13.54,hold,hold,default_hold,hold,execute_default_hold,0,False,1940.4050000000007,-148.12000000000003,-140.0
2025-10-06 15:00:00+00:00,14.0399,hold,hold,default_hold,hold,execute_default_hold,0,False,2140.3650000000007,-148.12000000000003,0.0
2025-10-06 15:15:00+00:00,15.03,hold,hold,default_hold,hold,execute_default_hold,0,False,2536.4050000000007,-148.12000000000003,0.0
2025-10-06 15:30:00+00:00,15.665,hold,hold,default_hold,hold,execute_default_hold,0,False,2790.4050000000007,-148.12000000000003,0.0
2025-10-06 15:45:00+00:00,15.8,hold,hold,default_hold,hold,execute_default_hold,0,False,2844.4050000000007,-148.12000000000003,0.0
2025-10-06 16:00:00+00:00,14.0,hold,hold,default_hold,hold,execute_default_hold,0,False,2124.4050000000007,-148.12000000000003,-720.0
2025-10-06 16:15:00+00:00,9.81,hold,hold,default_hold,hold,execute_default_hold,0,False,448.40500000000065,-148.12000000000003,-2396.0
2025-10-06 16:30:00+00:00,11.64,hold,hold,default_hold,hold,execute_default_hold,0,False,1180.4050000000007,-148.12000000000003,-1664.0
2025-10-06 16:45:00+00:00,11.48,reduce,reduce,trim_in_trend,reduce,reduce_limited,50,True,1116.4050000000007,81.38,-1728.0
2025-10-06 17:00:00+00:00,11.843,hold,hold,default_hold,hold,execute_default_hold,0,False,1243.4550000000008,81.38,-1600.9499999999998
2025-10-06 17:15:00+00:00,12.4045,hold,hold,default_hold,hold,execute_default_hold,0,False,1439.9800000000005,81.38,-1404.4250000000002
2025-10-06 17:30:00+00:00,12.215,hold,hold,default_hold,hold,execute_default_hold,0,False,1373.6550000000007,81.38,-1470.75
2025-10-06 17:45:00+00:00,12.05,hold,hold,default_hold,hold,execute_default_hold,0,False,1315.9050000000007,81.38,-1528.5
2025-10-06 18:00:00+00:00,11.73,hold,hold,default_hold,hold,execute_default_hold,0,False,1203.9050000000007,81.38,-1640.5
2025-10-06 18:15:00+00:00,11.635,hold,hold,default_hold,hold,execute_default_hold,0,False,1170.6550000000007,81.38,-1673.75
2025-10-06 18:30:00+00:00,11.36,hold,hold,default_hold,hold,execute_default_hold,0,False,1074.4050000000007,81.38,-1770.0
2025-10-06 18:45:00+00:00,11.5621,hold,hold,default_hold,hold,execute_default_hold,0,False,1145.1400000000003,81.38,-1699.2650000000003
2025-10-06 19:00:00+00:00,12.0426,hold,hold,default_hold,hold,execute_default_hold,0,False,1313.3150000000005,81.38,-1531.0900000000001
2025-10-06 19:15:00+00:00,11.88,hold,hold,default_hold,hold,execute_default_hold,0,False,1256.4050000000007,81.38,-1588.0
2025-10-06 19:30:00+00:00,12.17,hold,hold,default_hold,hold,execute_default_hold,0,False,1357.9050000000007,81.38,-1486.5
2025-10-06 19:45:00+00:00,11.835,hold,hold,default_hold,hold,execute_default_hold,0,False,1240.6550000000007,81.38,-1603.75
2025-10-06 20:00:00+00:00,11.57,hold,hold,default_hold,hold,execute_default_hold,0,False,1147.9050000000007,81.38,-1696.5
2025-10-07 13:30:00+00:00,11.0801,hold,hold,default_hold,hold,execute_default_hold,0,False,976.4400000000005,81.38,-1867.9650000000001
2025-10-07 13:45:00+00:00,10.655,hold,hold,default_hold,hold,execute_default_hold,0,False,827.6550000000007,81.38,-2016.75
2025-10-07 14:00:00+00:00,10.68,hold,hold,default_hold,hold,execute_default_hold,0,False,836.4050000000007,81.38,-2008.0
2025-10-07 14:15:00+00:00,10.64,hold,hold,default_hold,hold,execute_default_hold,0,False,822.4050000000007,81.38,-2022.0
2025-10-07 14:30:00+00:00,10.6901,hold,hold,default_hold,hold,execute_default_hold,0,False,839.9400000000005,81.38,-2004.4650000000001
2025-10-07 14:45:00+00:00,10.8,hold,hold,default_hold,hold,execute_default_hold,0,False,878.4050000000011,81.38,-1965.9999999999995
2025-10-07 15:00:00+00:00,10.83,hold,hold,default_hold,hold,execute_default_hold,0,False,888.9050000000007,81.38,-1955.5
2025-10-07 15:15:00+00:00,10.6801,hold,hold,default_hold,hold,execute_default_hold,0,False,836.4400000000005,81.38,-2007.9650000000001
2025-10-07 15:30:00+00:00,10.54,hold,hold,default_hold,hold,execute_default_hold,0,False,787.4050000000002,81.38,-2057.0000000000005
2025-10-07 15:45:00+00:00,10.4507,hold,hold,default_hold,hold,execute_default_hold,0,False,756.1500000000005,81.38,-2088.255
2025-10-07 16:00:00+00:00,10.545,hold,hold,default_hold,hold,execute_default_hold,0,False,789.1550000000007,81.38,-2055.25
2025-10-07 16:15:00+00:00,10.51,hold,hold,default_hold,hold,execute_default_hold,0,False,776.9050000000007,81.38,-2067.5
2025-10-07 16:30:00+00:00,10.52,hold,hold,default_hold,hold,execute_default_hold,0,False,780.4050000000007,81.38,-2064.0
2025-10-07 16:45:00+00:00,10.4397,hold,hold,default_hold,hold,execute_default_hold,0,False,752.3000000000006,81.38,-2092.105
2025-10-07 17:00:00+00:00,10.4035,hold,hold,default_hold,hold,execute_default_hold,0,False,739.6300000000006,81.38,-2104.775
2025-10-07 17:15:00+00:00,10.39,hold,hold,default_hold,hold,execute_default_hold,0,False,734.9050000000007,81.38,-2109.5
2025-10-07 17:30:00+00:00,10.2885,hold,hold,default_hold,hold,execute_default_hold,0,False,699.380000000001,81.38,-2145.0249999999996
2025-10-07 17:45:00+00:00,10.3918,hold,hold,default_hold,hold,execute_default_hold,0,False,735.5350000000008,81.38,-2108.87
2025-10-07 18:00:00+00:00,10.3401,hold,hold,default_hold,hold,execute_default_hold,0,False,717.4400000000005,81.38,-2126.965
2025-10-07 18:15:00+00:00,10.3463,hold,hold,default_hold,hold,execute_default_hold,0,False,719.6100000000006,81.38,-2124.795
2025-10-07 18:30:00+00:00,10.205,hold,hold,default_hold,hold,execute_default_hold,0,False,670.1550000000007,81.38,-2174.25
2025-10-07 18:45:00+00:00,10.055,hold,hold,default_hold,hold,execute_default_hold,0,False,617.6550000000007,81.38,-2226.75
2025-10-07 19:00:00+00:00,10.1065,hold,hold,default_hold,hold,execute_default_hold,0,False,635.6800000000007,81.38,-2208.725
2025-10-07 19:15:00+00:00,10.06,hold,hold,default_hold,hold,execute_default_hold,0,False,619.4050000000007,81.38,-2225.0
2025-10-07 19:30:00+00:00,10.215,hold,hold,default_hold,hold,execute_default_hold,0,False,673.6550000000007,81.38,-2170.75
2025-10-07 19:45:00+00:00,10.19,hold,hold,default_hold,hold,execute_default_hold,0,False,664.9050000000007,81.38,-2179.5
2025-10-07 20:00:00+00:00,10.015,hold,hold,default_hold,hold,execute_default_hold,0,False,603.6550000000007,81.38,-2240.75
2025-10-08 13:30:00+00:00,12.0056,hold,hold,default_hold,hold,execute_default_hold,0,False,1300.3650000000007,81.38,-1544.04
2025-10-08 13:45:00+00:00,12.0485,buy,buy,trend_buy,buy,drawdown_limited_trend,50,True,1315.380000000001,81.38,-1529.0249999999996
2025-10-08 14:00:00+00:00,11.83,hold,hold,default_hold,hold,execute_default_hold,0,False,1227.9800000000005,81.38,-1616.4250000000002
2025-10-08 14:15:00+00:00,11.6401,hold,hold,default_hold,hold,execute_default_hold,0,False,1152.0200000000004,81.38,-1692.3850000000002
2025-10-08 14:30:00+00:00,11.83,hold,hold,default_hold,hold,execute_default_hold,0,False,1227.9800000000005,81.38,-1616.4250000000002
2025-10-08 14:45:00+00:00,11.83,hold,hold,default_hold,hold,execute_default_hold,0,False,1227.9800000000005,81.38,-1616.4250000000002
2025-10-08 15:00:00+00:00,11.7199,hold,hold,default_hold,hold,execute_default_hold,0,False,1183.9400000000005,81.38,-1660.4650000000001
2025-10-08 15:15:00+00:00,11.47,hold,hold,default_hold,hold,execute_default_hold,0,False,1083.9800000000005,81.38,-1760.4250000000002
2025-10-08 15:30:00+00:00,11.62,hold,hold,default_hold,hold,execute_default_hold,0,False,1143.9800000000005,81.38,-1700.4250000000002
2025-10-08 15:45:00+00:00,11.521,hold,hold,default_hold,hold,execute_default_hold,0,False,1104.380000000001,81.38,-1740.0249999999996
2025-10-08 16:00:00+00:00,11.6301,hold,hold,default_hold,hold,execute_default_hold,0,False,1148.0200000000004,81.38,-1696.3850000000002
2025-10-08 16:15:00+00:00,11.755,hold,hold,default_hold,hold,execute_default_hold,0,False,1197.9800000000005,81.38,-1646.4250000000002
2025-10-08 16:30:00+00:00,11.525,hold,hold,default_hold,hold,execute_default_hold,0,False,1105.9800000000005,81.38,-1738.4250000000002
2025-10-08 16:45:00+00:00,11.63,reduce,reduce,trim_in_trend,reduce,reduce_limited,50,True,1147.980000000001,336.13,-1696.4249999999997
2025-10-08 17:00:00+00:00,11.5502,hold,hold,default_hold,hold,execute_default_hold,0,False,1120.0500000000006,336.13,-1724.355
2025-10-08 17:15:00+00:00,11.62,hold,hold,default_hold,hold,execute_default_hold,0,False,1144.48,336.13,-1699.9250000000006
2025-10-08 17:30:00+00:00,11.7631,hold,hold,default_hold,hold,execute_default_hold,0,False,1194.5650000000005,336.13,-1649.8400000000001
2025-10-08 17:45:00+00:00,11.9073,hold,hold,default_hold,hold,execute_default_hold,0,False,1245.0349999999999,336.13,-1599.3700000000008
2025-10-08 18:00:00+00:00,11.7599,hold,hold,default_hold,hold,execute_default_hold,0,False,1193.4450000000006,336.13,-1650.96
2025-10-08 18:15:00+00:00,11.6,hold,hold,default_hold,hold,execute_default_hold,0,False,1137.4800000000005,336.13,-1706.9250000000002
2025-10-08 18:30:00+00:00,11.4158,hold,hold,default_hold,hold,execute_default_hold,0,False,1073.0100000000007,336.13,-1771.395
2025-10-08 18:45:00+00:00,11.44,hold,hold,default_hold,hold,execute_default_hold,0,False,1081.4800000000005,336.13,-1762.9250000000002
2025-10-08 19:00:00+00:00,11.41,hold,hold,default_hold,hold,execute_default_hold,0,False,1070.9800000000005,336.13,-1773.4250000000002
2025-10-08 19:15:00+00:00,11.6297,hold,hold,default_hold,hold,execute_default_hold,0,False,1147.8750000000005,336.13,-1696.5300000000002
2025-10-08 19:30:00+00:00,11.55,hold,hold,default_hold,hold,execute_default_hold,0,False,1119.980000000001,336.13,-1724.4249999999997
2025-10-08 19:45:00+00:00,11.67,buy,buy,trend_buy,buy,weak_trend_limited_buy,50,True,1161.9800000000005,336.13,-1682.4250000000002
2025-10-08 20:00:00+00:00,11.78,hold,hold,default_hold,hold,execute_default_hold,0,False,1205.9800000000005,336.13,-1638.4250000000002
2025-10-09 13:30:00+00:00,12.72,hold,hold,default_hold,hold,execute_default_hold,0,False,1581.9800000000005,336.13,-1262.4250000000002
2025-10-09 13:45:00+00:00,13.9153,hold,hold,default_hold,hold,execute_default_hold,0,False,2060.1000000000004,336.13,-784.3050000000003
2025-10-09 14:00:00+00:00,14.33,hold,hold,default_hold,hold,execute_default_hold,0,False,2225.9800000000005,336.13,-618.4250000000002
2025-10-09 14:15:00+00:00,14.047,hold,hold,default_hold,hold,execute_default_hold,0,False,2112.7800000000007,336.13,-731.625
2025-10-09 14:30:00+00:00,14.35,hold,hold,default_hold,hold,execute_default_hold,0,False,2233.9800000000005,336.13,-610.4250000000002
2025-10-09 14:45:00+00:00,14.55,hold,hold,default_hold,hold,execute_default_hold,0,False,2313.9800000000005,336.13,-530.4250000000002
2025-10-09 15:00:00+00:00,15.15,hold,hold,default_hold,hold,execute_default_hold,0,False,2553.9800000000005,336.13,-290.4250000000002
2025-10-09 15:15:00+00:00,14.95,hold,hold,default_hold,hold,execute_default_hold,0,False,2473.9800000000005,336.13,-370.4250000000002
2025-10-09 15:30:00+00:00,15.13,hold,hold,default_hold,hold,execute_default_hold,0,False,2545.9800000000005,336.13,-298.4250000000002
2025-10-09 15:45:00+00:00,14.84,hold,hold,default_hold,hold,execute_default_hold,0,False,2429.9800000000005,336.13,-414.4250000000002
2025-10-09 16:00:00+00:00,14.74,hold,hold,default_hold,hold,execute_default_hold,0,False,2389.9800000000005,336.13,-454.4250000000002
2025-10-09 16:15:00+00:00,14.62,hold,hold,default_hold,hold,execute_default_hold,0,False,2341.9800000000005,336.13,-502.4250000000002
2025-10-09 16:30:00+00:00,14.4477,hold,hold,default_hold,hold,execute_default_hold,0,False,2273.0600000000004,336.13,-571.3450000000003
2025-10-09 16:45:00+00:00,14.47,hold,hold,default_hold,hold,execute_default_hold,0,False,2281.9800000000005,336.13,-562.4250000000002
2025-10-09 17:00:00+00:00,14.4675,hold,hold,default_hold,hold,execute_default_hold,0,False,2280.9800000000005,336.13,-563.4250000000002
2025-10-09 17:15:00+00:00,14.475,reduce,reduce,trim_in_trend,reduce,reduce_limited,50,True,2283.9800000000005,733.13,-560.4250000000002
2025-10-09 17:30:00+00:00,14.2486,hold,hold,default_hold,hold,execute_default_hold,0,False,2204.7400000000007,733.13,-639.665
2025-10-09 17:45:00+00:00,14.25,hold,hold,default_hold,hold,execute_default_hold,0,False,2205.2300000000005,733.13,-639.1750000000002
2025-10-09 18:00:00+00:00,14.38,hold,hold,default_hold,hold,execute_default_hold,0,False,2250.7300000000005,733.13,-593.6750000000002
2025-10-09 18:15:00+00:00,14.4,hold,hold,default_hold,hold,execute_default_hold,0,False,2257.7300000000005,733.13,-586.6750000000002
2025-10-09 18:30:00+00:00,14.21,hold,hold,default_hold,hold,execute_default_hold,0,False,2191.2300000000005,733.13,-653.1750000000002
2025-10-09 18:45:00+00:00,14.21,hold,hold,default_hold,hold,execute_default_hold,0,False,2191.2300000000005,733.13,-653.1750000000002
2025-10-09 19:00:00+00:00,14.39,hold,hold,default_hold,hold,execute_default_hold,0,False,2254.2300000000005,733.13,-590.1750000000002
2025-10-09 19:15:00+00:00,14.25,hold,hold,default_hold,hold,execute_default_hold,0,False,2205.2300000000005,733.13,-639.1750000000002
2025-10-09 19:30:00+00:00,14.395,hold,hold,default_hold,hold,execute_default_hold,0,False,2255.9800000000005,733.13,-588.4250000000002
2025-10-09 19:45:00+00:00,14.49,hold,hold,default_hold,hold,execute_default_hold,0,False,2289.2300000000005,733.13,-555.1750000000002
2025-10-09 20:00:00+00:00,14.7,hold,hold,default_hold,hold,execute_default_hold,0,False,2362.7300000000005,733.13,-481.6750000000002
2025-10-10 13:30:00+00:00,16.21,sell,sell,alpha_sell,sell,execute_alpha_sell,100,True,2891.2300000000005,1686.13,0.0
2025-10-10 13:45:00+00:00,16.429,avoid,hold,avoid_hold,hold,execute_avoid_hold,0,False,2945.9800000000005,1686.13,0.0
2025-10-10 14:00:00+00:00,15.16,hold,hold,default_hold,hold,execute_default_hold,0,False,2628.7300000000005,1686.13,-317.25
2025-10-10 14:15:00+00:00,15.37,hold,hold,default_hold,hold,execute_default_hold,0,False,2681.2300000000005,1686.13,-264.75
2025-10-10 14:30:00+00:00,15.82,hold,hold,default_hold,hold,execute_default_hold,0,False,2793.7300000000005,1686.13,-152.25
2025-10-10 14:45:00+00:00,16.135,hold,hold,default_hold,hold,execute_default_hold,0,False,2872.480000000001,1686.13,-73.49999999999955
2025-10-10 15:00:00+00:00,16.035,hold,hold,default_hold,hold,execute_default_hold,0,False,2847.4800000000005,1686.13,-98.5
2025-10-10 15:15:00+00:00,18.3695,hold,hold,default_hold,hold,execute_default_hold,0,False,3431.1050000000005,1686.13,0.0
2025-10-10 15:30:00+00:00,17.9165,hold,hold,default_hold,hold,execute_default_hold,0,False,3317.8550000000005,1686.13,-113.25
2025-10-10 15:45:00+00:00,17.6,hold,hold,default_hold,hold,execute_default_hold,0,False,3238.7300000000005,1686.13,-192.375
2025-10-10 16:00:00+00:00,18.21,hold,hold,default_hold,hold,execute_default_hold,0,False,3391.2300000000005,1686.13,-39.875
2025-10-10 16:15:00+00:00,17.659,hold,hold,default_hold,hold,execute_default_hold,0,False,3253.4800000000005,1686.13,-177.625
2025-10-10 16:30:00+00:00,17.845,hold,hold,default_hold,hold,execute_default_hold,0,False,3299.9800000000005,1686.13,-131.125
2025-10-10 16:45:00+00:00,17.0904,hold,hold,default_hold,hold,execute_default_hold,0,False,3111.33,1686.13,-319.77500000000055
2025-10-10 17:00:00+00:00,16.84,hold,hold,default_hold,hold,execute_default_hold,0,False,3048.7300000000005,1686.13,-382.375
2025-10-10 17:15:00+00:00,16.7916,hold,hold,default_hold,hold,execute_default_hold,0,False,3036.63,1686.13,-394.47500000000036
2025-10-10 17:30:00+00:00,17.12,hold,hold,default_hold,hold,execute_default_hold,0,False,3118.7300000000005,1686.13,-312.375
2025-10-10 17:45:00+00:00,17.245,sell,sell,alpha_sell,sell,execute_alpha_sell,100,True,3149.9800000000005,2426.155,-281.125
2025-10-10 18:00:00+00:00,16.55,hold,hold,default_hold,hold,execute_default_hold,0,False,3045.7300000000005,2426.155,-385.375
2025-10-10 18:15:00+00:00,16.2429,hold,hold,default_hold,hold,execute_default_hold,0,False,2999.6650000000004,2426.155,-431.44000000000005
2025-10-10 18:30:00+00:00,15.915,hold,hold,default_hold,hold,execute_default_hold,0,False,2950.4800000000005,2426.155,-480.625
2025-10-10 18:45:00+00:00,15.95,reduce,reduce,defensive_reduce,reduce,reduce_limited,50,True,2955.7300000000005,2546.655,-475.375
2025-10-10 19:00:00+00:00,16.15,hold,hold,default_hold,hold,execute_default_hold,0,False,2975.7300000000005,2546.655,-455.375
2025-10-10 19:15:00+00:00,16.13,hold,hold,default_hold,hold,execute_default_hold,0,False,2973.7300000000005,2546.655,-457.375
2025-10-10 19:30:00+00:00,15.6027,hold,hold,default_hold,hold,execute_default_hold,0,False,2921.0000000000005,2546.655,-510.105
2025-10-10 19:45:00+00:00,15.41,hold,hold,default_hold,hold,execute_default_hold,0,False,2901.7300000000005,2546.655,-529.375
2025-10-10 20:00:00+00:00,14.989,hold,hold,default_hold,hold,execute_default_hold,0,False,2859.6300000000006,2546.655,-571.4749999999999
2025-10-13 13:30:00+00:00,17.1002,hold,hold,default_hold,hold,execute_default_hold,0,False,3070.7500000000005,2546.655,-360.355
2025-10-13 13:45:00+00:00,18.0,hold,hold,default_hold,hold,execute_default_hold,0,False,3160.7300000000005,2546.655,-270.375
2025-10-13 14:00:00+00:00,19.9485,hold,hold,default_hold,hold,execute_default_hold,0,False,3355.5800000000004,2546.655,-75.52500000000009
2025-10-13 14:15:00+00:00,19.67,hold,hold,default_hold,hold,execute_default_hold,0,False,3327.7300000000005,2546.655,-103.375
2025-10-13 14:30:00+00:00,19.92,hold,hold,default_hold,hold,execute_default_hold,0,False,3352.7300000000005,2546.655,-78.375
2025-10-13 14:45:00+00:00,20.4371,hold,hold,default_hold,hold,execute_default_hold,0,False,3404.4400000000005,2546.655,-26.664999999999964
2025-10-13 15:00:00+00:00,20.815,hold,hold,default_hold,hold,execute_default_hold,0,False,3442.2300000000005,2546.655,0.0
2025-10-13 15:15:00+00:00,20.53,hold,hold,default_hold,hold,execute_default_hold,0,False,3413.7300000000005,2546.655,-28.5
2025-10-13 15:30:00+00:00,21.945,hold,hold,default_hold,hold,execute_default_hold,0,False,3555.2300000000005,2546.655,0.0
2025-10-13 15:45:00+00:00,21.6,hold,hold,default_hold,hold,execute_default_hold,0,False,3520.7300000000005,2546.655,-34.5
2025-10-13 16:00:00+00:00,20.66,hold,hold,default_hold,hold,execute_default_hold,0,False,3426.7300000000005,2546.655,-128.5
2025-10-13 16:15:00+00:00,20.825,hold,hold,default_hold,hold,execute_default_hold,0,False,3443.2300000000005,2546.655,-112.0
2025-10-13 16:30:00+00:00,21.38,hold,hold,default_hold,hold,execute_default_hold,0,False,3498.7300000000005,2546.655,-56.5
2025-10-13 16:45:00+00:00,21.2815,hold,hold,default_hold,hold,execute_default_hold,0,False,3488.8800000000006,2546.655,-66.34999999999991
2025-10-13 17:00:00+00:00,21.55,hold,hold,default_hold,hold,execute_default_hold,0,False,3515.7300000000005,2546.655,-39.5
2025-10-13 17:15:00+00:00,21.5077,hold,hold,default_hold,hold,execute_default_hold,0,False,3511.5000000000005,2546.655,-43.73000000000002
2025-10-13 17:30:00+00:00,21.76,hold,hold,default_hold,hold,execute_default_hold,0,False,3536.7300000000005,2546.655,-18.5
2025-10-13 17:45:00+00:00,21.58,hold,hold,default_hold,hold,execute_default_hold,0,False,3518.7300000000005,2546.655,-36.5
2025-10-13 18:00:00+00:00,21.928,hold,hold,default_hold,hold,execute_default_hold,0,False,3553.5300000000007,2546.655,-1.699999999999818
2025-10-13 18:15:00+00:00,22.15,hold,hold,default_hold,hold,execute_default_hold,0,False,3575.7300000000005,2546.655,0.0
2025-10-13 18:30:00+00:00,22.88,hold,hold,default_hold,hold,execute_default_hold,0,False,3648.7300000000005,2546.655,0.0
2025-10-13 18:45:00+00:00,22.7836,hold,hold,default_hold,hold,execute_default_hold,0,False,3639.0900000000006,2546.655,-9.639999999999873
2025-10-13 19:00:00+00:00,23.05,hold,hold,default_hold,hold,execute_default_hold,0,False,3665.7300000000005,2546.655,0.0
2025-10-13 19:15:00+00:00,23.2393,hold,hold,default_hold,hold,execute_default_hold,0,False,3684.6600000000003,2546.655,0.0
2025-10-13 19:30:00+00:00,22.9544,hold,hold,default_hold,hold,execute_default_hold,0,False,3656.1700000000005,2546.655,-28.48999999999978
2025-10-13 19:45:00+00:00,22.2675,hold,hold,default_hold,hold,execute_default_hold,0,False,3587.4800000000005,2546.655,-97.17999999999984
2025-10-13 20:00:00+00:00,23.28,hold,hold,default_hold,hold,execute_default_hold,0,False,3688.7300000000005,2546.655,0.0
2025-10-14 13:30:00+00:00,30.28,hold,hold,default_hold,hold,execute_default_hold,0,False,4388.7300000000005,2546.655,0.0
2025-10-14 13:45:00+00:00,26.89,hold,hold,default_hold,hold,execute_default_hold,0,False,4049.7300000000005,2546.655,-339.0
2025-10-14 14:00:00+00:00,28.575,hold,hold,default_hold,hold,execute_default_hold,0,False,4218.2300000000005,2546.655,-170.5
2025-10-14 14:15:00+00:00,27.4304,hold,hold,default_hold,hold,execute_default_hold,0,False,4103.77,2546.655,-284.96000000000004
2025-10-14 14:30:00+00:00,28.235,hold,hold,default_hold,hold,execute_default_hold,0,False,4184.2300000000005,2546.655,-204.5
2025-10-14 14:45:00+00:00,28.2,hold,hold,default_hold,hold,execute_default_hold,0,False,4180.7300000000005,2546.655,-208.0
2025-10-14 15:00:00+00:00,27.64,hold,hold,default_hold,hold,execute_default_hold,0,False,4124.7300000000005,2546.655,-264.0
2025-10-14 15:15:00+00:00,26.908,hold,hold,default_hold,hold,execute_default_hold,0,False,4051.5300000000007,2546.655,-337.1999999999998
2025-10-14 15:30:00+00:00,27.847,hold,hold,default_hold,hold,execute_default_hold,0,False,4145.43,2546.655,-243.30000000000018
2025-10-14 15:45:00+00:00,28.7701,hold,hold,default_hold,hold,execute_default_hold,0,False,4237.74,2546.655,-150.9900000000007
2025-10-14 16:00:00+00:00,28.11,hold,hold,default_hold,hold,execute_default_hold,0,False,4171.7300000000005,2546.655,-217.0
2025-10-14 16:15:00+00:00,27.76,hold,hold,default_hold,hold,execute_default_hold,0,False,4136.7300000000005,2546.655,-252.0
2025-10-14 16:30:00+00:00,29.6701,hold,hold,default_hold,hold,execute_default_hold,0,False,4327.740000000001,2546.655,-60.98999999999978
2025-10-14 16:45:00+00:00,28.94,hold,hold,default_hold,hold,execute_default_hold,0,False,4254.7300000000005,2546.655,-134.0
2025-10-14 17:00:00+00:00,28.475,hold,hold,default_hold,hold,execute_default_hold,0,False,4208.2300000000005,2546.655,-180.5
2025-10-14 17:15:00+00:00,29.25,hold,hold,default_hold,hold,execute_default_hold,0,False,4285.7300000000005,2546.655,-103.0
2025-10-14 17:30:00+00:00,29.66,hold,hold,default_hold,hold,execute_default_hold,0,False,4326.7300000000005,2546.655,-62.0
2025-10-14 17:45:00+00:00,30.6,hold,hold,default_hold,hold,execute_default_hold,0,False,4420.7300000000005,2546.655,0.0
2025-10-14 18:00:00+00:00,30.62,hold,hold,default_hold,hold,execute_default_hold,0,False,4422.7300000000005,2546.655,0.0
2025-10-14 18:15:00+00:00,31.59,hold,hold,default_hold,hold,execute_default_hold,0,False,4519.7300000000005,2546.655,0.0
2025-10-14 18:30:00+00:00,31.27,hold,hold,default_hold,hold,execute_default_hold,0,False,4487.7300000000005,2546.655,-32.0
2025-10-14 18:45:00+00:00,30.89,hold,hold,default_hold,hold,execute_default_hold,0,False,4449.7300000000005,2546.655,-70.0
2025-10-14 19:00:00+00:00,30.6017,hold,hold,default_hold,hold,execute_default_hold,0,False,4420.900000000001,2546.655,-98.82999999999993
2025-10-14 19:15:00+00:00,29.7003,hold,hold,default_hold,hold,execute_default_hold,0,False,4330.76,2546.655,-188.97000000000025
2025-10-14 19:30:00+00:00,29.805,hold,hold,default_hold,hold,execute_default_hold,0,False,4341.2300000000005,2546.655,-178.5
2025-10-14 19:45:00+00:00,29.265,hold,hold,default_hold,hold,execute_default_hold,0,False,4287.2300000000005,2546.655,-232.5
2025-10-14 20:00:00+00:00,29.98,hold,hold,default_hold,hold,execute_default_hold,0,False,4358.7300000000005,2546.655,-161.0
2025-10-15 13:30:00+00:00,27.435,hold,hold,default_hold,hold,execute_default_hold,0,False,4104.2300000000005,2546.655,-415.5
2025-10-15 13:45:00+00:00,25.39,hold,hold,default_hold,hold,execute_default_hold,0,False,3899.7300000000005,2546.655,-620.0
2025-10-15 14:00:00+00:00,25.5605,hold,hold,default_hold,hold,execute_default_hold,0,False,3916.7800000000007,2546.655,-602.9499999999998
2025-10-15 14:15:00+00:00,24.19,hold,hold,default_hold,hold,execute_default_hold,0,False,3779.7300000000005,2546.655,-740.0
2025-10-15 14:30:00+00:00,24.08,hold,hold,default_hold,hold,execute_default_hold,0,False,3768.7300000000005,2546.655,-751.0
2025-10-15 14:45:00+00:00,25.49,hold,hold,default_hold,hold,execute_default_hold,0,False,3909.7300000000005,2546.655,-610.0
2025-10-15 15:00:00+00:00,25.0,hold,hold,default_hold,hold,execute_default_hold,0,False,3860.7300000000005,2546.655,-659.0
2025-10-15 15:15:00+00:00,24.75,hold,hold,default_hold,hold,execute_default_hold,0,False,3835.7300000000005,2546.655,-684.0
2025-10-15 15:30:00+00:00,24.5951,hold,hold,default_hold,hold,execute_default_hold,0,False,3820.2400000000002,2546.655,-699.4900000000002
2025-10-15 15:45:00+00:00,24.0486,hold,hold,default_hold,hold,execute_default_hold,0,False,3765.5900000000006,2546.655,-754.1399999999999
2025-10-15 16:00:00+00:00,24.195,hold,hold,default_hold,hold,execute_default_hold,0,False,3780.2300000000005,2546.655,-739.5
2025-10-15 16:15:00+00:00,23.52,hold,hold,default_hold,hold,execute_default_hold,0,False,3712.7300000000005,2546.655,-807.0
2025-10-15 16:30:00+00:00,23.0,hold,hold,default_hold,hold,execute_default_hold,0,False,3660.7300000000005,2546.655,-859.0
2025-10-15 16:45:00+00:00,22.72,hold,hold,default_hold,hold,execute_default_hold,0,False,3632.7300000000005,2546.655,-887.0
2025-10-15 17:00:00+00:00,22.3242,hold,hold,default_hold,hold,execute_default_hold,0,False,3593.1500000000005,2546.655,-926.5799999999999
2025-10-15 17:15:00+00:00,22.5075,hold,hold,default_hold,hold,execute_default_hold,0,False,3611.4800000000005,2546.655,-908.25
2025-10-15 17:30:00+00:00,22.61,hold,hold,default_hold,hold,execute_default_hold,0,False,3621.7300000000005,2546.655,-898.0
2025-10-15 17:45:00+00:00,22.13,hold,hold,default_hold,hold,execute_default_hold,0,False,3573.7300000000005,2546.655,-946.0
2025-10-15 18:00:00+00:00,21.8149,hold,hold,default_hold,hold,execute_default_hold,0,False,3542.2200000000007,2546.655,-977.5099999999998
2025-10-15 18:15:00+00:00,20.97,hold,hold,default_hold,hold,execute_default_hold,0,False,3457.7300000000005,2546.655,-1062.0
2025-10-15 18:30:00+00:00,20.925,hold,hold,default_hold,hold,execute_default_hold,0,False,3453.2300000000005,2546.655,-1066.5
2025-10-15 18:45:00+00:00,21.62,hold,hold,default_hold,hold,execute_default_hold,0,False,3522.7300000000005,2546.655,-997.0
2025-10-15 19:00:00+00:00,21.905,hold,hold,default_hold,hold,execute_default_hold,0,False,3551.2300000000005,2546.655,-968.5
2025-10-15 19:15:00+00:00,22.1186,hold,hold,default_hold,hold,execute_default_hold,0,False,3572.5900000000006,2546.655,-947.1399999999999
2025-10-15 19:30:00+00:00,22.5502,hold,hold,default_hold,hold,execute_default_hold,0,False,3615.7500000000005,2546.655,-903.98
2025-10-15 19:45:00+00:00,22.885,hold,hold,default_hold,hold,execute_default_hold,0,False,3649.2300000000005,2546.655,-870.5
2025-10-15 20:00:00+00:00,22.71,hold,hold,default_hold,hold,execute_default_hold,0,False,3631.7300000000005,2546.655,-888.0
2025-10-16 13:30:00+00:00,25.5,sell,sell,alpha_sell,sell,execute_alpha_sell,100,True,3910.7300000000005,3910.73,-609.0
2025-10-16 13:45:00+00:00,23.0639,avoid,hold,avoid_no_position,hold,execute_avoid_no_position,0,False,3910.7300000000005,3910.73,-609.0
2025-10-16 14:00:00+00:00,21.7001,hold,hold,default_hold,hold,execute_default_hold,0,False,3910.7300000000005,3910.73,-609.0
2025-10-16 14:15:00+00:00,22.18,hold,hold,default_hold,hold,execute_default_hold,0,False,3910.7300000000005,3910.73,-609.0
2025-10-16 14:30:00+00:00,22.21,hold,hold,default_hold,hold,execute_default_hold,0,False,3910.7300000000005,3910.73,-609.0
2025-10-16 14:45:00+00:00,22.68,hold,hold,default_hold,hold,execute_default_hold,0,False,3910.7300000000005,3910.73,-609.0
2025-10-16 15:00:00+00:00,23.25,hold,hold,default_hold,hold,execute_default_hold,0,False,3910.7300000000005,3910.73,-609.0
2025-10-16 15:15:00+00:00,23.17,hold,hold,default_hold,hold,execute_default_hold,0,False,3910.7300000000005,3910.73,-609.0
2025-10-16 15:30:00+00:00,22.7205,sell,hold,no_position,hold,execute_no_position,0,False,3910.7300000000005,3910.73,-609.0
2025-10-16 15:45:00+00:00,22.075,hold,hold,default_hold,hold,execute_default_hold,0,False,3910.7300000000005,3910.73,-609.0
2025-10-16 16:00:00+00:00,21.63,hold,hold,default_hold,hold,execute_default_hold,0,False,3910.7300000000005,3910.73,-609.0
2025-10-16 16:15:00+00:00,22.0997,reduce,hold,no_position,hold,execute_no_position,0,False,3910.7300000000005,3910.73,-609.0
2025-10-16 16:30:00+00:00,21.72,avoid,hold,avoid_no_position,hold,execute_avoid_no_position,0,False,3910.7300000000005,3910.73,-609.0
2025-10-16 16:45:00+00:00,21.56,reduce,hold,no_position,hold,execute_no_position,0,False,3910.7300000000005,3910.73,-609.0
2025-10-16 17:00:00+00:00,22.04,hold,hold,default_hold,hold,execute_default_hold,0,False,3910.7300000000005,3910.73,-609.0
2025-10-16 17:15:00+00:00,22.015,hold,hold,default_hold,hold,execute_default_hold,0,False,3910.7300000000005,3910.73,-609.0
2025-10-16 17:30:00+00:00,22.409,hold,hold,default_hold,hold,execute_default_hold,0,False,3910.7300000000005,3910.73,-609.0
2025-10-16 17:45:00+00:00,21.26,hold,hold,default_hold,hold,execute_default_hold,0,False,3910.7300000000005,3910.73,-609.0
2025-10-16 18:00:00+00:00,20.84,hold,hold,default_hold,hold,execute_default_hold,0,False,3910.7300000000005,3910.73,-609.0
2025-10-16 18:15:00+00:00,20.2901,hold,hold,default_hold,hold,execute_default_hold,0,False,3910.7300000000005,3910.73,-609.0
2025-10-16 18:30:00+00:00,20.56,hold,hold,default_hold,hold,execute_default_hold,0,False,3910.7300000000005,3910.73,-609.0
2025-10-16 18:45:00+00:00,20.94,hold,hold,default_hold,hold,execute_default_hold,0,False,3910.7300000000005,3910.73,-609.0
2025-10-16 19:00:00+00:00,20.98,hold,hold,default_hold,hold,execute_default_hold,0,False,3910.7300000000005,3910.73,-609.0
2025-10-16 19:15:00+00:00,20.0,hold,hold,default_hold,hold,execute_default_hold,0,False,3910.7300000000005,3910.73,-609.0
2025-10-16 19:30:00+00:00,19.42,hold,hold,default_hold,hold,execute_default_hold,0,False,3910.7300000000005,3910.73,-609.0
2025-10-16 19:45:00+00:00,19.4007,hold,hold,default_hold,hold,execute_default_hold,0,False,3910.7300000000005,3910.73,-609.0
2025-10-16 20:00:00+00:00,19.415,hold,hold,default_hold,hold,execute_default_hold,0,False,3910.7300000000005,3910.73,-609.0
2025-10-17 13:30:00+00:00,18.61,hold,hold,default_hold,hold,execute_default_hold,0,False,3910.7300000000005,3910.73,-609.0
2025-10-17 13:45:00+00:00,20.6,hold,hold,default_hold,hold,execute_default_hold,0,False,3910.7300000000005,3910.73,-609.0
2025-10-17 14:00:00+00:00,20.76,avoid,hold,avoid_no_position,hold,execute_avoid_no_position,0,False,3910.7300000000005,3910.73,-609.0
2025-10-17 14:15:00+00:00,21.828,sell,hold,no_position,hold,execute_no_position,0,False,3910.7300000000005,3910.73,-609.0
2025-10-17 14:30:00+00:00,20.6448,reduce,hold,no_position,hold,execute_no_position,0,False,3910.7300000000005,3910.73,-609.0
2025-10-17 14:45:00+00:00,20.68,hold,hold,default_hold,hold,execute_default_hold,0,False,3910.7300000000005,3910.73,-609.0
2025-10-17 15:00:00+00:00,20.56,avoid,hold,avoid_no_position,hold,execute_avoid_no_position,0,False,3910.7300000000005,3910.73,-609.0
2025-10-17 15:15:00+00:00,20.05,hold,hold,default_hold,hold,execute_default_hold,0,False,3910.7300000000005,3910.73,-609.0
2025-10-17 15:30:00+00:00,19.675,hold,hold,default_hold,hold,execute_default_hold,0,False,3910.7300000000005,3910.73,-609.0
2025-10-17 15:45:00+00:00,19.08,reduce,hold,no_position,hold,execute_no_position,0,False,3910.7300000000005,3910.73,-609.0
2025-10-17 16:00:00+00:00,19.71,avoid,hold,avoid_no_position,hold,execute_avoid_no_position,0,False,3910.7300000000005,3910.73,-609.0
2025-10-17 16:15:00+00:00,20.1691,sell,hold,no_position,hold,execute_no_position,0,False,3910.7300000000005,3910.73,-609.0
2025-10-17 16:30:00+00:00,19.8,hold,hold,default_hold,hold,execute_default_hold,0,False,3910.7300000000005,3910.73,-609.0
2025-10-17 16:45:00+00:00,19.17,reduce,hold,no_position,hold,execute_no_position,0,False,3910.7300000000005,3910.73,-609.0
2025-10-17 17:00:00+00:00,18.89,hold,hold,default_hold,hold,execute_default_hold,0,False,3910.7300000000005,3910.73,-609.0
2025-10-17 17:15:00+00:00,19.02,hold,hold,default_hold,hold,execute_default_hold,0,False,3910.7300000000005,3910.73,-609.0
2025-10-17 17:30:00+00:00,19.09,hold,hold,default_hold,hold,execute_default_hold,0,False,3910.7300000000005,3910.73,-609.0
2025-10-17 17:45:00+00:00,19.1706,hold,hold,default_hold,hold,execute_default_hold,0,False,3910.7300000000005,3910.73,-609.0
2025-10-17 18:00:00+00:00,19.19,hold,hold,default_hold,hold,execute_default_hold,0,False,3910.7300000000005,3910.73,-609.0
2025-10-17 18:15:00+00:00,19.14,avoid,hold,avoid_no_position,hold,execute_avoid_no_position,0,False,3910.7300000000005,3910.73,-609.0
2025-10-17 18:30:00+00:00,19.6,reduce,hold,no_position,hold,execute_no_position,0,False,3910.7300000000005,3910.73,-609.0
2025-10-17 18:45:00+00:00,19.6924,hold,hold,default_hold,hold,execute_default_hold,0,False,3910.7300000000005,3910.73,-609.0
2025-10-17 19:00:00+00:00,19.6025,hold,hold,default_hold,hold,execute_default_hold,0,False,3910.7300000000005,3910.73,-609.0
2025-10-17 19:15:00+00:00,19.895,avoid,hold,avoid_no_position,hold,execute_avoid_no_position,0,False,3910.7300000000005,3910.73,-609.0
2025-10-17 19:30:00+00:00,20.21,hold,hold,default_hold,hold,execute_default_hold,0,False,3910.7300000000005,3910.73,-609.0
2025-10-17 19:45:00+00:00,20.056,hold,hold,default_hold,hold,execute_default_hold,0,False,3910.7300000000005,3910.73,-609.0
2025-10-17 20:00:00+00:00,20.845,hold,hold,default_hold,hold,execute_default_hold,0,False,3910.7300000000005,3910.73,-609.0
2025-10-20 13:30:00+00:00,21.8101,hold,hold,default_hold,hold,execute_default_hold,0,False,3910.7300000000005,3910.73,-609.0
2025-10-20 13:45:00+00:00,21.3,hold,hold,default_hold,hold,execute_default_hold,0,False,3910.7300000000005,3910.73,-609.0
2025-10-20 14:00:00+00:00,19.7497,hold,hold,default_hold,hold,execute_default_hold,0,False,3910.7300000000005,3910.73,-609.0
2025-10-20 14:15:00+00:00,18.9853,reduce,hold,no_position,hold,execute_no_position,0,False,3910.7300000000005,3910.73,-609.0
2025-10-20 14:30:00+00:00,18.58,hold,hold,default_hold,hold,execute_default_hold,0,False,3910.7300000000005,3910.73,-609.0
2025-10-20 14:45:00+00:00,19.65,hold,hold,default_hold,hold,execute_default_hold,0,False,3910.7300000000005,3910.73,-609.0
2025-10-20 15:00:00+00:00,19.175,hold,hold,default_hold,hold,execute_default_hold,0,False,3910.7300000000005,3910.73,-609.0
2025-10-20 15:15:00+00:00,19.1001,hold,hold,default_hold,hold,execute_default_hold,0,False,3910.7300000000005,3910.73,-609.0
2025-10-20 15:30:00+00:00,20.18,hold,hold,default_hold,hold,execute_default_hold,0,False,3910.7300000000005,3910.73,-609.0
2025-10-20 15:45:00+00:00,19.6601,hold,hold,default_hold,hold,execute_default_hold,0,False,3910.7300000000005,3910.73,-609.0
2025-10-20 16:00:00+00:00,19.5899,hold,hold,default_hold,hold,execute_default_hold,0,False,3910.7300000000005,3910.73,-609.0
2025-10-20 16:15:00+00:00,19.7216,hold,hold,default_hold,hold,execute_default_hold,0,False,3910.7300000000005,3910.73,-609.0
2025-10-20 16:30:00+00:00,19.5475,hold,hold,default_hold,hold,execute_default_hold,0,False,3910.7300000000005,3910.73,-609.0
2025-10-20 16:45:00+00:00,19.005,hold,hold,default_hold,hold,execute_default_hold,0,False,3910.7300000000005,3910.73,-609.0
2025-10-20 17:00:00+00:00,19.2801,hold,hold,default_hold,hold,execute_default_hold,0,False,3910.7300000000005,3910.73,-609.0
2025-10-20 17:15:00+00:00,19.18,hold,hold,default_hold,hold,execute_default_hold,0,False,3910.7300000000005,3910.73,-609.0
2025-10-20 17:30:00+00:00,19.1102,hold,hold,default_hold,hold,execute_default_hold,0,False,3910.7300000000005,3910.73,-609.0
2025-10-20 17:45:00+00:00,19.285,hold,hold,default_hold,hold,execute_default_hold,0,False,3910.7300000000005,3910.73,-609.0
2025-10-20 18:00:00+00:00,19.475,hold,hold,default_hold,hold,execute_default_hold,0,False,3910.7300000000005,3910.73,-609.0
2025-10-20 18:15:00+00:00,19.42,hold,hold,default_hold,hold,execute_default_hold,0,False,3910.7300000000005,3910.73,-609.0
2025-10-20 18:30:00+00:00,19.6501,hold,hold,default_hold,hold,execute_default_hold,0,False,3910.7300000000005,3910.73,-609.0
2025-10-20 18:45:00+00:00,19.5,hold,hold,default_hold,hold,execute_default_hold,0,False,3910.7300000000005,3910.73,-609.0
2025-10-20 19:00:00+00:00,19.42,hold,hold,default_hold,hold,execute_default_hold,0,False,3910.7300000000005,3910.73,-609.0
2025-10-20 19:15:00+00:00,19.313,hold,hold,default_hold,hold,execute_default_hold,0,False,3910.7300000000005,3910.73,-609.0
2025-10-20 19:30:00+00:00,19.32,hold,hold,default_hold,hold,execute_default_hold,0,False,3910.7300000000005,3910.73,-609.0
2025-10-20 19:45:00+00:00,19.5382,hold,hold,default_hold,hold,execute_default_hold,0,False,3910.7300000000005,3910.73,-609.0
2025-10-20 20:00:00+00:00,19.586,hold,hold,default_hold,hold,execute_default_hold,0,False,3910.7300000000005,3910.73,-609.0
2025-10-21 13:30:00+00:00,18.02,hold,hold,default_hold,hold,execute_default_hold,0,False,3910.7300000000005,3910.73,-609.0
2025-10-21 13:45:00+00:00,16.645,hold,hold,default_hold,hold,execute_default_hold,0,False,3910.7300000000005,3910.73,-609.0
2025-10-21 14:00:00+00:00,16.33,hold,hold,default_hold,hold,execute_default_hold,0,False,3910.7300000000005,3910.73,-609.0
2025-10-21 14:15:00+00:00,16.64,hold,hold,default_hold,hold,execute_default_hold,0,False,3910.7300000000005,3910.73,-609.0
2025-10-21 14:30:00+00:00,16.019,hold,hold,default_hold,hold,execute_default_hold,0,False,3910.7300000000005,3910.73,-609.0
2025-10-21 14:45:00+00:00,16.1,hold,hold,default_hold,hold,execute_default_hold,0,False,3910.7300000000005,3910.73,-609.0
2025-10-21 15:00:00+00:00,16.46,hold,hold,default_hold,hold,execute_default_hold,0,False,3910.7300000000005,3910.73,-609.0
2025-10-21 15:15:00+00:00,16.84,hold,hold,default_hold,hold,execute_default_hold,0,False,3910.7300000000005,3910.73,-609.0
2025-10-21 15:30:00+00:00,16.7,hold,hold,default_hold,hold,execute_default_hold,0,False,3910.7300000000005,3910.73,-609.0
2025-10-21 15:45:00+00:00,16.85,hold,hold,default_hold,hold,execute_default_hold,0,False,3910.7300000000005,3910.73,-609.0
2025-10-21 16:00:00+00:00,16.7453,hold,hold,default_hold,hold,execute_default_hold,0,False,3910.7300000000005,3910.73,-609.0
2025-10-21 16:15:00+00:00,17.0,avoid,hold,avoid_no_position,hold,execute_avoid_no_position,0,False,3910.7300000000005,3910.73,-609.0
2025-10-21 16:30:00+00:00,16.88,hold,hold,default_hold,hold,execute_default_hold,0,False,3910.7300000000005,3910.73,-609.0
2025-10-21 16:45:00+00:00,16.52,reduce,hold,no_position,hold,execute_no_position,0,False,3910.7300000000005,3910.73,-609.0
2025-10-21 17:00:00+00:00,16.5852,avoid,hold,avoid_no_position,hold,execute_avoid_no_position,0,False,3910.7300000000005,3910.73,-609.0
2025-10-21 17:15:00+00:00,16.4215,hold,hold,default_hold,hold,execute_default_hold,0,False,3910.7300000000005,3910.73,-609.0
2025-10-21 17:30:00+00:00,16.24,reduce,hold,no_position,hold,execute_no_position,0,False,3910.7300000000005,3910.73,-609.0
2025-10-21 17:45:00+00:00,16.13,hold,hold,default_hold,hold,execute_default_hold,0,False,3910.7300000000005,3910.73,-609.0
2025-10-21 18:00:00+00:00,16.48,hold,hold,default_hold,hold,execute_default_hold,0,False,3910.7300000000005,3910.73,-609.0
2025-10-21 18:15:00+00:00,16.1299,hold,hold,default_hold,hold,execute_default_hold,0,False,3910.7300000000005,3910.73,-609.0
2025-10-21 18:30:00+00:00,16.405,hold,hold,default_hold,hold,execute_default_hold,0,False,3910.7300000000005,3910.73,-609.0
2025-10-21 18:45:00+00:00,16.39,hold,hold,default_hold,hold,execute_default_hold,0,False,3910.7300000000005,3910.73,-609.0
2025-10-21 19:00:00+00:00,16.4401,hold,hold,default_hold,hold,execute_default_hold,0,False,3910.7300000000005,3910.73,-609.0
2025-10-21 19:15:00+00:00,16.425,hold,hold,default_hold,hold,execute_default_hold,0,False,3910.7300000000005,3910.73,-609.0
2025-10-21 19:30:00+00:00,16.525,hold,hold,default_hold,hold,execute_default_hold,0,False,3910.7300000000005,3910.73,-609.0
2025-10-21 19:45:00+00:00,16.46,avoid,hold,avoid_no_position,hold,execute_avoid_no_position,0,False,3910.7300000000005,3910.73,-609.0
2025-10-21 20:00:00+00:00,16.2402,hold,hold,default_hold,hold,execute_default_hold,0,False,3910.7300000000005,3910.73,-609.0
2025-10-22 13:30:00+00:00,14.91,reduce,hold,no_position,hold,execute_no_position,0,False,3910.7300000000005,3910.73,-609.0
2025-10-22 13:45:00+00:00,15.37,hold,hold,default_hold,hold,execute_default_hold,0,False,3910.7300000000005,3910.73,-609.0
2025-10-22 14:00:00+00:00,15.66,hold,hold,default_hold,hold,execute_default_hold,0,False,3910.7300000000005,3910.73,-609.0
2025-10-22 14:15:00+00:00,14.8711,hold,hold,default_hold,hold,execute_default_hold,0,False,3910.7300000000005,3910.73,-609.0
2025-10-22 14:30:00+00:00,14.74,hold,hold,default_hold,hold,execute_default_hold,0,False,3910.7300000000005,3910.73,-609.0
2025-10-22 14:45:00+00:00,14.57,hold,hold,default_hold,hold,execute_default_hold,0,False,3910.7300000000005,3910.73,-609.0
2025-10-22 15:00:00+00:00,15.0,hold,hold,default_hold,hold,execute_default_hold,0,False,3910.7300000000005,3910.73,-609.0
2025-10-22 15:15:00+00:00,14.65,hold,hold,default_hold,hold,execute_default_hold,0,False,3910.7300000000005,3910.73,-609.0
2025-10-22 15:30:00+00:00,14.55,hold,hold,default_hold,hold,execute_default_hold,0,False,3910.7300000000005,3910.73,-609.0
2025-10-22 15:45:00+00:00,14.6,hold,hold,default_hold,hold,execute_default_hold,0,False,3910.7300000000005,3910.73,-609.0
2025-10-22 16:00:00+00:00,14.66,hold,hold,default_hold,hold,execute_default_hold,0,False,3910.7300000000005,3910.73,-609.0
2025-10-22 16:15:00+00:00,14.53,hold,hold,default_hold,hold,execute_default_hold,0,False,3910.7300000000005,3910.73,-609.0
2025-10-22 16:30:00+00:00,14.355,hold,hold,default_hold,hold,execute_default_hold,0,False,3910.7300000000005,3910.73,-609.0
2025-10-22 16:45:00+00:00,14.9901,avoid,hold,avoid_no_position,hold,execute_avoid_no_position,0,False,3910.7300000000005,3910.73,-609.0
2025-10-22 17:00:00+00:00,14.76,hold,hold,default_hold,hold,execute_default_hold,0,False,3910.7300000000005,3910.73,-609.0
2025-10-22 17:15:00+00:00,14.43,reduce,hold,no_position,hold,execute_no_position,0,False,3910.7300000000005,3910.73,-609.0
2025-10-22 17:30:00+00:00,14.2302,hold,hold,default_hold,hold,execute_default_hold,0,False,3910.7300000000005,3910.73,-609.0
2025-10-22 17:45:00+00:00,14.11,hold,hold,default_hold,hold,execute_default_hold,0,False,3910.7300000000005,3910.73,-609.0
2025-10-22 18:00:00+00:00,14.3,hold,hold,default_hold,hold,execute_default_hold,0,False,3910.7300000000005,3910.73,-609.0
2025-10-22 18:15:00+00:00,14.12,hold,hold,default_hold,hold,execute_default_hold,0,False,3910.7300000000005,3910.73,-609.0
2025-10-22 18:30:00+00:00,14.472,hold,hold,default_hold,hold,execute_default_hold,0,False,3910.7300000000005,3910.73,-609.0
2025-10-22 18:45:00+00:00,14.44,hold,hold,default_hold,hold,execute_default_hold,0,False,3910.7300000000005,3910.73,-609.0
2025-10-22 19:00:00+00:00,14.84,avoid,hold,avoid_no_position,hold,execute_avoid_no_position,0,False,3910.7300000000005,3910.73,-609.0
2025-10-22 19:15:00+00:00,15.0856,sell,hold,no_position,hold,execute_no_position,0,False,3910.7300000000005,3910.73,-609.0
2025-10-22 19:30:00+00:00,15.1989,hold,hold,default_hold,hold,execute_default_hold,0,False,3910.7300000000005,3910.73,-609.0
2025-10-22 19:45:00+00:00,15.08,hold,hold,default_hold,hold,execute_default_hold,0,False,3910.7300000000005,3910.73,-609.0
2025-10-22 20:00:00+00:00,15.06,avoid,hold,avoid_no_position,hold,execute_avoid_no_position,0,False,3910.7300000000005,3910.73,-609.0
2025-10-23 13:30:00+00:00,15.04,buy,buy,trend_buy,buy,drawdown_limited_trend,50,True,3910.7300000000005,3910.73,-609.0
2025-10-23 13:45:00+00:00,14.825,hold,hold,default_hold,hold,execute_default_hold,0,False,3899.9800000000005,3910.73,-619.75
2025-10-23 14:00:00+00:00,14.8308,hold,hold,default_hold,hold,execute_default_hold,0,False,3900.2700000000004,3910.73,-619.46
2025-10-23 14:15:00+00:00,14.64,hold,hold,default_hold,hold,execute_default_hold,0,False,3890.7300000000005,3910.73,-629.0
2025-10-23 14:30:00+00:00,14.6492,hold,hold,default_hold,hold,execute_default_hold,0,False,3891.1900000000005,3910.73,-628.54
2025-10-23 14:45:00+00:00,14.61,hold,hold,default_hold,hold,execute_default_hold,0,False,3889.2300000000005,3910.73,-630.5
2025-10-23 15:00:00+00:00,14.69,hold,hold,default_hold,hold,execute_default_hold,0,False,3893.2300000000005,3910.73,-626.5
2025-10-23 15:15:00+00:00,14.5368,hold,hold,default_hold,hold,execute_default_hold,0,False,3885.5700000000006,3910.73,-634.1599999999999
2025-10-23 15:30:00+00:00,14.64,hold,hold,default_hold,hold,execute_default_hold,0,False,3890.7300000000005,3910.73,-629.0
2025-10-23 15:45:00+00:00,14.42,hold,hold,default_hold,hold,execute_default_hold,0,False,3879.7300000000005,3910.73,-640.0
2025-10-23 16:00:00+00:00,14.5,hold,hold,default_hold,hold,execute_default_hold,0,False,3883.7300000000005,3910.73,-636.0
2025-10-23 16:15:00+00:00,14.56,hold,hold,default_hold,hold,execute_default_hold,0,False,3886.7300000000005,3910.73,-633.0
2025-10-23 16:30:00+00:00,14.4394,reduce,reduce,defensive_reduce,reduce,reduce_limited,50,True,3880.7000000000003,3880.7,-639.0300000000002
2025-10-23 16:45:00+00:00,14.49,hold,hold,default_hold,hold,execute_default_hold,0,False,3880.7000000000003,3880.7,-639.0300000000002
2025-10-23 17:00:00+00:00,14.67,hold,hold,default_hold,hold,execute_default_hold,0,False,3880.7000000000003,3880.7,-639.0300000000002
2025-10-23 17:15:00+00:00,14.5901,hold,hold,default_hold,hold,execute_default_hold,0,False,3880.7000000000003,3880.7,-639.0300000000002
2025-10-23 17:30:00+00:00,14.5213,hold,hold,default_hold,hold,execute_default_hold,0,False,3880.7000000000003,3880.7,-639.0300000000002
2025-10-23 17:45:00+00:00,14.79,hold,hold,default_hold,hold,execute_default_hold,0,False,3880.7000000000003,3880.7,-639.0300000000002
2025-10-23 18:00:00+00:00,14.56,hold,hold,default_hold,hold,execute_default_hold,0,False,3880.7000000000003,3880.7,-639.0300000000002
2025-10-23 18:15:00+00:00,14.5055,hold,hold,default_hold,hold,execute_default_hold,0,False,3880.7000000000003,3880.7,-639.0300000000002
2025-10-23 18:30:00+00:00,14.41,hold,hold,default_hold,hold,execute_default_hold,0,False,3880.7000000000003,3880.7,-639.0300000000002
2025-10-23 18:45:00+00:00,14.035,hold,hold,default_hold,hold,execute_default_hold,0,False,3880.7000000000003,3880.7,-639.0300000000002
2025-10-23 19:00:00+00:00,14.24,hold,hold,default_hold,hold,execute_default_hold,0,False,3880.7000000000003,3880.7,-639.0300000000002
2025-10-23 19:15:00+00:00,14.0001,hold,hold,default_hold,hold,execute_default_hold,0,False,3880.7000000000003,3880.7,-639.0300000000002
2025-10-23 19:30:00+00:00,13.89,hold,hold,default_hold,hold,execute_default_hold,0,False,3880.7000000000003,3880.7,-639.0300000000002
2025-10-23 19:45:00+00:00,13.7499,hold,hold,default_hold,hold,execute_default_hold,0,False,3880.7000000000003,3880.7,-639.0300000000002
2025-10-23 20:00:00+00:00,13.68,hold,hold,default_hold,hold,execute_default_hold,0,False,3880.7000000000003,3880.7,-639.0300000000002
2025-10-24 13:30:00+00:00,14.617,hold,hold,default_hold,hold,execute_default_hold,0,False,3880.7000000000003,3880.7,-639.0300000000002
2025-10-24 13:45:00+00:00,14.898,hold,hold,default_hold,hold,execute_default_hold,0,False,3880.7000000000003,3880.7,-639.0300000000002
2025-10-24 14:00:00+00:00,15.07,hold,hold,default_hold,hold,execute_default_hold,0,False,3880.7000000000003,3880.7,-639.0300000000002
2025-10-24 14:15:00+00:00,15.21,hold,hold,default_hold,hold,execute_default_hold,0,False,3880.7000000000003,3880.7,-639.0300000000002
2025-10-24 14:30:00+00:00,15.41,hold,hold,default_hold,hold,execute_default_hold,0,False,3880.7000000000003,3880.7,-639.0300000000002
2025-10-24 14:45:00+00:00,15.19,buy,buy,trend_buy,buy,drawdown_limited_trend,50,True,3880.7000000000003,3880.7,-639.0300000000002
2025-10-24 15:00:00+00:00,15.08,hold,hold,default_hold,hold,execute_default_hold,0,False,3875.2000000000003,3880.7,-644.5300000000002
2025-10-24 15:15:00+00:00,15.515,hold,hold,default_hold,hold,execute_default_hold,0,False,3896.9500000000003,3880.7,-622.7800000000002
2025-10-24 15:30:00+00:00,15.59,hold,hold,default_hold,hold,execute_default_hold,0,False,3900.7000000000003,3880.7,-619.0300000000002
2025-10-24 15:45:00+00:00,15.69,hold,hold,default_hold,hold,execute_default_hold,0,False,3905.7000000000003,3880.7,-614.0300000000002
2025-10-24 16:00:00+00:00,16.17,hold,hold,default_hold,hold,execute_default_hold,0,False,3929.7000000000003,3880.7,-590.0300000000002
2025-10-24 16:15:00+00:00,16.11,hold,hold,default_hold,hold,execute_default_hold,0,False,3926.7000000000003,3880.7,-593.0300000000002
2025-10-24 16:30:00+00:00,16.1677,hold,hold,default_hold,hold,execute_default_hold,0,False,3929.585,3880.7,-590.1450000000004
2025-10-24 16:45:00+00:00,16.0847,hold,hold,default_hold,hold,execute_default_hold,0,False,3925.4350000000004,3880.7,-594.2950000000001
2025-10-24 17:00:00+00:00,15.715,hold,hold,default_hold,hold,execute_default_hold,0,False,3906.9500000000003,3880.7,-612.7800000000002
2025-10-24 17:15:00+00:00,15.6505,hold,hold,default_hold,hold,execute_default_hold,0,False,3903.7250000000004,3880.7,-616.0050000000001
2025-10-24 17:30:00+00:00,15.69,hold,hold,default_hold,hold,execute_default_hold,0,False,3905.7000000000003,3880.7,-614.0300000000002
2025-10-24 17:45:00+00:00,15.49,reduce,reduce,trim_in_trend,reduce,reduce_limited,50,True,3895.7000000000003,3895.7,-624.0300000000002
2025-10-24 18:00:00+00:00,15.615,hold,hold,default_hold,hold,execute_default_hold,0,False,3895.7000000000003,3895.7,-624.0300000000002
2025-10-24 18:15:00+00:00,15.61,hold,hold,default_hold,hold,execute_default_hold,0,False,3895.7000000000003,3895.7,-624.0300000000002
2025-10-24 18:30:00+00:00,15.63,hold,hold,default_hold,hold,execute_default_hold,0,False,3895.7000000000003,3895.7,-624.0300000000002
2025-10-24 18:45:00+00:00,15.435,hold,hold,default_hold,hold,execute_default_hold,0,False,3895.7000000000003,3895.7,-624.0300000000002
2025-10-24 19:00:00+00:00,15.48,hold,hold,default_hold,hold,execute_default_hold,0,False,3895.7000000000003,3895.7,-624.0300000000002
2025-10-24 19:15:00+00:00,15.325,hold,hold,default_hold,hold,execute_default_hold,0,False,3895.7000000000003,3895.7,-624.0300000000002
2025-10-24 19:30:00+00:00,15.1787,hold,hold,default_hold,hold,execute_default_hold,0,False,3895.7000000000003,3895.7,-624.0300000000002
2025-10-24 19:45:00+00:00,15.27,hold,hold,default_hold,hold,execute_default_hold,0,False,3895.7000000000003,3895.7,-624.0300000000002
2025-10-24 20:00:00+00:00,15.05,hold,hold,default_hold,hold,execute_default_hold,0,False,3895.7000000000003,3895.7,-624.0300000000002
2025-10-27 13:30:00+00:00,12.8301,hold,hold,default_hold,hold,execute_default_hold,0,False,3895.7000000000003,3895.7,-624.0300000000002
2025-10-27 13:45:00+00:00,12.23,hold,hold,default_hold,hold,execute_default_hold,0,False,3895.7000000000003,3895.7,-624.0300000000002
2025-10-27 14:00:00+00:00,12.28,hold,hold,default_hold,hold,execute_default_hold,0,False,3895.7000000000003,3895.7,-624.0300000000002
2025-10-27 14:15:00+00:00,12.33,hold,hold,default_hold,hold,execute_default_hold,0,False,3895.7000000000003,3895.7,-624.0300000000002
2025-10-27 14:30:00+00:00,12.28,hold,hold,default_hold,hold,execute_default_hold,0,False,3895.7000000000003,3895.7,-624.0300000000002
2025-10-27 14:45:00+00:00,12.17,hold,hold,default_hold,hold,execute_default_hold,0,False,3895.7000000000003,3895.7,-624.0300000000002
2025-10-27 15:00:00+00:00,12.0735,hold,hold,default_hold,hold,execute_default_hold,0,False,3895.7000000000003,3895.7,-624.0300000000002
2025-10-27 15:15:00+00:00,12.15,hold,hold,default_hold,hold,execute_default_hold,0,False,3895.7000000000003,3895.7,-624.0300000000002
2025-10-27 15:30:00+00:00,12.0826,hold,hold,default_hold,hold,execute_default_hold,0,False,3895.7000000000003,3895.7,-624.0300000000002
2025-10-27 15:45:00+00:00,12.0,hold,hold,default_hold,hold,execute_default_hold,0,False,3895.7000000000003,3895.7,-624.0300000000002
2025-10-27 16:00:00+00:00,11.96,hold,hold,default_hold,hold,execute_default_hold,0,False,3895.7000000000003,3895.7,-624.0300000000002
2025-10-27 16:15:00+00:00,12.0497,hold,hold,default_hold,hold,execute_default_hold,0,False,3895.7000000000003,3895.7,-624.0300000000002
2025-10-27 16:30:00+00:00,12.47,hold,hold,default_hold,hold,execute_default_hold,0,False,3895.7000000000003,3895.7,-624.0300000000002
2025-10-27 16:45:00+00:00,12.72,hold,hold,default_hold,hold,execute_default_hold,0,False,3895.7000000000003,3895.7,-624.0300000000002
2025-10-27 17:00:00+00:00,12.5399,hold,hold,default_hold,hold,execute_default_hold,0,False,3895.7000000000003,3895.7,-624.0300000000002
2025-10-27 17:15:00+00:00,12.7697,hold,hold,default_hold,hold,execute_default_hold,0,False,3895.7000000000003,3895.7,-624.0300000000002
2025-10-27 17:30:00+00:00,12.925,hold,hold,default_hold,hold,execute_default_hold,0,False,3895.7000000000003,3895.7,-624.0300000000002
2025-10-27 17:45:00+00:00,12.763,hold,hold,default_hold,hold,execute_default_hold,0,False,3895.7000000000003,3895.7,-624.0300000000002
2025-10-27 18:00:00+00:00,13.2852,buy,buy,trend_buy,buy,weak_trend_limited_buy,50,True,3895.7000000000007,3895.7,-624.0299999999997
2025-10-27 18:15:00+00:00,13.02,hold,hold,default_hold,hold,execute_default_hold,0,False,3882.4400000000005,3895.7,-637.29
2025-10-27 18:30:00+00:00,13.155,hold,hold,default_hold,hold,execute_default_hold,0,False,3889.1900000000005,3895.7,-630.54
2025-10-27 18:45:00+00:00,13.02,hold,hold,default_hold,hold,execute_default_hold,0,False,3882.4400000000005,3895.7,-637.29
2025-10-27 19:00:00+00:00,13.1,hold,hold,default_hold,hold,execute_default_hold,0,False,3886.4400000000005,3895.7,-633.29
2025-10-27 19:15:00+00:00,13.1457,hold,hold,default_hold,hold,execute_default_hold,0,False,3888.7250000000004,3895.7,-631.0050000000001
2025-10-27 19:30:00+00:00,13.3055,hold,hold,default_hold,hold,execute_default_hold,0,False,3896.7150000000006,3895.7,-623.0149999999999
2025-10-27 19:45:00+00:00,13.151,hold,hold,default_hold,hold,execute_default_hold,0,False,3888.9900000000007,3895.7,-630.7399999999998
2025-10-27 20:00:00+00:00,12.9699,hold,hold,default_hold,hold,execute_default_hold,0,False,3879.9350000000004,3895.7,-639.7950000000001
2025-10-28 13:30:00+00:00,13.3,hold,hold,default_hold,hold,execute_default_hold,0,False,3896.4400000000005,3895.7,-623.29
2025-10-28 13:45:00+00:00,12.21,reduce,reduce,trim_in_trend,reduce,reduce_limited,50,True,3841.9400000000005,3841.94,-677.79
2025-10-28 14:00:00+00:00,12.83,hold,hold,default_hold,hold,execute_default_hold,0,False,3841.9400000000005,3841.94,-677.79
2025-10-28 14:15:00+00:00,12.72,hold,hold,default_hold,hold,execute_default_hold,0,False,3841.9400000000005,3841.94,-677.79
2025-10-28 14:30:00+00:00,12.885,hold,hold,default_hold,hold,execute_default_hold,0,False,3841.9400000000005,3841.94,-677.79
2025-10-28 14:45:00+00:00,12.82,hold,hold,default_hold,hold,execute_default_hold,0,False,3841.9400000000005,3841.94,-677.79
2025-10-28 15:00:00+00:00,13.01,hold,hold,default_hold,hold,execute_default_hold,0,False,3841.9400000000005,3841.94,-677.79
2025-10-28 15:15:00+00:00,12.965,hold,hold,default_hold,hold,execute_default_hold,0,False,3841.9400000000005,3841.94,-677.79
2025-10-28 15:30:00+00:00,13.03,hold,hold,default_hold,hold,execute_default_hold,0,False,3841.9400000000005,3841.94,-677.79
2025-10-28 15:45:00+00:00,12.8816,hold,hold,default_hold,hold,execute_default_hold,0,False,3841.9400000000005,3841.94,-677.79
2025-10-28 16:00:00+00:00,12.845,hold,hold,default_hold,hold,execute_default_hold,0,False,3841.9400000000005,3841.94,-677.79
2025-10-28 16:15:00+00:00,12.84,hold,hold,default_hold,hold,execute_default_hold,0,False,3841.9400000000005,3841.94,-677.79
2025-10-28 16:30:00+00:00,12.7201,hold,hold,default_hold,hold,execute_default_hold,0,False,3841.9400000000005,3841.94,-677.79
2025-10-28 16:45:00+00:00,12.684,hold,hold,default_hold,hold,execute_default_hold,0,False,3841.9400000000005,3841.94,-677.79
2025-10-28 17:00:00+00:00,12.5801,hold,hold,default_hold,hold,execute_default_hold,0,False,3841.9400000000005,3841.94,-677.79
2025-10-28 17:15:00+00:00,12.4095,hold,hold,default_hold,hold,execute_default_hold,0,False,3841.9400000000005,3841.94,-677.79
2025-10-28 17:30:00+00:00,12.305,hold,hold,default_hold,hold,execute_default_hold,0,False,3841.9400000000005,3841.94,-677.79
2025-10-28 17:45:00+00:00,12.17,hold,hold,default_hold,hold,execute_default_hold,0,False,3841.9400000000005,3841.94,-677.79
2025-10-28 18:00:00+00:00,12.245,hold,hold,default_hold,hold,execute_default_hold,0,False,3841.9400000000005,3841.94,-677.79
2025-10-28 18:15:00+00:00,12.58,hold,hold,default_hold,hold,execute_default_hold,0,False,3841.9400000000005,3841.94,-677.79
2025-10-28 18:30:00+00:00,12.41,hold,hold,default_hold,hold,execute_default_hold,0,False,3841.9400000000005,3841.94,-677.79
2025-10-28 18:45:00+00:00,12.2625,hold,hold,default_hold,hold,execute_default_hold,0,False,3841.9400000000005,3841.94,-677.79
2025-10-28 19:00:00+00:00,12.175,hold,hold,default_hold,hold,execute_default_hold,0,False,3841.9400000000005,3841.94,-677.79
2025-10-28 19:15:00+00:00,12.175,hold,hold,default_hold,hold,execute_default_hold,0,False,3841.9400000000005,3841.94,-677.79
2025-10-28 19:30:00+00:00,12.035,hold,hold,default_hold,hold,execute_default_hold,0,False,3841.9400000000005,3841.94,-677.79
2025-10-28 19:45:00+00:00,11.945,hold,hold,default_hold,hold,execute_default_hold,0,False,3841.9400000000005,3841.94,-677.79
2025-10-28 20:00:00+00:00,11.9899,hold,hold,default_hold,hold,execute_default_hold,0,False,3841.9400000000005,3841.94,-677.79
2025-10-29 13:30:00+00:00,11.66,hold,hold,default_hold,hold,execute_default_hold,0,False,3841.9400000000005,3841.94,-677.79
2025-10-29 13:45:00+00:00,11.3,hold,hold,default_hold,hold,execute_default_hold,0,False,3841.9400000000005,3841.94,-677.79
2025-10-29 14:00:00+00:00,11.48,hold,hold,default_hold,hold,execute_default_hold,0,False,3841.9400000000005,3841.94,-677.79
2025-10-29 14:15:00+00:00,11.5201,hold,hold,default_hold,hold,execute_default_hold,0,False,3841.9400000000005,3841.94,-677.79
2025-10-29 14:30:00+00:00,11.7,hold,hold,default_hold,hold,execute_default_hold,0,False,3841.9400000000005,3841.94,-677.79
2025-10-29 14:45:00+00:00,11.7113,hold,hold,default_hold,hold,execute_default_hold,0,False,3841.9400000000005,3841.94,-677.79
2025-10-29 15:00:00+00:00,11.705,hold,hold,default_hold,hold,execute_default_hold,0,False,3841.9400000000005,3841.94,-677.79
2025-10-29 15:15:00+00:00,11.84,hold,hold,default_hold,hold,execute_default_hold,0,False,3841.9400000000005,3841.94,-677.79
2025-10-29 15:30:00+00:00,11.7102,hold,hold,default_hold,hold,execute_default_hold,0,False,3841.9400000000005,3841.94,-677.79
2025-10-29 15:45:00+00:00,11.76,hold,hold,default_hold,hold,execute_default_hold,0,False,3841.9400000000005,3841.94,-677.79
2025-10-29 16:00:00+00:00,11.97,hold,hold,default_hold,hold,execute_default_hold,0,False,3841.9400000000005,3841.94,-677.79
2025-10-29 16:15:00+00:00,11.75,hold,hold,default_hold,hold,execute_default_hold,0,False,3841.9400000000005,3841.94,-677.79
2025-10-29 16:30:00+00:00,11.9,hold,hold,default_hold,hold,execute_default_hold,0,False,3841.9400000000005,3841.94,-677.79
2025-10-29 16:45:00+00:00,11.785,hold,hold,default_hold,hold,execute_default_hold,0,False,3841.9400000000005,3841.94,-677.79
2025-10-29 17:00:00+00:00,11.8,hold,hold,default_hold,hold,execute_default_hold,0,False,3841.9400000000005,3841.94,-677.79
2025-10-29 17:15:00+00:00,11.76,buy,buy,trend_buy,buy,weak_trend_limited_buy,50,True,3841.9400000000005,3841.94,-677.79
2025-10-29 17:30:00+00:00,11.42,hold,hold,default_hold,hold,execute_default_hold,0,False,3824.9400000000005,3841.94,-694.79
2025-10-29 17:45:00+00:00,11.518,hold,hold,default_hold,hold,execute_default_hold,0,False,3829.8400000000006,3841.94,-689.8899999999999
2025-10-29 18:00:00+00:00,11.7285,hold,hold,default_hold,hold,execute_default_hold,0,False,3840.3650000000007,3841.94,-679.3649999999998
2025-10-29 18:15:00+00:00,11.584,hold,hold,default_hold,hold,execute_default_hold,0,False,3833.1400000000003,3841.94,-686.5900000000001
2025-10-29 18:30:00+00:00,11.54,hold,hold,default_hold,hold,execute_default_hold,0,False,3830.9400000000005,3841.94,-688.79
2025-10-29 18:45:00+00:00,11.485,hold,hold,default_hold,hold,execute_default_hold,0,False,3828.1900000000005,3841.94,-691.54
2025-10-29 19:00:00+00:00,11.71,hold,hold,default_hold,hold,execute_default_hold,0,False,3839.4400000000005,3841.94,-680.29
2025-10-29 19:15:00+00:00,11.88,hold,hold,default_hold,hold,execute_default_hold,0,False,3847.9400000000005,3841.94,-671.79
2025-10-29 19:30:00+00:00,11.7,hold,hold,default_hold,hold,execute_default_hold,0,False,3838.9400000000005,3841.94,-680.79
2025-10-29 19:45:00+00:00,11.655,hold,hold,default_hold,hold,execute_default_hold,0,False,3836.6900000000005,3841.94,-683.04
2025-10-29 20:00:00+00:00,11.59,hold,hold,default_hold,hold,execute_default_hold,0,False,3833.4400000000005,3841.94,-686.29
2025-10-30 13:30:00+00:00,12.82,hold,hold,default_hold,hold,execute_default_hold,0,False,3894.9400000000005,3841.94,-624.79
2025-10-30 13:45:00+00:00,11.76,hold,hold,default_hold,hold,execute_default_hold,0,False,3841.9400000000005,3841.94,-677.79
2025-10-30 14:00:00+00:00,11.6799,hold,hold,default_hold,hold,execute_default_hold,0,False,3837.9350000000004,3841.94,-681.7950000000001
2025-10-30 14:15:00+00:00,12.0735,hold,hold,default_hold,hold,execute_default_hold,0,False,3857.6150000000007,3841.94,-662.1149999999998
2025-10-30 14:30:00+00:00,12.525,hold,hold,default_hold,hold,execute_default_hold,0,False,3880.1900000000005,3841.94,-639.54
2025-10-30 14:45:00+00:00,12.675,hold,hold,default_hold,hold,execute_default_hold,0,False,3887.6900000000005,3841.94,-632.04
2025-10-30 15:00:00+00:00,12.8281,hold,hold,default_hold,hold,execute_default_hold,0,False,3895.3450000000003,3841.94,-624.3850000000002
2025-10-30 15:15:00+00:00,12.81,hold,hold,default_hold,hold,execute_default_hold,0,False,3894.4400000000005,3841.94,-625.29
2025-10-30 15:30:00+00:00,13.17,hold,hold,default_hold,hold,execute_default_hold,0,False,3912.4400000000005,3841.94,-607.29
2025-10-30 15:45:00+00:00,13.375,hold,hold,default_hold,hold,execute_default_hold,0,False,3922.6900000000005,3841.94,-597.04
2025-10-30 16:00:00+00:00,13.32,hold,hold,default_hold,hold,execute_default_hold,0,False,3919.9400000000005,3841.94,-599.79
2025-10-30 16:15:00+00:00,13.46,hold,hold,default_hold,hold,execute_default_hold,0,False,3926.9400000000005,3841.94,-592.79
2025-10-30 16:30:00+00:00,13.392,hold,hold,default_hold,hold,execute_default_hold,0,False,3923.5400000000004,3841.94,-596.19
2025-10-30 16:45:00+00:00,13.5,hold,hold,default_hold,hold,execute_default_hold,0,False,3928.9400000000005,3841.94,-590.79
2025-10-30 17:00:00+00:00,13.645,hold,hold,default_hold,hold,execute_default_hold,0,False,3936.1900000000005,3841.94,-583.54
2025-10-30 17:15:00+00:00,13.39,hold,hold,default_hold,hold,execute_default_hold,0,False,3923.4400000000005,3841.94,-596.29
2025-10-30 17:30:00+00:00,13.46,hold,hold,default_hold,hold,execute_default_hold,0,False,3926.9400000000005,3841.94,-592.79
2025-10-30 17:45:00+00:00,13.6,hold,hold,default_hold,hold,execute_default_hold,0,False,3933.9400000000005,3841.94,-585.79
2025-10-30 18:00:00+00:00,13.7,hold,hold,default_hold,hold,execute_default_hold,0,False,3938.9400000000005,3841.94,-580.79
2025-10-30 18:15:00+00:00,13.45,hold,hold,default_hold,hold,execute_default_hold,0,False,3926.4400000000005,3841.94,-593.29
2025-10-30 18:30:00+00:00,13.505,hold,hold,default_hold,hold,execute_default_hold,0,False,3929.1900000000005,3841.94,-590.54
2025-10-30 18:45:00+00:00,13.17,reduce,reduce,trim_in_trend,reduce,reduce_limited,50,True,3912.4400000000005,3912.44,-607.29
2025-10-30 19:00:00+00:00,13.39,hold,hold,default_hold,hold,execute_default_hold,0,False,3912.4400000000005,3912.44,-607.29
2025-10-30 19:15:00+00:00,13.44,hold,hold,default_hold,hold,execute_default_hold,0,False,3912.4400000000005,3912.44,-607.29
2025-10-30 19:30:00+00:00,13.41,hold,hold,default_hold,hold,execute_default_hold,0,False,3912.4400000000005,3912.44,-607.29
2025-10-30 19:45:00+00:00,13.135,hold,hold,default_hold,hold,execute_default_hold,0,False,3912.4400000000005,3912.44,-607.29
2025-10-30 20:00:00+00:00,12.87,hold,hold,default_hold,hold,execute_default_hold,0,False,3912.4400000000005,3912.44,-607.29
2025-10-31 13:30:00+00:00,13.13,hold,hold,default_hold,hold,execute_default_hold,0,False,3912.4400000000005,3912.44,-607.29
2025-10-31 13:45:00+00:00,12.4175,hold,hold,default_hold,hold,execute_default_hold,0,False,3912.4400000000005,3912.44,-607.29
2025-10-31 14:00:00+00:00,12.915,hold,hold,default_hold,hold,execute_default_hold,0,False,3912.4400000000005,3912.44,-607.29
2025-10-31 14:15:00+00:00,12.925,hold,hold,default_hold,hold,execute_default_hold,0,False,3912.4400000000005,3912.44,-607.29
2025-10-31 14:30:00+00:00,12.46,hold,hold,default_hold,hold,execute_default_hold,0,False,3912.4400000000005,3912.44,-607.29
2025-10-31 14:45:00+00:00,12.3,hold,hold,default_hold,hold,execute_default_hold,0,False,3912.4400000000005,3912.44,-607.29
2025-10-31 15:00:00+00:00,12.6027,hold,hold,default_hold,hold,execute_default_hold,0,False,3912.4400000000005,3912.44,-607.29
2025-10-31 15:15:00+00:00,12.67,hold,hold,default_hold,hold,execute_default_hold,0,False,3912.4400000000005,3912.44,-607.29
2025-10-31 15:30:00+00:00,12.7593,hold,hold,default_hold,hold,execute_default_hold,0,False,3912.4400000000005,3912.44,-607.29
2025-10-31 15:45:00+00:00,12.62,hold,hold,default_hold,hold,execute_default_hold,0,False,3912.4400000000005,3912.44,-607.29
2025-10-31 16:00:00+00:00,12.35,hold,hold,default_hold,hold,execute_default_hold,0,False,3912.4400000000005,3912.44,-607.29
2025-10-31 16:15:00+00:00,12.2101,hold,hold,default_hold,hold,execute_default_hold,0,False,3912.4400000000005,3912.44,-607.29
2025-10-31 16:30:00+00:00,12.38,hold,hold,default_hold,hold,execute_default_hold,0,False,3912.4400000000005,3912.44,-607.29
2025-10-31 16:45:00+00:00,12.257,hold,hold,default_hold,hold,execute_default_hold,0,False,3912.4400000000005,3912.44,-607.29
2025-10-31 17:00:00+00:00,12.33,hold,hold,default_hold,hold,execute_default_hold,0,False,3912.4400000000005,3912.44,-607.29
2025-10-31 17:15:00+00:00,12.17,hold,hold,default_hold,hold,execute_default_hold,0,False,3912.4400000000005,3912.44,-607.29
2025-10-31 17:30:00+00:00,12.22,hold,hold,default_hold,hold,execute_default_hold,0,False,3912.4400000000005,3912.44,-607.29
2025-10-31 17:45:00+00:00,12.14,hold,hold,default_hold,hold,execute_default_hold,0,False,3912.4400000000005,3912.44,-607.29
2025-10-31 18:00:00+00:00,12.295,hold,hold,default_hold,hold,execute_default_hold,0,False,3912.4400000000005,3912.44,-607.29
2025-10-31 18:15:00+00:00,12.23,hold,hold,default_hold,hold,execute_default_hold,0,False,3912.4400000000005,3912.44,-607.29
2025-10-31 18:30:00+00:00,12.455,hold,hold,default_hold,hold,execute_default_hold,0,False,3912.4400000000005,3912.44,-607.29
2025-10-31 18:45:00+00:00,12.425,hold,hold,default_hold,hold,execute_default_hold,0,False,3912.4400000000005,3912.44,-607.29
2025-10-31 19:00:00+00:00,12.45,hold,hold,default_hold,hold,execute_default_hold,0,False,3912.4400000000005,3912.44,-607.29
2025-10-31 19:15:00+00:00,12.67,hold,hold,default_hold,hold,execute_default_hold,0,False,3912.4400000000005,3912.44,-607.29
2025-10-31 19:30:00+00:00,12.875,hold,hold,default_hold,hold,execute_default_hold,0,False,3912.4400000000005,3912.44,-607.29
2025-10-31 19:45:00+00:00,13.17,hold,hold,default_hold,hold,execute_default_hold,0,False,3912.4400000000005,3912.44,-607.29
2025-10-31 20:00:00+00:00,12.95,buy,buy,trend_buy,buy,drawdown_limited_trend,50,True,3912.4400000000005,3912.44,-607.29
2025-11-03 14:30:00+00:00,12.3,hold,hold,default_hold,hold,execute_default_hold,0,False,3879.9400000000005,3912.44,-639.79
2025-11-03 14:45:00+00:00,12.45,hold,hold,default_hold,hold,execute_default_hold,0,False,3887.4400000000005,3912.44,-632.29
2025-11-03 15:00:00+00:00,12.5,hold,hold,default_hold,hold,execute_default_hold,0,False,3889.9400000000005,3912.44,-629.79
2025-11-03 15:15:00+00:00,12.06,reduce,reduce,trim_in_trend,reduce,reduce_limited,50,True,3867.9400000000005,3867.94,-651.79
2025-11-03 15:30:00+00:00,11.57,hold,hold,default_hold,hold,execute_default_hold,0,False,3867.9400000000005,3867.94,-651.79
2025-11-03 15:45:00+00:00,11.63,hold,hold,default_hold,hold,execute_default_hold,0,False,3867.9400000000005,3867.94,-651.79
2025-11-03 16:00:00+00:00,11.5455,hold,hold,default_hold,hold,execute_default_hold,0,False,3867.9400000000005,3867.94,-651.79
2025-11-03 16:15:00+00:00,11.345,hold,hold,default_hold,hold,execute_default_hold,0,False,3867.9400000000005,3867.94,-651.79
2025-11-03 16:30:00+00:00,11.27,hold,hold,default_hold,hold,execute_default_hold,0,False,3867.9400000000005,3867.94,-651.79
2025-11-03 16:45:00+00:00,11.29,hold,hold,default_hold,hold,execute_default_hold,0,False,3867.9400000000005,3867.94,-651.79
2025-11-03 17:00:00+00:00,11.28,hold,hold,default_hold,hold,execute_default_hold,0,False,3867.9400000000005,3867.94,-651.79
2025-11-03 17:15:00+00:00,11.32,hold,hold,default_hold,hold,execute_default_hold,0,False,3867.9400000000005,3867.94,-651.79
2025-11-03 17:30:00+00:00,11.29,hold,hold,default_hold,hold,execute_default_hold,0,False,3867.9400000000005,3867.94,-651.79
2025-11-03 17:45:00+00:00,11.305,hold,hold,default_hold,hold,execute_default_hold,0,False,3867.9400000000005,3867.94,-651.79
2025-11-03 18:00:00+00:00,11.275,hold,hold,default_hold,hold,execute_default_hold,0,False,3867.9400000000005,3867.94,-651.79
2025-11-03 18:15:00+00:00,11.05,hold,hold,default_hold,hold,execute_default_hold,0,False,3867.9400000000005,3867.94,-651.79
2025-11-03 18:30:00+00:00,11.03,hold,hold,default_hold,hold,execute_default_hold,0,False,3867.9400000000005,3867.94,-651.79
2025-11-03 18:45:00+00:00,11.0156,hold,hold,default_hold,hold,execute_default_hold,0,False,3867.9400000000005,3867.94,-651.79
2025-11-03 19:00:00+00:00,11.0813,hold,hold,default_hold,hold,execute_default_hold,0,False,3867.9400000000005,3867.94,-651.79
2025-11-03 19:15:00+00:00,11.12,hold,hold,default_hold,hold,execute_default_hold,0,False,3867.9400000000005,3867.94,-651.79
2025-11-03 19:30:00+00:00,11.085,hold,hold,default_hold,hold,execute_default_hold,0,False,3867.9400000000005,3867.94,-651.79
2025-11-03 19:45:00+00:00,11.09,hold,hold,default_hold,hold,execute_default_hold,0,False,3867.9400000000005,3867.94,-651.79
2025-11-03 20:00:00+00:00,11.11,hold,hold,default_hold,hold,execute_default_hold,0,False,3867.9400000000005,3867.94,-651.79
2025-11-03 20:15:00+00:00,11.03,hold,hold,default_hold,hold,execute_default_hold,0,False,3867.9400000000005,3867.94,-651.79
2025-11-03 20:30:00+00:00,10.99,hold,hold,default_hold,hold,execute_default_hold,0,False,3867.9400000000005,3867.94,-651.79
2025-11-03 20:45:00+00:00,11.0201,hold,hold,default_hold,hold,execute_default_hold,0,False,3867.9400000000005,3867.94,-651.79
2025-11-03 21:00:00+00:00,10.93,hold,hold,default_hold,hold,execute_default_hold,0,False,3867.9400000000005,3867.94,-651.79
2025-11-04 14:30:00+00:00,10.55,hold,hold,default_hold,hold,execute_default_hold,0,False,3867.9400000000005,3867.94,-651.79
2025-11-04 14:45:00+00:00,11.09,hold,hold,default_hold,hold,execute_default_hold,0,False,3867.9400000000005,3867.94,-651.79
2025-11-04 15:00:00+00:00,11.15,hold,hold,default_hold,hold,execute_default_hold,0,False,3867.9400000000005,3867.94,-651.79
2025-11-04 15:15:00+00:00,11.215,hold,hold,default_hold,hold,execute_default_hold,0,False,3867.9400000000005,3867.94,-651.79
2025-11-04 15:30:00+00:00,11.19,hold,hold,default_hold,hold,execute_default_hold,0,False,3867.9400000000005,3867.94,-651.79
2025-11-04 15:45:00+00:00,11.225,hold,hold,default_hold,hold,execute_default_hold,0,False,3867.9400000000005,3867.94,-651.79
2025-11-04 16:00:00+00:00,11.209,hold,hold,default_hold,hold,execute_default_hold,0,False,3867.9400000000005,3867.94,-651.79
2025-11-04 16:15:00+00:00,11.15,buy,buy,trend_buy,buy,weak_trend_limited_buy,50,True,3867.9400000000005,3867.94,-651.79
2025-11-04 16:30:00+00:00,11.2502,hold,hold,default_hold,hold,execute_default_hold,0,False,3872.9500000000007,3867.94,-646.7799999999997
2025-11-04 16:45:00+00:00,11.135,hold,hold,default_hold,hold,execute_default_hold,0,False,3867.1900000000005,3867.94,-652.54
2025-11-04 17:00:00+00:00,11.15,hold,hold,default_hold,hold,execute_default_hold,0,False,3867.9400000000005,3867.94,-651.79
2025-11-04 17:15:00+00:00,11.02,hold,hold,default_hold,hold,execute_default_hold,0,False,3861.4400000000005,3867.94,-658.29
2025-11-04 17:30:00+00:00,11.1325,hold,hold,default_hold,hold,execute_default_hold,0,False,3867.0650000000005,3867.94,-652.665
2025-11-04 17:45:00+00:00,11.16,hold,hold,default_hold,hold,execute_default_hold,0,False,3868.4400000000005,3867.94,-651.29
2025-11-04 18:00:00+00:00,11.215,hold,hold,default_hold,hold,execute_default_hold,0,False,3871.1900000000005,3867.94,-648.54
2025-11-04 18:15:00+00:00,11.1298,hold,hold,default_hold,hold,execute_default_hold,0,False,3866.9300000000003,3867.94,-652.8000000000002
2025-11-04 18:30:00+00:00,10.99,hold,hold,default_hold,hold,execute_default_hold,0,False,3859.9400000000005,3867.94,-659.79
2025-11-04 18:45:00+00:00,11.03,hold,hold,default_hold,hold,execute_default_hold,0,False,3861.9400000000005,3867.94,-657.79
2025-11-04 19:00:00+00:00,11.18,hold,hold,default_hold,hold,execute_default_hold,0,False,3869.4400000000005,3867.94,-650.29
2025-11-04 19:15:00+00:00,11.19,hold,hold,default_hold,hold,execute_default_hold,0,False,3869.9400000000005,3867.94,-649.79
2025-11-04 19:30:00+00:00,11.08,reduce,reduce,defensive_reduce,reduce,reduce_limited,50,True,3864.4400000000005,3864.44,-655.29
2025-11-04 19:45:00+00:00,11.025,hold,hold,default_hold,hold,execute_default_hold,0,False,3864.4400000000005,3864.44,-655.29
2025-11-04 20:00:00+00:00,11.155,hold,hold,default_hold,hold,execute_default_hold,0,False,3864.4400000000005,3864.44,-655.29
2025-11-04 20:15:00+00:00,11.16,hold,hold,default_hold,hold,execute_default_hold,0,False,3864.4400000000005,3864.44,-655.29
2025-11-04 20:30:00+00:00,11.09,hold,hold,default_hold,hold,execute_default_hold,0,False,3864.4400000000005,3864.44,-655.29
2025-11-04 20:45:00+00:00,11.08,hold,hold,default_hold,hold,execute_default_hold,0,False,3864.4400000000005,3864.44,-655.29
2025-11-04 21:00:00+00:00,10.99,hold,hold,default_hold,hold,execute_default_hold,0,False,3864.4400000000005,3864.44,-655.29
2025-11-05 14:30:00+00:00,11.02,hold,hold,default_hold,hold,execute_default_hold,0,False,3864.4400000000005,3864.44,-655.29
2025-11-05 14:45:00+00:00,10.6701,hold,hold,default_hold,hold,execute_default_hold,0,False,3864.4400000000005,3864.44,-655.29
2025-11-05 15:00:00+00:00,10.69,hold,hold,default_hold,hold,execute_default_hold,0,False,3864.4400000000005,3864.44,-655.29
2025-11-05 15:15:00+00:00,10.3351,hold,hold,default_hold,hold,execute_default_hold,0,False,3864.4400000000005,3864.44,-655.29
2025-11-05 15:30:00+00:00,10.4599,hold,hold,default_hold,hold,execute_default_hold,0,False,3864.4400000000005,3864.44,-655.29
2025-11-05 15:45:00+00:00,10.69,hold,hold,default_hold,hold,execute_default_hold,0,False,3864.4400000000005,3864.44,-655.29
2025-11-05 16:00:00+00:00,10.7101,hold,hold,default_hold,hold,execute_default_hold,0,False,3864.4400000000005,3864.44,-655.29
2025-11-05 16:15:00+00:00,10.56,hold,hold,default_hold,hold,execute_default_hold,0,False,3864.4400000000005,3864.44,-655.29
2025-11-05 16:30:00+00:00,10.48,hold,hold,default_hold,hold,execute_default_hold,0,False,3864.4400000000005,3864.44,-655.29
2025-11-05 16:45:00+00:00,10.475,hold,hold,default_hold,hold,execute_default_hold,0,False,3864.4400000000005,3864.44,-655.29
2025-11-05 17:00:00+00:00,10.48,hold,hold,default_hold,hold,execute_default_hold,0,False,3864.4400000000005,3864.44,-655.29
2025-11-05 17:15:00+00:00,10.395,hold,hold,default_hold,hold,execute_default_hold,0,False,3864.4400000000005,3864.44,-655.29
2025-11-05 17:30:00+00:00,10.4404,hold,hold,default_hold,hold,execute_default_hold,0,False,3864.4400000000005,3864.44,-655.29
2025-11-05 17:45:00+00:00,10.46,hold,hold,default_hold,hold,execute_default_hold,0,False,3864.4400000000005,3864.44,-655.29
2025-11-05 18:00:00+00:00,10.605,hold,hold,default_hold,hold,execute_default_hold,0,False,3864.4400000000005,3864.44,-655.29
2025-11-05 18:15:00+00:00,10.55,hold,hold,default_hold,hold,execute_default_hold,0,False,3864.4400000000005,3864.44,-655.29
2025-11-05 18:30:00+00:00,10.4313,hold,hold,default_hold,hold,execute_default_hold,0,False,3864.4400000000005,3864.44,-655.29
2025-11-05 18:45:00+00:00,10.45,hold,hold,default_hold,hold,execute_default_hold,0,False,3864.4400000000005,3864.44,-655.29
2025-11-05 19:00:00+00:00,10.5,hold,hold,default_hold,hold,execute_default_hold,0,False,3864.4400000000005,3864.44,-655.29
2025-11-05 19:15:00+00:00,10.38,hold,hold,default_hold,hold,execute_default_hold,0,False,3864.4400000000005,3864.44,-655.29
2025-11-05 19:30:00+00:00,10.3788,hold,hold,default_hold,hold,execute_default_hold,0,False,3864.4400000000005,3864.44,-655.29
2025-11-05 19:45:00+00:00,10.52,hold,hold,default_hold,hold,execute_default_hold,0,False,3864.4400000000005,3864.44,-655.29
2025-11-05 20:00:00+00:00,10.65,hold,hold,default_hold,hold,execute_default_hold,0,False,3864.4400000000005,3864.44,-655.29
2025-11-05 20:15:00+00:00,10.7601,buy,buy,trend_buy,buy,drawdown_limited_trend,50,True,3864.4400000000005,3864.44,-655.29
2025-11-05 20:30:00+00:00,10.73,hold,hold,default_hold,hold,execute_default_hold,0,False,3862.9350000000004,3864.44,-656.7950000000001
2025-11-05 20:45:00+00:00,10.74,hold,hold,default_hold,hold,execute_default_hold,0,False,3863.4350000000004,3864.44,-656.2950000000001
2025-11-05 21:00:00+00:00,10.575,hold,hold,default_hold,hold,execute_default_hold,0,False,3855.1850000000004,3864.44,-664.5450000000001
2025-11-06 14:30:00+00:00,10.765,hold,hold,default_hold,hold,execute_default_hold,0,False,3864.6850000000004,3864.44,-655.0450000000001
2025-11-06 14:45:00+00:00,10.425,reduce,reduce,trim_in_trend,reduce,reduce_limited,50,True,3847.6850000000004,3847.685,-672.0450000000001
2025-11-06 15:00:00+00:00,10.27,hold,hold,default_hold,hold,execute_default_hold,0,False,3847.6850000000004,3847.685,-672.0450000000001
2025-11-06 15:15:00+00:00,10.4314,hold,hold,default_hold,hold,execute_default_hold,0,False,3847.6850000000004,3847.685,-672.0450000000001
2025-11-06 15:30:00+00:00,10.5595,hold,hold,default_hold,hold,execute_default_hold,0,False,3847.6850000000004,3847.685,-672.0450000000001
2025-11-06 15:45:00+00:00,10.35,hold,hold,default_hold,hold,execute_default_hold,0,False,3847.6850000000004,3847.685,-672.0450000000001
2025-11-06 16:00:00+00:00,10.305,hold,hold,default_hold,hold,execute_default_hold,0,False,3847.6850000000004,3847.685,-672.0450000000001
2025-11-06 16:15:00+00:00,10.295,hold,hold,default_hold,hold,execute_default_hold,0,False,3847.6850000000004,3847.685,-672.0450000000001
2025-11-06 16:30:00+00:00,10.12,hold,hold,default_hold,hold,execute_default_hold,0,False,3847.6850000000004,3847.685,-672.0450000000001
2025-11-06 16:45:00+00:00,10.005,hold,hold,default_hold,hold,execute_default_hold,0,False,3847.6850000000004,3847.685,-672.0450000000001
2025-11-06 17:00:00+00:00,10.0634,hold,hold,default_hold,hold,execute_default_hold,0,False,3847.6850000000004,3847.685,-672.0450000000001
2025-11-06 17:15:00+00:00,10.03,hold,hold,default_hold,hold,execute_default_hold,0,False,3847.6850000000004,3847.685,-672.0450000000001
2025-11-06 17:30:00+00:00,10.025,hold,hold,default_hold,hold,execute_default_hold,0,False,3847.6850000000004,3847.685,-672.0450000000001
2025-11-06 17:45:00+00:00,10.1413,hold,hold,default_hold,hold,execute_default_hold,0,False,3847.6850000000004,3847.685,-672.0450000000001
2025-11-06 18:00:00+00:00,10.12,hold,hold,default_hold,hold,execute_default_hold,0,False,3847.6850000000004,3847.685,-672.0450000000001
2025-11-06 18:15:00+00:00,10.755,hold,hold,default_hold,hold,execute_default_hold,0,False,3847.6850000000004,3847.685,-672.0450000000001
2025-11-06 18:30:00+00:00,10.67,hold,hold,default_hold,hold,execute_default_hold,0,False,3847.6850000000004,3847.685,-672.0450000000001
2025-11-06 18:45:00+00:00,10.55,hold,hold,default_hold,hold,execute_default_hold,0,False,3847.6850000000004,3847.685,-672.0450000000001
2025-11-06 19:00:00+00:00,10.3384,hold,hold,default_hold,hold,execute_default_hold,0,False,3847.6850000000004,3847.685,-672.0450000000001
2025-11-06 19:15:00+00:00,10.3876,hold,hold,default_hold,hold,execute_default_hold,0,False,3847.6850000000004,3847.685,-672.0450000000001
2025-11-06 19:30:00+00:00,10.39,buy,buy,trend_buy,buy,weak_trend_limited_buy,50,True,3847.6850000000004,3847.685,-672.0450000000001
2025-11-06 19:45:00+00:00,10.67,hold,hold,default_hold,hold,execute_default_hold,0,False,3861.6850000000004,3847.685,-658.0450000000001
2025-11-06 20:00:00+00:00,10.48,hold,hold,default_hold,hold,execute_default_hold,0,False,3852.1850000000004,3847.685,-667.5450000000001
2025-11-06 20:15:00+00:00,10.29,hold,hold,default_hold,hold,execute_default_hold,0,False,3842.6850000000004,3847.685,-677.0450000000001
2025-11-06 20:30:00+00:00,10.3042,hold,hold,default_hold,hold,execute_default_hold,0,False,3843.3950000000004,3847.685,-676.335
2025-11-06 20:45:00+00:00,10.21,hold,hold,default_hold,hold,execute_default_hold,0,False,3838.6850000000004,3847.685,-681.0450000000001
2025-11-06 21:00:00+00:00,10.055,hold,hold,default_hold,hold,execute_default_hold,0,False,3830.9350000000004,3847.685,-688.7950000000001
2025-11-07 14:30:00+00:00,9.7511,reduce,reduce,trim_in_trend,reduce,reduce_limited,50,True,3815.7400000000002,3815.74,-703.9900000000002
2025-11-07 14:45:00+00:00,9.975,hold,hold,default_hold,hold,execute_default_hold,0,False,3815.7400000000002,3815.74,-703.9900000000002
2025-11-07 15:00:00+00:00,10.045,hold,hold,default_hold,hold,execute_default_hold,0,False,3815.7400000000002,3815.74,-703.9900000000002
2025-11-07 15:15:00+00:00,9.96,hold,hold,default_hold,hold,execute_default_hold,0,False,3815.7400000000002,3815.74,-703.9900000000002
2025-11-07 15:30:00+00:00,10.0,hold,hold,default_hold,hold,execute_default_hold,0,False,3815.7400000000002,3815.74,-703.9900000000002
2025-11-07 15:45:00+00:00,10.05,hold,hold,default_hold,hold,execute_default_hold,0,False,3815.7400000000002,3815.74,-703.9900000000002
2025-11-07 16:00:00+00:00,9.9,hold,hold,default_hold,hold,execute_default_hold,0,False,3815.7400000000002,3815.74,-703.9900000000002
2025-11-07 16:15:00+00:00,9.77,hold,hold,default_hold,hold,execute_default_hold,0,False,3815.7400000000002,3815.74,-703.9900000000002
2025-11-07 16:30:00+00:00,9.8027,hold,hold,default_hold,hold,execute_default_hold,0,False,3815.7400000000002,3815.74,-703.9900000000002
2025-11-07 16:45:00+00:00,9.75,hold,hold,default_hold,hold,execute_default_hold,0,False,3815.7400000000002,3815.74,-703.9900000000002
2025-11-07 17:00:00+00:00,9.61,hold,hold,default_hold,hold,execute_default_hold,0,False,3815.7400000000002,3815.74,-703.9900000000002
2025-11-07 17:15:00+00:00,9.8,hold,hold,default_hold,hold,execute_default_hold,0,False,3815.7400000000002,3815.74,-703.9900000000002
2025-11-07 17:30:00+00:00,9.95,hold,hold,default_hold,hold,execute_default_hold,0,False,3815.7400000000002,3815.74,-703.9900000000002
2025-11-07 17:45:00+00:00,9.8704,hold,hold,default_hold,hold,execute_default_hold,0,False,3815.7400000000002,3815.74,-703.9900000000002
2025-11-07 18:00:00+00:00,10.0142,hold,hold,default_hold,hold,execute_default_hold,0,False,3815.7400000000002,3815.74,-703.9900000000002
2025-11-07 18:15:00+00:00,10.0,hold,hold,default_hold,hold,execute_default_hold,0,False,3815.7400000000002,3815.74,-703.9900000000002
2025-11-07 18:30:00+00:00,10.0,hold,hold,default_hold,hold,execute_default_hold,0,False,3815.7400000000002,3815.74,-703.9900000000002
2025-11-07 18:45:00+00:00,10.1992,hold,hold,default_hold,hold,execute_default_hold,0,False,3815.7400000000002,3815.74,-703.9900000000002
2025-11-07 19:00:00+00:00,10.39,buy,buy,trend_buy,buy,drawdown_limited_trend,50,True,3815.7400000000002,3815.74,-703.9900000000002
2025-11-07 19:15:00+00:00,10.8401,hold,hold,default_hold,hold,execute_default_hold,0,False,3838.2450000000003,3815.74,-681.4850000000001
2025-11-07 19:30:00+00:00,10.81,hold,hold,default_hold,hold,execute_default_hold,0,False,3836.7400000000002,3815.74,-682.9900000000002
2025-11-07 19:45:00+00:00,10.845,hold,hold,default_hold,hold,execute_default_hold,0,False,3838.4900000000002,3815.74,-681.2400000000002
2025-11-07 20:00:00+00:00,10.83,hold,hold,default_hold,hold,execute_default_hold,0,False,3837.7400000000002,3815.74,-681.9900000000002
2025-11-07 20:15:00+00:00,10.666,hold,hold,default_hold,hold,execute_default_hold,0,False,3829.5400000000004,3815.74,-690.19
2025-11-07 20:30:00+00:00,10.615,hold,hold,default_hold,hold,execute_default_hold,0,False,3826.9900000000002,3815.74,-692.7400000000002
2025-11-07 20:45:00+00:00,10.64,hold,hold,default_hold,hold,execute_default_hold,0,False,3828.2400000000002,3815.74,-691.4900000000002
2025-11-07 21:00:00+00:00,10.76,hold,hold,default_hold,hold,execute_default_hold,0,False,3834.2400000000002,3815.74,-685.4900000000002
2025-11-10 14:30:00+00:00,10.93,hold,hold,default_hold,hold,execute_default_hold,0,False,3842.7400000000002,3815.74,-676.9900000000002
2025-11-10 14:45:00+00:00,11.27,hold,hold,default_hold,hold,execute_default_hold,0,False,3859.7400000000002,3815.74,-659.9900000000002
2025-11-10 15:00:00+00:00,11.469,hold,hold,default_hold,hold,execute_default_hold,0,False,3869.69,3815.74,-650.0400000000004
2025-11-10 15:15:00+00:00,11.16,hold,hold,default_hold,hold,execute_default_hold,0,False,3854.2400000000002,3815.74,-665.4900000000002
2025-11-10 15:30:00+00:00,11.0753,hold,hold,default_hold,hold,execute_default_hold,0,False,3850.005,3815.74,-669.7250000000004
2025-11-10 15:45:00+00:00,11.02,hold,hold,default_hold,hold,execute_default_hold,0,False,3847.2400000000002,3815.74,-672.4900000000002
2025-11-10 16:00:00+00:00,10.8101,hold,hold,default_hold,hold,execute_default_hold,0,False,3836.7450000000003,3815.74,-682.9850000000001
2025-11-10 16:15:00+00:00,10.775,hold,hold,default_hold,hold,execute_default_hold,0,False,3834.9900000000002,3815.74,-684.7400000000002
2025-11-10 16:30:00+00:00,10.6,reduce,reduce,trim_in_trend,reduce,reduce_limited,50,True,3826.2400000000002,3826.24,-693.4900000000002
2025-11-10 16:45:00+00:00,10.725,hold,hold,default_hold,hold,execute_default_hold,0,False,3826.2400000000002,3826.24,-693.4900000000002
2025-11-10 17:00:00+00:00,10.8395,hold,hold,default_hold,hold,execute_default_hold,0,False,3826.2400000000002,3826.24,-693.4900000000002
2025-11-10 17:15:00+00:00,10.905,hold,hold,default_hold,hold,execute_default_hold,0,False,3826.2400000000002,3826.24,-693.4900000000002
2025-11-10 17:30:00+00:00,10.9,hold,hold,default_hold,hold,execute_default_hold,0,False,3826.2400000000002,3826.24,-693.4900000000002
2025-11-10 17:45:00+00:00,10.995,hold,hold,default_hold,hold,execute_default_hold,0,False,3826.2400000000002,3826.24,-693.4900000000002
2025-11-10 18:00:00+00:00,10.92,hold,hold,default_hold,hold,execute_default_hold,0,False,3826.2400000000002,3826.24,-693.4900000000002
2025-11-10 18:15:00+00:00,10.7501,hold,hold,default_hold,hold,execute_default_hold,0,False,3826.2400000000002,3826.24,-693.4900000000002
2025-11-10 18:30:00+00:00,10.67,hold,hold,default_hold,hold,execute_default_hold,0,False,3826.2400000000002,3826.24,-693.4900000000002
2025-11-10 18:45:00+00:00,10.66,hold,hold,default_hold,hold,execute_default_hold,0,False,3826.2400000000002,3826.24,-693.4900000000002
2025-11-10 19:00:00+00:00,10.63,hold,hold,default_hold,hold,execute_default_hold,0,False,3826.2400000000002,3826.24,-693.4900000000002
2025-11-10 19:15:00+00:00,10.6666,hold,hold,default_hold,hold,execute_default_hold,0,False,3826.2400000000002,3826.24,-693.4900000000002
2025-11-10 19:30:00+00:00,10.62,hold,hold,default_hold,hold,execute_default_hold,0,False,3826.2400000000002,3826.24,-693.4900000000002
2025-11-10 19:45:00+00:00,10.615,hold,hold,default_hold,hold,execute_default_hold,0,False,3826.2400000000002,3826.24,-693.4900000000002
2025-11-10 20:00:00+00:00,10.585,hold,hold,default_hold,hold,execute_default_hold,0,False,3826.2400000000002,3826.24,-693.4900000000002
2025-11-10 20:15:00+00:00,10.42,hold,hold,default_hold,hold,execute_default_hold,0,False,3826.2400000000002,3826.24,-693.4900000000002
2025-11-10 20:30:00+00:00,10.43,hold,hold,default_hold,hold,execute_default_hold,0,False,3826.2400000000002,3826.24,-693.4900000000002
2025-11-10 20:45:00+00:00,10.4207,hold,hold,default_hold,hold,execute_default_hold,0,False,3826.2400000000002,3826.24,-693.4900000000002
2025-11-10 21:00:00+00:00,10.3,hold,hold,default_hold,hold,execute_default_hold,0,False,3826.2400000000002,3826.24,-693.4900000000002
2025-11-11 14:30:00+00:00,10.06,hold,hold,default_hold,hold,execute_default_hold,0,False,3826.2400000000002,3826.24,-693.4900000000002
2025-11-11 14:45:00+00:00,10.33,hold,hold,default_hold,hold,execute_default_hold,0,False,3826.2400000000002,3826.24,-693.4900000000002
2025-11-11 15:00:00+00:00,10.48,hold,hold,default_hold,hold,execute_default_hold,0,False,3826.2400000000002,3826.24,-693.4900000000002
2025-11-11 15:15:00+00:00,10.23,hold,hold,default_hold,hold,execute_default_hold,0,False,3826.2400000000002,3826.24,-693.4900000000002
2025-11-11 15:30:00+00:00,10.14,hold,hold,default_hold,hold,execute_default_hold,0,False,3826.2400000000002,3826.24,-693.4900000000002
2025-11-11 15:45:00+00:00,10.245,hold,hold,default_hold,hold,execute_default_hold,0,False,3826.2400000000002,3826.24,-693.4900000000002
2025-11-11 16:00:00+00:00,10.2094,hold,hold,default_hold,hold,execute_default_hold,0,False,3826.2400000000002,3826.24,-693.4900000000002
2025-11-11 16:15:00+00:00,10.255,hold,hold,default_hold,hold,execute_default_hold,0,False,3826.2400000000002,3826.24,-693.4900000000002
2025-11-11 16:30:00+00:00,10.215,hold,hold,default_hold,hold,execute_default_hold,0,False,3826.2400000000002,3826.24,-693.4900000000002
2025-11-11 16:45:00+00:00,10.245,hold,hold,default_hold,hold,execute_default_hold,0,False,3826.2400000000002,3826.24,-693.4900000000002
2025-11-11 17:00:00+00:00,10.285,hold,hold,default_hold,hold,execute_default_hold,0,False,3826.2400000000002,3826.24,-693.4900000000002
2025-11-11 17:15:00+00:00,10.2,hold,hold,default_hold,hold,execute_default_hold,0,False,3826.2400000000002,3826.24,-693.4900000000002
2025-11-11 17:30:00+00:00,10.15,hold,hold,default_hold,hold,execute_default_hold,0,False,3826.2400000000002,3826.24,-693.4900000000002
2025-11-11 17:45:00+00:00,10.1,hold,hold,default_hold,hold,execute_default_hold,0,False,3826.2400000000002,3826.24,-693.4900000000002
2025-11-11 18:00:00+00:00,10.075,hold,hold,default_hold,hold,execute_default_hold,0,False,3826.2400000000002,3826.24,-693.4900000000002
2025-11-11 18:15:00+00:00,10.04,hold,hold,default_hold,hold,execute_default_hold,0,False,3826.2400000000002,3826.24,-693.4900000000002
2025-11-11 18:30:00+00:00,10.13,hold,hold,default_hold,hold,execute_default_hold,0,False,3826.2400000000002,3826.24,-693.4900000000002
2025-11-11 18:45:00+00:00,10.1095,hold,hold,default_hold,hold,execute_default_hold,0,False,3826.2400000000002,3826.24,-693.4900000000002
2025-11-11 19:00:00+00:00,10.19,hold,hold,default_hold,hold,execute_default_hold,0,False,3826.2400000000002,3826.24,-693.4900000000002
2025-11-11 19:15:00+00:00,10.1765,hold,hold,default_hold,hold,execute_default_hold,0,False,3826.2400000000002,3826.24,-693.4900000000002
2025-11-11 19:30:00+00:00,10.13,hold,hold,default_hold,hold,execute_default_hold,0,False,3826.2400000000002,3826.24,-693.4900000000002
2025-11-11 19:45:00+00:00,10.0282,hold,hold,default_hold,hold,execute_default_hold,0,False,3826.2400000000002,3826.24,-693.4900000000002
2025-11-11 20:00:00+00:00,10.04,hold,hold,default_hold,hold,execute_default_hold,0,False,3826.2400000000002,3826.24,-693.4900000000002
2025-11-11 20:15:00+00:00,10.065,hold,hold,default_hold,hold,execute_default_hold,0,False,3826.2400000000002,3826.24,-693.4900000000002
2025-11-11 20:30:00+00:00,9.92,hold,hold,default_hold,hold,execute_default_hold,0,False,3826.2400000000002,3826.24,-693.4900000000002
2025-11-11 20:45:00+00:00,9.94,hold,hold,default_hold,hold,execute_default_hold,0,False,3826.2400000000002,3826.24,-693.4900000000002
2025-11-11 21:00:00+00:00,9.775,hold,hold,default_hold,hold,execute_default_hold,0,False,3826.2400000000002,3826.24,-693.4900000000002
2025-11-12 14:30:00+00:00,10.06,hold,hold,default_hold,hold,execute_default_hold,0,False,3826.2400000000002,3826.24,-693.4900000000002
2025-11-12 14:45:00+00:00,10.08,hold,hold,default_hold,hold,execute_default_hold,0,False,3826.2400000000002,3826.24,-693.4900000000002
2025-11-12 15:00:00+00:00,10.3,hold,hold,default_hold,hold,execute_default_hold,0,False,3826.2400000000002,3826.24,-693.4900000000002
2025-11-12 15:15:00+00:00,10.075,hold,hold,default_hold,hold,execute_default_hold,0,False,3826.2400000000002,3826.24,-693.4900000000002
2025-11-12 15:30:00+00:00,9.945,hold,hold,default_hold,hold,execute_default_hold,0,False,3826.2400000000002,3826.24,-693.4900000000002
2025-11-12 15:45:00+00:00,9.7,hold,hold,default_hold,hold,execute_default_hold,0,False,3826.2400000000002,3826.24,-693.4900000000002
2025-11-12 16:00:00+00:00,9.446,hold,hold,default_hold,hold,execute_default_hold,0,False,3826.2400000000002,3826.24,-693.4900000000002
2025-11-12 16:15:00+00:00,9.32,hold,hold,default_hold,hold,execute_default_hold,0,False,3826.2400000000002,3826.24,-693.4900000000002
2025-11-12 16:30:00+00:00,9.5,hold,hold,default_hold,hold,execute_default_hold,0,False,3826.2400000000002,3826.24,-693.4900000000002
2025-11-12 16:45:00+00:00,9.42,hold,hold,default_hold,hold,execute_default_hold,0,False,3826.2400000000002,3826.24,-693.4900000000002
2025-11-12 17:00:00+00:00,9.4049,hold,hold,default_hold,hold,execute_default_hold,0,False,3826.2400000000002,3826.24,-693.4900000000002
2025-11-12 17:15:00+00:00,9.355,hold,hold,default_hold,hold,execute_default_hold,0,False,3826.2400000000002,3826.24,-693.4900000000002
2025-11-12 17:30:00+00:00,9.3504,hold,hold,default_hold,hold,execute_default_hold,0,False,3826.2400000000002,3826.24,-693.4900000000002
2025-11-12 17:45:00+00:00,9.54,hold,hold,default_hold,hold,execute_default_hold,0,False,3826.2400000000002,3826.24,-693.4900000000002
2025-11-12 18:00:00+00:00,9.5455,hold,hold,default_hold,hold,execute_default_hold,0,False,3826.2400000000002,3826.24,-693.4900000000002
2025-11-12 18:15:00+00:00,9.5501,hold,hold,default_hold,hold,execute_default_hold,0,False,3826.2400000000002,3826.24,-693.4900000000002
2025-11-12 18:30:00+00:00,9.48,hold,hold,default_hold,hold,execute_default_hold,0,False,3826.2400000000002,3826.24,-693.4900000000002
2025-11-12 18:45:00+00:00,9.47,hold,hold,default_hold,hold,execute_default_hold,0,False,3826.2400000000002,3826.24,-693.4900000000002
2025-11-12 19:00:00+00:00,9.56,hold,hold,default_hold,hold,execute_default_hold,0,False,3826.2400000000002,3826.24,-693.4900000000002
2025-11-12 19:15:00+00:00,9.582,hold,hold,default_hold,hold,execute_default_hold,0,False,3826.2400000000002,3826.24,-693.4900000000002
2025-11-12 19:30:00+00:00,9.565,hold,hold,default_hold,hold,execute_default_hold,0,False,3826.2400000000002,3826.24,-693.4900000000002
2025-11-12 19:45:00+00:00,9.53,hold,hold,default_hold,hold,execute_default_hold,0,False,3826.2400000000002,3826.24,-693.4900000000002
2025-11-12 20:00:00+00:00,9.54,hold,hold,default_hold,hold,execute_default_hold,0,False,3826.2400000000002,3826.24,-693.4900000000002
2025-11-12 20:15:00+00:00,9.53,hold,hold,default_hold,hold,execute_default_hold,0,False,3826.2400000000002,3826.24,-693.4900000000002
2025-11-12 20:30:00+00:00,9.62,buy,buy,trend_buy,buy,weak_trend_limited_buy,50,True,3826.2400000000002,3826.24,-693.4900000000002
2025-11-12 20:45:00+00:00,9.64,hold,hold,default_hold,hold,execute_default_hold,0,False,3827.2400000000002,3826.24,-692.4900000000002
2025-11-12 21:00:00+00:00,9.715,hold,hold,default_hold,hold,execute_default_hold,0,False,3830.9900000000002,3826.24,-688.7400000000002
2025-11-13 14:30:00+00:00,9.525,avoid,hold,avoid_hold,hold,execute_avoid_hold,0,False,3821.4900000000002,3826.24,-698.2400000000002
2025-11-13 14:45:00+00:00,9.795,hold,hold,default_hold,hold,execute_default_hold,0,False,3834.9900000000002,3826.24,-684.7400000000002
2025-11-13 15:00:00+00:00,9.8094,hold,hold,default_hold,hold,execute_default_hold,0,False,3835.71,3826.24,-684.0200000000004
2025-11-13 15:15:00+00:00,10.1,hold,hold,default_hold,hold,execute_default_hold,0,False,3850.2400000000002,3826.24,-669.4900000000002
2025-11-13 15:30:00+00:00,9.73,hold,hold,default_hold,hold,execute_default_hold,0,False,3831.7400000000002,3826.24,-687.9900000000002
2025-11-13 15:45:00+00:00,9.5295,sell,sell,alpha_sell,sell,execute_alpha_sell,50,True,3821.715,3821.7149999999997,-698.0150000000003
2025-11-13 16:00:00+00:00,9.52,hold,hold,default_hold,hold,execute_default_hold,0,False,3821.715,3821.7149999999997,-698.0150000000003
2025-11-13 16:15:00+00:00,9.3135,hold,hold,default_hold,hold,execute_default_hold,0,False,3821.715,3821.7149999999997,-698.0150000000003
2025-11-13 16:30:00+00:00,9.24,hold,hold,default_hold,hold,execute_default_hold,0,False,3821.715,3821.7149999999997,-698.0150000000003
2025-11-13 16:45:00+00:00,9.13,reduce,hold,no_position,hold,execute_no_position,0,False,3821.715,3821.7149999999997,-698.0150000000003
2025-11-13 17:00:00+00:00,9.145,hold,hold,default_hold,hold,execute_default_hold,0,False,3821.715,3821.7149999999997,-698.0150000000003
2025-11-13 17:15:00+00:00,9.18,hold,hold,default_hold,hold,execute_default_hold,0,False,3821.715,3821.7149999999997,-698.0150000000003
2025-11-13 17:30:00+00:00,9.26,hold,hold,default_hold,hold,execute_default_hold,0,False,3821.715,3821.7149999999997,-698.0150000000003
2025-11-13 17:45:00+00:00,9.11,hold,hold,default_hold,hold,execute_default_hold,0,False,3821.715,3821.7149999999997,-698.0150000000003
2025-11-13 18:00:00+00:00,9.12,hold,hold,default_hold,hold,execute_default_hold,0,False,3821.715,3821.7149999999997,-698.0150000000003
2025-11-13 18:15:00+00:00,9.01,hold,hold,default_hold,hold,execute_default_hold,0,False,3821.715,3821.7149999999997,-698.0150000000003
2025-11-13 18:30:00+00:00,8.9655,hold,hold,default_hold,hold,execute_default_hold,0,False,3821.715,3821.7149999999997,-698.0150000000003
2025-11-13 18:45:00+00:00,8.965,hold,hold,default_hold,hold,execute_default_hold,0,False,3821.715,3821.7149999999997,-698.0150000000003
2025-11-13 19:00:00+00:00,8.91,hold,hold,default_hold,hold,execute_default_hold,0,False,3821.715,3821.7149999999997,-698.0150000000003
2025-11-13 19:15:00+00:00,8.85,hold,hold,default_hold,hold,execute_default_hold,0,False,3821.715,3821.7149999999997,-698.0150000000003
2025-11-13 19:30:00+00:00,8.88,hold,hold,default_hold,hold,execute_default_hold,0,False,3821.715,3821.7149999999997,-698.0150000000003
2025-11-13 19:45:00+00:00,8.8606,hold,hold,default_hold,hold,execute_default_hold,0,False,3821.715,3821.7149999999997,-698.0150000000003
2025-11-13 20:00:00+00:00,8.84,hold,hold,default_hold,hold,execute_default_hold,0,False,3821.715,3821.7149999999997,-698.0150000000003
2025-11-13 20:15:00+00:00,8.78,hold,hold,default_hold,hold,execute_default_hold,0,False,3821.715,3821.7149999999997,-698.0150000000003
2025-11-13 20:30:00+00:00,8.89,hold,hold,default_hold,hold,execute_default_hold,0,False,3821.715,3821.7149999999997,-698.0150000000003
2025-11-13 20:45:00+00:00,8.87,hold,hold,default_hold,hold,execute_default_hold,0,False,3821.715,3821.7149999999997,-698.0150000000003
2025-11-13 21:00:00+00:00,8.85,hold,hold,default_hold,hold,execute_default_hold,0,False,3821.715,3821.7149999999997,-698.0150000000003
2025-11-14 14:30:00+00:00,8.582,hold,hold,default_hold,hold,execute_default_hold,0,False,3821.715,3821.7149999999997,-698.0150000000003
2025-11-14 14:45:00+00:00,8.61,hold,hold,default_hold,hold,execute_default_hold,0,False,3821.715,3821.7149999999997,-698.0150000000003
2025-11-14 15:00:00+00:00,8.715,hold,hold,default_hold,hold,execute_default_hold,0,False,3821.715,3821.7149999999997,-698.0150000000003
2025-11-14 15:15:00+00:00,8.73,hold,hold,default_hold,hold,execute_default_hold,0,False,3821.715,3821.7149999999997,-698.0150000000003
2025-11-14 15:30:00+00:00,8.896,avoid,hold,avoid_no_position,hold,execute_avoid_no_position,0,False,3821.715,3821.7149999999997,-698.0150000000003
2025-11-14 15:45:00+00:00,9.045,sell,hold,no_position,hold,execute_no_position,0,False,3821.715,3821.7149999999997,-698.0150000000003
2025-11-14 16:00:00+00:00,9.15,hold,hold,default_hold,hold,execute_default_hold,0,False,3821.715,3821.7149999999997,-698.0150000000003
2025-11-14 16:15:00+00:00,9.22,hold,hold,default_hold,hold,execute_default_hold,0,False,3821.715,3821.7149999999997,-698.0150000000003
2025-11-14 16:30:00+00:00,9.32,avoid,hold,avoid_no_position,hold,execute_avoid_no_position,0,False,3821.715,3821.7149999999997,-698.0150000000003
2025-11-14 16:45:00+00:00,9.1401,hold,hold,default_hold,hold,execute_default_hold,0,False,3821.715,3821.7149999999997,-698.0150000000003
2025-11-14 17:00:00+00:00,9.05,hold,hold,default_hold,hold,execute_default_hold,0,False,3821.715,3821.7149999999997,-698.0150000000003
2025-11-14 17:15:00+00:00,8.99,hold,hold,default_hold,hold,execute_default_hold,0,False,3821.715,3821.7149999999997,-698.0150000000003
2025-11-14 17:30:00+00:00,8.925,hold,hold,default_hold,hold,execute_default_hold,0,False,3821.715,3821.7149999999997,-698.0150000000003
2025-11-14 17:45:00+00:00,8.97,hold,hold,default_hold,hold,execute_default_hold,0,False,3821.715,3821.7149999999997,-698.0150000000003
2025-11-14 18:00:00+00:00,8.92,hold,hold,default_hold,hold,execute_default_hold,0,False,3821.715,3821.7149999999997,-698.0150000000003
2025-11-14 18:15:00+00:00,8.99,sell,hold,no_position,hold,execute_no_position,0,False,3821.715,3821.7149999999997,-698.0150000000003
2025-11-14 18:30:00+00:00,8.965,hold,hold,default_hold,hold,execute_default_hold,0,False,3821.715,3821.7149999999997,-698.0150000000003
2025-11-14 18:45:00+00:00,8.94,hold,hold,default_hold,hold,execute_default_hold,0,False,3821.715,3821.7149999999997,-698.0150000000003
2025-11-14 19:00:00+00:00,9.045,hold,hold,default_hold,hold,execute_default_hold,0,False,3821.715,3821.7149999999997,-698.0150000000003
2025-11-14 19:15:00+00:00,9.08,hold,hold,default_hold,hold,execute_default_hold,0,False,3821.715,3821.7149999999997,-698.0150000000003
2025-11-14 19:30:00+00:00,9.08,avoid,hold,avoid_no_position,hold,execute_avoid_no_position,0,False,3821.715,3821.7149999999997,-698.0150000000003
2025-11-14 19:45:00+00:00,9.06,hold,hold,default_hold,hold,execute_default_hold,0,False,3821.715,3821.7149999999997,-698.0150000000003
2025-11-14 20:00:00+00:00,9.115,sell,hold,no_position,hold,execute_no_position,0,False,3821.715,3821.7149999999997,-698.0150000000003
2025-11-14 20:15:00+00:00,9.0007,avoid,hold,avoid_no_position,hold,execute_avoid_no_position,0,False,3821.715,3821.7149999999997,-698.0150000000003
2025-11-14 20:30:00+00:00,8.97,hold,hold,default_hold,hold,execute_default_hold,0,False,3821.715,3821.7149999999997,-698.0150000000003
2025-11-14 20:45:00+00:00,8.905,reduce,hold,no_position,hold,execute_no_position,0,False,3821.715,3821.7149999999997,-698.0150000000003
2025-11-14 21:00:00+00:00,9.09,avoid,hold,avoid_no_position,hold,execute_avoid_no_position,0,False,3821.715,3821.7149999999997,-698.0150000000003
2025-11-17 14:30:00+00:00,8.66,reduce,hold,no_position,hold,execute_no_position,0,False,3821.715,3821.7149999999997,-698.0150000000003
2025-11-17 14:45:00+00:00,8.68,hold,hold,default_hold,hold,execute_default_hold,0,False,3821.715,3821.7149999999997,-698.0150000000003
2025-11-17 15:00:00+00:00,8.47,hold,hold,default_hold,hold,execute_default_hold,0,False,3821.715,3821.7149999999997,-698.0150000000003
2025-11-17 15:15:00+00:00,8.445,hold,hold,default_hold,hold,execute_default_hold,0,False,3821.715,3821.7149999999997,-698.0150000000003
2025-11-17 15:30:00+00:00,8.45,hold,hold,default_hold,hold,execute_default_hold,0,False,3821.715,3821.7149999999997,-698.0150000000003
2025-11-17 15:45:00+00:00,8.3307,hold,hold,default_hold,hold,execute_default_hold,0,False,3821.715,3821.7149999999997,-698.0150000000003
2025-11-17 16:00:00+00:00,8.3097,hold,hold,default_hold,hold,execute_default_hold,0,False,3821.715,3821.7149999999997,-698.0150000000003
2025-11-17 16:15:00+00:00,8.22,hold,hold,default_hold,hold,execute_default_hold,0,False,3821.715,3821.7149999999997,-698.0150000000003
2025-11-17 16:30:00+00:00,8.405,hold,hold,default_hold,hold,execute_default_hold,0,False,3821.715,3821.7149999999997,-698.0150000000003
2025-11-17 16:45:00+00:00,8.452,hold,hold,default_hold,hold,execute_default_hold,0,False,3821.715,3821.7149999999997,-698.0150000000003
2025-11-17 17:00:00+00:00,8.4313,hold,hold,default_hold,hold,execute_default_hold,0,False,3821.715,3821.7149999999997,-698.0150000000003
2025-11-17 17:15:00+00:00,8.43,hold,hold,default_hold,hold,execute_default_hold,0,False,3821.715,3821.7149999999997,-698.0150000000003
2025-11-17 17:30:00+00:00,8.4115,hold,hold,default_hold,hold,execute_default_hold,0,False,3821.715,3821.7149999999997,-698.0150000000003
2025-11-17 17:45:00+00:00,8.34,hold,hold,default_hold,hold,execute_default_hold,0,False,3821.715,3821.7149999999997,-698.0150000000003
2025-11-17 18:00:00+00:00,8.335,hold,hold,default_hold,hold,execute_default_hold,0,False,3821.715,3821.7149999999997,-698.0150000000003
2025-11-17 18:15:00+00:00,8.3,hold,hold,default_hold,hold,execute_default_hold,0,False,3821.715,3821.7149999999997,-698.0150000000003
2025-11-17 18:30:00+00:00,8.275,hold,hold,default_hold,hold,execute_default_hold,0,False,3821.715,3821.7149999999997,-698.0150000000003
2025-11-17 18:45:00+00:00,8.28,avoid,hold,avoid_no_position,hold,execute_avoid_no_position,0,False,3821.715,3821.7149999999997,-698.0150000000003
2025-11-17 19:00:00+00:00,8.25,reduce,hold,no_position,hold,execute_no_position,0,False,3821.715,3821.7149999999997,-698.0150000000003
2025-11-17 19:15:00+00:00,8.09,hold,hold,default_hold,hold,execute_default_hold,0,False,3821.715,3821.7149999999997,-698.0150000000003
2025-11-17 19:30:00+00:00,8.07,hold,hold,default_hold,hold,execute_default_hold,0,False,3821.715,3821.7149999999997,-698.0150000000003
2025-11-17 19:45:00+00:00,8.025,hold,hold,default_hold,hold,execute_default_hold,0,False,3821.715,3821.7149999999997,-698.0150000000003
2025-11-17 20:00:00+00:00,8.0399,hold,hold,default_hold,hold,execute_default_hold,0,False,3821.715,3821.7149999999997,-698.0150000000003
2025-11-17 20:15:00+00:00,8.06,hold,hold,default_hold,hold,execute_default_hold,0,False,3821.715,3821.7149999999997,-698.0150000000003
2025-11-17 20:30:00+00:00,8.095,hold,hold,default_hold,hold,execute_default_hold,0,False,3821.715,3821.7149999999997,-698.0150000000003
2025-11-17 20:45:00+00:00,8.135,hold,hold,default_hold,hold,execute_default_hold,0,False,3821.715,3821.7149999999997,-698.0150000000003
2025-11-17 21:00:00+00:00,8.285,avoid,hold,avoid_no_position,hold,execute_avoid_no_position,0,False,3821.715,3821.7149999999997,-698.0150000000003
2025-11-18 14:30:00+00:00,8.225,reduce,hold,no_position,hold,execute_no_position,0,False,3821.715,3821.7149999999997,-698.0150000000003
2025-11-18 14:45:00+00:00,8.39,sell,hold,no_position,hold,execute_no_position,0,False,3821.715,3821.7149999999997,-698.0150000000003
2025-11-18 15:00:00+00:00,8.4299,hold,hold,default_hold,hold,execute_default_hold,0,False,3821.715,3821.7149999999997,-698.0150000000003
2025-11-18 15:15:00+00:00,8.26,avoid,hold,avoid_no_position,hold,execute_avoid_no_position,0,False,3821.715,3821.7149999999997,-698.0150000000003
2025-11-18 15:30:00+00:00,8.45,sell,hold,no_position,hold,execute_no_position,0,False,3821.715,3821.7149999999997,-698.0150000000003
2025-11-18 15:45:00+00:00,8.35,avoid,hold,avoid_no_position,hold,execute_avoid_no_position,0,False,3821.715,3821.7149999999997,-698.0150000000003
2025-11-18 16:00:00+00:00,8.27,hold,hold,default_hold,hold,execute_default_hold,0,False,3821.715,3821.7149999999997,-698.0150000000003
2025-11-18 16:15:00+00:00,8.315,hold,hold,default_hold,hold,execute_default_hold,0,False,3821.715,3821.7149999999997,-698.0150000000003
2025-11-18 16:30:00+00:00,8.415,hold,hold,default_hold,hold,execute_default_hold,0,False,3821.715,3821.7149999999997,-698.0150000000003
2025-11-18 16:45:00+00:00,8.4,hold,hold,default_hold,hold,execute_default_hold,0,False,3821.715,3821.7149999999997,-698.0150000000003
2025-11-18 17:00:00+00:00,8.36,hold,hold,default_hold,hold,execute_default_hold,0,False,3821.715,3821.7149999999997,-698.0150000000003
2025-11-18 17:15:00+00:00,8.31,sell,hold,no_position,hold,execute_no_position,0,False,3821.715,3821.7149999999997,-698.0150000000003
2025-11-18 17:30:00+00:00,8.24,hold,hold,default_hold,hold,execute_default_hold,0,False,3821.715,3821.7149999999997,-698.0150000000003
2025-11-18 17:45:00+00:00,8.375,avoid,hold,avoid_no_position,hold,execute_avoid_no_position,0,False,3821.715,3821.7149999999997,-698.0150000000003
2025-11-18 18:00:00+00:00,8.615,hold,hold,default_hold,hold,execute_default_hold,0,False,3821.715,3821.7149999999997,-698.0150000000003
2025-11-18 18:15:00+00:00,8.655,hold,hold,default_hold,hold,execute_default_hold,0,False,3821.715,3821.7149999999997,-698.0150000000003
2025-11-18 18:30:00+00:00,8.6,hold,hold,default_hold,hold,execute_default_hold,0,False,3821.715,3821.7149999999997,-698.0150000000003
2025-11-18 18:45:00+00:00,8.625,hold,hold,default_hold,hold,execute_default_hold,0,False,3821.715,3821.7149999999997,-698.0150000000003
2025-11-18 19:00:00+00:00,8.61,hold,hold,default_hold,hold,execute_default_hold,0,False,3821.715,3821.7149999999997,-698.0150000000003
2025-11-18 19:15:00+00:00,8.57,hold,hold,default_hold,hold,execute_default_hold,0,False,3821.715,3821.7149999999997,-698.0150000000003
2025-11-18 19:30:00+00:00,8.575,hold,hold,default_hold,hold,execute_default_hold,0,False,3821.715,3821.7149999999997,-698.0150000000003
2025-11-18 19:45:00+00:00,8.53,hold,hold,default_hold,hold,execute_default_hold,0,False,3821.715,3821.7149999999997,-698.0150000000003
2025-11-18 20:00:00+00:00,8.545,hold,hold,default_hold,hold,execute_default_hold,0,False,3821.715,3821.7149999999997,-698.0150000000003
2025-11-18 20:15:00+00:00,8.5201,hold,hold,default_hold,hold,execute_default_hold,0,False,3821.715,3821.7149999999997,-698.0150000000003
2025-11-18 20:30:00+00:00,8.475,sell,hold,no_position,hold,execute_no_position,0,False,3821.715,3821.7149999999997,-698.0150000000003
2025-11-18 20:45:00+00:00,8.365,hold,hold,default_hold,hold,execute_default_hold,0,False,3821.715,3821.7149999999997,-698.0150000000003
2025-11-18 21:00:00+00:00,8.275,hold,hold,default_hold,hold,execute_default_hold,0,False,3821.715,3821.7149999999997,-698.0150000000003
2025-11-19 14:30:00+00:00,8.315,hold,hold,default_hold,hold,execute_default_hold,0,False,3821.715,3821.7149999999997,-698.0150000000003
2025-11-19 14:45:00+00:00,8.52,reduce,hold,no_position,hold,execute_no_position,0,False,3821.715,3821.7149999999997,-698.0150000000003
2025-11-19 15:00:00+00:00,8.605,sell,hold,no_position,hold,execute_no_position,0,False,3821.715,3821.7149999999997,-698.0150000000003
2025-11-19 15:15:00+00:00,8.8399,hold,hold,default_hold,hold,execute_default_hold,0,False,3821.715,3821.7149999999997,-698.0150000000003
2025-11-19 15:30:00+00:00,8.78,hold,hold,default_hold,hold,execute_default_hold,0,False,3821.715,3821.7149999999997,-698.0150000000003
2025-11-19 15:45:00+00:00,8.615,avoid,hold,avoid_no_position,hold,execute_avoid_no_position,0,False,3821.715,3821.7149999999997,-698.0150000000003
2025-11-19 16:00:00+00:00,8.425,reduce,hold,no_position,hold,execute_no_position,0,False,3821.715,3821.7149999999997,-698.0150000000003
2025-11-19 16:15:00+00:00,8.4851,avoid,hold,avoid_no_position,hold,execute_avoid_no_position,0,False,3821.715,3821.7149999999997,-698.0150000000003
2025-11-19 16:30:00+00:00,8.49,hold,hold,default_hold,hold,execute_default_hold,0,False,3821.715,3821.7149999999997,-698.0150000000003
2025-11-19 16:45:00+00:00,8.4,hold,hold,default_hold,hold,execute_default_hold,0,False,3821.715,3821.7149999999997,-698.0150000000003
2025-11-19 17:00:00+00:00,8.34,hold,hold,default_hold,hold,execute_default_hold,0,False,3821.715,3821.7149999999997,-698.0150000000003
2025-11-19 17:15:00+00:00,8.128,sell,hold,no_position,hold,execute_no_position,0,False,3821.715,3821.7149999999997,-698.0150000000003
2025-11-19 17:30:00+00:00,8.135,reduce,hold,no_position,hold,execute_no_position,0,False,3821.715,3821.7149999999997,-698.0150000000003
2025-11-19 17:45:00+00:00,8.205,hold,hold,default_hold,hold,execute_default_hold,0,False,3821.715,3821.7149999999997,-698.0150000000003
2025-11-19 18:00:00+00:00,8.17,hold,hold,default_hold,hold,execute_default_hold,0,False,3821.715,3821.7149999999997,-698.0150000000003
2025-11-19 18:15:00+00:00,8.2262,hold,hold,default_hold,hold,execute_default_hold,0,False,3821.715,3821.7149999999997,-698.0150000000003
2025-11-19 18:30:00+00:00,8.13,hold,hold,default_hold,hold,execute_default_hold,0,False,3821.715,3821.7149999999997,-698.0150000000003
2025-11-19 18:45:00+00:00,8.09,hold,hold,default_hold,hold,execute_default_hold,0,False,3821.715,3821.7149999999997,-698.0150000000003
2025-11-19 19:00:00+00:00,8.095,hold,hold,default_hold,hold,execute_default_hold,0,False,3821.715,3821.7149999999997,-698.0150000000003
2025-11-19 19:15:00+00:00,8.09,hold,hold,default_hold,hold,execute_default_hold,0,False,3821.715,3821.7149999999997,-698.0150000000003
2025-11-19 19:30:00+00:00,8.11,hold,hold,default_hold,hold,execute_default_hold,0,False,3821.715,3821.7149999999997,-698.0150000000003
2025-11-19 19:45:00+00:00,8.09,hold,hold,default_hold,hold,execute_default_hold,0,False,3821.715,3821.7149999999997,-698.0150000000003
2025-11-19 20:00:00+00:00,8.1434,avoid,hold,avoid_no_position,hold,execute_avoid_no_position,0,False,3821.715,3821.7149999999997,-698.0150000000003
2025-11-19 20:15:00+00:00,8.13,reduce,hold,no_position,hold,execute_no_position,0,False,3821.715,3821.7149999999997,-698.0150000000003
2025-11-19 20:30:00+00:00,8.14,hold,hold,default_hold,hold,execute_default_hold,0,False,3821.715,3821.7149999999997,-698.0150000000003
2025-11-19 20:45:00+00:00,8.0585,hold,hold,default_hold,hold,execute_default_hold,0,False,3821.715,3821.7149999999997,-698.0150000000003
2025-11-19 21:00:00+00:00,8.06,hold,hold,default_hold,hold,execute_default_hold,0,False,3821.715,3821.7149999999997,-698.0150000000003
2025-11-20 14:30:00+00:00,8.2503,avoid,hold,avoid_no_position,hold,execute_avoid_no_position,0,False,3821.715,3821.7149999999997,-698.0150000000003
2025-11-20 14:45:00+00:00,8.17,hold,hold,default_hold,hold,execute_default_hold,0,False,3821.715,3821.7149999999997,-698.0150000000003
2025-11-20 15:00:00+00:00,8.215,hold,hold,default_hold,hold,execute_default_hold,0,False,3821.715,3821.7149999999997,-698.0150000000003
2025-11-20 15:15:00+00:00,7.98,reduce,hold,no_position,hold,execute_no_position,0,False,3821.715,3821.7149999999997,-698.0150000000003
2025-11-20 15:30:00+00:00,7.94,hold,hold,default_hold,hold,execute_default_hold,0,False,3821.715,3821.7149999999997,-698.0150000000003
2025-11-20 15:45:00+00:00,7.85,hold,hold,default_hold,hold,execute_default_hold,0,False,3821.715,3821.7149999999997,-698.0150000000003
2025-11-20 16:00:00+00:00,7.76,hold,hold,default_hold,hold,execute_default_hold,0,False,3821.715,3821.7149999999997,-698.0150000000003
2025-11-20 16:15:00+00:00,7.58,hold,hold,default_hold,hold,execute_default_hold,0,False,3821.715,3821.7149999999997,-698.0150000000003
2025-11-20 16:30:00+00:00,7.55,hold,hold,default_hold,hold,execute_default_hold,0,False,3821.715,3821.7149999999997,-698.0150000000003
2025-11-20 16:45:00+00:00,7.44,hold,hold,default_hold,hold,execute_default_hold,0,False,3821.715,3821.7149999999997,-698.0150000000003
2025-11-20 17:00:00+00:00,7.405,hold,hold,default_hold,hold,execute_default_hold,0,False,3821.715,3821.7149999999997,-698.0150000000003
2025-11-20 17:15:00+00:00,7.3995,hold,hold,default_hold,hold,execute_default_hold,0,False,3821.715,3821.7149999999997,-698.0150000000003
2025-11-20 17:30:00+00:00,7.32,hold,hold,default_hold,hold,execute_default_hold,0,False,3821.715,3821.7149999999997,-698.0150000000003
2025-11-20 17:45:00+00:00,7.305,hold,hold,default_hold,hold,execute_default_hold,0,False,3821.715,3821.7149999999997,-698.0150000000003
2025-11-20 18:00:00+00:00,7.369,hold,hold,default_hold,hold,execute_default_hold,0,False,3821.715,3821.7149999999997,-698.0150000000003
2025-11-20 18:15:00+00:00,7.48,hold,hold,default_hold,hold,execute_default_hold,0,False,3821.715,3821.7149999999997,-698.0150000000003
2025-11-20 18:30:00+00:00,7.44,hold,hold,default_hold,hold,execute_default_hold,0,False,3821.715,3821.7149999999997,-698.0150000000003
2025-11-20 18:45:00+00:00,7.35,hold,hold,default_hold,hold,execute_default_hold,0,False,3821.715,3821.7149999999997,-698.0150000000003
2025-11-20 19:00:00+00:00,7.3573,hold,hold,default_hold,hold,execute_default_hold,0,False,3821.715,3821.7149999999997,-698.0150000000003
2025-11-20 19:15:00+00:00,7.306,hold,hold,default_hold,hold,execute_default_hold,0,False,3821.715,3821.7149999999997,-698.0150000000003
2025-11-20 19:30:00+00:00,7.305,hold,hold,default_hold,hold,execute_default_hold,0,False,3821.715,3821.7149999999997,-698.0150000000003
2025-11-20 19:45:00+00:00,7.32,hold,hold,default_hold,hold,execute_default_hold,0,False,3821.715,3821.7149999999997,-698.0150000000003
2025-11-20 20:00:00+00:00,7.4099,avoid,hold,avoid_no_position,hold,execute_avoid_no_position,0,False,3821.715,3821.7149999999997,-698.0150000000003
2025-11-20 20:15:00+00:00,7.32,hold,hold,default_hold,hold,execute_default_hold,0,False,3821.715,3821.7149999999997,-698.0150000000003
2025-11-20 20:30:00+00:00,7.355,reduce,hold,no_position,hold,execute_no_position,0,False,3821.715,3821.7149999999997,-698.0150000000003
2025-11-20 20:45:00+00:00,7.2903,hold,hold,default_hold,hold,execute_default_hold,0,False,3821.715,3821.7149999999997,-698.0150000000003
2025-11-20 21:00:00+00:00,7.22,hold,hold,default_hold,hold,execute_default_hold,0,False,3821.715,3821.7149999999997,-698.0150000000003
2025-11-21 14:30:00+00:00,7.2224,hold,hold,default_hold,hold,execute_default_hold,0,False,3821.715,3821.7149999999997,-698.0150000000003
2025-11-21 14:45:00+00:00,7.16,hold,hold,default_hold,hold,execute_default_hold,0,False,3821.715,3821.7149999999997,-698.0150000000003
2025-11-21 15:00:00+00:00,7.25,hold,hold,default_hold,hold,execute_default_hold,0,False,3821.715,3821.7149999999997,-698.0150000000003
2025-11-21 15:15:00+00:00,7.12,hold,hold,default_hold,hold,execute_default_hold,0,False,3821.715,3821.7149999999997,-698.0150000000003
2025-11-21 15:30:00+00:00,7.08,hold,hold,default_hold,hold,execute_default_hold,0,False,3821.715,3821.7149999999997,-698.0150000000003
2025-11-21 15:45:00+00:00,7.11,hold,hold,default_hold,hold,execute_default_hold,0,False,3821.715,3821.7149999999997,-698.0150000000003
2025-11-21 16:00:00+00:00,7.22,hold,hold,default_hold,hold,execute_default_hold,0,False,3821.715,3821.7149999999997,-698.0150000000003
2025-11-21 16:15:00+00:00,7.2,hold,hold,default_hold,hold,execute_default_hold,0,False,3821.715,3821.7149999999997,-698.0150000000003
2025-11-21 16:30:00+00:00,7.25,hold,hold,default_hold,hold,execute_default_hold,0,False,3821.715,3821.7149999999997,-698.0150000000003
2025-11-21 16:45:00+00:00,7.2,hold,hold,default_hold,hold,execute_default_hold,0,False,3821.715,3821.7149999999997,-698.0150000000003
2025-11-21 17:00:00+00:00,7.395,sell,hold,no_position,hold,execute_no_position,0,False,3821.715,3821.7149999999997,-698.0150000000003
2025-11-21 17:15:00+00:00,7.32,hold,hold,default_hold,hold,execute_default_hold,0,False,3821.715,3821.7149999999997,-698.0150000000003
2025-11-21 17:30:00+00:00,7.235,reduce,hold,no_position,hold,execute_no_position,0,False,3821.715,3821.7149999999997,-698.0150000000003
2025-11-21 17:45:00+00:00,7.175,avoid,hold,avoid_no_position,hold,execute_avoid_no_position,0,False,3821.715,3821.7149999999997,-698.0150000000003
2025-11-21 18:00:00+00:00,7.16,hold,hold,default_hold,hold,execute_default_hold,0,False,3821.715,3821.7149999999997,-698.0150000000003
2025-11-21 18:15:00+00:00,7.08,sell,hold,no_position,hold,execute_no_position,0,False,3821.715,3821.7149999999997,-698.0150000000003
2025-11-21 18:30:00+00:00,7.07,hold,hold,default_hold,hold,execute_default_hold,0,False,3821.715,3821.7149999999997,-698.0150000000003
2025-11-21 18:45:00+00:00,7.09,hold,hold,default_hold,hold,execute_default_hold,0,False,3821.715,3821.7149999999997,-698.0150000000003
2025-11-21 19:00:00+00:00,7.04,reduce,hold,no_position,hold,execute_no_position,0,False,3821.715,3821.7149999999997,-698.0150000000003
2025-11-21 19:15:00+00:00,7.12,hold,hold,default_hold,hold,execute_default_hold,0,False,3821.715,3821.7149999999997,-698.0150000000003
2025-11-21 19:30:00+00:00,7.15,hold,hold,default_hold,hold,execute_default_hold,0,False,3821.715,3821.7149999999997,-698.0150000000003
2025-11-21 19:45:00+00:00,7.0782,hold,hold,default_hold,hold,execute_default_hold,0,False,3821.715,3821.7149999999997,-698.0150000000003
2025-11-21 20:00:00+00:00,7.0456,hold,hold,default_hold,hold,execute_default_hold,0,False,3821.715,3821.7149999999997,-698.0150000000003
2025-11-21 20:15:00+00:00,7.109,hold,hold,default_hold,hold,execute_default_hold,0,False,3821.715,3821.7149999999997,-698.0150000000003
2025-11-21 20:30:00+00:00,7.0,hold,hold,default_hold,hold,execute_default_hold,0,False,3821.715,3821.7149999999997,-698.0150000000003
2025-11-21 20:45:00+00:00,7.045,hold,hold,default_hold,hold,execute_default_hold,0,False,3821.715,3821.7149999999997,-698.0150000000003
2025-11-21 21:00:00+00:00,7.13,avoid,hold,avoid_no_position,hold,execute_avoid_no_position,0,False,3821.715,3821.7149999999997,-698.0150000000003
2025-11-24 14:30:00+00:00,7.01,reduce,hold,no_position,hold,execute_no_position,0,False,3821.715,3821.7149999999997,-698.0150000000003
2025-11-24 14:45:00+00:00,7.2296,hold,hold,default_hold,hold,execute_default_hold,0,False,3821.715,3821.7149999999997,-698.0150000000003
2025-11-24 15:00:00+00:00,7.23,hold,hold,default_hold,hold,execute_default_hold,0,False,3821.715,3821.7149999999997,-698.0150000000003
2025-11-24 15:15:00+00:00,7.1649,hold,hold,default_hold,hold,execute_default_hold,0,False,3821.715,3821.7149999999997,-698.0150000000003
2025-11-24 15:30:00+00:00,7.13,hold,hold,default_hold,hold,execute_default_hold,0,False,3821.715,3821.7149999999997,-698.0150000000003
2025-11-24 15:45:00+00:00,7.1675,hold,hold,default_hold,hold,execute_default_hold,0,False,3821.715,3821.7149999999997,-698.0150000000003
2025-11-24 16:00:00+00:00,7.2301,hold,hold,default_hold,hold,execute_default_hold,0,False,3821.715,3821.7149999999997,-698.0150000000003
2025-11-24 16:15:00+00:00,7.3,hold,hold,default_hold,hold,execute_default_hold,0,False,3821.715,3821.7149999999997,-698.0150000000003
2025-11-24 16:30:00+00:00,7.345,hold,hold,default_hold,hold,execute_default_hold,0,False,3821.715,3821.7149999999997,-698.0150000000003
2025-11-24 16:45:00+00:00,7.33,hold,hold,default_hold,hold,execute_default_hold,0,False,3821.715,3821.7149999999997,-698.0150000000003
2025-11-24 17:00:00+00:00,7.36,hold,hold,default_hold,hold,execute_default_hold,0,False,3821.715,3821.7149999999997,-698.0150000000003
2025-11-24 17:15:00+00:00,7.359,hold,hold,default_hold,hold,execute_default_hold,0,False,3821.715,3821.7149999999997,-698.0150000000003
2025-11-24 17:30:00+00:00,7.43,buy,buy,trend_buy,buy,drawdown_limited_trend,50,True,3821.715,3821.7149999999997,-698.0150000000003
2025-11-24 17:45:00+00:00,7.375,hold,hold,default_hold,hold,execute_default_hold,0,False,3818.965,3821.7149999999997,-700.7650000000003
2025-11-24 18:00:00+00:00,7.41,hold,hold,default_hold,hold,execute_default_hold,0,False,3820.715,3821.7149999999997,-699.0150000000003
2025-11-24 18:15:00+00:00,7.39,hold,hold,default_hold,hold,execute_default_hold,0,False,3819.715,3821.7149999999997,-700.0150000000003
2025-11-24 18:30:00+00:00,7.37,hold,hold,default_hold,hold,execute_default_hold,0,False,3818.715,3821.7149999999997,-701.0150000000003
2025-11-24 18:45:00+00:00,7.42,hold,hold,default_hold,hold,execute_default_hold,0,False,3821.215,3821.7149999999997,-698.5150000000003
2025-11-24 19:00:00+00:00,7.425,hold,hold,default_hold,hold,execute_default_hold,0,False,3821.465,3821.7149999999997,-698.2650000000003
2025-11-24 19:15:00+00:00,7.425,hold,hold,default_hold,hold,execute_default_hold,0,False,3821.465,3821.7149999999997,-698.2650000000003
2025-11-24 19:30:00+00:00,7.35,hold,hold,default_hold,hold,execute_default_hold,0,False,3817.715,3821.7149999999997,-702.0150000000003
2025-11-24 19:45:00+00:00,7.33,hold,hold,default_hold,hold,execute_default_hold,0,False,3816.715,3821.7149999999997,-703.0150000000003
2025-11-24 20:00:00+00:00,7.35,hold,hold,default_hold,hold,execute_default_hold,0,False,3817.715,3821.7149999999997,-702.0150000000003
2025-11-24 20:15:00+00:00,7.425,hold,hold,default_hold,hold,execute_default_hold,0,False,3821.465,3821.7149999999997,-698.2650000000003
2025-11-24 20:30:00+00:00,7.36,reduce,reduce,trim_in_trend,reduce,reduce_limited,50,True,3818.215,3818.2149999999997,-701.5150000000003
2025-11-24 20:45:00+00:00,7.395,hold,hold,default_hold,hold,execute_default_hold,0,False,3818.215,3818.2149999999997,-701.5150000000003
2025-11-24 21:00:00+00:00,7.42,hold,hold,default_hold,hold,execute_default_hold,0,False,3818.215,3818.2149999999997,-701.5150000000003
2025-11-25 14:30:00+00:00,7.25,hold,hold,default_hold,hold,execute_default_hold,0,False,3818.215,3818.2149999999997,-701.5150000000003
2025-11-25 14:45:00+00:00,6.93,hold,hold,default_hold,hold,execute_default_hold,0,False,3818.215,3818.2149999999997,-701.5150000000003
2025-11-25 15:00:00+00:00,7.0693,hold,hold,default_hold,hold,execute_default_hold,0,False,3818.215,3818.2149999999997,-701.5150000000003
2025-11-25 15:15:00+00:00,7.1074,hold,hold,default_hold,hold,execute_default_hold,0,False,3818.215,3818.2149999999997,-701.5150000000003
2025-11-25 15:30:00+00:00,7.145,hold,hold,default_hold,hold,execute_default_hold,0,False,3818.215,3818.2149999999997,-701.5150000000003
2025-11-25 15:45:00+00:00,7.16,hold,hold,default_hold,hold,execute_default_hold,0,False,3818.215,3818.2149999999997,-701.5150000000003
2025-11-25 16:00:00+00:00,7.135,hold,hold,default_hold,hold,execute_default_hold,0,False,3818.215,3818.2149999999997,-701.5150000000003
2025-11-25 16:15:00+00:00,7.055,hold,hold,default_hold,hold,execute_default_hold,0,False,3818.215,3818.2149999999997,-701.5150000000003
2025-11-25 16:30:00+00:00,7.06,hold,hold,default_hold,hold,execute_default_hold,0,False,3818.215,3818.2149999999997,-701.5150000000003
2025-11-25 16:45:00+00:00,7.0758,hold,hold,default_hold,hold,execute_default_hold,0,False,3818.215,3818.2149999999997,-701.5150000000003
2025-11-25 17:00:00+00:00,7.14,hold,hold,default_hold,hold,execute_default_hold,0,False,3818.215,3818.2149999999997,-701.5150000000003
2025-11-25 17:15:00+00:00,7.21,hold,hold,default_hold,hold,execute_default_hold,0,False,3818.215,3818.2149999999997,-701.5150000000003
2025-11-25 17:30:00+00:00,7.28,hold,hold,default_hold,hold,execute_default_hold,0,False,3818.215,3818.2149999999997,-701.5150000000003
2025-11-25 17:45:00+00:00,7.3514,hold,hold,default_hold,hold,execute_default_hold,0,False,3818.215,3818.2149999999997,-701.5150000000003
2025-11-25 18:00:00+00:00,7.355,hold,hold,default_hold,hold,execute_default_hold,0,False,3818.215,3818.2149999999997,-701.5150000000003
2025-11-25 18:15:00+00:00,7.37,hold,hold,default_hold,hold,execute_default_hold,0,False,3818.215,3818.2149999999997,-701.5150000000003
2025-11-25 18:30:00+00:00,7.405,buy,buy,trend_buy,buy,weak_trend_limited_buy,50,True,3818.215,3818.2149999999997,-701.5150000000003
2025-11-25 18:45:00+00:00,7.355,hold,hold,default_hold,hold,execute_default_hold,0,False,3815.715,3818.2149999999997,-704.0150000000003
2025-11-25 19:00:00+00:00,7.335,hold,hold,default_hold,hold,execute_default_hold,0,False,3814.715,3818.2149999999997,-705.0150000000003
2025-11-25 19:15:00+00:00,7.3116,hold,hold,default_hold,hold,execute_default_hold,0,False,3813.545,3818.2149999999997,-706.1850000000004
2025-11-25 19:30:00+00:00,7.2752,hold,hold,default_hold,hold,execute_default_hold,0,False,3811.7250000000004,3818.2149999999997,-708.0050000000001
2025-11-25 19:45:00+00:00,7.32,hold,hold,default_hold,hold,execute_default_hold,0,False,3813.965,3818.2149999999997,-705.7650000000003
2025-11-25 20:00:00+00:00,7.355,hold,hold,default_hold,hold,execute_default_hold,0,False,3815.715,3818.2149999999997,-704.0150000000003
2025-11-25 20:15:00+00:00,7.345,hold,hold,default_hold,hold,execute_default_hold,0,False,3815.215,3818.2149999999997,-704.5150000000003
2025-11-25 20:30:00+00:00,7.291,hold,hold,default_hold,hold,execute_default_hold,0,False,3812.5150000000003,3818.2149999999997,-707.2150000000001
2025-11-25 20:45:00+00:00,7.395,hold,hold,default_hold,hold,execute_default_hold,0,False,3817.715,3818.2149999999997,-702.0150000000003
2025-11-25 21:00:00+00:00,7.34,hold,hold,default_hold,hold,execute_default_hold,0,False,3814.965,3818.2149999999997,-704.7650000000003
2025-11-26 14:30:00+00:00,7.4,avoid,hold,avoid_hold,hold,execute_avoid_hold,0,False,3817.965,3818.2149999999997,-701.7650000000003
2025-11-26 14:45:00+00:00,7.48,hold,hold,default_hold,hold,execute_default_hold,0,False,3821.965,3818.2149999999997,-697.7650000000003
2025-11-26 15:00:00+00:00,7.3742,hold,hold,default_hold,hold,execute_default_hold,0,False,3816.675,3818.2149999999997,-703.0550000000003
2025-11-26 15:15:00+00:00,7.37,hold,hold,default_hold,hold,execute_default_hold,0,False,3816.465,3818.2149999999997,-703.2650000000003
2025-11-26 15:30:00+00:00,7.43,hold,hold,default_hold,hold,execute_default_hold,0,False,3819.465,3818.2149999999997,-700.2650000000003
2025-11-26 15:45:00+00:00,7.45,hold,hold,default_hold,hold,execute_default_hold,0,False,3820.465,3818.2149999999997,-699.2650000000003
2025-11-26 16:00:00+00:00,7.5,hold,hold,default_hold,hold,execute_default_hold,0,False,3822.965,3818.2149999999997,-696.7650000000003
2025-11-26 16:15:00+00:00,7.46,hold,hold,default_hold,hold,execute_default_hold,0,False,3820.965,3818.2149999999997,-698.7650000000003
2025-11-26 16:30:00+00:00,7.47,hold,hold,default_hold,hold,execute_default_hold,0,False,3821.465,3818.2149999999997,-698.2650000000003
2025-11-26 16:45:00+00:00,7.41,hold,hold,default_hold,hold,execute_default_hold,0,False,3818.465,3818.2149999999997,-701.2650000000003
2025-11-26 17:00:00+00:00,7.48,hold,hold,default_hold,hold,execute_default_hold,0,False,3821.965,3818.2149999999997,-697.7650000000003
2025-11-26 17:15:00+00:00,7.395,sell,sell,alpha_sell,sell,execute_alpha_sell,50,True,3817.715,3817.7149999999997,-702.0150000000003
2025-11-26 17:30:00+00:00,7.41,avoid,hold,avoid_no_position,hold,execute_avoid_no_position,0,False,3817.715,3817.7149999999997,-702.0150000000003
2025-11-26 17:45:00+00:00,7.46,hold,hold,default_hold,hold,execute_default_hold,0,False,3817.715,3817.7149999999997,-702.0150000000003
2025-11-26 18:00:00+00:00,7.54,hold,hold,default_hold,hold,execute_default_hold,0,False,3817.715,3817.7149999999997,-702.0150000000003
2025-11-26 18:15:00+00:00,7.54,hold,hold,default_hold,hold,execute_default_hold,0,False,3817.715,3817.7149999999997,-702.0150000000003
2025-11-26 18:30:00+00:00,7.53,hold,hold,default_hold,hold,execute_default_hold,0,False,3817.715,3817.7149999999997,-702.0150000000003
2025-11-26 18:45:00+00:00,7.475,hold,hold,default_hold,hold,execute_default_hold,0,False,3817.715,3817.7149999999997,-702.0150000000003
2025-11-26 19:00:00+00:00,7.52,hold,hold,default_hold,hold,execute_default_hold,0,False,3817.715,3817.7149999999997,-702.0150000000003
2025-11-26 19:15:00+00:00,7.5,hold,hold,default_hold,hold,execute_default_hold,0,False,3817.715,3817.7149999999997,-702.0150000000003
2025-11-26 19:30:00+00:00,7.51,hold,hold,default_hold,hold,execute_default_hold,0,False,3817.715,3817.7149999999997,-702.0150000000003
2025-11-26 19:45:00+00:00,7.52,hold,hold,default_hold,hold,execute_default_hold,0,False,3817.715,3817.7149999999997,-702.0150000000003
2025-11-26 20:00:00+00:00,7.5625,hold,hold,default_hold,hold,execute_default_hold,0,False,3817.715,3817.7149999999997,-702.0150000000003
2025-11-26 20:15:00+00:00,7.53,hold,hold,default_hold,hold,execute_default_hold,0,False,3817.715,3817.7149999999997,-702.0150000000003
2025-11-26 20:30:00+00:00,7.51,sell,hold,no_position,hold,execute_no_position,0,False,3817.715,3817.7149999999997,-702.0150000000003
2025-11-26 20:45:00+00:00,7.505,hold,hold,default_hold,hold,execute_default_hold,0,False,3817.715,3817.7149999999997,-702.0150000000003
2025-11-26 21:00:00+00:00,7.47,hold,hold,default_hold,hold,execute_default_hold,0,False,3817.715,3817.7149999999997,-702.0150000000003
2025-11-28 14:30:00+00:00,7.785,buy,buy,trend_buy,buy,drawdown_limited_trend,50,True,3817.715,3817.7149999999997,-702.0150000000003
2025-11-28 14:45:00+00:00,8.01,hold,hold,default_hold,hold,execute_default_hold,0,False,3828.965,3817.7149999999997,-690.7650000000003
2025-11-28 15:00:00+00:00,8.2501,hold,hold,default_hold,hold,execute_default_hold,0,False,3840.9700000000003,3817.7149999999997,-678.7600000000002
2025-11-28 15:15:00+00:00,8.2496,hold,hold,default_hold,hold,execute_default_hold,0,False,3840.945,3817.7149999999997,-678.7850000000003
2025-11-28 15:30:00+00:00,8.24,hold,hold,default_hold,hold,execute_default_hold,0,False,3840.465,3817.7149999999997,-679.2650000000003
2025-11-28 15:45:00+00:00,8.285,hold,hold,default_hold,hold,execute_default_hold,0,False,3842.715,3817.7149999999997,-677.0150000000003
2025-11-28 16:00:00+00:00,8.24,hold,hold,default_hold,hold,execute_default_hold,0,False,3840.465,3817.7149999999997,-679.2650000000003
2025-11-28 16:15:00+00:00,8.23,hold,hold,default_hold,hold,execute_default_hold,0,False,3839.965,3817.7149999999997,-679.7650000000003
2025-11-28 16:30:00+00:00,8.235,hold,hold,default_hold,hold,execute_default_hold,0,False,3840.215,3817.7149999999997,-679.5150000000003
2025-11-28 16:45:00+00:00,8.17,hold,hold,default_hold,hold,execute_default_hold,0,False,3836.965,3817.7149999999997,-682.7650000000003
2025-11-28 17:00:00+00:00,8.1598,hold,hold,default_hold,hold,execute_default_hold,0,False,3836.455,3817.7149999999997,-683.2750000000005
2025-11-28 17:15:00+00:00,8.2194,hold,hold,default_hold,hold,execute_default_hold,0,False,3839.4350000000004,3817.7149999999997,-680.2950000000001
2025-11-28 17:30:00+00:00,8.185,reduce,reduce,trim_in_trend,reduce,reduce_limited,50,True,3837.715,3837.7149999999997,-682.0150000000003
2025-11-28 17:45:00+00:00,8.2067,hold,hold,default_hold,hold,execute_default_hold,0,False,3837.715,3837.7149999999997,-682.0150000000003
2025-11-28 18:00:00+00:00,8.24,hold,hold,default_hold,hold,execute_default_hold,0,False,3837.715,3837.7149999999997,-682.0150000000003
2025-12-02 14:30:00+00:00,7.56,hold,hold,default_hold,hold,execute_default_hold,0,False,3837.715,3837.7149999999997,-682.0150000000003
2025-12-02 14:45:00+00:00,7.88,hold,hold,default_hold,hold,execute_default_hold,0,False,3837.715,3837.7149999999997,-682.0150000000003
2025-12-02 15:00:00+00:00,8.07,hold,hold,default_hold,hold,execute_default_hold,0,False,3837.715,3837.7149999999997,-682.0150000000003
2025-12-02 15:15:00+00:00,8.07,hold,hold,default_hold,hold,execute_default_hold,0,False,3837.715,3837.7149999999997,-682.0150000000003
2025-12-02 15:30:00+00:00,8.05,hold,hold,default_hold,hold,execute_default_hold,0,False,3837.715,3837.7149999999997,-682.0150000000003
2025-12-02 15:45:00+00:00,8.1,hold,hold,default_hold,hold,execute_default_hold,0,False,3837.715,3837.7149999999997,-682.0150000000003
2025-12-02 16:00:00+00:00,8.0202,hold,hold,default_hold,hold,execute_default_hold,0,False,3837.715,3837.7149999999997,-682.0150000000003
2025-12-02 16:15:00+00:00,8.01,hold,hold,default_hold,hold,execute_default_hold,0,False,3837.715,3837.7149999999997,-682.0150000000003
2025-12-02 16:30:00+00:00,7.84,hold,hold,default_hold,hold,execute_default_hold,0,False,3837.715,3837.7149999999997,-682.0150000000003
2025-12-02 16:45:00+00:00,7.83,hold,hold,default_hold,hold,execute_default_hold,0,False,3837.715,3837.7149999999997,-682.0150000000003
2025-12-02 17:00:00+00:00,7.84,hold,hold,default_hold,hold,execute_default_hold,0,False,3837.715,3837.7149999999997,-682.0150000000003
2025-12-02 17:15:00+00:00,7.9,hold,hold,default_hold,hold,execute_default_hold,0,False,3837.715,3837.7149999999997,-682.0150000000003
2025-12-02 17:30:00+00:00,8.1,hold,hold,default_hold,hold,execute_default_hold,0,False,3837.715,3837.7149999999997,-682.0150000000003
2025-12-02 17:45:00+00:00,8.31,hold,hold,default_hold,hold,execute_default_hold,0,False,3837.715,3837.7149999999997,-682.0150000000003
2025-12-02 18:00:00+00:00,8.245,hold,hold,default_hold,hold,execute_default_hold,0,False,3837.715,3837.7149999999997,-682.0150000000003
2025-12-02 18:15:00+00:00,8.155,hold,hold,default_hold,hold,execute_default_hold,0,False,3837.715,3837.7149999999997,-682.0150000000003
2025-12-02 18:30:00+00:00,8.165,buy,buy,trend_buy,buy,weak_trend_limited_buy,50,True,3837.715,3837.7149999999997,-682.0150000000003
2025-12-02 18:45:00+00:00,8.12,hold,hold,default_hold,hold,execute_default_hold,0,False,3835.465,3837.7149999999997,-684.2650000000003
2025-12-02 19:00:00+00:00,8.145,hold,hold,default_hold,hold,execute_default_hold,0,False,3836.715,3837.7149999999997,-683.0150000000003
2025-12-02 19:15:00+00:00,8.335,hold,hold,default_hold,hold,execute_default_hold,0,False,3846.215,3837.7149999999997,-673.5150000000003
2025-12-02 19:30:00+00:00,8.28,hold,hold,default_hold,hold,execute_default_hold,0,False,3843.465,3837.7149999999997,-676.2650000000003
2025-12-02 19:45:00+00:00,8.3201,hold,hold,default_hold,hold,execute_default_hold,0,False,3845.4700000000003,3837.7149999999997,-674.2600000000002
2025-12-02 20:00:00+00:00,8.38,hold,hold,default_hold,hold,execute_default_hold,0,False,3848.465,3837.7149999999997,-671.2650000000003
2025-12-02 20:15:00+00:00,8.315,hold,hold,default_hold,hold,execute_default_hold,0,False,3845.215,3837.7149999999997,-674.5150000000003
2025-12-02 20:30:00+00:00,8.25,hold,hold,default_hold,hold,execute_default_hold,0,False,3841.965,3837.7149999999997,-677.7650000000003
2025-12-02 20:45:00+00:00,8.25,hold,hold,default_hold,hold,execute_default_hold,0,False,3841.965,3837.7149999999997,-677.7650000000003
2025-12-02 21:00:00+00:00,8.195,hold,hold,default_hold,hold,execute_default_hold,0,False,3839.215,3837.7149999999997,-680.5150000000003
2025-12-03 14:30:00+00:00,7.7708,reduce,reduce,trim_in_trend,reduce,reduce_limited,50,True,3818.005,3818.0049999999997,-701.7250000000004
2025-12-03 14:45:00+00:00,7.77,hold,hold,default_hold,hold,execute_default_hold,0,False,3818.005,3818.0049999999997,-701.7250000000004
2025-12-03 15:00:00+00:00,7.7212,hold,hold,default_hold,hold,execute_default_hold,0,False,3818.005,3818.0049999999997,-701.7250000000004
2025-12-03 15:15:00+00:00,7.75,hold,hold,default_hold,hold,execute_default_hold,0,False,3818.005,3818.0049999999997,-701.7250000000004
2025-12-03 15:30:00+00:00,7.73,hold,hold,default_hold,hold,execute_default_hold,0,False,3818.005,3818.0049999999997,-701.7250000000004
2025-12-03 15:45:00+00:00,7.91,hold,hold,default_hold,hold,execute_default_hold,0,False,3818.005,3818.0049999999997,-701.7250000000004
2025-12-03 16:00:00+00:00,7.93,hold,hold,default_hold,hold,execute_default_hold,0,False,3818.005,3818.0049999999997,-701.7250000000004
2025-12-03 16:15:00+00:00,7.85,hold,hold,default_hold,hold,execute_default_hold,0,False,3818.005,3818.0049999999997,-701.7250000000004
2025-12-03 16:30:00+00:00,7.8797,hold,hold,default_hold,hold,execute_default_hold,0,False,3818.005,3818.0049999999997,-701.7250000000004
2025-12-03 16:45:00+00:00,7.88,hold,hold,default_hold,hold,execute_default_hold,0,False,3818.005,3818.0049999999997,-701.7250000000004
2025-12-03 17:00:00+00:00,7.855,hold,hold,default_hold,hold,execute_default_hold,0,False,3818.005,3818.0049999999997,-701.7250000000004
2025-12-03 17:15:00+00:00,7.91,hold,hold,default_hold,hold,execute_default_hold,0,False,3818.005,3818.0049999999997,-701.7250000000004
2025-12-03 17:30:00+00:00,7.94,hold,hold,default_hold,hold,execute_default_hold,0,False,3818.005,3818.0049999999997,-701.7250000000004
2025-12-03 17:45:00+00:00,8.0299,hold,hold,default_hold,hold,execute_default_hold,0,False,3818.005,3818.0049999999997,-701.7250000000004
2025-12-03 18:00:00+00:00,8.045,hold,hold,default_hold,hold,execute_default_hold,0,False,3818.005,3818.0049999999997,-701.7250000000004
2025-12-03 18:15:00+00:00,8.1364,hold,hold,default_hold,hold,execute_default_hold,0,False,3818.005,3818.0049999999997,-701.7250000000004
2025-12-03 18:30:00+00:00,8.13,buy,buy,trend_buy,buy,weak_trend_limited_buy,50,True,3818.005,3818.0049999999997,-701.7250000000004
2025-12-03 18:45:00+00:00,8.18,hold,hold,default_hold,hold,execute_default_hold,0,False,3820.505,3818.0049999999997,-699.2250000000004
2025-12-03 19:00:00+00:00,8.15,hold,hold,default_hold,hold,execute_default_hold,0,False,3819.005,3818.0049999999997,-700.7250000000004
2025-12-03 19:15:00+00:00,8.105,hold,hold,default_hold,hold,execute_default_hold,0,False,3816.755,3818.0049999999997,-702.9750000000004
2025-12-03 19:30:00+00:00,8.1,hold,hold,default_hold,hold,execute_default_hold,0,False,3816.505,3818.0049999999997,-703.2250000000004
2025-12-03 19:45:00+00:00,8.0718,hold,hold,default_hold,hold,execute_default_hold,0,False,3815.0950000000003,3818.0049999999997,-704.6350000000002
2025-12-03 20:00:00+00:00,8.09,hold,hold,default_hold,hold,execute_default_hold,0,False,3816.005,3818.0049999999997,-703.7250000000004
2025-12-03 20:15:00+00:00,8.0614,hold,hold,default_hold,hold,execute_default_hold,0,False,3814.5750000000003,3818.0049999999997,-705.1550000000002
2025-12-03 20:30:00+00:00,8.17,hold,hold,default_hold,hold,execute_default_hold,0,False,3820.005,3818.0049999999997,-699.7250000000004
2025-12-03 20:45:00+00:00,8.165,hold,hold,default_hold,hold,execute_default_hold,0,False,3819.755,3818.0049999999997,-699.9750000000004
2025-12-03 21:00:00+00:00,8.26,hold,hold,default_hold,hold,execute_default_hold,0,False,3824.505,3818.0049999999997,-695.2250000000004
2025-12-04 14:30:00+00:00,8.15,reduce,reduce,trim_in_trend,reduce,reduce_limited,50,True,3819.005,3819.0049999999997,-700.7250000000004
2025-12-04 14:45:00+00:00,8.46,hold,hold,default_hold,hold,execute_default_hold,0,False,3819.005,3819.0049999999997,-700.7250000000004
2025-12-04 15:00:00+00:00,8.39,hold,hold,default_hold,hold,execute_default_hold,0,False,3819.005,3819.0049999999997,-700.7250000000004
2025-12-04 15:15:00+00:00,8.52,hold,hold,default_hold,hold,execute_default_hold,0,False,3819.005,3819.0049999999997,-700.7250000000004
2025-12-04 15:30:00+00:00,8.4399,hold,hold,default_hold,hold,execute_default_hold,0,False,3819.005,3819.0049999999997,-700.7250000000004
2025-12-04 15:45:00+00:00,8.5009,hold,hold,default_hold,hold,execute_default_hold,0,False,3819.005,3819.0049999999997,-700.7250000000004
2025-12-04 16:00:00+00:00,8.56,hold,hold,default_hold,hold,execute_default_hold,0,False,3819.005,3819.0049999999997,-700.7250000000004
2025-12-04 16:15:00+00:00,8.74,hold,hold,default_hold,hold,execute_default_hold,0,False,3819.005,3819.0049999999997,-700.7250000000004
2025-12-04 16:30:00+00:00,8.82,hold,hold,default_hold,hold,execute_default_hold,0,False,3819.005,3819.0049999999997,-700.7250000000004
2025-12-04 16:45:00+00:00,8.79,hold,hold,default_hold,hold,execute_default_hold,0,False,3819.005,3819.0049999999997,-700.7250000000004
2025-12-04 17:00:00+00:00,8.84,hold,hold,default_hold,hold,execute_default_hold,0,False,3819.005,3819.0049999999997,-700.7250000000004
2025-12-04 17:15:00+00:00,8.825,hold,hold,default_hold,hold,execute_default_hold,0,False,3819.005,3819.0049999999997,-700.7250000000004
2025-12-04 17:30:00+00:00,9.08,buy,buy,trend_buy,buy,drawdown_limited_trend,50,True,3819.005,3819.0049999999997,-700.7250000000004
2025-12-04 17:45:00+00:00,9.05,hold,hold,default_hold,hold,execute_default_hold,0,False,3817.505,3819.0049999999997,-702.2250000000004
2025-12-04 18:00:00+00:00,9.1398,hold,hold,default_hold,hold,execute_default_hold,0,False,3821.995,3819.0049999999997,-697.7350000000006
2025-12-04 18:15:00+00:00,9.17,hold,hold,default_hold,hold,execute_default_hold,0,False,3823.505,3819.0049999999997,-696.2250000000004
2025-12-04 18:30:00+00:00,9.225,hold,hold,default_hold,hold,execute_default_hold,0,False,3826.255,3819.0049999999997,-693.4750000000004
2025-12-04 18:45:00+00:00,9.19,hold,hold,default_hold,hold,execute_default_hold,0,False,3824.505,3819.0049999999997,-695.2250000000004
2025-12-04 19:00:00+00:00,9.38,hold,hold,default_hold,hold,execute_default_hold,0,False,3834.005,3819.0049999999997,-685.7250000000004
2025-12-04 19:15:00+00:00,9.34,hold,hold,default_hold,hold,execute_default_hold,0,False,3832.005,3819.0049999999997,-687.7250000000004
2025-12-04 19:30:00+00:00,9.48,hold,hold,default_hold,hold,execute_default_hold,0,False,3839.005,3819.0049999999997,-680.7250000000004
2025-12-04 19:45:00+00:00,9.7577,hold,hold,default_hold,hold,execute_default_hold,0,False,3852.8900000000003,3819.0049999999997,-666.8400000000001
2025-12-04 20:00:00+00:00,9.87,hold,hold,default_hold,hold,execute_default_hold,0,False,3858.505,3819.0049999999997,-661.2250000000004
2025-12-04 20:15:00+00:00,9.8333,hold,hold,default_hold,hold,execute_default_hold,0,False,3856.67,3819.0049999999997,-663.0600000000004
2025-12-04 20:30:00+00:00,9.9745,hold,hold,default_hold,hold,execute_default_hold,0,False,3863.73,3819.0049999999997,-656.0000000000005
2025-12-04 20:45:00+00:00,9.87,hold,hold,default_hold,hold,execute_default_hold,0,False,3858.505,3819.0049999999997,-661.2250000000004
2025-12-04 21:00:00+00:00,9.95,hold,hold,default_hold,hold,execute_default_hold,0,False,3862.505,3819.0049999999997,-657.2250000000004
2025-12-05 14:30:00+00:00,9.54,hold,hold,default_hold,hold,execute_default_hold,0,False,3842.005,3819.0049999999997,-677.7250000000004
2025-12-05 14:45:00+00:00,10.2201,hold,hold,default_hold,hold,execute_default_hold,0,False,3876.01,3819.0049999999997,-643.7200000000003
2025-12-05 15:00:00+00:00,10.1899,hold,hold,default_hold,hold,execute_default_hold,0,False,3874.5,3819.0049999999997,-645.2300000000005
2025-12-05 15:15:00+00:00,10.66,hold,hold,default_hold,hold,execute_default_hold,0,False,3898.005,3819.0049999999997,-621.7250000000004
2025-12-05 15:30:00+00:00,10.25,hold,hold,default_hold,hold,execute_default_hold,0,False,3877.505,3819.0049999999997,-642.2250000000004
2025-12-05 15:45:00+00:00,10.18,hold,hold,default_hold,hold,execute_default_hold,0,False,3874.005,3819.0049999999997,-645.7250000000004
2025-12-05 16:00:00+00:00,10.12,hold,hold,default_hold,hold,execute_default_hold,0,False,3871.005,3819.0049999999997,-648.7250000000004
2025-12-05 16:15:00+00:00,9.98,hold,hold,default_hold,hold,execute_default_hold,0,False,3864.005,3819.0049999999997,-655.7250000000004
2025-12-05 16:30:00+00:00,10.015,hold,hold,default_hold,hold,execute_default_hold,0,False,3865.755,3819.0049999999997,-653.9750000000004
2025-12-05 16:45:00+00:00,9.95,reduce,reduce,trim_in_trend,reduce,reduce_limited,50,True,3862.505,3862.5049999999997,-657.2250000000004
2025-12-05 17:00:00+00:00,10.03,hold,hold,default_hold,hold,execute_default_hold,0,False,3862.505,3862.5049999999997,-657.2250000000004
2025-12-05 17:15:00+00:00,9.9078,hold,hold,default_hold,hold,execute_default_hold,0,False,3862.505,3862.5049999999997,-657.2250000000004
2025-12-05 17:30:00+00:00,10.0,hold,hold,default_hold,hold,execute_default_hold,0,False,3862.505,3862.5049999999997,-657.2250000000004
2025-12-05 17:45:00+00:00,10.05,hold,hold,default_hold,hold,execute_default_hold,0,False,3862.505,3862.5049999999997,-657.2250000000004
2025-12-05 18:00:00+00:00,10.33,hold,hold,default_hold,hold,execute_default_hold,0,False,3862.505,3862.5049999999997,-657.2250000000004
2025-12-05 18:15:00+00:00,10.12,hold,hold,default_hold,hold,execute_default_hold,0,False,3862.505,3862.5049999999997,-657.2250000000004
2025-12-05 18:30:00+00:00,10.1172,hold,hold,default_hold,hold,execute_default_hold,0,False,3862.505,3862.5049999999997,-657.2250000000004
2025-12-05 18:45:00+00:00,10.12,hold,hold,default_hold,hold,execute_default_hold,0,False,3862.505,3862.5049999999997,-657.2250000000004
2025-12-05 19:00:00+00:00,10.04,hold,hold,default_hold,hold,execute_default_hold,0,False,3862.505,3862.5049999999997,-657.2250000000004
2025-12-05 19:15:00+00:00,10.04,hold,hold,default_hold,hold,execute_default_hold,0,False,3862.505,3862.5049999999997,-657.2250000000004
2025-12-05 19:30:00+00:00,10.05,hold,hold,default_hold,hold,execute_default_hold,0,False,3862.505,3862.5049999999997,-657.2250000000004
2025-12-05 19:45:00+00:00,9.95,buy,buy,range_buy,buy,drawdown_limited_range,50,True,3862.505,3862.5049999999997,-657.2250000000004
2025-12-05 20:00:00+00:00,10.09,hold,hold,default_hold,hold,execute_default_hold,0,False,3869.505,3862.5049999999997,-650.2250000000004
2025-12-05 20:15:00+00:00,10.07,hold,hold,default_hold,hold,execute_default_hold,0,False,3868.505,3862.5049999999997,-651.2250000000004
2025-12-05 20:30:00+00:00,9.95,hold,hold,default_hold,hold,execute_default_hold,0,False,3862.505,3862.5049999999997,-657.2250000000004
2025-12-05 20:45:00+00:00,10.06,hold,hold,default_hold,hold,execute_default_hold,0,False,3868.005,3862.5049999999997,-651.7250000000004
2025-12-05 21:00:00+00:00,10.1,hold,hold,default_hold,hold,execute_default_hold,0,False,3870.005,3862.5049999999997,-649.7250000000004
2025-12-08 14:30:00+00:00,10.055,reduce,reduce,defensive_reduce,reduce,execute_defensive_reduce,50,True,3867.755,3867.7549999999997,-651.9750000000004
2025-12-08 14:45:00+00:00,9.765,hold,hold,default_hold,hold,execute_default_hold,0,False,3867.755,3867.7549999999997,-651.9750000000004
2025-12-08 15:00:00+00:00,9.7483,hold,hold,default_hold,hold,execute_default_hold,0,False,3867.755,3867.7549999999997,-651.9750000000004
2025-12-08 15:15:00+00:00,9.52,hold,hold,default_hold,hold,execute_default_hold,0,False,3867.755,3867.7549999999997,-651.9750000000004
2025-12-08 15:30:00+00:00,9.5,hold,hold,default_hold,hold,execute_default_hold,0,False,3867.755,3867.7549999999997,-651.9750000000004
2025-12-08 15:45:00+00:00,9.48,hold,hold,default_hold,hold,execute_default_hold,0,False,3867.755,3867.7549999999997,-651.9750000000004
2025-12-08 16:00:00+00:00,9.5601,hold,hold,default_hold,hold,execute_default_hold,0,False,3867.755,3867.7549999999997,-651.9750000000004
2025-12-08 16:15:00+00:00,9.58,hold,hold,default_hold,hold,execute_default_hold,0,False,3867.755,3867.7549999999997,-651.9750000000004
2025-12-08 16:30:00+00:00,9.709,hold,hold,default_hold,hold,execute_default_hold,0,False,3867.755,3867.7549999999997,-651.9750000000004
2025-12-08 16:45:00+00:00,9.97,hold,hold,default_hold,hold,execute_default_hold,0,False,3867.755,3867.7549999999997,-651.9750000000004
2025-12-08 17:00:00+00:00,9.96,hold,hold,default_hold,hold,execute_default_hold,0,False,3867.755,3867.7549999999997,-651.9750000000004
2025-12-08 17:15:00+00:00,10.26,hold,hold,default_hold,hold,execute_default_hold,0,False,3867.755,3867.7549999999997,-651.9750000000004
2025-12-08 17:30:00+00:00,10.08,hold,hold,default_hold,hold,execute_default_hold,0,False,3867.755,3867.7549999999997,-651.9750000000004
2025-12-08 17:45:00+00:00,9.9445,hold,hold,default_hold,hold,execute_default_hold,0,False,3867.755,3867.7549999999997,-651.9750000000004
2025-12-08 18:00:00+00:00,10.029,hold,hold,default_hold,hold,execute_default_hold,0,False,3867.755,3867.7549999999997,-651.9750000000004
2025-12-08 18:15:00+00:00,10.01,buy,buy,trend_buy,buy,weak_trend_limited_buy,50,True,3867.755,3867.7549999999997,-651.9750000000004
2025-12-08 18:30:00+00:00,9.83,hold,hold,default_hold,hold,execute_default_hold,0,False,3858.755,3867.7549999999997,-660.9750000000004
2025-12-08 18:45:00+00:00,9.725,hold,hold,default_hold,hold,execute_default_hold,0,False,3853.505,3867.7549999999997,-666.2250000000004
2025-12-08 19:00:00+00:00,9.73,hold,hold,default_hold,hold,execute_default_hold,0,False,3853.755,3867.7549999999997,-665.9750000000004
2025-12-08 19:15:00+00:00,9.72,hold,hold,default_hold,hold,execute_default_hold,0,False,3853.255,3867.7549999999997,-666.4750000000004
2025-12-08 19:30:00+00:00,9.74,hold,hold,default_hold,hold,execute_default_hold,0,False,3854.255,3867.7549999999997,-665.4750000000004
2025-12-08 19:45:00+00:00,9.8199,hold,hold,default_hold,hold,execute_default_hold,0,False,3858.25,3867.7549999999997,-661.4800000000005
2025-12-08 20:00:00+00:00,9.82,hold,hold,default_hold,hold,execute_default_hold,0,False,3858.255,3867.7549999999997,-661.4750000000004
2025-12-08 20:15:00+00:00,9.8,hold,hold,default_hold,hold,execute_default_hold,0,False,3857.255,3867.7549999999997,-662.4750000000004
2025-12-08 20:30:00+00:00,9.725,hold,hold,default_hold,hold,execute_default_hold,0,False,3853.505,3867.7549999999997,-666.2250000000004
2025-12-08 20:45:00+00:00,9.735,hold,hold,default_hold,hold,execute_default_hold,0,False,3854.005,3867.7549999999997,-665.7250000000004
2025-12-08 21:00:00+00:00,9.74,hold,hold,default_hold,hold,execute_default_hold,0,False,3854.255,3867.7549999999997,-665.4750000000004
2025-12-09 14:30:00+00:00,9.91,hold,hold,default_hold,hold,execute_default_hold,0,False,3862.755,3867.7549999999997,-656.9750000000004
2025-12-09 14:45:00+00:00,9.835,hold,hold,default_hold,hold,execute_default_hold,0,False,3859.005,3867.7549999999997,-660.7250000000004
2025-12-09 15:00:00+00:00,9.8275,hold,hold,default_hold,hold,execute_default_hold,0,False,3858.63,3867.7549999999997,-661.1000000000004
2025-12-09 15:15:00+00:00,9.8535,hold,hold,default_hold,hold,execute_default_hold,0,False,3859.9300000000003,3867.7549999999997,-659.8000000000002
2025-12-09 15:30:00+00:00,10.295,reduce,reduce,range_reduce,reduce,execute_range_reduce,50,True,3882.005,3882.0049999999997,-637.7250000000004
2025-12-09 15:45:00+00:00,10.18,hold,hold,default_hold,hold,execute_default_hold,0,False,3882.005,3882.0049999999997,-637.7250000000004
2025-12-09 16:00:00+00:00,10.1399,hold,hold,default_hold,hold,execute_default_hold,0,False,3882.005,3882.0049999999997,-637.7250000000004
2025-12-09 16:15:00+00:00,10.12,hold,hold,default_hold,hold,execute_default_hold,0,False,3882.005,3882.0049999999997,-637.7250000000004
2025-12-09 16:30:00+00:00,10.115,hold,hold,default_hold,hold,execute_default_hold,0,False,3882.005,3882.0049999999997,-637.7250000000004
2025-12-09 16:45:00+00:00,10.19,hold,hold,default_hold,hold,execute_default_hold,0,False,3882.005,3882.0049999999997,-637.7250000000004
2025-12-09 17:00:00+00:00,10.095,hold,hold,default_hold,hold,execute_default_hold,0,False,3882.005,3882.0049999999997,-637.7250000000004
2025-12-09 17:15:00+00:00,10.3301,hold,hold,default_hold,hold,execute_default_hold,0,False,3882.005,3882.0049999999997,-637.7250000000004
2025-12-09 17:30:00+00:00,10.23,hold,hold,default_hold,hold,execute_default_hold,0,False,3882.005,3882.0049999999997,-637.7250000000004
2025-12-09 17:45:00+00:00,10.275,hold,hold,default_hold,hold,execute_default_hold,0,False,3882.005,3882.0049999999997,-637.7250000000004
2025-12-09 18:00:00+00:00,10.46,hold,hold,default_hold,hold,execute_default_hold,0,False,3882.005,3882.0049999999997,-637.7250000000004
2025-12-09 18:15:00+00:00,10.42,hold,hold,default_hold,hold,execute_default_hold,0,False,3882.005,3882.0049999999997,-637.7250000000004
2025-12-09 18:30:00+00:00,10.59,buy,buy,trend_buy,buy,drawdown_limited_trend,50,True,3882.005,3882.0049999999997,-637.7250000000004
2025-12-09 18:45:00+00:00,10.663,hold,hold,default_hold,hold,execute_default_hold,0,False,3885.655,3882.0049999999997,-634.0750000000003
2025-12-09 19:00:00+00:00,10.425,hold,hold,default_hold,hold,execute_default_hold,0,False,3873.755,3882.0049999999997,-645.9750000000004
2025-12-09 19:15:00+00:00,10.27,hold,hold,default_hold,hold,execute_default_hold,0,False,3866.005,3882.0049999999997,-653.7250000000004
2025-12-09 19:30:00+00:00,10.39,hold,hold,default_hold,hold,execute_default_hold,0,False,3872.005,3882.0049999999997,-647.7250000000004
2025-12-09 19:45:00+00:00,10.415,hold,hold,default_hold,hold,execute_default_hold,0,False,3873.255,3882.0049999999997,-646.4750000000004
2025-12-09 20:00:00+00:00,10.375,hold,hold,default_hold,hold,execute_default_hold,0,False,3871.255,3882.0049999999997,-648.4750000000004
2025-12-09 20:15:00+00:00,10.4,hold,hold,default_hold,hold,execute_default_hold,0,False,3872.505,3882.0049999999997,-647.2250000000004
2025-12-09 20:30:00+00:00,10.365,hold,hold,default_hold,hold,execute_default_hold,0,False,3870.755,3882.0049999999997,-648.9750000000004
2025-12-09 20:45:00+00:00,10.355,hold,hold,default_hold,hold,execute_default_hold,0,False,3870.255,3882.0049999999997,-649.4750000000004
2025-12-09 21:00:00+00:00,10.32,hold,hold,default_hold,hold,execute_default_hold,0,False,3868.505,3882.0049999999997,-651.2250000000004
2025-12-10 14:30:00+00:00,9.765,reduce,reduce,defensive_reduce,reduce,execute_defensive_reduce,50,True,3840.755,3840.7549999999997,-678.9750000000004
2025-12-10 14:45:00+00:00,9.5312,hold,hold,default_hold,hold,execute_default_hold,0,False,3840.755,3840.7549999999997,-678.9750000000004
2025-12-10 15:00:00+00:00,9.53,hold,hold,default_hold,hold,execute_default_hold,0,False,3840.755,3840.7549999999997,-678.9750000000004
2025-12-10 15:15:00+00:00,9.42,hold,hold,default_hold,hold,execute_default_hold,0,False,3840.755,3840.7549999999997,-678.9750000000004
2025-12-10 15:30:00+00:00,9.43,hold,hold,default_hold,hold,execute_default_hold,0,False,3840.755,3840.7549999999997,-678.9750000000004
2025-12-10 15:45:00+00:00,9.41,hold,hold,default_hold,hold,execute_default_hold,0,False,3840.755,3840.7549999999997,-678.9750000000004
2025-12-10 16:00:00+00:00,9.235,hold,hold,default_hold,hold,execute_default_hold,0,False,3840.755,3840.7549999999997,-678.9750000000004
2025-12-10 16:15:00+00:00,9.1483,hold,hold,default_hold,hold,execute_default_hold,0,False,3840.755,3840.7549999999997,-678.9750000000004
2025-12-10 16:30:00+00:00,9.165,hold,hold,default_hold,hold,execute_default_hold,0,False,3840.755,3840.7549999999997,-678.9750000000004
2025-12-10 16:45:00+00:00,9.145,hold,hold,default_hold,hold,execute_default_hold,0,False,3840.755,3840.7549999999997,-678.9750000000004
2025-12-10 17:00:00+00:00,9.3314,hold,hold,default_hold,hold,execute_default_hold,0,False,3840.755,3840.7549999999997,-678.9750000000004
2025-12-10 17:15:00+00:00,9.21,hold,hold,default_hold,hold,execute_default_hold,0,False,3840.755,3840.7549999999997,-678.9750000000004
2025-12-10 17:30:00+00:00,9.111,hold,hold,default_hold,hold,execute_default_hold,0,False,3840.755,3840.7549999999997,-678.9750000000004
2025-12-10 17:45:00+00:00,9.085,hold,hold,default_hold,hold,execute_default_hold,0,False,3840.755,3840.7549999999997,-678.9750000000004
2025-12-10 18:00:00+00:00,9.12,hold,hold,default_hold,hold,execute_default_hold,0,False,3840.755,3840.7549999999997,-678.9750000000004
2025-12-10 18:15:00+00:00,9.1801,hold,hold,default_hold,hold,execute_default_hold,0,False,3840.755,3840.7549999999997,-678.9750000000004
2025-12-10 18:30:00+00:00,9.17,hold,hold,default_hold,hold,execute_default_hold,0,False,3840.755,3840.7549999999997,-678.9750000000004
2025-12-10 18:45:00+00:00,9.16,buy,buy,range_buy,buy,drawdown_limited_range,50,True,3840.755,3840.7549999999997,-678.9750000000004
2025-12-10 19:00:00+00:00,9.22,hold,hold,default_hold,hold,execute_default_hold,0,False,3843.755,3840.7549999999997,-675.9750000000004
2025-12-10 19:15:00+00:00,9.46,hold,hold,default_hold,hold,execute_default_hold,0,False,3855.755,3840.7549999999997,-663.9750000000004
2025-12-10 19:30:00+00:00,9.2637,hold,hold,default_hold,hold,execute_default_hold,0,False,3845.94,3840.7549999999997,-673.7900000000004
2025-12-10 19:45:00+00:00,9.14,hold,hold,default_hold,hold,execute_default_hold,0,False,3839.755,3840.7549999999997,-679.9750000000004
2025-12-10 20:00:00+00:00,9.1098,hold,hold,default_hold,hold,execute_default_hold,0,False,3838.245,3840.7549999999997,-681.4850000000006
2025-12-10 20:15:00+00:00,9.2,hold,hold,default_hold,hold,execute_default_hold,0,False,3842.755,3840.7549999999997,-676.9750000000004
2025-12-10 20:30:00+00:00,9.16,hold,hold,default_hold,hold,execute_default_hold,0,False,3840.755,3840.7549999999997,-678.9750000000004
2025-12-10 20:45:00+00:00,9.1745,hold,hold,default_hold,hold,execute_default_hold,0,False,3841.48,3840.7549999999997,-678.2500000000005
2025-12-10 21:00:00+00:00,9.02,hold,hold,default_hold,hold,execute_default_hold,0,False,3833.755,3840.7549999999997,-685.9750000000004
2025-12-11 14:30:00+00:00,8.7,reduce,reduce,defensive_reduce,reduce,execute_defensive_reduce,50,True,3817.755,3817.7549999999997,-701.9750000000004
2025-12-11 14:45:00+00:00,8.88,hold,hold,default_hold,hold,execute_default_hold,0,False,3817.755,3817.7549999999997,-701.9750000000004
2025-12-11 15:00:00+00:00,8.81,hold,hold,default_hold,hold,execute_default_hold,0,False,3817.755,3817.7549999999997,-701.9750000000004
2025-12-11 15:15:00+00:00,9.225,hold,hold,default_hold,hold,execute_default_hold,0,False,3817.755,3817.7549999999997,-701.9750000000004
2025-12-11 15:30:00+00:00,9.1883,hold,hold,default_hold,hold,execute_default_hold,0,False,3817.755,3817.7549999999997,-701.9750000000004
2025-12-11 15:45:00+00:00,9.12,hold,hold,default_hold,hold,execute_default_hold,0,False,3817.755,3817.7549999999997,-701.9750000000004
2025-12-11 16:00:00+00:00,9.1501,hold,hold,default_hold,hold,execute_default_hold,0,False,3817.755,3817.7549999999997,-701.9750000000004
2025-12-11 16:15:00+00:00,9.03,hold,hold,default_hold,hold,execute_default_hold,0,False,3817.755,3817.7549999999997,-701.9750000000004
2025-12-11 16:30:00+00:00,9.13,hold,hold,default_hold,hold,execute_default_hold,0,False,3817.755,3817.7549999999997,-701.9750000000004
2025-12-11 16:45:00+00:00,9.33,hold,hold,default_hold,hold,execute_default_hold,0,False,3817.755,3817.7549999999997,-701.9750000000004
2025-12-11 17:00:00+00:00,9.495,hold,hold,default_hold,hold,execute_default_hold,0,False,3817.755,3817.7549999999997,-701.9750000000004
2025-12-11 17:15:00+00:00,9.4203,hold,hold,default_hold,hold,execute_default_hold,0,False,3817.755,3817.7549999999997,-701.9750000000004
2025-12-11 17:30:00+00:00,9.423,buy,buy,trend_buy,buy,weak_trend_limited_buy,50,True,3817.755,3817.7549999999997,-701.9750000000004
2025-12-11 17:45:00+00:00,9.51,hold,hold,default_hold,hold,execute_default_hold,0,False,3822.105,3817.7549999999997,-697.6250000000005
2025-12-11 18:00:00+00:00,9.46,hold,hold,default_hold,hold,execute_default_hold,0,False,3819.605,3817.7549999999997,-700.1250000000005
2025-12-11 18:15:00+00:00,9.49,hold,hold,default_hold,hold,execute_default_hold,0,False,3821.105,3817.7549999999997,-698.6250000000005
2025-12-11 18:30:00+00:00,9.49,hold,hold,default_hold,hold,execute_default_hold,0,False,3821.105,3817.7549999999997,-698.6250000000005
2025-12-11 18:45:00+00:00,9.555,hold,hold,default_hold,hold,execute_default_hold,0,False,3824.355,3817.7549999999997,-695.3750000000005
2025-12-11 19:00:00+00:00,9.535,hold,hold,default_hold,hold,execute_default_hold,0,False,3823.355,3817.7549999999997,-696.3750000000005
2025-12-11 19:15:00+00:00,9.485,hold,hold,default_hold,hold,execute_default_hold,0,False,3820.855,3817.7549999999997,-698.8750000000005
2025-12-11 19:30:00+00:00,9.56,hold,hold,default_hold,hold,execute_default_hold,0,False,3824.605,3817.7549999999997,-695.1250000000005
2025-12-11 19:45:00+00:00,9.52,hold,hold,default_hold,hold,execute_default_hold,0,False,3822.605,3817.7549999999997,-697.1250000000005
2025-12-11 20:00:00+00:00,9.49,hold,hold,default_hold,hold,execute_default_hold,0,False,3821.105,3817.7549999999997,-698.6250000000005
2025-12-11 20:15:00+00:00,9.5001,hold,hold,default_hold,hold,execute_default_hold,0,False,3821.61,3817.7549999999997,-698.1200000000003
2025-12-11 20:30:00+00:00,9.522,hold,hold,default_hold,hold,execute_default_hold,0,False,3822.705,3817.7549999999997,-697.0250000000005
2025-12-11 20:45:00+00:00,9.3834,reduce,reduce,trim_in_trend,reduce,reduce_limited,50,True,3815.775,3815.7749999999996,-703.9550000000004
2025-12-11 21:00:00+00:00,9.38,hold,hold,default_hold,hold,execute_default_hold,0,False,3815.775,3815.7749999999996,-703.9550000000004
2025-12-12 14:30:00+00:00,9.645,buy,buy,trend_buy,buy,drawdown_limited_trend,50,True,3815.775,3815.7749999999996,-703.9550000000004
2025-12-12 14:45:00+00:00,9.835,hold,hold,default_hold,hold,execute_default_hold,0,False,3825.275,3815.7749999999996,-694.4550000000004
2025-12-12 15:00:00+00:00,9.7351,hold,hold,default_hold,hold,execute_default_hold,0,False,3820.28,3815.7749999999996,-699.4500000000003
2025-12-12 15:15:00+00:00,9.66,hold,hold,default_hold,hold,execute_default_hold,0,False,3816.525,3815.7749999999996,-703.2050000000004
2025-12-12 15:30:00+00:00,9.525,hold,hold,default_hold,hold,execute_default_hold,0,False,3809.775,3815.7749999999996,-709.9550000000004
2025-12-12 15:45:00+00:00,9.6699,hold,hold,default_hold,hold,execute_default_hold,0,False,3817.02,3815.7749999999996,-702.7100000000005
2025-12-12 16:00:00+00:00,9.58,hold,hold,default_hold,hold,execute_default_hold,0,False,3812.525,3815.7749999999996,-707.2050000000004
2025-12-12 16:15:00+00:00,9.275,hold,hold,default_hold,hold,execute_default_hold,0,False,3797.275,3815.7749999999996,-722.4550000000004
2025-12-12 16:30:00+00:00,9.22,hold,hold,default_hold,hold,execute_default_hold,0,False,3794.525,3815.7749999999996,-725.2050000000004
2025-12-12 16:45:00+00:00,9.06,hold,hold,default_hold,hold,execute_default_hold,0,False,3786.525,3815.7749999999996,-733.2050000000004
2025-12-12 17:00:00+00:00,9.0914,hold,hold,default_hold,hold,execute_default_hold,0,False,3788.0950000000003,3815.7749999999996,-731.6350000000002
2025-12-12 17:15:00+00:00,9.2528,hold,hold,default_hold,hold,execute_default_hold,0,False,3796.165,3815.7749999999996,-723.5650000000005
2025-12-12 17:30:00+00:00,9.24,reduce,reduce,defensive_reduce,reduce,reduce_limited,50,True,3795.525,3795.5249999999996,-724.2050000000004
2025-12-12 17:45:00+00:00,9.3,hold,hold,default_hold,hold,execute_default_hold,0,False,3795.525,3795.5249999999996,-724.2050000000004
2025-12-12 18:00:00+00:00,9.325,hold,hold,default_hold,hold,execute_default_hold,0,False,3795.525,3795.5249999999996,-724.2050000000004
2025-12-12 18:15:00+00:00,9.45,hold,hold,default_hold,hold,execute_default_hold,0,False,3795.525,3795.5249999999996,-724.2050000000004
2025-12-12 18:30:00+00:00,9.49,hold,hold,default_hold,hold,execute_default_hold,0,False,3795.525,3795.5249999999996,-724.2050000000004
2025-12-12 18:45:00+00:00,9.51,hold,hold,default_hold,hold,execute_default_hold,0,False,3795.525,3795.5249999999996,-724.2050000000004
2025-12-12 19:00:00+00:00,9.5,hold,hold,default_hold,hold,execute_default_hold,0,False,3795.525,3795.5249999999996,-724.2050000000004
2025-12-12 19:15:00+00:00,9.53,hold,hold,default_hold,hold,execute_default_hold,0,False,3795.525,3795.5249999999996,-724.2050000000004
2025-12-12 19:30:00+00:00,9.545,hold,hold,default_hold,hold,execute_default_hold,0,False,3795.525,3795.5249999999996,-724.2050000000004
2025-12-12 19:45:00+00:00,9.53,hold,hold,default_hold,hold,execute_default_hold,0,False,3795.525,3795.5249999999996,-724.2050000000004
2025-12-12 20:00:00+00:00,9.56,hold,hold,default_hold,hold,execute_default_hold,0,False,3795.525,3795.5249999999996,-724.2050000000004
2025-12-12 20:15:00+00:00,9.45,hold,hold,default_hold,hold,execute_default_hold,0,False,3795.525,3795.5249999999996,-724.2050000000004
2025-12-12 20:30:00+00:00,9.17,hold,hold,default_hold,hold,execute_default_hold,0,False,3795.525,3795.5249999999996,-724.2050000000004
2025-12-12 20:45:00+00:00,9.1256,hold,hold,default_hold,hold,execute_default_hold,0,False,3795.525,3795.5249999999996,-724.2050000000004
2025-12-12 21:00:00+00:00,9.165,hold,hold,default_hold,hold,execute_default_hold,0,False,3795.525,3795.5249999999996,-724.2050000000004
2025-12-15 14:30:00+00:00,8.91,hold,hold,default_hold,hold,execute_default_hold,0,False,3795.525,3795.5249999999996,-724.2050000000004
2025-12-15 14:45:00+00:00,8.6,hold,hold,default_hold,hold,execute_default_hold,0,False,3795.525,3795.5249999999996,-724.2050000000004
2025-12-15 15:00:00+00:00,8.355,hold,hold,default_hold,hold,execute_default_hold,0,False,3795.525,3795.5249999999996,-724.2050000000004
2025-12-15 15:15:00+00:00,8.44,hold,hold,default_hold,hold,execute_default_hold,0,False,3795.525,3795.5249999999996,-724.2050000000004
2025-12-15 15:30:00+00:00,8.405,hold,hold,default_hold,hold,execute_default_hold,0,False,3795.525,3795.5249999999996,-724.2050000000004
2025-12-15 15:45:00+00:00,8.58,hold,hold,default_hold,hold,execute_default_hold,0,False,3795.525,3795.5249999999996,-724.2050000000004
2025-12-15 16:00:00+00:00,8.44,hold,hold,default_hold,hold,execute_default_hold,0,False,3795.525,3795.5249999999996,-724.2050000000004
2025-12-15 16:15:00+00:00,8.44,hold,hold,default_hold,hold,execute_default_hold,0,False,3795.525,3795.5249999999996,-724.2050000000004
2025-12-15 16:30:00+00:00,8.3831,hold,hold,default_hold,hold,execute_default_hold,0,False,3795.525,3795.5249999999996,-724.2050000000004
2025-12-15 16:45:00+00:00,8.3,hold,hold,default_hold,hold,execute_default_hold,0,False,3795.525,3795.5249999999996,-724.2050000000004
2025-12-15 17:00:00+00:00,8.35,hold,hold,default_hold,hold,execute_default_hold,0,False,3795.525,3795.5249999999996,-724.2050000000004
2025-12-15 17:15:00+00:00,8.31,hold,hold,default_hold,hold,execute_default_hold,0,False,3795.525,3795.5249999999996,-724.2050000000004
2025-12-15 17:30:00+00:00,8.36,hold,hold,default_hold,hold,execute_default_hold,0,False,3795.525,3795.5249999999996,-724.2050000000004
2025-12-15 17:45:00+00:00,8.353,hold,hold,default_hold,hold,execute_default_hold,0,False,3795.525,3795.5249999999996,-724.2050000000004
2025-12-15 18:00:00+00:00,8.27,hold,hold,default_hold,hold,execute_default_hold,0,False,3795.525,3795.5249999999996,-724.2050000000004
2025-12-15 18:15:00+00:00,8.28,hold,hold,default_hold,hold,execute_default_hold,0,False,3795.525,3795.5249999999996,-724.2050000000004
2025-12-15 18:30:00+00:00,8.29,hold,hold,default_hold,hold,execute_default_hold,0,False,3795.525,3795.5249999999996,-724.2050000000004
2025-12-15 18:45:00+00:00,8.3099,hold,hold,default_hold,hold,execute_default_hold,0,False,3795.525,3795.5249999999996,-724.2050000000004
2025-12-15 19:00:00+00:00,8.3785,hold,hold,default_hold,hold,execute_default_hold,0,False,3795.525,3795.5249999999996,-724.2050000000004
2025-12-15 19:15:00+00:00,8.3412,hold,hold,default_hold,hold,execute_default_hold,0,False,3795.525,3795.5249999999996,-724.2050000000004
2025-12-15 19:30:00+00:00,8.44,hold,hold,default_hold,hold,execute_default_hold,0,False,3795.525,3795.5249999999996,-724.2050000000004
2025-12-15 19:45:00+00:00,8.4091,hold,hold,default_hold,hold,execute_default_hold,0,False,3795.525,3795.5249999999996,-724.2050000000004
2025-12-15 20:00:00+00:00,8.381,hold,hold,default_hold,hold,execute_default_hold,0,False,3795.525,3795.5249999999996,-724.2050000000004
2025-12-15 20:15:00+00:00,8.38,hold,hold,default_hold,hold,execute_default_hold,0,False,3795.525,3795.5249999999996,-724.2050000000004
2025-12-15 20:30:00+00:00,8.32,hold,hold,default_hold,hold,execute_default_hold,0,False,3795.525,3795.5249999999996,-724.2050000000004
2025-12-15 20:45:00+00:00,8.2635,hold,hold,default_hold,hold,execute_default_hold,0,False,3795.525,3795.5249999999996,-724.2050000000004
2025-12-15 21:00:00+00:00,8.14,hold,hold,default_hold,hold,execute_default_hold,0,False,3795.525,3795.5249999999996,-724.2050000000004
2025-12-16 14:30:00+00:00,8.0,hold,hold,default_hold,hold,execute_default_hold,0,False,3795.525,3795.5249999999996,-724.2050000000004
2025-12-16 14:45:00+00:00,7.965,hold,hold,default_hold,hold,execute_default_hold,0,False,3795.525,3795.5249999999996,-724.2050000000004
2025-12-16 15:00:00+00:00,8.0325,hold,hold,default_hold,hold,execute_default_hold,0,False,3795.525,3795.5249999999996,-724.2050000000004
2025-12-16 15:15:00+00:00,7.935,hold,hold,default_hold,hold,execute_default_hold,0,False,3795.525,3795.5249999999996,-724.2050000000004
2025-12-16 15:30:00+00:00,7.965,hold,hold,default_hold,hold,execute_default_hold,0,False,3795.525,3795.5249999999996,-724.2050000000004
2025-12-16 15:45:00+00:00,8.005,hold,hold,default_hold,hold,execute_default_hold,0,False,3795.525,3795.5249999999996,-724.2050000000004
2025-12-16 16:00:00+00:00,8.065,hold,hold,default_hold,hold,execute_default_hold,0,False,3795.525,3795.5249999999996,-724.2050000000004
2025-12-16 16:15:00+00:00,7.935,hold,hold,default_hold,hold,execute_default_hold,0,False,3795.525,3795.5249999999996,-724.2050000000004
2025-12-16 16:30:00+00:00,7.985,hold,hold,default_hold,hold,execute_default_hold,0,False,3795.525,3795.5249999999996,-724.2050000000004
2025-12-16 16:45:00+00:00,7.95,hold,hold,default_hold,hold,execute_default_hold,0,False,3795.525,3795.5249999999996,-724.2050000000004
2025-12-16 17:00:00+00:00,7.915,hold,hold,default_hold,hold,execute_default_hold,0,False,3795.525,3795.5249999999996,-724.2050000000004
2025-12-16 17:15:00+00:00,7.865,hold,hold,default_hold,hold,execute_default_hold,0,False,3795.525,3795.5249999999996,-724.2050000000004
2025-12-16 17:30:00+00:00,7.84,hold,hold,default_hold,hold,execute_default_hold,0,False,3795.525,3795.5249999999996,-724.2050000000004
2025-12-16 17:45:00+00:00,7.745,hold,hold,default_hold,hold,execute_default_hold,0,False,3795.525,3795.5249999999996,-724.2050000000004
2025-12-16 18:00:00+00:00,7.7289,hold,hold,default_hold,hold,execute_default_hold,0,False,3795.525,3795.5249999999996,-724.2050000000004
2025-12-16 18:15:00+00:00,7.7655,hold,hold,default_hold,hold,execute_default_hold,0,False,3795.525,3795.5249999999996,-724.2050000000004
2025-12-16 18:30:00+00:00,7.7856,hold,hold,default_hold,hold,execute_default_hold,0,False,3795.525,3795.5249999999996,-724.2050000000004
2025-12-16 18:45:00+00:00,7.8725,hold,hold,default_hold,hold,execute_default_hold,0,False,3795.525,3795.5249999999996,-724.2050000000004
2025-12-16 19:00:00+00:00,7.92,hold,hold,default_hold,hold,execute_default_hold,0,False,3795.525,3795.5249999999996,-724.2050000000004
2025-12-16 19:15:00+00:00,7.785,hold,hold,default_hold,hold,execute_default_hold,0,False,3795.525,3795.5249999999996,-724.2050000000004
2025-12-16 19:30:00+00:00,7.83,hold,hold,default_hold,hold,execute_default_hold,0,False,3795.525,3795.5249999999996,-724.2050000000004
2025-12-16 19:45:00+00:00,7.7946,hold,hold,default_hold,hold,execute_default_hold,0,False,3795.525,3795.5249999999996,-724.2050000000004
2025-12-16 20:00:00+00:00,7.81,hold,hold,default_hold,hold,execute_default_hold,0,False,3795.525,3795.5249999999996,-724.2050000000004
2025-12-16 20:15:00+00:00,7.79,hold,hold,default_hold,hold,execute_default_hold,0,False,3795.525,3795.5249999999996,-724.2050000000004
2025-12-16 20:30:00+00:00,7.87,hold,hold,default_hold,hold,execute_default_hold,0,False,3795.525,3795.5249999999996,-724.2050000000004
2025-12-16 20:45:00+00:00,7.895,hold,hold,default_hold,hold,execute_default_hold,0,False,3795.525,3795.5249999999996,-724.2050000000004
2025-12-16 21:00:00+00:00,7.88,hold,hold,default_hold,hold,execute_default_hold,0,False,3795.525,3795.5249999999996,-724.2050000000004
2025-12-17 14:30:00+00:00,7.973,buy,buy,trend_buy,buy,drawdown_limited_trend,50,True,3795.525,3795.5249999999996,-724.2050000000004
2025-12-17 14:45:00+00:00,7.9,hold,hold,default_hold,hold,execute_default_hold,0,False,3791.875,3795.5249999999996,-727.8550000000005
2025-12-17 15:00:00+00:00,7.7,hold,hold,default_hold,hold,execute_default_hold,0,False,3781.875,3795.5249999999996,-737.8550000000005
2025-12-17 15:15:00+00:00,7.72,hold,hold,default_hold,hold,execute_default_hold,0,False,3782.875,3795.5249999999996,-736.8550000000005
2025-12-17 15:30:00+00:00,7.72,hold,hold,default_hold,hold,execute_default_hold,0,False,3782.875,3795.5249999999996,-736.8550000000005
2025-12-17 15:45:00+00:00,7.6,hold,hold,default_hold,hold,execute_default_hold,0,False,3776.875,3795.5249999999996,-742.8550000000005
2025-12-17 16:00:00+00:00,7.55,hold,hold,default_hold,hold,execute_default_hold,0,False,3774.375,3795.5249999999996,-745.3550000000005
2025-12-17 16:15:00+00:00,7.54,hold,hold,default_hold,hold,execute_default_hold,0,False,3773.875,3795.5249999999996,-745.8550000000005
2025-12-17 16:30:00+00:00,7.525,hold,hold,default_hold,hold,execute_default_hold,0,False,3773.125,3795.5249999999996,-746.6050000000005
2025-12-17 16:45:00+00:00,7.495,hold,hold,default_hold,hold,execute_default_hold,0,False,3771.625,3795.5249999999996,-748.1050000000005
2025-12-17 17:00:00+00:00,7.52,hold,hold,default_hold,hold,execute_default_hold,0,False,3772.875,3795.5249999999996,-746.8550000000005
2025-12-17 17:15:00+00:00,7.505,hold,hold,default_hold,hold,execute_default_hold,0,False,3772.125,3795.5249999999996,-747.6050000000005
2025-12-17 17:30:00+00:00,7.54,reduce,reduce,defensive_reduce,reduce,reduce_limited,50,True,3773.875,3773.8749999999995,-745.8550000000005
2025-12-17 17:45:00+00:00,7.545,hold,hold,default_hold,hold,execute_default_hold,0,False,3773.875,3773.8749999999995,-745.8550000000005
2025-12-17 18:00:00+00:00,7.545,hold,hold,default_hold,hold,execute_default_hold,0,False,3773.875,3773.8749999999995,-745.8550000000005
2025-12-17 18:15:00+00:00,7.48,hold,hold,default_hold,hold,execute_default_hold,0,False,3773.875,3773.8749999999995,-745.8550000000005
2025-12-17 18:30:00+00:00,7.41,hold,hold,default_hold,hold,execute_default_hold,0,False,3773.875,3773.8749999999995,-745.8550000000005
2025-12-17 18:45:00+00:00,7.39,hold,hold,default_hold,hold,execute_default_hold,0,False,3773.875,3773.8749999999995,-745.8550000000005
2025-12-17 19:00:00+00:00,7.38,hold,hold,default_hold,hold,execute_default_hold,0,False,3773.875,3773.8749999999995,-745.8550000000005
2025-12-17 19:15:00+00:00,7.352,hold,hold,default_hold,hold,execute_default_hold,0,False,3773.875,3773.8749999999995,-745.8550000000005
2025-12-17 19:30:00+00:00,7.2901,hold,hold,default_hold,hold,execute_default_hold,0,False,3773.875,3773.8749999999995,-745.8550000000005
2025-12-17 19:45:00+00:00,7.25,hold,hold,default_hold,hold,execute_default_hold,0,False,3773.875,3773.8749999999995,-745.8550000000005
2025-12-17 20:00:00+00:00,7.28,hold,hold,default_hold,hold,execute_default_hold,0,False,3773.875,3773.8749999999995,-745.8550000000005
2025-12-17 20:15:00+00:00,7.265,hold,hold,default_hold,hold,execute_default_hold,0,False,3773.875,3773.8749999999995,-745.8550000000005
2025-12-17 20:30:00+00:00,7.24,hold,hold,default_hold,hold,execute_default_hold,0,False,3773.875,3773.8749999999995,-745.8550000000005
2025-12-17 20:45:00+00:00,7.305,hold,hold,default_hold,hold,execute_default_hold,0,False,3773.875,3773.8749999999995,-745.8550000000005
2025-12-17 21:00:00+00:00,7.26,hold,hold,default_hold,hold,execute_default_hold,0,False,3773.875,3773.8749999999995,-745.8550000000005
2025-12-18 14:30:00+00:00,7.45,hold,hold,default_hold,hold,execute_default_hold,0,False,3773.875,3773.8749999999995,-745.8550000000005
2025-12-18 14:45:00+00:00,7.48,hold,hold,default_hold,hold,execute_default_hold,0,False,3773.875,3773.8749999999995,-745.8550000000005
2025-12-18 15:00:00+00:00,7.375,hold,hold,default_hold,hold,execute_default_hold,0,False,3773.875,3773.8749999999995,-745.8550000000005
2025-12-18 15:15:00+00:00,7.24,hold,hold,default_hold,hold,execute_default_hold,0,False,3773.875,3773.8749999999995,-745.8550000000005
2025-12-18 15:30:00+00:00,7.33,hold,hold,default_hold,hold,execute_default_hold,0,False,3773.875,3773.8749999999995,-745.8550000000005
2025-12-18 15:45:00+00:00,7.3312,hold,hold,default_hold,hold,execute_default_hold,0,False,3773.875,3773.8749999999995,-745.8550000000005
2025-12-18 16:00:00+00:00,7.31,hold,hold,default_hold,hold,execute_default_hold,0,False,3773.875,3773.8749999999995,-745.8550000000005
2025-12-18 16:15:00+00:00,7.32,buy,buy,trend_buy,buy,weak_trend_limited_buy,50,True,3773.875,3773.8749999999995,-745.8550000000005
2025-12-18 16:30:00+00:00,7.2501,hold,hold,default_hold,hold,execute_default_hold,0,False,3770.38,3773.8749999999995,-749.3500000000004
2025-12-18 16:45:00+00:00,7.2606,hold,hold,default_hold,hold,execute_default_hold,0,False,3770.905,3773.8749999999995,-748.8250000000003
2025-12-18 17:00:00+00:00,7.2399,hold,hold,default_hold,hold,execute_default_hold,0,False,3769.87,3773.8749999999995,-749.8600000000006
2025-12-18 17:15:00+00:00,7.17,hold,hold,default_hold,hold,execute_default_hold,0,False,3766.375,3773.8749999999995,-753.3550000000005
2025-12-18 17:30:00+00:00,7.2,hold,hold,default_hold,hold,execute_default_hold,0,False,3767.875,3773.8749999999995,-751.8550000000005
2025-12-18 17:45:00+00:00,7.29,hold,hold,default_hold,hold,execute_default_hold,0,False,3772.375,3773.8749999999995,-747.3550000000005
2025-12-18 18:00:00+00:00,7.2938,hold,hold,default_hold,hold,execute_default_hold,0,False,3772.565,3773.8749999999995,-747.1650000000004
2025-12-18 18:15:00+00:00,7.285,hold,hold,default_hold,hold,execute_default_hold,0,False,3772.125,3773.8749999999995,-747.6050000000005
2025-12-18 18:30:00+00:00,7.28,hold,hold,default_hold,hold,execute_default_hold,0,False,3771.875,3773.8749999999995,-747.8550000000005
2025-12-18 18:45:00+00:00,7.32,hold,hold,default_hold,hold,execute_default_hold,0,False,3773.875,3773.8749999999995,-745.8550000000005
2025-12-18 19:00:00+00:00,7.32,hold,hold,default_hold,hold,execute_default_hold,0,False,3773.875,3773.8749999999995,-745.8550000000005
2025-12-18 19:15:00+00:00,7.275,hold,hold,default_hold,hold,execute_default_hold,0,False,3771.625,3773.8749999999995,-748.1050000000005
2025-12-18 19:30:00+00:00,7.27,hold,hold,default_hold,hold,execute_default_hold,0,False,3771.375,3773.8749999999995,-748.3550000000005
2025-12-18 19:45:00+00:00,7.23,hold,hold,default_hold,hold,execute_default_hold,0,False,3769.375,3773.8749999999995,-750.3550000000005
2025-12-18 20:00:00+00:00,7.1603,reduce,reduce,trim_in_trend,reduce,reduce_limited,50,True,3765.89,3765.8899999999994,-753.8400000000006
2025-12-18 20:15:00+00:00,7.24,hold,hold,default_hold,hold,execute_default_hold,0,False,3765.89,3765.8899999999994,-753.8400000000006
2025-12-18 20:30:00+00:00,7.2114,hold,hold,default_hold,hold,execute_default_hold,0,False,3765.89,3765.8899999999994,-753.8400000000006
2025-12-18 20:45:00+00:00,7.21,hold,hold,default_hold,hold,execute_default_hold,0,False,3765.89,3765.8899999999994,-753.8400000000006
2025-12-18 21:00:00+00:00,7.1697,hold,hold,default_hold,hold,execute_default_hold,0,False,3765.89,3765.8899999999994,-753.8400000000006
2025-12-19 14:30:00+00:00,7.265,hold,hold,default_hold,hold,execute_default_hold,0,False,3765.89,3765.8899999999994,-753.8400000000006
2025-12-19 14:45:00+00:00,7.38,hold,hold,default_hold,hold,execute_default_hold,0,False,3765.89,3765.8899999999994,-753.8400000000006
2025-12-19 15:00:00+00:00,7.3612,hold,hold,default_hold,hold,execute_default_hold,0,False,3765.89,3765.8899999999994,-753.8400000000006
2025-12-19 15:15:00+00:00,7.365,hold,hold,default_hold,hold,execute_default_hold,0,False,3765.89,3765.8899999999994,-753.8400000000006
2025-12-19 15:30:00+00:00,7.375,hold,hold,default_hold,hold,execute_default_hold,0,False,3765.89,3765.8899999999994,-753.8400000000006
2025-12-19 15:45:00+00:00,7.36,buy,buy,trend_buy,buy,drawdown_limited_trend,50,True,3765.89,3765.8899999999994,-753.8400000000006
2025-12-19 16:00:00+00:00,7.3399,hold,hold,default_hold,hold,execute_default_hold,0,False,3764.8849999999998,3765.8899999999994,-754.8450000000007
2025-12-19 16:15:00+00:00,7.375,hold,hold,default_hold,hold,execute_default_hold,0,False,3766.64,3765.8899999999994,-753.0900000000006
2025-12-19 16:30:00+00:00,7.5016,hold,hold,default_hold,hold,execute_default_hold,0,False,3772.97,3765.8899999999994,-746.7600000000007
2025-12-19 16:45:00+00:00,7.46,hold,hold,default_hold,hold,execute_default_hold,0,False,3770.89,3765.8899999999994,-748.8400000000006
2025-12-19 17:00:00+00:00,7.44,hold,hold,default_hold,hold,execute_default_hold,0,False,3769.89,3765.8899999999994,-749.8400000000006
2025-12-19 17:15:00+00:00,7.44,hold,hold,default_hold,hold,execute_default_hold,0,False,3769.89,3765.8899999999994,-749.8400000000006
2025-12-19 17:30:00+00:00,7.44,hold,hold,default_hold,hold,execute_default_hold,0,False,3769.89,3765.8899999999994,-749.8400000000006
2025-12-19 17:45:00+00:00,7.3644,hold,hold,default_hold,hold,execute_default_hold,0,False,3766.1099999999997,3765.8899999999994,-753.6200000000008
2025-12-19 18:00:00+00:00,7.43,hold,hold,default_hold,hold,execute_default_hold,0,False,3769.39,3765.8899999999994,-750.3400000000006
2025-12-19 18:15:00+00:00,7.475,hold,hold,default_hold,hold,execute_default_hold,0,False,3771.64,3765.8899999999994,-748.0900000000006
2025-12-19 18:30:00+00:00,7.43,hold,hold,default_hold,hold,execute_default_hold,0,False,3769.39,3765.8899999999994,-750.3400000000006
2025-12-19 18:45:00+00:00,7.37,reduce,reduce,trim_in_trend,reduce,reduce_limited,50,True,3766.39,3766.3899999999994,-753.3400000000006
2025-12-19 19:00:00+00:00,7.45,hold,hold,default_hold,hold,execute_default_hold,0,False,3766.39,3766.3899999999994,-753.3400000000006
2025-12-19 19:15:00+00:00,7.43,hold,hold,default_hold,hold,execute_default_hold,0,False,3766.39,3766.3899999999994,-753.3400000000006
2025-12-19 19:30:00+00:00,7.44,hold,hold,default_hold,hold,execute_default_hold,0,False,3766.39,3766.3899999999994,-753.3400000000006
2025-12-19 19:45:00+00:00,7.455,hold,hold,default_hold,hold,execute_default_hold,0,False,3766.39,3766.3899999999994,-753.3400000000006
2025-12-19 20:00:00+00:00,7.46,hold,hold,default_hold,hold,execute_default_hold,0,False,3766.39,3766.3899999999994,-753.3400000000006
2025-12-19 20:15:00+00:00,7.46,hold,hold,default_hold,hold,execute_default_hold,0,False,3766.39,3766.3899999999994,-753.3400000000006
2025-12-19 20:30:00+00:00,7.55,hold,hold,default_hold,hold,execute_default_hold,0,False,3766.39,3766.3899999999994,-753.3400000000006
2025-12-19 20:45:00+00:00,7.545,hold,hold,default_hold,hold,execute_default_hold,0,False,3766.39,3766.3899999999994,-753.3400000000006
2025-12-19 21:00:00+00:00,7.535,hold,hold,default_hold,hold,execute_default_hold,0,False,3766.39,3766.3899999999994,-753.3400000000006
2025-12-22 14:30:00+00:00,7.54,buy,buy,trend_buy,buy,drawdown_limited_trend,50,True,3766.39,3766.3899999999994,-753.3400000000006
2025-12-22 14:45:00+00:00,8.16,hold,hold,default_hold,hold,execute_default_hold,0,False,3797.39,3766.3899999999994,-722.3400000000006
2025-12-22 15:00:00+00:00,8.14,hold,hold,default_hold,hold,execute_default_hold,0,False,3796.39,3766.3899999999994,-723.3400000000006
2025-12-22 15:15:00+00:00,8.115,hold,hold,default_hold,hold,execute_default_hold,0,False,3795.14,3766.3899999999994,-724.5900000000006
2025-12-22 15:30:00+00:00,8.09,hold,hold,default_hold,hold,execute_default_hold,0,False,3793.89,3766.3899999999994,-725.8400000000006
2025-12-22 15:45:00+00:00,8.16,hold,hold,default_hold,hold,execute_default_hold,0,False,3797.39,3766.3899999999994,-722.3400000000006
2025-12-22 16:00:00+00:00,8.19,hold,hold,default_hold,hold,execute_default_hold,0,False,3798.89,3766.3899999999994,-720.8400000000006
2025-12-22 16:15:00+00:00,8.28,hold,hold,default_hold,hold,execute_default_hold,0,False,3803.39,3766.3899999999994,-716.3400000000006
2025-12-22 16:30:00+00:00,8.255,hold,hold,default_hold,hold,execute_default_hold,0,False,3802.14,3766.3899999999994,-717.5900000000006
2025-12-22 16:45:00+00:00,8.22,hold,hold,default_hold,hold,execute_default_hold,0,False,3800.39,3766.3899999999994,-719.3400000000006
2025-12-22 17:00:00+00:00,8.2,hold,hold,default_hold,hold,execute_default_hold,0,False,3799.39,3766.3899999999994,-720.3400000000006
2025-12-22 17:15:00+00:00,8.17,hold,hold,default_hold,hold,execute_default_hold,0,False,3797.89,3766.3899999999994,-721.8400000000006
2025-12-22 17:30:00+00:00,8.13,reduce,reduce,trim_in_trend,reduce,reduce_limited,50,True,3795.89,3795.8899999999994,-723.8400000000006
2025-12-22 17:45:00+00:00,8.13,hold,hold,default_hold,hold,execute_default_hold,0,False,3795.89,3795.8899999999994,-723.8400000000006
2025-12-22 18:00:00+00:00,8.22,hold,hold,default_hold,hold,execute_default_hold,0,False,3795.89,3795.8899999999994,-723.8400000000006
2025-12-22 18:15:00+00:00,8.18,hold,hold,default_hold,hold,execute_default_hold,0,False,3795.89,3795.8899999999994,-723.8400000000006
2025-12-22 18:30:00+00:00,8.15,hold,hold,default_hold,hold,execute_default_hold,0,False,3795.89,3795.8899999999994,-723.8400000000006
2025-12-22 18:45:00+00:00,8.16,hold,hold,default_hold,hold,execute_default_hold,0,False,3795.89,3795.8899999999994,-723.8400000000006
2025-12-22 19:00:00+00:00,8.147,hold,hold,default_hold,hold,execute_default_hold,0,False,3795.89,3795.8899999999994,-723.8400000000006
2025-12-22 19:15:00+00:00,8.1,hold,hold,default_hold,hold,execute_default_hold,0,False,3795.89,3795.8899999999994,-723.8400000000006
2025-12-22 19:30:00+00:00,8.2275,hold,hold,default_hold,hold,execute_default_hold,0,False,3795.89,3795.8899999999994,-723.8400000000006
2025-12-22 19:45:00+00:00,8.21,hold,hold,default_hold,hold,execute_default_hold,0,False,3795.89,3795.8899999999994,-723.8400000000006
2025-12-22 20:00:00+00:00,8.19,hold,hold,default_hold,hold,execute_default_hold,0,False,3795.89,3795.8899999999994,-723.8400000000006
2025-12-22 20:15:00+00:00,8.17,hold,hold,default_hold,hold,execute_default_hold,0,False,3795.89,3795.8899999999994,-723.8400000000006
2025-12-22 20:30:00+00:00,8.1,hold,hold,default_hold,hold,execute_default_hold,0,False,3795.89,3795.8899999999994,-723.8400000000006
2025-12-22 20:45:00+00:00,8.125,hold,hold,default_hold,hold,execute_default_hold,0,False,3795.89,3795.8899999999994,-723.8400000000006
2025-12-22 21:00:00+00:00,8.045,hold,hold,default_hold,hold,execute_default_hold,0,False,3795.89,3795.8899999999994,-723.8400000000006
2025-12-23 14:30:00+00:00,8.115,hold,hold,default_hold,hold,execute_default_hold,0,False,3795.89,3795.8899999999994,-723.8400000000006
2025-12-23 14:45:00+00:00,8.9,buy,buy,trend_buy,buy,drawdown_limited_trend,50,True,3795.89,3795.8899999999994,-723.8400000000006
2025-12-23 15:00:00+00:00,8.6,hold,hold,default_hold,hold,execute_default_hold,0,False,3780.89,3795.8899999999994,-738.8400000000006
2025-12-23 15:15:00+00:00,8.7802,hold,hold,default_hold,hold,execute_default_hold,0,False,3789.9,3795.8899999999994,-729.8300000000004
2025-12-23 15:30:00+00:00,8.87,hold,hold,default_hold,hold,execute_default_hold,0,False,3794.39,3795.8899999999994,-725.3400000000006
2025-12-23 15:45:00+00:00,8.695,hold,hold,default_hold,hold,execute_default_hold,0,False,3785.64,3795.8899999999994,-734.0900000000006
2025-12-23 16:00:00+00:00,8.59,hold,hold,default_hold,hold,execute_default_hold,0,False,3780.39,3795.8899999999994,-739.3400000000006
2025-12-23 16:15:00+00:00,8.535,hold,hold,default_hold,hold,execute_default_hold,0,False,3777.64,3795.8899999999994,-742.0900000000006
2025-12-23 16:30:00+00:00,8.5712,hold,hold,default_hold,hold,execute_default_hold,0,False,3779.45,3795.8899999999994,-740.2800000000007
2025-12-23 16:45:00+00:00,8.57,hold,hold,default_hold,hold,execute_default_hold,0,False,3779.39,3795.8899999999994,-740.3400000000006
2025-12-23 17:00:00+00:00,8.48,hold,hold,default_hold,hold,execute_default_hold,0,False,3774.89,3795.8899999999994,-744.8400000000006
2025-12-23 17:15:00+00:00,8.3,hold,hold,default_hold,hold,execute_default_hold,0,False,3765.89,3795.8899999999994,-753.8400000000006
2025-12-23 17:30:00+00:00,8.2701,hold,hold,default_hold,hold,execute_default_hold,0,False,3764.395,3795.8899999999994,-755.3350000000005
2025-12-23 17:45:00+00:00,8.22,reduce,reduce,trim_in_trend,reduce,reduce_limited,50,True,3761.89,3761.8899999999994,-757.8400000000006
2025-12-23 18:00:00+00:00,8.17,hold,hold,default_hold,hold,execute_default_hold,0,False,3761.89,3761.8899999999994,-757.8400000000006
2025-12-23 18:15:00+00:00,8.23,hold,hold,default_hold,hold,execute_default_hold,0,False,3761.89,3761.8899999999994,-757.8400000000006
2025-12-23 18:30:00+00:00,8.3,hold,hold,default_hold,hold,execute_default_hold,0,False,3761.89,3761.8899999999994,-757.8400000000006
2025-12-23 18:45:00+00:00,8.3161,hold,hold,default_hold,hold,execute_default_hold,0,False,3761.89,3761.8899999999994,-757.8400000000006
2025-12-23 19:00:00+00:00,8.29,hold,hold,default_hold,hold,execute_default_hold,0,False,3761.89,3761.8899999999994,-757.8400000000006
2025-12-23 19:15:00+00:00,8.33,hold,hold,default_hold,hold,execute_default_hold,0,False,3761.89,3761.8899999999994,-757.8400000000006
2025-12-23 19:30:00+00:00,8.24,hold,hold,default_hold,hold,execute_default_hold,0,False,3761.89,3761.8899999999994,-757.8400000000006
2025-12-23 19:45:00+00:00,8.2,hold,hold,default_hold,hold,execute_default_hold,0,False,3761.89,3761.8899999999994,-757.8400000000006
2025-12-23 20:00:00+00:00,8.21,hold,hold,default_hold,hold,execute_default_hold,0,False,3761.89,3761.8899999999994,-757.8400000000006
2025-12-23 20:15:00+00:00,8.31,hold,hold,default_hold,hold,execute_default_hold,0,False,3761.89,3761.8899999999994,-757.8400000000006
2025-12-23 20:30:00+00:00,8.27,hold,hold,default_hold,hold,execute_default_hold,0,False,3761.89,3761.8899999999994,-757.8400000000006
2025-12-23 20:45:00+00:00,8.23,hold,hold,default_hold,hold,execute_default_hold,0,False,3761.89,3761.8899999999994,-757.8400000000006
2025-12-23 21:00:00+00:00,8.08,hold,hold,default_hold,hold,execute_default_hold,0,False,3761.89,3761.8899999999994,-757.8400000000006
2025-12-24 14:30:00+00:00,7.93,hold,hold,default_hold,hold,execute_default_hold,0,False,3761.89,3761.8899999999994,-757.8400000000006
2025-12-24 14:45:00+00:00,8.265,hold,hold,default_hold,hold,execute_default_hold,0,False,3761.89,3761.8899999999994,-757.8400000000006
2025-12-24 15:00:00+00:00,8.37,hold,hold,default_hold,hold,execute_default_hold,0,False,3761.89,3761.8899999999994,-757.8400000000006
2025-12-24 15:15:00+00:00,8.2,hold,hold,default_hold,hold,execute_default_hold,0,False,3761.89,3761.8899999999994,-757.8400000000006
2025-12-24 15:30:00+00:00,8.18,hold,hold,default_hold,hold,execute_default_hold,0,False,3761.89,3761.8899999999994,-757.8400000000006
2025-12-24 15:45:00+00:00,8.22,hold,hold,default_hold,hold,execute_default_hold,0,False,3761.89,3761.8899999999994,-757.8400000000006
2025-12-24 16:00:00+00:00,8.19,hold,hold,default_hold,hold,execute_default_hold,0,False,3761.89,3761.8899999999994,-757.8400000000006
2025-12-24 16:15:00+00:00,8.11,hold,hold,default_hold,hold,execute_default_hold,0,False,3761.89,3761.8899999999994,-757.8400000000006
2025-12-24 16:30:00+00:00,8.13,hold,hold,default_hold,hold,execute_default_hold,0,False,3761.89,3761.8899999999994,-757.8400000000006
2025-12-24 16:45:00+00:00,8.03,hold,hold,default_hold,hold,execute_default_hold,0,False,3761.89,3761.8899999999994,-757.8400000000006
2025-12-24 17:00:00+00:00,8.01,hold,hold,default_hold,hold,execute_default_hold,0,False,3761.89,3761.8899999999994,-757.8400000000006
2025-12-24 17:15:00+00:00,8.19,hold,hold,default_hold,hold,execute_default_hold,0,False,3761.89,3761.8899999999994,-757.8400000000006
2025-12-24 17:30:00+00:00,8.2599,hold,hold,default_hold,hold,execute_default_hold,0,False,3761.89,3761.8899999999994,-757.8400000000006
2025-12-24 17:45:00+00:00,8.265,hold,hold,default_hold,hold,execute_default_hold,0,False,3761.89,3761.8899999999994,-757.8400000000006
2025-12-24 18:00:00+00:00,8.25,hold,hold,default_hold,hold,execute_default_hold,0,False,3761.89,3761.8899999999994,-757.8400000000006
2025-12-26 14:30:00+00:00,8.09,hold,hold,default_hold,hold,execute_default_hold,0,False,3761.89,3761.8899999999994,-757.8400000000006
2025-12-26 14:45:00+00:00,7.81,hold,hold,default_hold,hold,execute_default_hold,0,False,3761.89,3761.8899999999994,-757.8400000000006
2025-12-26 15:00:00+00:00,7.78,hold,hold,default_hold,hold,execute_default_hold,0,False,3761.89,3761.8899999999994,-757.8400000000006
2025-12-26 15:15:00+00:00,7.6675,hold,hold,default_hold,hold,execute_default_hold,0,False,3761.89,3761.8899999999994,-757.8400000000006
2025-12-26 15:30:00+00:00,7.84,hold,hold,default_hold,hold,execute_default_hold,0,False,3761.89,3761.8899999999994,-757.8400000000006
2025-12-26 15:45:00+00:00,7.81,hold,hold,default_hold,hold,execute_default_hold,0,False,3761.89,3761.8899999999994,-757.8400000000006
2025-12-26 16:00:00+00:00,7.85,hold,hold,default_hold,hold,execute_default_hold,0,False,3761.89,3761.8899999999994,-757.8400000000006
2025-12-26 16:15:00+00:00,7.8348,hold,hold,default_hold,hold,execute_default_hold,0,False,3761.89,3761.8899999999994,-757.8400000000006
2025-12-26 16:30:00+00:00,7.86,hold,hold,default_hold,hold,execute_default_hold,0,False,3761.89,3761.8899999999994,-757.8400000000006
2025-12-26 16:45:00+00:00,7.93,hold,hold,default_hold,hold,execute_default_hold,0,False,3761.89,3761.8899999999994,-757.8400000000006
2025-12-26 17:00:00+00:00,7.941,hold,hold,default_hold,hold,execute_default_hold,0,False,3761.89,3761.8899999999994,-757.8400000000006
2025-12-26 17:15:00+00:00,7.9133,hold,hold,default_hold,hold,execute_default_hold,0,False,3761.89,3761.8899999999994,-757.8400000000006
2025-12-26 17:30:00+00:00,7.97,hold,hold,default_hold,hold,execute_default_hold,0,False,3761.89,3761.8899999999994,-757.8400000000006
2025-12-26 17:45:00+00:00,7.925,hold,hold,default_hold,hold,execute_default_hold,0,False,3761.89,3761.8899999999994,-757.8400000000006
2025-12-26 18:00:00+00:00,7.91,hold,hold,default_hold,hold,execute_default_hold,0,False,3761.89,3761.8899999999994,-757.8400000000006
2025-12-26 18:15:00+00:00,7.895,hold,hold,default_hold,hold,execute_default_hold,0,False,3761.89,3761.8899999999994,-757.8400000000006
2025-12-26 18:30:00+00:00,7.85,hold,hold,default_hold,hold,execute_default_hold,0,False,3761.89,3761.8899999999994,-757.8400000000006
2025-12-26 18:45:00+00:00,7.8205,hold,hold,default_hold,hold,execute_default_hold,0,False,3761.89,3761.8899999999994,-757.8400000000006
2025-12-26 19:00:00+00:00,7.805,hold,hold,default_hold,hold,execute_default_hold,0,False,3761.89,3761.8899999999994,-757.8400000000006
2025-12-26 19:15:00+00:00,7.84,hold,hold,default_hold,hold,execute_default_hold,0,False,3761.89,3761.8899999999994,-757.8400000000006
2025-12-26 19:30:00+00:00,7.755,hold,hold,default_hold,hold,execute_default_hold,0,False,3761.89,3761.8899999999994,-757.8400000000006
2025-12-26 19:45:00+00:00,7.79,hold,hold,default_hold,hold,execute_default_hold,0,False,3761.89,3761.8899999999994,-757.8400000000006
2025-12-26 20:00:00+00:00,7.745,hold,hold,default_hold,hold,execute_default_hold,0,False,3761.89,3761.8899999999994,-757.8400000000006
2025-12-26 20:15:00+00:00,7.761,hold,hold,default_hold,hold,execute_default_hold,0,False,3761.89,3761.8899999999994,-757.8400000000006
2025-12-26 20:30:00+00:00,7.7414,hold,hold,default_hold,hold,execute_default_hold,0,False,3761.89,3761.8899999999994,-757.8400000000006
2025-12-26 20:45:00+00:00,7.715,hold,hold,default_hold,hold,execute_default_hold,0,False,3761.89,3761.8899999999994,-757.8400000000006
2025-12-26 21:00:00+00:00,7.74,hold,hold,default_hold,hold,execute_default_hold,0,False,3761.89,3761.8899999999994,-757.8400000000006
2025-12-29 14:30:00+00:00,7.41,hold,hold,default_hold,hold,execute_default_hold,0,False,3761.89,3761.8899999999994,-757.8400000000006
2025-12-29 14:45:00+00:00,7.675,hold,hold,default_hold,hold,execute_default_hold,0,False,3761.89,3761.8899999999994,-757.8400000000006
2025-12-29 15:00:00+00:00,7.5,hold,hold,default_hold,hold,execute_default_hold,0,False,3761.89,3761.8899999999994,-757.8400000000006
2025-12-29 15:15:00+00:00,7.44,hold,hold,default_hold,hold,execute_default_hold,0,False,3761.89,3761.8899999999994,-757.8400000000006
2025-12-29 15:30:00+00:00,7.35,hold,hold,default_hold,hold,execute_default_hold,0,False,3761.89,3761.8899999999994,-757.8400000000006
2025-12-29 15:45:00+00:00,7.37,hold,hold,default_hold,hold,execute_default_hold,0,False,3761.89,3761.8899999999994,-757.8400000000006
2025-12-29 16:00:00+00:00,7.395,hold,hold,default_hold,hold,execute_default_hold,0,False,3761.89,3761.8899999999994,-757.8400000000006
2025-12-29 16:15:00+00:00,7.41,hold,hold,default_hold,hold,execute_default_hold,0,False,3761.89,3761.8899999999994,-757.8400000000006
2025-12-29 16:30:00+00:00,7.35,hold,hold,default_hold,hold,execute_default_hold,0,False,3761.89,3761.8899999999994,-757.8400000000006
2025-12-29 16:45:00+00:00,7.37,hold,hold,default_hold,hold,execute_default_hold,0,False,3761.89,3761.8899999999994,-757.8400000000006
2025-12-29 17:00:00+00:00,7.325,hold,hold,default_hold,hold,execute_default_hold,0,False,3761.89,3761.8899999999994,-757.8400000000006
2025-12-29 17:15:00+00:00,7.3101,hold,hold,default_hold,hold,execute_default_hold,0,False,3761.89,3761.8899999999994,-757.8400000000006
2025-12-29 17:30:00+00:00,7.32,hold,hold,default_hold,hold,execute_default_hold,0,False,3761.89,3761.8899999999994,-757.8400000000006
2025-12-29 17:45:00+00:00,7.29,hold,hold,default_hold,hold,execute_default_hold,0,False,3761.89,3761.8899999999994,-757.8400000000006
2025-12-29 18:00:00+00:00,7.295,hold,hold,default_hold,hold,execute_default_hold,0,False,3761.89,3761.8899999999994,-757.8400000000006
2025-12-29 18:15:00+00:00,7.285,hold,hold,default_hold,hold,execute_default_hold,0,False,3761.89,3761.8899999999994,-757.8400000000006
2025-12-29 18:30:00+00:00,7.27,hold,hold,default_hold,hold,execute_default_hold,0,False,3761.89,3761.8899999999994,-757.8400000000006
2025-12-29 18:45:00+00:00,7.245,hold,hold,default_hold,hold,execute_default_hold,0,False,3761.89,3761.8899999999994,-757.8400000000006
2025-12-29 19:00:00+00:00,7.235,hold,hold,default_hold,hold,execute_default_hold,0,False,3761.89,3761.8899999999994,-757.8400000000006
2025-12-29 19:15:00+00:00,7.221,hold,hold,default_hold,hold,execute_default_hold,0,False,3761.89,3761.8899999999994,-757.8400000000006
2025-12-29 19:30:00+00:00,7.225,hold,hold,default_hold,hold,execute_default_hold,0,False,3761.89,3761.8899999999994,-757.8400000000006
2025-12-29 19:45:00+00:00,7.2,hold,hold,default_hold,hold,execute_default_hold,0,False,3761.89,3761.8899999999994,-757.8400000000006
2025-12-29 20:00:00+00:00,7.205,hold,hold,default_hold,hold,execute_default_hold,0,False,3761.89,3761.8899999999994,-757.8400000000006
2025-12-29 20:15:00+00:00,7.255,hold,hold,default_hold,hold,execute_default_hold,0,False,3761.89,3761.8899999999994,-757.8400000000006
2025-12-29 20:30:00+00:00,7.205,hold,hold,default_hold,hold,execute_default_hold,0,False,3761.89,3761.8899999999994,-757.8400000000006
2025-12-29 20:45:00+00:00,7.185,hold,hold,default_hold,hold,execute_default_hold,0,False,3761.89,3761.8899999999994,-757.8400000000006
2025-12-29 21:00:00+00:00,7.27,hold,hold,default_hold,hold,execute_default_hold,0,False,3761.89,3761.8899999999994,-757.8400000000006
2025-12-30 14:30:00+00:00,7.29,hold,hold,default_hold,hold,execute_default_hold,0,False,3761.89,3761.8899999999994,-757.8400000000006
2025-12-30 14:45:00+00:00,7.1806,hold,hold,default_hold,hold,execute_default_hold,0,False,3761.89,3761.8899999999994,-757.8400000000006
2025-12-30 15:00:00+00:00,7.2302,hold,hold,default_hold,hold,execute_default_hold,0,False,3761.89,3761.8899999999994,-757.8400000000006
2025-12-30 15:15:00+00:00,7.158,hold,hold,default_hold,hold,execute_default_hold,0,False,3761.89,3761.8899999999994,-757.8400000000006
2025-12-30 15:30:00+00:00,7.075,hold,hold,default_hold,hold,execute_default_hold,0,False,3761.89,3761.8899999999994,-757.8400000000006
2025-12-30 15:45:00+00:00,7.1,hold,hold,default_hold,hold,execute_default_hold,0,False,3761.89,3761.8899999999994,-757.8400000000006
2025-12-30 16:00:00+00:00,7.12,hold,hold,default_hold,hold,execute_default_hold,0,False,3761.89,3761.8899999999994,-757.8400000000006
2025-12-30 16:15:00+00:00,7.13,hold,hold,default_hold,hold,execute_default_hold,0,False,3761.89,3761.8899999999994,-757.8400000000006
2025-12-30 16:30:00+00:00,7.16,hold,hold,default_hold,hold,execute_default_hold,0,False,3761.89,3761.8899999999994,-757.8400000000006
2025-12-30 16:45:00+00:00,7.13,hold,hold,default_hold,hold,execute_default_hold,0,False,3761.89,3761.8899999999994,-757.8400000000006
2025-12-30 17:00:00+00:00,7.145,hold,hold,default_hold,hold,execute_default_hold,0,False,3761.89,3761.8899999999994,-757.8400000000006
2025-12-30 17:15:00+00:00,7.135,hold,hold,default_hold,hold,execute_default_hold,0,False,3761.89,3761.8899999999994,-757.8400000000006
2025-12-30 17:30:00+00:00,7.14,hold,hold,default_hold,hold,execute_default_hold,0,False,3761.89,3761.8899999999994,-757.8400000000006
2025-12-30 17:45:00+00:00,7.075,hold,hold,default_hold,hold,execute_default_hold,0,False,3761.89,3761.8899999999994,-757.8400000000006
2025-12-30 18:00:00+00:00,7.06,hold,hold,default_hold,hold,execute_default_hold,0,False,3761.89,3761.8899999999994,-757.8400000000006
2025-12-30 18:15:00+00:00,7.075,hold,hold,default_hold,hold,execute_default_hold,0,False,3761.89,3761.8899999999994,-757.8400000000006
2025-12-30 18:30:00+00:00,7.0345,hold,hold,default_hold,hold,execute_default_hold,0,False,3761.89,3761.8899999999994,-757.8400000000006
2025-12-30 18:45:00+00:00,7.05,hold,hold,default_hold,hold,execute_default_hold,0,False,3761.89,3761.8899999999994,-757.8400000000006
2025-12-30 19:00:00+00:00,7.05,hold,hold,default_hold,hold,execute_default_hold,0,False,3761.89,3761.8899999999994,-757.8400000000006
2025-12-30 19:15:00+00:00,7.005,hold,hold,default_hold,hold,execute_default_hold,0,False,3761.89,3761.8899999999994,-757.8400000000006
2025-12-30 19:30:00+00:00,7.025,hold,hold,default_hold,hold,execute_default_hold,0,False,3761.89,3761.8899999999994,-757.8400000000006
2025-12-30 19:45:00+00:00,7.02,hold,hold,default_hold,hold,execute_default_hold,0,False,3761.89,3761.8899999999994,-757.8400000000006
2025-12-30 20:00:00+00:00,6.98,hold,hold,default_hold,hold,execute_default_hold,0,False,3761.89,3761.8899999999994,-757.8400000000006
2025-12-30 20:15:00+00:00,6.995,hold,hold,default_hold,hold,execute_default_hold,0,False,3761.89,3761.8899999999994,-757.8400000000006
2025-12-30 20:30:00+00:00,7.0,hold,hold,default_hold,hold,execute_default_hold,0,False,3761.89,3761.8899999999994,-757.8400000000006
2025-12-30 20:45:00+00:00,6.945,hold,hold,default_hold,hold,execute_default_hold,0,False,3761.89,3761.8899999999994,-757.8400000000006
2025-12-30 21:00:00+00:00,6.905,hold,hold,default_hold,hold,execute_default_hold,0,False,3761.89,3761.8899999999994,-757.8400000000006
2025-12-31 14:30:00+00:00,6.91,hold,hold,default_hold,hold,execute_default_hold,0,False,3761.89,3761.8899999999994,-757.8400000000006
2025-12-31 14:45:00+00:00,6.8758,hold,hold,default_hold,hold,execute_default_hold,0,False,3761.89,3761.8899999999994,-757.8400000000006
2025-12-31 15:00:00+00:00,6.88,hold,hold,default_hold,hold,execute_default_hold,0,False,3761.89,3761.8899999999994,-757.8400000000006
2025-12-31 15:15:00+00:00,6.87,hold,hold,default_hold,hold,execute_default_hold,0,False,3761.89,3761.8899999999994,-757.8400000000006
2025-12-31 15:30:00+00:00,6.892,hold,hold,default_hold,hold,execute_default_hold,0,False,3761.89,3761.8899999999994,-757.8400000000006
2025-12-31 15:45:00+00:00,6.9293,hold,hold,default_hold,hold,execute_default_hold,0,False,3761.89,3761.8899999999994,-757.8400000000006
2025-12-31 16:00:00+00:00,6.95,hold,hold,default_hold,hold,execute_default_hold,0,False,3761.89,3761.8899999999994,-757.8400000000006
2025-12-31 16:15:00+00:00,6.875,hold,hold,default_hold,hold,execute_default_hold,0,False,3761.89,3761.8899999999994,-757.8400000000006
2025-12-31 16:30:00+00:00,6.885,hold,hold,default_hold,hold,execute_default_hold,0,False,3761.89,3761.8899999999994,-757.8400000000006
2025-12-31 16:45:00+00:00,6.865,hold,hold,default_hold,hold,execute_default_hold,0,False,3761.89,3761.8899999999994,-757.8400000000006
2025-12-31 17:00:00+00:00,6.885,hold,hold,default_hold,hold,execute_default_hold,0,False,3761.89,3761.8899999999994,-757.8400000000006
2025-12-31 17:15:00+00:00,6.925,hold,hold,default_hold,hold,execute_default_hold,0,False,3761.89,3761.8899999999994,-757.8400000000006
2025-12-31 17:30:00+00:00,6.915,hold,hold,default_hold,hold,execute_default_hold,0,False,3761.89,3761.8899999999994,-757.8400000000006
2025-12-31 17:45:00+00:00,6.9236,hold,hold,default_hold,hold,execute_default_hold,0,False,3761.89,3761.8899999999994,-757.8400000000006
2025-12-31 18:00:00+00:00,6.8902,hold,hold,default_hold,hold,execute_default_hold,0,False,3761.89,3761.8899999999994,-757.8400000000006
2025-12-31 18:15:00+00:00,6.915,hold,hold,default_hold,hold,execute_default_hold,0,False,3761.89,3761.8899999999994,-757.8400000000006
2025-12-31 18:30:00+00:00,6.8801,hold,hold,default_hold,hold,execute_default_hold,0,False,3761.89,3761.8899999999994,-757.8400000000006
2025-12-31 18:45:00+00:00,6.8707,hold,hold,default_hold,hold,execute_default_hold,0,False,3761.89,3761.8899999999994,-757.8400000000006
2025-12-31 19:00:00+00:00,6.89,hold,hold,default_hold,hold,execute_default_hold,0,False,3761.89,3761.8899999999994,-757.8400000000006
2025-12-31 19:15:00+00:00,6.84,hold,hold,default_hold,hold,execute_default_hold,0,False,3761.89,3761.8899999999994,-757.8400000000006
2025-12-31 19:30:00+00:00,6.785,hold,hold,default_hold,hold,execute_default_hold,0,False,3761.89,3761.8899999999994,-757.8400000000006
2025-12-31 19:45:00+00:00,6.8,hold,hold,default_hold,hold,execute_default_hold,0,False,3761.89,3761.8899999999994,-757.8400000000006
2025-12-31 20:00:00+00:00,6.775,hold,hold,default_hold,hold,execute_default_hold,0,False,3761.89,3761.8899999999994,-757.8400000000006
2025-12-31 20:15:00+00:00,6.795,hold,hold,default_hold,hold,execute_default_hold,0,False,3761.89,3761.8899999999994,-757.8400000000006
2025-12-31 20:30:00+00:00,6.82,hold,hold,default_hold,hold,execute_default_hold,0,False,3761.89,3761.8899999999994,-757.8400000000006
2025-12-31 20:45:00+00:00,6.85,hold,hold,default_hold,hold,execute_default_hold,0,False,3761.89,3761.8899999999994,-757.8400000000006
2025-12-31 21:00:00+00:00,6.92,hold,hold,default_hold,hold,execute_default_hold,0,False,3761.89,3761.8899999999994,-757.8400000000006
2026-01-02 14:30:00+00:00,7.29,hold,hold,default_hold,hold,execute_default_hold,0,False,3761.89,3761.8899999999994,-757.8400000000006
2026-01-02 14:45:00+00:00,7.584,buy,buy,trend_buy,buy,drawdown_limited_trend,50,True,3761.89,3761.8899999999994,-757.8400000000006
2026-01-02 15:00:00+00:00,7.83,hold,hold,default_hold,hold,execute_default_hold,0,False,3774.19,3761.8899999999994,-745.5400000000004
2026-01-02 15:15:00+00:00,7.7,hold,hold,default_hold,hold,execute_default_hold,0,False,3767.69,3761.8899999999994,-752.0400000000004
2026-01-02 15:30:00+00:00,7.81,hold,hold,default_hold,hold,execute_default_hold,0,False,3773.19,3761.8899999999994,-746.5400000000004
2026-01-02 15:45:00+00:00,7.96,hold,hold,default_hold,hold,execute_default_hold,0,False,3780.69,3761.8899999999994,-739.0400000000004
2026-01-02 16:00:00+00:00,8.15,hold,hold,default_hold,hold,execute_default_hold,0,False,3790.19,3761.8899999999994,-729.5400000000004
2026-01-02 16:15:00+00:00,8.215,hold,hold,default_hold,hold,execute_default_hold,0,False,3793.44,3761.8899999999994,-726.2900000000004
2026-01-02 16:30:00+00:00,8.17,hold,hold,default_hold,hold,execute_default_hold,0,False,3791.19,3761.8899999999994,-728.5400000000004
2026-01-02 16:45:00+00:00,8.19,hold,hold,default_hold,hold,execute_default_hold,0,False,3792.19,3761.8899999999994,-727.5400000000004
2026-01-02 17:00:00+00:00,8.18,hold,hold,default_hold,hold,execute_default_hold,0,False,3791.69,3761.8899999999994,-728.0400000000004
2026-01-02 17:15:00+00:00,8.1785,hold,hold,default_hold,hold,execute_default_hold,0,False,3791.615,3761.8899999999994,-728.1150000000007
2026-01-02 17:30:00+00:00,8.1757,hold,hold,default_hold,hold,execute_default_hold,0,False,3791.475,3761.8899999999994,-728.2550000000006
2026-01-02 17:45:00+00:00,8.11,hold,hold,default_hold,hold,execute_default_hold,0,False,3788.19,3761.8899999999994,-731.5400000000004
2026-01-02 18:00:00+00:00,8.025,hold,hold,default_hold,hold,execute_default_hold,0,False,3783.94,3761.8899999999994,-735.7900000000004
2026-01-02 18:15:00+00:00,8.02,hold,hold,default_hold,hold,execute_default_hold,0,False,3783.69,3761.8899999999994,-736.0400000000004
2026-01-02 18:30:00+00:00,8.165,hold,hold,default_hold,hold,execute_default_hold,0,False,3790.94,3761.8899999999994,-728.7900000000004
2026-01-02 18:45:00+00:00,8.21,reduce,reduce,trim_in_trend,reduce,reduce_limited,50,True,3793.19,3793.1899999999996,-726.5400000000004
2026-01-02 19:00:00+00:00,8.3144,hold,hold,default_hold,hold,execute_default_hold,0,False,3793.19,3793.1899999999996,-726.5400000000004
2026-01-02 19:15:00+00:00,8.415,hold,hold,default_hold,hold,execute_default_hold,0,False,3793.19,3793.1899999999996,-726.5400000000004
2026-01-02 19:30:00+00:00,8.37,hold,hold,default_hold,hold,execute_default_hold,0,False,3793.19,3793.1899999999996,-726.5400000000004
2026-01-02 19:45:00+00:00,8.355,hold,hold,default_hold,hold,execute_default_hold,0,False,3793.19,3793.1899999999996,-726.5400000000004
2026-01-02 20:00:00+00:00,8.34,hold,hold,default_hold,hold,execute_default_hold,0,False,3793.19,3793.1899999999996,-726.5400000000004
2026-01-02 20:15:00+00:00,8.375,hold,hold,default_hold,hold,execute_default_hold,0,False,3793.19,3793.1899999999996,-726.5400000000004
2026-01-02 20:30:00+00:00,8.365,hold,hold,default_hold,hold,execute_default_hold,0,False,3793.19,3793.1899999999996,-726.5400000000004
2026-01-02 20:45:00+00:00,8.275,hold,hold,default_hold,hold,execute_default_hold,0,False,3793.19,3793.1899999999996,-726.5400000000004
2026-01-02 21:00:00+00:00,8.12,hold,hold,default_hold,hold,execute_default_hold,0,False,3793.19,3793.1899999999996,-726.5400000000004
2026-01-05 14:30:00+00:00,8.83,buy,buy,trend_buy,buy,drawdown_limited_trend,50,True,3793.19,3793.1899999999996,-726.5400000000004
2026-01-05 14:45:00+00:00,9.6945,hold,hold,default_hold,hold,execute_default_hold,0,False,3836.415,3793.1899999999996,-683.3150000000005
2026-01-05 15:00:00+00:00,9.535,hold,hold,default_hold,hold,execute_default_hold,0,False,3828.44,3793.1899999999996,-691.2900000000004
2026-01-05 15:15:00+00:00,9.555,hold,hold,default_hold,hold,execute_default_hold,0,False,3829.44,3793.1899999999996,-690.2900000000004
2026-01-05 15:30:00+00:00,9.36,hold,hold,default_hold,hold,execute_default_hold,0,False,3819.69,3793.1899999999996,-700.0400000000004
2026-01-05 15:45:00+00:00,9.24,hold,hold,default_hold,hold,execute_default_hold,0,False,3813.69,3793.1899999999996,-706.0400000000004
2026-01-05 16:00:00+00:00,9.3,hold,hold,default_hold,hold,execute_default_hold,0,False,3816.69,3793.1899999999996,-703.0400000000004
2026-01-05 16:15:00+00:00,9.2377,hold,hold,default_hold,hold,execute_default_hold,0,False,3813.575,3793.1899999999996,-706.1550000000007
2026-01-05 16:30:00+00:00,9.31,hold,hold,default_hold,hold,execute_default_hold,0,False,3817.19,3793.1899999999996,-702.5400000000004
2026-01-05 16:45:00+00:00,9.31,hold,hold,default_hold,hold,execute_default_hold,0,False,3817.19,3793.1899999999996,-702.5400000000004
2026-01-05 17:00:00+00:00,9.3287,hold,hold,default_hold,hold,execute_default_hold,0,False,3818.125,3793.1899999999996,-701.6050000000005
2026-01-05 17:15:00+00:00,9.285,hold,hold,default_hold,hold,execute_default_hold,0,False,3815.94,3793.1899999999996,-703.7900000000004
2026-01-05 17:30:00+00:00,9.3374,reduce,reduce,trim_in_trend,reduce,reduce_limited,50,True,3818.56,3818.5599999999995,-701.1700000000005
2026-01-05 17:45:00+00:00,9.325,hold,hold,default_hold,hold,execute_default_hold,0,False,3818.56,3818.5599999999995,-701.1700000000005
2026-01-05 18:00:00+00:00,9.3099,hold,hold,default_hold,hold,execute_default_hold,0,False,3818.56,3818.5599999999995,-701.1700000000005
2026-01-05 18:15:00+00:00,9.24,hold,hold,default_hold,hold,execute_default_hold,0,False,3818.56,3818.5599999999995,-701.1700000000005
2026-01-05 18:30:00+00:00,9.2763,hold,hold,default_hold,hold,execute_default_hold,0,False,3818.56,3818.5599999999995,-701.1700000000005
2026-01-05 18:45:00+00:00,9.2855,hold,hold,default_hold,hold,execute_default_hold,0,False,3818.56,3818.5599999999995,-701.1700000000005
2026-01-05 19:00:00+00:00,9.42,hold,hold,default_hold,hold,execute_default_hold,0,False,3818.56,3818.5599999999995,-701.1700000000005
2026-01-05 19:15:00+00:00,9.43,hold,hold,default_hold,hold,execute_default_hold,0,False,3818.56,3818.5599999999995,-701.1700000000005
2026-01-05 19:30:00+00:00,9.615,hold,hold,default_hold,hold,execute_default_hold,0,False,3818.56,3818.5599999999995,-701.1700000000005
2026-01-05 19:45:00+00:00,9.585,hold,hold,default_hold,hold,execute_default_hold,0,False,3818.56,3818.5599999999995,-701.1700000000005
2026-01-05 20:00:00+00:00,9.485,hold,hold,default_hold,hold,execute_default_hold,0,False,3818.56,3818.5599999999995,-701.1700000000005
2026-01-05 20:15:00+00:00,9.455,hold,hold,default_hold,hold,execute_default_hold,0,False,3818.56,3818.5599999999995,-701.1700000000005
2026-01-05 20:30:00+00:00,9.465,buy,buy,trend_buy,buy,drawdown_limited_trend,50,True,3818.56,3818.5599999999995,-701.1700000000005
2026-01-05 20:45:00+00:00,9.46,hold,hold,default_hold,hold,execute_default_hold,0,False,3818.31,3818.5599999999995,-701.4200000000005
2026-01-05 21:00:00+00:00,9.385,hold,hold,default_hold,hold,execute_default_hold,0,False,3814.56,3818.5599999999995,-705.1700000000005
2026-01-06 14:30:00+00:00,10.095,hold,hold,default_hold,hold,execute_default_hold,0,False,3850.06,3818.5599999999995,-669.6700000000005
2026-01-06 14:45:00+00:00,10.215,hold,hold,default_hold,hold,execute_default_hold,0,False,3856.06,3818.5599999999995,-663.6700000000005
2026-01-06 15:00:00+00:00,10.025,hold,hold,default_hold,hold,execute_default_hold,0,False,3846.56,3818.5599999999995,-673.1700000000005
2026-01-06 15:15:00+00:00,10.02,hold,hold,default_hold,hold,execute_default_hold,0,False,3846.31,3818.5599999999995,-673.4200000000005
2026-01-06 15:30:00+00:00,10.075,hold,hold,default_hold,hold,execute_default_hold,0,False,3849.06,3818.5599999999995,-670.6700000000005
2026-01-06 15:45:00+00:00,10.055,hold,hold,default_hold,hold,execute_default_hold,0,False,3848.06,3818.5599999999995,-671.6700000000005
2026-01-06 16:00:00+00:00,10.4858,hold,hold,default_hold,hold,execute_default_hold,0,False,3869.6,3818.5599999999995,-650.1300000000006
2026-01-06 16:15:00+00:00,10.2653,hold,hold,default_hold,hold,execute_default_hold,0,False,3858.575,3818.5599999999995,-661.1550000000007
2026-01-06 16:30:00+00:00,9.97,hold,hold,default_hold,hold,execute_default_hold,0,False,3843.81,3818.5599999999995,-675.9200000000005
2026-01-06 16:45:00+00:00,10.018,hold,hold,default_hold,hold,execute_default_hold,0,False,3846.21,3818.5599999999995,-673.5200000000004
2026-01-06 17:00:00+00:00,10.055,reduce,reduce,trim_in_trend,reduce,reduce_limited,50,True,3848.06,3848.0599999999995,-671.6700000000005
2026-01-06 17:15:00+00:00,9.9344,hold,hold,default_hold,hold,execute_default_hold,0,False,3848.06,3848.0599999999995,-671.6700000000005
2026-01-06 17:30:00+00:00,10.05,hold,hold,default_hold,hold,execute_default_hold,0,False,3848.06,3848.0599999999995,-671.6700000000005
2026-01-06 17:45:00+00:00,9.9372,hold,hold,default_hold,hold,execute_default_hold,0,False,3848.06,3848.0599999999995,-671.6700000000005
2026-01-06 18:00:00+00:00,9.955,hold,hold,default_hold,hold,execute_default_hold,0,False,3848.06,3848.0599999999995,-671.6700000000005
2026-01-06 18:15:00+00:00,10.015,hold,hold,default_hold,hold,execute_default_hold,0,False,3848.06,3848.0599999999995,-671.6700000000005
2026-01-06 18:30:00+00:00,10.18,hold,hold,default_hold,hold,execute_default_hold,0,False,3848.06,3848.0599999999995,-671.6700000000005
2026-01-06 18:45:00+00:00,10.465,hold,hold,default_hold,hold,execute_default_hold,0,False,3848.06,3848.0599999999995,-671.6700000000005
2026-01-06 19:00:00+00:00,10.87,hold,hold,default_hold,hold,execute_default_hold,0,False,3848.06,3848.0599999999995,-671.6700000000005
2026-01-06 19:15:00+00:00,11.345,hold,hold,default_hold,hold,execute_default_hold,0,False,3848.06,3848.0599999999995,-671.6700000000005
2026-01-06 19:30:00+00:00,11.17,hold,hold,default_hold,hold,execute_default_hold,0,False,3848.06,3848.0599999999995,-671.6700000000005
2026-01-06 19:45:00+00:00,11.8235,hold,hold,default_hold,hold,execute_default_hold,0,False,3848.06,3848.0599999999995,-671.6700000000005
2026-01-06 20:00:00+00:00,11.605,buy,buy,trend_buy,buy,drawdown_limited_trend,50,True,3848.06,3848.0599999999995,-671.6700000000005
2026-01-06 20:15:00+00:00,11.5408,hold,hold,default_hold,hold,execute_default_hold,0,False,3844.85,3848.0599999999995,-674.8800000000006
2026-01-06 20:30:00+00:00,11.9299,hold,hold,default_hold,hold,execute_default_hold,0,False,3864.305,3848.0599999999995,-655.4250000000006
2026-01-06 20:45:00+00:00,11.89,hold,hold,default_hold,hold,execute_default_hold,0,False,3862.31,3848.0599999999995,-657.4200000000005
2026-01-06 21:00:00+00:00,11.82,hold,hold,default_hold,hold,execute_default_hold,0,False,3858.81,3848.0599999999995,-660.9200000000005
2026-01-07 14:30:00+00:00,13.125,hold,hold,default_hold,hold,execute_default_hold,0,False,3924.06,3848.0599999999995,-595.6700000000005
2026-01-07 14:45:00+00:00,13.0799,hold,hold,default_hold,hold,execute_default_hold,0,False,3921.805,3848.0599999999995,-597.9250000000006
2026-01-07 15:00:00+00:00,12.65,hold,hold,default_hold,hold,execute_default_hold,0,False,3900.31,3848.0599999999995,-619.4200000000005
2026-01-07 15:15:00+00:00,12.535,hold,hold,default_hold,hold,execute_default_hold,0,False,3894.56,3848.0599999999995,-625.1700000000005
2026-01-07 15:30:00+00:00,12.4179,hold,hold,default_hold,hold,execute_default_hold,0,False,3888.705,3848.0599999999995,-631.0250000000005
2026-01-07 15:45:00+00:00,12.658,hold,hold,default_hold,hold,execute_default_hold,0,False,3900.71,3848.0599999999995,-619.0200000000004
2026-01-07 16:00:00+00:00,12.6845,hold,hold,default_hold,hold,execute_default_hold,0,False,3902.035,3848.0599999999995,-617.6950000000006
2026-01-07 16:15:00+00:00,12.55,hold,hold,default_hold,hold,execute_default_hold,0,False,3895.31,3848.0599999999995,-624.4200000000005
2026-01-07 16:30:00+00:00,13.03,hold,hold,default_hold,hold,execute_default_hold,0,False,3919.31,3848.0599999999995,-600.4200000000005
2026-01-07 16:45:00+00:00,13.84,hold,hold,default_hold,hold,execute_default_hold,0,False,3959.81,3848.0599999999995,-559.9200000000005
2026-01-07 17:00:00+00:00,13.43,hold,hold,default_hold,hold,execute_default_hold,0,False,3939.31,3848.0599999999995,-580.4200000000005
2026-01-07 17:15:00+00:00,13.3,hold,hold,default_hold,hold,execute_default_hold,0,False,3932.81,3848.0599999999995,-586.9200000000005
2026-01-07 17:30:00+00:00,13.23,hold,hold,default_hold,hold,execute_default_hold,0,False,3929.31,3848.0599999999995,-590.4200000000005
2026-01-07 17:45:00+00:00,13.0753,hold,hold,default_hold,hold,execute_default_hold,0,False,3921.575,3848.0599999999995,-598.1550000000007
2026-01-07 18:00:00+00:00,12.81,hold,hold,default_hold,hold,execute_default_hold,0,False,3908.31,3848.0599999999995,-611.4200000000005
2026-01-07 18:15:00+00:00,12.86,hold,hold,default_hold,hold,execute_default_hold,0,False,3910.81,3848.0599999999995,-608.9200000000005
2026-01-07 18:30:00+00:00,13.21,hold,hold,default_hold,hold,execute_default_hold,0,False,3928.31,3848.0599999999995,-591.4200000000005
2026-01-07 18:45:00+00:00,13.22,hold,hold,default_hold,hold,execute_default_hold,0,False,3928.81,3848.0599999999995,-590.9200000000005
2026-01-07 19:00:00+00:00,13.508,hold,hold,default_hold,hold,execute_default_hold,0,False,3943.21,3848.0599999999995,-576.5200000000004
2026-01-07 19:15:00+00:00,13.315,reduce,reduce,trim_in_trend,reduce,execute_trim_in_trend,50,True,3933.56,3933.5599999999995,-586.1700000000005
2026-01-07 19:30:00+00:00,13.57,hold,hold,default_hold,hold,execute_default_hold,0,False,3933.56,3933.5599999999995,-586.1700000000005
2026-01-07 19:45:00+00:00,13.375,hold,hold,default_hold,hold,execute_default_hold,0,False,3933.56,3933.5599999999995,-586.1700000000005
2026-01-07 20:00:00+00:00,13.33,hold,hold,default_hold,hold,execute_default_hold,0,False,3933.56,3933.5599999999995,-586.1700000000005
2026-01-07 20:15:00+00:00,13.38,hold,hold,default_hold,hold,execute_default_hold,0,False,3933.56,3933.5599999999995,-586.1700000000005
2026-01-07 20:30:00+00:00,13.425,hold,hold,default_hold,hold,execute_default_hold,0,False,3933.56,3933.5599999999995,-586.1700000000005
2026-01-07 20:45:00+00:00,13.5225,hold,hold,default_hold,hold,execute_default_hold,0,False,3933.56,3933.5599999999995,-586.1700000000005
2026-01-07 21:00:00+00:00,13.745,hold,hold,default_hold,hold,execute_default_hold,0,False,3933.56,3933.5599999999995,-586.1700000000005
2026-01-08 14:30:00+00:00,12.5051,hold,hold,default_hold,hold,execute_default_hold,0,False,3933.56,3933.5599999999995,-586.1700000000005
2026-01-08 14:45:00+00:00,14.4471,hold,hold,default_hold,hold,execute_default_hold,0,False,3933.56,3933.5599999999995,-586.1700000000005
2026-01-08 15:00:00+00:00,14.4801,hold,hold,default_hold,hold,execute_default_hold,0,False,3933.56,3933.5599999999995,-586.1700000000005
2026-01-08 15:15:00+00:00,14.375,buy,buy,trend_buy,buy,drawdown_limited_trend,50,True,3933.56,3933.5599999999995,-586.1700000000005
2026-01-08 15:30:00+00:00,14.725,hold,hold,default_hold,hold,execute_default_hold,0,False,3951.06,3933.5599999999995,-568.6700000000005
2026-01-08 15:45:00+00:00,13.4339,hold,hold,default_hold,hold,execute_default_hold,0,False,3886.505,3933.5599999999995,-633.2250000000004
2026-01-08 16:00:00+00:00,13.515,hold,hold,default_hold,hold,execute_default_hold,0,False,3890.56,3933.5599999999995,-629.1700000000005
2026-01-08 16:15:00+00:00,13.1538,hold,hold,default_hold,hold,execute_default_hold,0,False,3872.5,3933.5599999999995,-647.2300000000005
2026-01-08 16:30:00+00:00,13.47,hold,hold,default_hold,hold,execute_default_hold,0,False,3888.31,3933.5599999999995,-631.4200000000005
2026-01-08 16:45:00+00:00,13.65,hold,hold,default_hold,hold,execute_default_hold,0,False,3897.31,3933.5599999999995,-622.4200000000005
2026-01-08 17:00:00+00:00,13.5227,hold,hold,default_hold,hold,execute_default_hold,0,False,3890.9449999999997,3933.5599999999995,-628.7850000000008
2026-01-08 17:15:00+00:00,13.71,hold,hold,default_hold,hold,execute_default_hold,0,False,3900.31,3933.5599999999995,-619.4200000000005
2026-01-08 17:30:00+00:00,13.427,hold,hold,default_hold,hold,execute_default_hold,0,False,3886.16,3933.5599999999995,-633.5700000000006
2026-01-08 17:45:00+00:00,13.65,hold,hold,default_hold,hold,execute_default_hold,0,False,3897.31,3933.5599999999995,-622.4200000000005
2026-01-08 18:00:00+00:00,13.9245,hold,hold,default_hold,hold,execute_default_hold,0,False,3911.035,3933.5599999999995,-608.6950000000006
2026-01-08 18:15:00+00:00,13.48,hold,hold,default_hold,hold,execute_default_hold,0,False,3888.81,3933.5599999999995,-630.9200000000005
2026-01-08 18:30:00+00:00,13.47,reduce,reduce,defensive_reduce,reduce,execute_defensive_reduce,50,True,3888.31,3888.3099999999995,-631.4200000000005
2026-01-08 18:45:00+00:00,13.38,hold,hold,default_hold,hold,execute_default_hold,0,False,3888.31,3888.3099999999995,-631.4200000000005
2026-01-08 19:00:00+00:00,13.54,hold,hold,default_hold,hold,execute_default_hold,0,False,3888.31,3888.3099999999995,-631.4200000000005
2026-01-08 19:15:00+00:00,13.23,hold,hold,default_hold,hold,execute_default_hold,0,False,3888.31,3888.3099999999995,-631.4200000000005
2026-01-08 19:30:00+00:00,13.48,hold,hold,default_hold,hold,execute_default_hold,0,False,3888.31,3888.3099999999995,-631.4200000000005
2026-01-08 19:45:00+00:00,13.3716,hold,hold,default_hold,hold,execute_default_hold,0,False,3888.31,3888.3099999999995,-631.4200000000005
2026-01-08 20:00:00+00:00,13.345,hold,hold,default_hold,hold,execute_default_hold,0,False,3888.31,3888.3099999999995,-631.4200000000005
2026-01-08 20:15:00+00:00,13.48,hold,hold,default_hold,hold,execute_default_hold,0,False,3888.31,3888.3099999999995,-631.4200000000005
2026-01-08 20:30:00+00:00,13.453,hold,hold,default_hold,hold,execute_default_hold,0,False,3888.31,3888.3099999999995,-631.4200000000005
2026-01-08 20:45:00+00:00,13.495,hold,hold,default_hold,hold,execute_default_hold,0,False,3888.31,3888.3099999999995,-631.4200000000005
2026-01-08 21:00:00+00:00,13.46,hold,hold,default_hold,hold,execute_default_hold,0,False,3888.31,3888.3099999999995,-631.4200000000005
2026-01-09 14:30:00+00:00,14.611,hold,hold,default_hold,hold,execute_default_hold,0,False,3888.31,3888.3099999999995,-631.4200000000005
2026-01-09 14:45:00+00:00,15.32,buy,buy,trend_buy,buy,drawdown_limited_trend,50,True,3888.31,3888.3099999999995,-631.4200000000005
2026-01-09 15:00:00+00:00,15.78,hold,hold,default_hold,hold,execute_default_hold,0,False,3911.31,3888.3099999999995,-608.4200000000005
2026-01-09 15:15:00+00:00,15.4,hold,hold,default_hold,hold,execute_default_hold,0,False,3892.31,3888.3099999999995,-627.4200000000005
2026-01-09 15:30:00+00:00,15.83,hold,hold,default_hold,hold,execute_default_hold,0,False,3913.81,3888.3099999999995,-605.9200000000005
2026-01-09 15:45:00+00:00,15.835,hold,hold,default_hold,hold,execute_default_hold,0,False,3914.06,3888.3099999999995,-605.6700000000005
2026-01-09 16:00:00+00:00,16.0277,hold,hold,default_hold,hold,execute_default_hold,0,False,3923.6949999999997,3888.3099999999995,-596.0350000000008
2026-01-09 16:15:00+00:00,15.7329,hold,hold,default_hold,hold,execute_default_hold,0,False,3908.955,3888.3099999999995,-610.7750000000005
2026-01-09 16:30:00+00:00,15.91,hold,hold,default_hold,hold,execute_default_hold,0,False,3917.81,3888.3099999999995,-601.9200000000005
2026-01-09 16:45:00+00:00,15.855,hold,hold,default_hold,hold,execute_default_hold,0,False,3915.06,3888.3099999999995,-604.6700000000005
2026-01-09 17:00:00+00:00,15.73,hold,hold,default_hold,hold,execute_default_hold,0,False,3908.81,3888.3099999999995,-610.9200000000005
2026-01-09 17:15:00+00:00,15.5501,hold,hold,default_hold,hold,execute_default_hold,0,False,3899.815,3888.3099999999995,-619.9150000000004
2026-01-09 17:30:00+00:00,15.96,hold,hold,default_hold,hold,execute_default_hold,0,False,3920.31,3888.3099999999995,-599.4200000000005
2026-01-09 17:45:00+00:00,15.8101,hold,hold,default_hold,hold,execute_default_hold,0,False,3912.815,3888.3099999999995,-606.9150000000004
2026-01-09 18:00:00+00:00,15.57,reduce,reduce,trim_in_trend,reduce,execute_trim_in_trend,50,True,3900.81,3900.8099999999995,-618.9200000000005
2026-01-09 18:15:00+00:00,15.5838,hold,hold,default_hold,hold,execute_default_hold,0,False,3900.81,3900.8099999999995,-618.9200000000005
2026-01-09 18:30:00+00:00,15.67,hold,hold,default_hold,hold,execute_default_hold,0,False,3900.81,3900.8099999999995,-618.9200000000005
2026-01-09 18:45:00+00:00,15.76,hold,hold,default_hold,hold,execute_default_hold,0,False,3900.81,3900.8099999999995,-618.9200000000005
2026-01-09 19:00:00+00:00,15.58,hold,hold,default_hold,hold,execute_default_hold,0,False,3900.81,3900.8099999999995,-618.9200000000005
2026-01-09 19:15:00+00:00,15.4,hold,hold,default_hold,hold,execute_default_hold,0,False,3900.81,3900.8099999999995,-618.9200000000005
2026-01-09 19:30:00+00:00,15.115,hold,hold,default_hold,hold,execute_default_hold,0,False,3900.81,3900.8099999999995,-618.9200000000005
2026-01-09 19:45:00+00:00,15.07,hold,hold,default_hold,hold,execute_default_hold,0,False,3900.81,3900.8099999999995,-618.9200000000005
2026-01-09 20:00:00+00:00,14.97,hold,hold,default_hold,hold,execute_default_hold,0,False,3900.81,3900.8099999999995,-618.9200000000005
2026-01-09 20:15:00+00:00,15.12,hold,hold,default_hold,hold,execute_default_hold,0,False,3900.81,3900.8099999999995,-618.9200000000005
2026-01-09 20:30:00+00:00,15.025,hold,hold,default_hold,hold,execute_default_hold,0,False,3900.81,3900.8099999999995,-618.9200000000005
2026-01-09 20:45:00+00:00,14.8692,hold,hold,default_hold,hold,execute_default_hold,0,False,3900.81,3900.8099999999995,-618.9200000000005
2026-01-09 21:00:00+00:00,14.975,hold,hold,default_hold,hold,execute_default_hold,0,False,3900.81,3900.8099999999995,-618.9200000000005
2026-01-12 14:30:00+00:00,15.565,hold,hold,default_hold,hold,execute_default_hold,0,False,3900.81,3900.8099999999995,-618.9200000000005
2026-01-12 14:45:00+00:00,14.47,hold,hold,default_hold,hold,execute_default_hold,0,False,3900.81,3900.8099999999995,-618.9200000000005
2026-01-12 15:00:00+00:00,14.2515,hold,hold,default_hold,hold,execute_default_hold,0,False,3900.81,3900.8099999999995,-618.9200000000005
2026-01-12 15:15:00+00:00,14.3401,hold,hold,default_hold,hold,execute_default_hold,0,False,3900.81,3900.8099999999995,-618.9200000000005
2026-01-12 15:30:00+00:00,14.1784,hold,hold,default_hold,hold,execute_default_hold,0,False,3900.81,3900.8099999999995,-618.9200000000005
2026-01-12 15:45:00+00:00,13.82,hold,hold,default_hold,hold,execute_default_hold,0,False,3900.81,3900.8099999999995,-618.9200000000005
2026-01-12 16:00:00+00:00,14.335,hold,hold,default_hold,hold,execute_default_hold,0,False,3900.81,3900.8099999999995,-618.9200000000005
2026-01-12 16:15:00+00:00,14.22,hold,hold,default_hold,hold,execute_default_hold,0,False,3900.81,3900.8099999999995,-618.9200000000005
2026-01-12 16:30:00+00:00,14.2795,hold,hold,default_hold,hold,execute_default_hold,0,False,3900.81,3900.8099999999995,-618.9200000000005
2026-01-12 16:45:00+00:00,14.255,hold,hold,default_hold,hold,execute_default_hold,0,False,3900.81,3900.8099999999995,-618.9200000000005
2026-01-12 17:00:00+00:00,14.17,hold,hold,default_hold,hold,execute_default_hold,0,False,3900.81,3900.8099999999995,-618.9200000000005
2026-01-12 17:15:00+00:00,14.03,hold,hold,default_hold,hold,execute_default_hold,0,False,3900.81,3900.8099999999995,-618.9200000000005
2026-01-12 17:30:00+00:00,14.0832,hold,hold,default_hold,hold,execute_default_hold,0,False,3900.81,3900.8099999999995,-618.9200000000005
2026-01-12 17:45:00+00:00,14.255,hold,hold,default_hold,hold,execute_default_hold,0,False,3900.81,3900.8099999999995,-618.9200000000005
2026-01-12 18:00:00+00:00,14.0871,hold,hold,default_hold,hold,execute_default_hold,0,False,3900.81,3900.8099999999995,-618.9200000000005
2026-01-12 18:15:00+00:00,14.0512,buy,buy,range_buy,buy,drawdown_limited_range,50,True,3900.81,3900.8099999999995,-618.9200000000005
2026-01-12 18:30:00+00:00,14.35,hold,hold,default_hold,hold,execute_default_hold,0,False,3915.75,3900.8099999999995,-603.9800000000005
2026-01-12 18:45:00+00:00,14.31,hold,hold,default_hold,hold,execute_default_hold,0,False,3913.75,3900.8099999999995,-605.9800000000005
2026-01-12 19:00:00+00:00,14.453,hold,hold,default_hold,hold,execute_default_hold,0,False,3920.9,3900.8099999999995,-598.8300000000004
2026-01-12 19:15:00+00:00,14.685,hold,hold,default_hold,hold,execute_default_hold,0,False,3932.5,3900.8099999999995,-587.2300000000005
2026-01-12 19:30:00+00:00,14.6899,hold,hold,default_hold,hold,execute_default_hold,0,False,3932.745,3900.8099999999995,-586.9850000000006
2026-01-12 19:45:00+00:00,14.58,hold,hold,default_hold,hold,execute_default_hold,0,False,3927.25,3900.8099999999995,-592.4800000000005
2026-01-12 20:00:00+00:00,14.76,hold,hold,default_hold,hold,execute_default_hold,0,False,3936.25,3900.8099999999995,-583.4800000000005
2026-01-12 20:15:00+00:00,14.7191,hold,hold,default_hold,hold,execute_default_hold,0,False,3934.205,3900.8099999999995,-585.5250000000005
2026-01-12 20:30:00+00:00,14.79,hold,hold,default_hold,hold,execute_default_hold,0,False,3937.75,3900.8099999999995,-581.9800000000005
2026-01-12 20:45:00+00:00,14.8307,hold,hold,default_hold,hold,execute_default_hold,0,False,3939.785,3900.8099999999995,-579.9450000000006
2026-01-12 21:00:00+00:00,14.75,hold,hold,default_hold,hold,execute_default_hold,0,False,3935.75,3900.8099999999995,-583.9800000000005
2026-01-13 14:30:00+00:00,14.57,hold,hold,default_hold,hold,execute_default_hold,0,False,3926.75,3900.8099999999995,-592.9800000000005
2026-01-13 14:45:00+00:00,14.1688,reduce,reduce,trim_in_trend,reduce,execute_trim_in_trend,50,True,3906.69,3906.6899999999996,-613.0400000000004
2026-01-13 15:00:00+00:00,13.9222,hold,hold,default_hold,hold,execute_default_hold,0,False,3906.69,3906.6899999999996,-613.0400000000004
2026-01-13 15:15:00+00:00,13.9,hold,hold,default_hold,hold,execute_default_hold,0,False,3906.69,3906.6899999999996,-613.0400000000004
2026-01-13 15:30:00+00:00,13.91,hold,hold,default_hold,hold,execute_default_hold,0,False,3906.69,3906.6899999999996,-613.0400000000004
2026-01-13 15:45:00+00:00,13.84,hold,hold,default_hold,hold,execute_default_hold,0,False,3906.69,3906.6899999999996,-613.0400000000004
2026-01-13 16:00:00+00:00,13.65,hold,hold,default_hold,hold,execute_default_hold,0,False,3906.69,3906.6899999999996,-613.0400000000004
2026-01-13 16:15:00+00:00,13.79,hold,hold,default_hold,hold,execute_default_hold,0,False,3906.69,3906.6899999999996,-613.0400000000004
2026-01-13 16:30:00+00:00,13.39,hold,hold,default_hold,hold,execute_default_hold,0,False,3906.69,3906.6899999999996,-613.0400000000004
2026-01-13 16:45:00+00:00,13.52,hold,hold,default_hold,hold,execute_default_hold,0,False,3906.69,3906.6899999999996,-613.0400000000004
2026-01-13 17:00:00+00:00,13.3359,hold,hold,default_hold,hold,execute_default_hold,0,False,3906.69,3906.6899999999996,-613.0400000000004
2026-01-13 17:15:00+00:00,13.44,hold,hold,default_hold,hold,execute_default_hold,0,False,3906.69,3906.6899999999996,-613.0400000000004
2026-01-13 17:30:00+00:00,13.55,hold,hold,default_hold,hold,execute_default_hold,0,False,3906.69,3906.6899999999996,-613.0400000000004
2026-01-13 17:45:00+00:00,13.728,hold,hold,default_hold,hold,execute_default_hold,0,False,3906.69,3906.6899999999996,-613.0400000000004
2026-01-13 18:00:00+00:00,13.65,hold,hold,default_hold,hold,execute_default_hold,0,False,3906.69,3906.6899999999996,-613.0400000000004
2026-01-13 18:15:00+00:00,13.6146,hold,hold,default_hold,hold,execute_default_hold,0,False,3906.69,3906.6899999999996,-613.0400000000004
2026-01-13 18:30:00+00:00,13.6,hold,hold,default_hold,hold,execute_default_hold,0,False,3906.69,3906.6899999999996,-613.0400000000004
2026-01-13 18:45:00+00:00,13.6881,hold,hold,default_hold,hold,execute_default_hold,0,False,3906.69,3906.6899999999996,-613.0400000000004
2026-01-13 19:00:00+00:00,13.61,buy,buy,range_buy,buy,drawdown_limited_range,50,True,3906.69,3906.6899999999996,-613.0400000000004
2026-01-13 19:15:00+00:00,13.575,hold,hold,default_hold,hold,execute_default_hold,0,False,3904.94,3906.6899999999996,-614.7900000000004
2026-01-13 19:30:00+00:00,13.8099,hold,hold,default_hold,hold,execute_default_hold,0,False,3916.685,3906.6899999999996,-603.0450000000005
2026-01-13 19:45:00+00:00,13.87,hold,hold,default_hold,hold,execute_default_hold,0,False,3919.69,3906.6899999999996,-600.0400000000004
2026-01-13 20:00:00+00:00,14.1689,hold,hold,default_hold,hold,execute_default_hold,0,False,3934.635,3906.6899999999996,-585.0950000000003
2026-01-13 20:15:00+00:00,13.98,hold,hold,default_hold,hold,execute_default_hold,0,False,3925.19,3906.6899999999996,-594.5400000000004
2026-01-13 20:30:00+00:00,13.79,hold,hold,default_hold,hold,execute_default_hold,0,False,3915.69,3906.6899999999996,-604.0400000000004
2026-01-13 20:45:00+00:00,13.8777,hold,hold,default_hold,hold,execute_default_hold,0,False,3920.075,3906.6899999999996,-599.6550000000007
2026-01-13 21:00:00+00:00,13.53,hold,hold,default_hold,hold,execute_default_hold,0,False,3902.69,3906.6899999999996,-617.0400000000004
2026-01-14 14:30:00+00:00,13.919,hold,hold,default_hold,hold,execute_default_hold,0,False,3922.1400000000003,3906.6899999999996,-597.5900000000001
2026-01-14 14:45:00+00:00,13.76,hold,hold,default_hold,hold,execute_default_hold,0,False,3914.19,3906.6899999999996,-605.5400000000004
2026-01-14 15:00:00+00:00,14.18,hold,hold,default_hold,hold,execute_default_hold,0,False,3935.19,3906.6899999999996,-584.5400000000004
2026-01-14 15:15:00+00:00,14.565,hold,hold,default_hold,hold,execute_default_hold,0,False,3954.44,3906.6899999999996,-565.2900000000004
2026-01-14 15:30:00+00:00,14.565,hold,hold,default_hold,hold,execute_default_hold,0,False,3954.44,3906.6899999999996,-565.2900000000004
2026-01-14 15:45:00+00:00,14.23,hold,hold,default_hold,hold,execute_default_hold,0,False,3937.69,3906.6899999999996,-582.0400000000004
2026-01-14 16:00:00+00:00,14.0844,hold,hold,default_hold,hold,execute_default_hold,0,False,3930.41,3906.6899999999996,-589.3200000000006
2026-01-14 16:15:00+00:00,14.2,hold,hold,default_hold,hold,execute_default_hold,0,False,3936.19,3906.6899999999996,-583.5400000000004
2026-01-14 16:30:00+00:00,14.495,hold,hold,default_hold,hold,execute_default_hold,0,False,3950.94,3906.6899999999996,-568.7900000000004
2026-01-14 16:45:00+00:00,15.19,hold,hold,default_hold,hold,execute_default_hold,0,False,3985.69,3906.6899999999996,-534.0400000000004
2026-01-14 17:00:00+00:00,15.3832,hold,hold,default_hold,hold,execute_default_hold,0,False,3995.35,3906.6899999999996,-524.3800000000006
2026-01-14 17:15:00+00:00,15.6298,hold,hold,default_hold,hold,execute_default_hold,0,False,4007.6800000000003,3906.6899999999996,-512.0500000000002
2026-01-14 17:30:00+00:00,15.81,hold,hold,default_hold,hold,execute_default_hold,0,False,4016.69,3906.6899999999996,-503.0400000000004
2026-01-14 17:45:00+00:00,16.72,hold,hold,default_hold,hold,execute_default_hold,0,False,4062.19,3906.6899999999996,-457.5400000000004
2026-01-14 18:00:00+00:00,16.215,hold,hold,default_hold,hold,execute_default_hold,0,False,4036.94,3906.6899999999996,-482.7900000000004
2026-01-14 18:15:00+00:00,17.2664,hold,hold,default_hold,hold,execute_default_hold,0,False,4089.51,3906.6899999999996,-430.22000000000025
2026-01-14 18:30:00+00:00,18.1,hold,hold,default_hold,hold,execute_default_hold,0,False,4131.1900000000005,3906.6899999999996,-388.53999999999996
2026-01-14 18:45:00+00:00,17.812,hold,hold,default_hold,hold,execute_default_hold,0,False,4116.79,3906.6899999999996,-402.9400000000005
2026-01-14 19:00:00+00:00,18.23,hold,hold,default_hold,hold,execute_default_hold,0,False,4137.6900000000005,3906.6899999999996,-382.03999999999996
2026-01-14 19:15:00+00:00,18.145,hold,hold,default_hold,hold,execute_default_hold,0,False,4133.4400000000005,3906.6899999999996,-386.28999999999996
2026-01-14 19:30:00+00:00,18.24,hold,hold,default_hold,hold,execute_default_hold,0,False,4138.19,3906.6899999999996,-381.5400000000009
2026-01-14 19:45:00+00:00,18.12,hold,hold,default_hold,hold,execute_default_hold,0,False,4132.1900000000005,3906.6899999999996,-387.53999999999996
2026-01-14 20:00:00+00:00,18.47,hold,hold,default_hold,hold,execute_default_hold,0,False,4149.6900000000005,3906.6899999999996,-370.03999999999996
2026-01-14 20:15:00+00:00,18.12,hold,hold,default_hold,hold,execute_default_hold,0,False,4132.1900000000005,3906.6899999999996,-387.53999999999996
2026-01-14 20:30:00+00:00,18.26,hold,hold,default_hold,hold,execute_default_hold,0,False,4139.1900000000005,3906.6899999999996,-380.53999999999996
2026-01-14 20:45:00+00:00,17.965,hold,hold,default_hold,hold,execute_default_hold,0,False,4124.4400000000005,3906.6899999999996,-395.28999999999996
2026-01-14 21:00:00+00:00,17.92,reduce,reduce,trim_in_trend,reduce,execute_trim_in_trend,50,True,4122.1900000000005,4122.19,-397.53999999999996
2026-01-15 14:30:00+00:00,16.62,sell,hold,no_position,hold,execute_no_position,0,False,4122.1900000000005,4122.19,-397.53999999999996
2026-01-15 14:45:00+00:00,17.615,hold,hold,default_hold,hold,execute_default_hold,0,False,4122.1900000000005,4122.19,-397.53999999999996
2026-01-15 15:00:00+00:00,17.84,hold,hold,default_hold,hold,execute_default_hold,0,False,4122.1900000000005,4122.19,-397.53999999999996
2026-01-15 15:15:00+00:00,17.53,hold,hold,default_hold,hold,execute_default_hold,0,False,4122.1900000000005,4122.19,-397.53999999999996
2026-01-15 15:30:00+00:00,16.94,hold,hold,default_hold,hold,execute_default_hold,0,False,4122.1900000000005,4122.19,-397.53999999999996
2026-01-15 15:45:00+00:00,17.58,reduce,hold,no_position,hold,execute_no_position,0,False,4122.1900000000005,4122.19,-397.53999999999996
2026-01-15 16:00:00+00:00,17.4,hold,hold,default_hold,hold,execute_default_hold,0,False,4122.1900000000005,4122.19,-397.53999999999996
2026-01-15 16:15:00+00:00,17.31,hold,hold,default_hold,hold,execute_default_hold,0,False,4122.1900000000005,4122.19,-397.53999999999996
2026-01-15 16:30:00+00:00,17.29,hold,hold,default_hold,hold,execute_default_hold,0,False,4122.1900000000005,4122.19,-397.53999999999996
2026-01-15 16:45:00+00:00,17.1362,hold,hold,default_hold,hold,execute_default_hold,0,False,4122.1900000000005,4122.19,-397.53999999999996
2026-01-15 17:00:00+00:00,17.135,avoid,hold,avoid_no_position,hold,execute_avoid_no_position,0,False,4122.1900000000005,4122.19,-397.53999999999996
2026-01-15 17:15:00+00:00,17.235,reduce,hold,no_position,hold,execute_no_position,0,False,4122.1900000000005,4122.19,-397.53999999999996
2026-01-15 17:30:00+00:00,17.17,hold,hold,default_hold,hold,execute_default_hold,0,False,4122.1900000000005,4122.19,-397.53999999999996
2026-01-15 17:45:00+00:00,17.055,hold,hold,default_hold,hold,execute_default_hold,0,False,4122.1900000000005,4122.19,-397.53999999999996
2026-01-15 18:00:00+00:00,17.066,avoid,hold,avoid_no_position,hold,execute_avoid_no_position,0,False,4122.1900000000005,4122.19,-397.53999999999996
2026-01-15 18:15:00+00:00,17.07,reduce,hold,no_position,hold,execute_no_position,0,False,4122.1900000000005,4122.19,-397.53999999999996
2026-01-15 18:30:00+00:00,17.35,hold,hold,default_hold,hold,execute_default_hold,0,False,4122.1900000000005,4122.19,-397.53999999999996
2026-01-15 18:45:00+00:00,17.47,avoid,hold,avoid_no_position,hold,execute_avoid_no_position,0,False,4122.1900000000005,4122.19,-397.53999999999996
2026-01-15 19:00:00+00:00,17.34,hold,hold,default_hold,hold,execute_default_hold,0,False,4122.1900000000005,4122.19,-397.53999999999996
2026-01-15 19:15:00+00:00,17.4901,sell,hold,no_position,hold,execute_no_position,0,False,4122.1900000000005,4122.19,-397.53999999999996
2026-01-15 19:30:00+00:00,17.63,hold,hold,default_hold,hold,execute_default_hold,0,False,4122.1900000000005,4122.19,-397.53999999999996
2026-01-15 19:45:00+00:00,17.37,avoid,hold,avoid_no_position,hold,execute_avoid_no_position,0,False,4122.1900000000005,4122.19,-397.53999999999996
2026-01-15 20:00:00+00:00,17.24,hold,hold,default_hold,hold,execute_default_hold,0,False,4122.1900000000005,4122.19,-397.53999999999996
2026-01-15 20:15:00+00:00,17.0794,hold,hold,default_hold,hold,execute_default_hold,0,False,4122.1900000000005,4122.19,-397.53999999999996
2026-01-15 20:30:00+00:00,16.8039,sell,hold,no_position,hold,execute_no_position,0,False,4122.1900000000005,4122.19,-397.53999999999996
2026-01-15 20:45:00+00:00,17.09,avoid,hold,avoid_no_position,hold,execute_avoid_no_position,0,False,4122.1900000000005,4122.19,-397.53999999999996
2026-01-15 21:00:00+00:00,17.24,sell,hold,no_position,hold,execute_no_position,0,False,4122.1900000000005,4122.19,-397.53999999999996
2026-01-16 14:30:00+00:00,17.435,reduce,hold,no_position,hold,execute_no_position,0,False,4122.1900000000005,4122.19,-397.53999999999996
2026-01-16 14:45:00+00:00,16.4096,hold,hold,default_hold,hold,execute_default_hold,0,False,4122.1900000000005,4122.19,-397.53999999999996
2026-01-16 15:00:00+00:00,16.69,hold,hold,default_hold,hold,execute_default_hold,0,False,4122.1900000000005,4122.19,-397.53999999999996
2026-01-16 15:15:00+00:00,16.92,hold,hold,default_hold,hold,execute_default_hold,0,False,4122.1900000000005,4122.19,-397.53999999999996
2026-01-16 15:30:00+00:00,17.125,hold,hold,default_hold,hold,execute_default_hold,0,False,4122.1900000000005,4122.19,-397.53999999999996
2026-01-16 15:45:00+00:00,16.79,hold,hold,default_hold,hold,execute_default_hold,0,False,4122.1900000000005,4122.19,-397.53999999999996
2026-01-16 16:00:00+00:00,17.92,hold,hold,default_hold,hold,execute_default_hold,0,False,4122.1900000000005,4122.19,-397.53999999999996
2026-01-16 16:15:00+00:00,17.72,hold,hold,default_hold,hold,execute_default_hold,0,False,4122.1900000000005,4122.19,-397.53999999999996
2026-01-16 16:30:00+00:00,17.485,hold,hold,default_hold,hold,execute_default_hold,0,False,4122.1900000000005,4122.19,-397.53999999999996
2026-01-16 16:45:00+00:00,17.3377,hold,hold,default_hold,hold,execute_default_hold,0,False,4122.1900000000005,4122.19,-397.53999999999996
2026-01-16 17:00:00+00:00,17.43,hold,hold,default_hold,hold,execute_default_hold,0,False,4122.1900000000005,4122.19,-397.53999999999996
2026-01-16 17:15:00+00:00,17.43,hold,hold,default_hold,hold,execute_default_hold,0,False,4122.1900000000005,4122.19,-397.53999999999996
2026-01-16 17:30:00+00:00,17.43,buy,buy,trend_buy,buy,weak_trend_limited_buy,50,True,4122.1900000000005,4122.19,-397.53999999999996
2026-01-16 17:45:00+00:00,17.44,hold,hold,default_hold,hold,execute_default_hold,0,False,4122.6900000000005,4122.19,-397.03999999999996
2026-01-16 18:00:00+00:00,17.58,hold,hold,default_hold,hold,execute_default_hold,0,False,4129.6900000000005,4122.19,-390.03999999999996
2026-01-16 18:15:00+00:00,17.6648,hold,hold,default_hold,hold,execute_default_hold,0,False,4133.93,4122.19,-385.8000000000002
2026-01-16 18:30:00+00:00,17.94,hold,hold,default_hold,hold,execute_default_hold,0,False,4147.6900000000005,4122.19,-372.03999999999996
2026-01-16 18:45:00+00:00,17.905,hold,hold,default_hold,hold,execute_default_hold,0,False,4145.9400000000005,4122.19,-373.78999999999996
2026-01-16 19:00:00+00:00,17.9012,hold,hold,default_hold,hold,execute_default_hold,0,False,4145.75,4122.19,-373.9800000000005
2026-01-16 19:15:00+00:00,17.8575,hold,hold,default_hold,hold,execute_default_hold,0,False,4143.5650000000005,4122.19,-376.16499999999996
2026-01-16 19:30:00+00:00,17.685,hold,hold,default_hold,hold,execute_default_hold,0,False,4134.9400000000005,4122.19,-384.78999999999996
2026-01-16 19:45:00+00:00,17.7601,hold,hold,default_hold,hold,execute_default_hold,0,False,4138.695000000001,4122.19,-381.03499999999985
2026-01-16 20:00:00+00:00,17.65,hold,hold,default_hold,hold,execute_default_hold,0,False,4133.1900000000005,4122.19,-386.53999999999996
2026-01-16 20:15:00+00:00,17.535,hold,hold,default_hold,hold,execute_default_hold,0,False,4127.4400000000005,4122.19,-392.28999999999996
2026-01-16 20:30:00+00:00,17.232,reduce,reduce,trim_in_trend,reduce,execute_trim_in_trend,50,True,4112.290000000001,4112.29,-407.4399999999996
2026-01-16 20:45:00+00:00,17.22,hold,hold,default_hold,hold,execute_default_hold,0,False,4112.290000000001,4112.29,-407.4399999999996
2026-01-16 21:00:00+00:00,17.66,hold,hold,default_hold,hold,execute_default_hold,0,False,4112.290000000001,4112.29,-407.4399999999996
2026-01-20 14:30:00+00:00,18.9,hold,hold,default_hold,hold,execute_default_hold,0,False,4112.290000000001,4112.29,-407.4399999999996
2026-01-20 14:45:00+00:00,17.68,hold,hold,default_hold,hold,execute_default_hold,0,False,4112.290000000001,4112.29,-407.4399999999996
2026-01-20 15:00:00+00:00,16.9001,hold,hold,default_hold,hold,execute_default_hold,0,False,4112.290000000001,4112.29,-407.4399999999996
2026-01-20 15:15:00+00:00,17.21,hold,hold,default_hold,hold,execute_default_hold,0,False,4112.290000000001,4112.29,-407.4399999999996
2026-01-20 15:30:00+00:00,17.05,hold,hold,default_hold,hold,execute_default_hold,0,False,4112.290000000001,4112.29,-407.4399999999996
2026-01-20 15:45:00+00:00,17.09,hold,hold,default_hold,hold,execute_default_hold,0,False,4112.290000000001,4112.29,-407.4399999999996
2026-01-20 16:00:00+00:00,17.03,hold,hold,default_hold,hold,execute_default_hold,0,False,4112.290000000001,4112.29,-407.4399999999996
2026-01-20 16:15:00+00:00,17.145,hold,hold,default_hold,hold,execute_default_hold,0,False,4112.290000000001,4112.29,-407.4399999999996
2026-01-20 16:30:00+00:00,17.18,hold,hold,default_hold,hold,execute_default_hold,0,False,4112.290000000001,4112.29,-407.4399999999996
2026-01-20 16:45:00+00:00,17.03,hold,hold,default_hold,hold,execute_default_hold,0,False,4112.290000000001,4112.29,-407.4399999999996
2026-01-20 17:00:00+00:00,17.0107,hold,hold,default_hold,hold,execute_default_hold,0,False,4112.290000000001,4112.29,-407.4399999999996
2026-01-20 17:15:00+00:00,16.89,hold,hold,default_hold,hold,execute_default_hold,0,False,4112.290000000001,4112.29,-407.4399999999996
2026-01-20 17:30:00+00:00,16.865,hold,hold,default_hold,hold,execute_default_hold,0,False,4112.290000000001,4112.29,-407.4399999999996
2026-01-20 17:45:00+00:00,16.67,hold,hold,default_hold,hold,execute_default_hold,0,False,4112.290000000001,4112.29,-407.4399999999996
2026-01-20 18:00:00+00:00,16.455,hold,hold,default_hold,hold,execute_default_hold,0,False,4112.290000000001,4112.29,-407.4399999999996
2026-01-20 18:15:00+00:00,16.755,hold,hold,default_hold,hold,execute_default_hold,0,False,4112.290000000001,4112.29,-407.4399999999996
2026-01-20 18:30:00+00:00,16.6228,hold,hold,default_hold,hold,execute_default_hold,0,False,4112.290000000001,4112.29,-407.4399999999996
2026-01-20 18:45:00+00:00,16.45,hold,hold,default_hold,hold,execute_default_hold,0,False,4112.290000000001,4112.29,-407.4399999999996
2026-01-20 19:00:00+00:00,16.525,hold,hold,default_hold,hold,execute_default_hold,0,False,4112.290000000001,4112.29,-407.4399999999996
2026-01-20 19:15:00+00:00,16.42,hold,hold,default_hold,hold,execute_default_hold,0,False,4112.290000000001,4112.29,-407.4399999999996
2026-01-20 19:30:00+00:00,16.363,hold,hold,default_hold,hold,execute_default_hold,0,False,4112.290000000001,4112.29,-407.4399999999996
2026-01-20 19:45:00+00:00,16.49,hold,hold,default_hold,hold,execute_default_hold,0,False,4112.290000000001,4112.29,-407.4399999999996
2026-01-20 20:00:00+00:00,16.65,hold,hold,default_hold,hold,execute_default_hold,0,False,4112.290000000001,4112.29,-407.4399999999996
2026-01-20 20:15:00+00:00,16.77,hold,hold,default_hold,hold,execute_default_hold,0,False,4112.290000000001,4112.29,-407.4399999999996
2026-01-20 20:30:00+00:00,16.985,hold,hold,default_hold,hold,execute_default_hold,0,False,4112.290000000001,4112.29,-407.4399999999996
2026-01-20 20:45:00+00:00,17.215,hold,hold,default_hold,hold,execute_default_hold,0,False,4112.290000000001,4112.29,-407.4399999999996
2026-01-20 21:00:00+00:00,17.2,hold,hold,default_hold,hold,execute_default_hold,0,False,4112.290000000001,4112.29,-407.4399999999996
2026-01-21 14:30:00+00:00,17.8686,buy,buy,trend_buy,buy,drawdown_limited_trend,50,True,4112.290000000001,4112.29,-407.4399999999996
2026-01-21 14:45:00+00:00,17.66,hold,hold,default_hold,hold,execute_default_hold,0,False,4101.860000000001,4112.29,-417.8699999999999
2026-01-21 15:00:00+00:00,16.965,hold,hold,default_hold,hold,execute_default_hold,0,False,4067.1100000000006,4112.29,-452.6199999999999
2026-01-21 15:15:00+00:00,16.88,hold,hold,default_hold,hold,execute_default_hold,0,False,4062.8600000000006,4112.29,-456.8699999999999
2026-01-21 15:30:00+00:00,16.4379,hold,hold,default_hold,hold,execute_default_hold,0,False,4040.7550000000006,4112.29,-478.9749999999999
2026-01-21 15:45:00+00:00,15.9446,hold,hold,default_hold,hold,execute_default_hold,0,False,4016.0900000000006,4112.29,-503.6399999999999
2026-01-21 16:00:00+00:00,16.155,hold,hold,default_hold,hold,execute_default_hold,0,False,4026.6100000000006,4112.29,-493.1199999999999
2026-01-21 16:15:00+00:00,16.13,hold,hold,default_hold,hold,execute_default_hold,0,False,4025.3600000000006,4112.29,-494.3699999999999
2026-01-21 16:30:00+00:00,15.82,hold,hold,default_hold,hold,execute_default_hold,0,False,4009.8600000000006,4112.29,-509.8699999999999
2026-01-21 16:45:00+00:00,15.58,hold,hold,default_hold,hold,execute_default_hold,0,False,3997.8600000000006,4112.29,-521.8699999999999
2026-01-21 17:00:00+00:00,15.3601,hold,hold,default_hold,hold,execute_default_hold,0,False,3986.8650000000007,4112.29,-532.8649999999998
2026-01-21 17:15:00+00:00,15.452,hold,hold,default_hold,hold,execute_default_hold,0,False,3991.4600000000005,4112.29,-528.27
2026-01-21 17:30:00+00:00,15.4651,reduce,reduce,defensive_reduce,reduce,execute_defensive_reduce,50,True,3992.1150000000007,3992.115,-527.6149999999998
2026-01-21 17:45:00+00:00,15.075,hold,hold,default_hold,hold,execute_default_hold,0,False,3992.1150000000007,3992.115,-527.6149999999998
2026-01-21 18:00:00+00:00,15.2,hold,hold,default_hold,hold,execute_default_hold,0,False,3992.1150000000007,3992.115,-527.6149999999998
2026-01-21 18:15:00+00:00,14.65,hold,hold,default_hold,hold,execute_default_hold,0,False,3992.1150000000007,3992.115,-527.6149999999998
2026-01-21 18:30:00+00:00,14.8601,hold,hold,default_hold,hold,execute_default_hold,0,False,3992.1150000000007,3992.115,-527.6149999999998
2026-01-21 18:45:00+00:00,14.71,hold,hold,default_hold,hold,execute_default_hold,0,False,3992.1150000000007,3992.115,-527.6149999999998
2026-01-21 19:00:00+00:00,14.79,hold,hold,default_hold,hold,execute_default_hold,0,False,3992.1150000000007,3992.115,-527.6149999999998
2026-01-21 19:15:00+00:00,14.775,hold,hold,default_hold,hold,execute_default_hold,0,False,3992.1150000000007,3992.115,-527.6149999999998
2026-01-21 19:30:00+00:00,15.09,hold,hold,default_hold,hold,execute_default_hold,0,False,3992.1150000000007,3992.115,-527.6149999999998
2026-01-21 19:45:00+00:00,15.1457,hold,hold,default_hold,hold,execute_default_hold,0,False,3992.1150000000007,3992.115,-527.6149999999998
2026-01-21 20:00:00+00:00,15.265,hold,hold,default_hold,hold,execute_default_hold,0,False,3992.1150000000007,3992.115,-527.6149999999998
2026-01-21 20:15:00+00:00,15.05,hold,hold,default_hold,hold,execute_default_hold,0,False,3992.1150000000007,3992.115,-527.6149999999998
2026-01-21 20:30:00+00:00,14.815,hold,hold,default_hold,hold,execute_default_hold,0,False,3992.1150000000007,3992.115,-527.6149999999998
2026-01-21 20:45:00+00:00,15.4956,hold,hold,default_hold,hold,execute_default_hold,0,False,3992.1150000000007,3992.115,-527.6149999999998
2026-01-21 21:00:00+00:00,15.28,hold,hold,default_hold,hold,execute_default_hold,0,False,3992.1150000000007,3992.115,-527.6149999999998
2026-01-22 14:30:00+00:00,15.5649,hold,hold,default_hold,hold,execute_default_hold,0,False,3992.1150000000007,3992.115,-527.6149999999998
2026-01-22 14:45:00+00:00,15.915,buy,buy,trend_buy,buy,drawdown_limited_trend,50,True,3992.1150000000007,3992.115,-527.6149999999998
2026-01-22 15:00:00+00:00,17.2824,hold,hold,default_hold,hold,execute_default_hold,0,False,4060.4850000000006,3992.115,-459.2449999999999
2026-01-22 15:15:00+00:00,18.03,hold,hold,default_hold,hold,execute_default_hold,0,False,4097.865000000001,3992.115,-421.8649999999998
2026-01-22 15:30:00+00:00,17.48,hold,hold,default_hold,hold,execute_default_hold,0,False,4070.3650000000007,3992.115,-449.3649999999998
2026-01-22 15:45:00+00:00,17.4,hold,hold,default_hold,hold,execute_default_hold,0,False,4066.3650000000007,3992.115,-453.3649999999998
2026-01-22 16:00:00+00:00,17.755,hold,hold,default_hold,hold,execute_default_hold,0,False,4084.1150000000007,3992.115,-435.6149999999998
2026-01-22 16:15:00+00:00,17.7399,hold,hold,default_hold,hold,execute_default_hold,0,False,4083.3600000000006,3992.115,-436.3699999999999
2026-01-22 16:30:00+00:00,18.05,hold,hold,default_hold,hold,execute_default_hold,0,False,4098.865000000001,3992.115,-420.8649999999998
2026-01-22 16:45:00+00:00,18.15,hold,hold,default_hold,hold,execute_default_hold,0,False,4103.865000000001,3992.115,-415.8649999999998
2026-01-22 17:00:00+00:00,18.0973,hold,hold,default_hold,hold,execute_default_hold,0,False,4101.2300000000005,3992.115,-418.5
2026-01-22 17:15:00+00:00,18.23,hold,hold,default_hold,hold,execute_default_hold,0,False,4107.865000000001,3992.115,-411.8649999999998
2026-01-22 17:30:00+00:00,18.291,hold,hold,default_hold,hold,execute_default_hold,0,False,4110.915000000001,3992.115,-408.8149999999996
2026-01-22 17:45:00+00:00,18.55,hold,hold,default_hold,hold,execute_default_hold,0,False,4123.865000000001,3992.115,-395.8649999999998
2026-01-22 18:00:00+00:00,18.39,hold,hold,default_hold,hold,execute_default_hold,0,False,4115.865000000001,3992.115,-403.8649999999998
2026-01-22 18:15:00+00:00,18.63,hold,hold,default_hold,hold,execute_default_hold,0,False,4127.865000000001,3992.115,-391.8649999999998
2026-01-22 18:30:00+00:00,18.91,hold,hold,default_hold,hold,execute_default_hold,0,False,4141.865000000001,3992.115,-377.8649999999998
2026-01-22 18:45:00+00:00,18.98,hold,hold,default_hold,hold,execute_default_hold,0,False,4145.365000000001,3992.115,-374.3649999999998
2026-01-22 19:00:00+00:00,19.2399,hold,hold,default_hold,hold,execute_default_hold,0,False,4158.360000000001,3992.115,-361.3699999999999
2026-01-22 19:15:00+00:00,19.3627,hold,hold,default_hold,hold,execute_default_hold,0,False,4164.500000000001,3992.115,-355.22999999999956
2026-01-22 19:30:00+00:00,19.53,hold,hold,default_hold,hold,execute_default_hold,0,False,4172.865000000001,3992.115,-346.8649999999998
2026-01-22 19:45:00+00:00,19.47,hold,hold,default_hold,hold,execute_default_hold,0,False,4169.865000000001,3992.115,-349.8649999999998
2026-01-22 20:00:00+00:00,19.1284,hold,hold,default_hold,hold,execute_default_hold,0,False,4152.785000000001,3992.115,-366.9449999999997
2026-01-22 20:15:00+00:00,19.415,hold,hold,default_hold,hold,execute_default_hold,0,False,4167.115000000001,3992.115,-352.6149999999998
2026-01-22 20:30:00+00:00,19.11,hold,hold,default_hold,hold,execute_default_hold,0,False,4151.865000000001,3992.115,-367.8649999999998
2026-01-22 20:45:00+00:00,18.7301,hold,hold,default_hold,hold,execute_default_hold,0,False,4132.870000000001,3992.115,-386.8599999999997
2026-01-22 21:00:00+00:00,18.425,reduce,reduce,trim_in_trend,reduce,reduce_limited,50,True,4117.615000000001,4117.615,-402.1149999999998
2026-01-23 14:30:00+00:00,18.23,hold,hold,default_hold,hold,execute_default_hold,0,False,4117.615000000001,4117.615,-402.1149999999998
2026-01-23 14:45:00+00:00,17.37,hold,hold,default_hold,hold,execute_default_hold,0,False,4117.615000000001,4117.615,-402.1149999999998
2026-01-23 15:00:00+00:00,17.0497,hold,hold,default_hold,hold,execute_default_hold,0,False,4117.615000000001,4117.615,-402.1149999999998
2026-01-23 15:15:00+00:00,17.09,hold,hold,default_hold,hold,execute_default_hold,0,False,4117.615000000001,4117.615,-402.1149999999998
2026-01-23 15:30:00+00:00,17.75,hold,hold,default_hold,hold,execute_default_hold,0,False,4117.615000000001,4117.615,-402.1149999999998
2026-01-23 15:45:00+00:00,18.18,hold,hold,default_hold,hold,execute_default_hold,0,False,4117.615000000001,4117.615,-402.1149999999998
2026-01-23 16:00:00+00:00,18.32,hold,hold,default_hold,hold,execute_default_hold,0,False,4117.615000000001,4117.615,-402.1149999999998
2026-01-23 16:15:00+00:00,18.4799,hold,hold,default_hold,hold,execute_default_hold,0,False,4117.615000000001,4117.615,-402.1149999999998
2026-01-23 16:30:00+00:00,18.27,hold,hold,default_hold,hold,execute_default_hold,0,False,4117.615000000001,4117.615,-402.1149999999998
2026-01-23 16:45:00+00:00,18.41,hold,hold,default_hold,hold,execute_default_hold,0,False,4117.615000000001,4117.615,-402.1149999999998
2026-01-23 17:00:00+00:00,18.28,hold,hold,default_hold,hold,execute_default_hold,0,False,4117.615000000001,4117.615,-402.1149999999998
2026-01-23 17:15:00+00:00,18.42,hold,hold,default_hold,hold,execute_default_hold,0,False,4117.615000000001,4117.615,-402.1149999999998
2026-01-23 17:30:00+00:00,18.5516,hold,hold,default_hold,hold,execute_default_hold,0,False,4117.615000000001,4117.615,-402.1149999999998
2026-01-23 17:45:00+00:00,18.32,hold,hold,default_hold,hold,execute_default_hold,0,False,4117.615000000001,4117.615,-402.1149999999998
2026-01-23 18:00:00+00:00,18.365,buy,buy,trend_buy,buy,weak_trend_limited_buy,50,True,4117.615000000001,4117.615,-402.1149999999998
2026-01-23 18:15:00+00:00,18.7853,hold,hold,default_hold,hold,execute_default_hold,0,False,4138.630000000001,4117.615,-381.09999999999945
2026-01-23 18:30:00+00:00,18.8203,hold,hold,default_hold,hold,execute_default_hold,0,False,4140.380000000001,4117.615,-379.34999999999945
2026-01-23 18:45:00+00:00,18.83,hold,hold,default_hold,hold,execute_default_hold,0,False,4140.865000000001,4117.615,-378.8649999999998
2026-01-23 19:00:00+00:00,19.14,hold,hold,default_hold,hold,execute_default_hold,0,False,4156.365000000001,4117.615,-363.3649999999998
2026-01-23 19:15:00+00:00,19.8651,hold,hold,default_hold,hold,execute_default_hold,0,False,4192.620000000001,4117.615,-327.1099999999997
2026-01-23 19:30:00+00:00,20.34,hold,hold,default_hold,hold,execute_default_hold,0,False,4216.365000000001,4117.615,-303.3649999999998
2026-01-23 19:45:00+00:00,20.41,hold,hold,default_hold,hold,execute_default_hold,0,False,4219.865000000001,4117.615,-299.8649999999998
2026-01-23 20:00:00+00:00,19.7002,hold,hold,default_hold,hold,execute_default_hold,0,False,4184.375000000001,4117.615,-335.35499999999956
2026-01-23 20:15:00+00:00,20.2108,hold,hold,default_hold,hold,execute_default_hold,0,False,4209.905000000001,4117.615,-309.8249999999998
2026-01-23 20:30:00+00:00,19.81,hold,hold,default_hold,hold,execute_default_hold,0,False,4189.865000000001,4117.615,-329.8649999999998
2026-01-23 20:45:00+00:00,20.53,hold,hold,default_hold,hold,execute_default_hold,0,False,4225.865000000001,4117.615,-293.8649999999998
2026-01-23 21:00:00+00:00,20.615,hold,hold,default_hold,hold,execute_default_hold,0,False,4230.115000000001,4117.615,-289.6149999999998
2026-01-26 14:30:00+00:00,20.62,hold,hold,default_hold,hold,execute_default_hold,0,False,4230.365000000001,4117.615,-289.3649999999998
2026-01-26 14:45:00+00:00,19.265,hold,hold,default_hold,hold,execute_default_hold,0,False,4162.615000000001,4117.615,-357.1149999999998
2026-01-26 15:00:00+00:00,19.1199,reduce,reduce,trim_in_trend,reduce,reduce_limited,50,True,4155.360000000001,4155.36,-364.3699999999999
2026-01-26 15:15:00+00:00,19.065,hold,hold,default_hold,hold,execute_default_hold,0,False,4155.360000000001,4155.36,-364.3699999999999
2026-01-26 15:30:00+00:00,18.7938,hold,hold,default_hold,hold,execute_default_hold,0,False,4155.360000000001,4155.36,-364.3699999999999
2026-01-26 15:45:00+00:00,18.33,hold,hold,default_hold,hold,execute_default_hold,0,False,4155.360000000001,4155.36,-364.3699999999999
2026-01-26 16:00:00+00:00,18.92,hold,hold,default_hold,hold,execute_default_hold,0,False,4155.360000000001,4155.36,-364.3699999999999
2026-01-26 16:15:00+00:00,18.72,hold,hold,default_hold,hold,execute_default_hold,0,False,4155.360000000001,4155.36,-364.3699999999999
2026-01-26 16:30:00+00:00,18.58,hold,hold,default_hold,hold,execute_default_hold,0,False,4155.360000000001,4155.36,-364.3699999999999
2026-01-26 16:45:00+00:00,18.63,hold,hold,default_hold,hold,execute_default_hold,0,False,4155.360000000001,4155.36,-364.3699999999999
2026-01-26 17:00:00+00:00,18.605,hold,hold,default_hold,hold,execute_default_hold,0,False,4155.360000000001,4155.36,-364.3699999999999
2026-01-26 17:15:00+00:00,18.68,hold,hold,default_hold,hold,execute_default_hold,0,False,4155.360000000001,4155.36,-364.3699999999999
2026-01-26 17:30:00+00:00,18.925,hold,hold,default_hold,hold,execute_default_hold,0,False,4155.360000000001,4155.36,-364.3699999999999
2026-01-26 17:45:00+00:00,18.7899,hold,hold,default_hold,hold,execute_default_hold,0,False,4155.360000000001,4155.36,-364.3699999999999
2026-01-26 18:00:00+00:00,18.6275,hold,hold,default_hold,hold,execute_default_hold,0,False,4155.360000000001,4155.36,-364.3699999999999
2026-01-26 18:15:00+00:00,18.6899,hold,hold,default_hold,hold,execute_default_hold,0,False,4155.360000000001,4155.36,-364.3699999999999
2026-01-26 18:30:00+00:00,18.5714,hold,hold,default_hold,hold,execute_default_hold,0,False,4155.360000000001,4155.36,-364.3699999999999
2026-01-26 18:45:00+00:00,18.66,hold,hold,default_hold,hold,execute_default_hold,0,False,4155.360000000001,4155.36,-364.3699999999999
2026-01-26 19:00:00+00:00,18.51,hold,hold,default_hold,hold,execute_default_hold,0,False,4155.360000000001,4155.36,-364.3699999999999
2026-01-26 19:15:00+00:00,18.18,hold,hold,default_hold,hold,execute_default_hold,0,False,4155.360000000001,4155.36,-364.3699999999999
2026-01-26 19:30:00+00:00,18.02,hold,hold,default_hold,hold,execute_default_hold,0,False,4155.360000000001,4155.36,-364.3699999999999
2026-01-26 19:45:00+00:00,17.91,hold,hold,default_hold,hold,execute_default_hold,0,False,4155.360000000001,4155.36,-364.3699999999999
2026-01-26 20:00:00+00:00,17.625,hold,hold,default_hold,hold,execute_default_hold,0,False,4155.360000000001,4155.36,-364.3699999999999
2026-01-26 20:15:00+00:00,17.855,hold,hold,default_hold,hold,execute_default_hold,0,False,4155.360000000001,4155.36,-364.3699999999999
2026-01-26 20:30:00+00:00,17.83,hold,hold,default_hold,hold,execute_default_hold,0,False,4155.360000000001,4155.36,-364.3699999999999
2026-01-26 20:45:00+00:00,18.22,hold,hold,default_hold,hold,execute_default_hold,0,False,4155.360000000001,4155.36,-364.3699999999999
2026-01-26 21:00:00+00:00,18.3,hold,hold,default_hold,hold,execute_default_hold,0,False,4155.360000000001,4155.36,-364.3699999999999
2026-01-27 14:30:00+00:00,17.5057,hold,hold,default_hold,hold,execute_default_hold,0,False,4155.360000000001,4155.36,-364.3699999999999
2026-01-27 14:45:00+00:00,16.895,hold,hold,default_hold,hold,execute_default_hold,0,False,4155.360000000001,4155.36,-364.3699999999999
2026-01-27 15:00:00+00:00,16.36,hold,hold,default_hold,hold,execute_default_hold,0,False,4155.360000000001,4155.36,-364.3699999999999
2026-01-27 15:15:00+00:00,16.5883,hold,hold,default_hold,hold,execute_default_hold,0,False,4155.360000000001,4155.36,-364.3699999999999
2026-01-27 15:30:00+00:00,16.695,hold,hold,default_hold,hold,execute_default_hold,0,False,4155.360000000001,4155.36,-364.3699999999999
2026-01-27 15:45:00+00:00,16.7422,hold,hold,default_hold,hold,execute_default_hold,0,False,4155.360000000001,4155.36,-364.3699999999999
2026-01-27 16:00:00+00:00,17.195,hold,hold,default_hold,hold,execute_default_hold,0,False,4155.360000000001,4155.36,-364.3699999999999
2026-01-27 16:15:00+00:00,17.07,hold,hold,default_hold,hold,execute_default_hold,0,False,4155.360000000001,4155.36,-364.3699999999999
2026-01-27 16:30:00+00:00,17.135,hold,hold,default_hold,hold,execute_default_hold,0,False,4155.360000000001,4155.36,-364.3699999999999
2026-01-27 16:45:00+00:00,17.3674,hold,hold,default_hold,hold,execute_default_hold,0,False,4155.360000000001,4155.36,-364.3699999999999
2026-01-27 17:00:00+00:00,17.42,hold,hold,default_hold,hold,execute_default_hold,0,False,4155.360000000001,4155.36,-364.3699999999999
2026-01-27 17:15:00+00:00,18.0193,hold,hold,default_hold,hold,execute_default_hold,0,False,4155.360000000001,4155.36,-364.3699999999999
2026-01-27 17:30:00+00:00,18.01,hold,hold,default_hold,hold,execute_default_hold,0,False,4155.360000000001,4155.36,-364.3699999999999
2026-01-27 17:45:00+00:00,18.17,hold,hold,default_hold,hold,execute_default_hold,0,False,4155.360000000001,4155.36,-364.3699999999999
2026-01-27 18:00:00+00:00,18.115,buy,buy,trend_buy,buy,drawdown_limited_trend,50,True,4155.360000000001,4155.36,-364.3699999999999
2026-01-27 18:15:00+00:00,17.925,hold,hold,default_hold,hold,execute_default_hold,0,False,4145.860000000001,4155.36,-373.8699999999999
2026-01-27 18:30:00+00:00,18.0861,hold,hold,default_hold,hold,execute_default_hold,0,False,4153.915000000001,4155.36,-365.8149999999996
2026-01-27 18:45:00+00:00,18.1,hold,hold,default_hold,hold,execute_default_hold,0,False,4154.610000000001,4155.36,-365.1199999999999
2026-01-27 19:00:00+00:00,18.3785,hold,hold,default_hold,hold,execute_default_hold,0,False,4168.535000000001,4155.36,-351.1949999999997
2026-01-27 19:15:00+00:00,18.31,hold,hold,default_hold,hold,execute_default_hold,0,False,4165.110000000001,4155.36,-354.6199999999999
2026-01-27 19:30:00+00:00,18.48,hold,hold,default_hold,hold,execute_default_hold,0,False,4173.610000000001,4155.36,-346.1199999999999
2026-01-27 19:45:00+00:00,18.67,hold,hold,default_hold,hold,execute_default_hold,0,False,4183.110000000001,4155.36,-336.6199999999999
2026-01-27 20:00:00+00:00,18.54,hold,hold,default_hold,hold,execute_default_hold,0,False,4176.610000000001,4155.36,-343.1199999999999
2026-01-27 20:15:00+00:00,18.525,hold,hold,default_hold,hold,execute_default_hold,0,False,4175.860000000001,4155.36,-343.8699999999999
2026-01-27 20:30:00+00:00,18.36,hold,hold,default_hold,hold,execute_default_hold,0,False,4167.610000000001,4155.36,-352.1199999999999
2026-01-27 20:45:00+00:00,18.4701,hold,hold,default_hold,hold,execute_default_hold,0,False,4173.115000000001,4155.36,-346.6149999999998
2026-01-27 21:00:00+00:00,18.2501,hold,hold,default_hold,hold,execute_default_hold,0,False,4162.115000000001,4155.36,-357.6149999999998
2026-01-28 14:30:00+00:00,17.3499,reduce,reduce,trim_in_trend,reduce,execute_trim_in_trend,50,True,4117.1050000000005,4117.105,-402.625
2026-01-28 14:45:00+00:00,17.7499,hold,hold,default_hold,hold,execute_default_hold,0,False,4117.1050000000005,4117.105,-402.625
2026-01-28 15:00:00+00:00,17.41,hold,hold,default_hold,hold,execute_default_hold,0,False,4117.1050000000005,4117.105,-402.625
2026-01-28 15:15:00+00:00,17.4301,hold,hold,default_hold,hold,execute_default_hold,0,False,4117.1050000000005,4117.105,-402.625
2026-01-28 15:30:00+00:00,17.48,hold,hold,default_hold,hold,execute_default_hold,0,False,4117.1050000000005,4117.105,-402.625
2026-01-28 15:45:00+00:00,17.4299,hold,hold,default_hold,hold,execute_default_hold,0,False,4117.1050000000005,4117.105,-402.625
2026-01-28 16:00:00+00:00,17.3801,hold,hold,default_hold,hold,execute_default_hold,0,False,4117.1050000000005,4117.105,-402.625
2026-01-28 16:15:00+00:00,17.6832,hold,hold,default_hold,hold,execute_default_hold,0,False,4117.1050000000005,4117.105,-402.625
2026-01-28 16:30:00+00:00,17.52,hold,hold,default_hold,hold,execute_default_hold,0,False,4117.1050000000005,4117.105,-402.625
2026-01-28 16:45:00+00:00,17.3667,hold,hold,default_hold,hold,execute_default_hold,0,False,4117.1050000000005,4117.105,-402.625
2026-01-28 17:00:00+00:00,17.38,hold,hold,default_hold,hold,execute_default_hold,0,False,4117.1050000000005,4117.105,-402.625
2026-01-28 17:15:00+00:00,17.49,hold,hold,default_hold,hold,execute_default_hold,0,False,4117.1050000000005,4117.105,-402.625
2026-01-28 17:30:00+00:00,17.42,buy,buy,range_buy,buy,drawdown_limited_range,50,True,4117.1050000000005,4117.105,-402.625
2026-01-28 17:45:00+00:00,17.3501,hold,hold,default_hold,hold,execute_default_hold,0,False,4113.610000000001,4117.105,-406.1199999999999
2026-01-28 18:00:00+00:00,17.185,hold,hold,default_hold,hold,execute_default_hold,0,False,4105.3550000000005,4117.105,-414.375
2026-01-28 18:15:00+00:00,17.2195,hold,hold,default_hold,hold,execute_default_hold,0,False,4107.080000000001,4117.105,-412.64999999999964
2026-01-28 18:30:00+00:00,17.21,hold,hold,default_hold,hold,execute_default_hold,0,False,4106.6050000000005,4117.105,-413.125
2026-01-28 18:45:00+00:00,17.24,hold,hold,default_hold,hold,execute_default_hold,0,False,4108.1050000000005,4117.105,-411.625
2026-01-28 19:00:00+00:00,17.135,hold,hold,default_hold,hold,execute_default_hold,0,False,4102.8550000000005,4117.105,-416.875
2026-01-28 19:15:00+00:00,17.45,hold,hold,default_hold,hold,execute_default_hold,0,False,4118.6050000000005,4117.105,-401.125
2026-01-28 19:30:00+00:00,17.215,hold,hold,default_hold,hold,execute_default_hold,0,False,4106.8550000000005,4117.105,-412.875
2026-01-28 19:45:00+00:00,17.375,hold,hold,default_hold,hold,execute_default_hold,0,False,4114.8550000000005,4117.105,-404.875
2026-01-28 20:00:00+00:00,17.09,hold,hold,default_hold,hold,execute_default_hold,0,False,4100.6050000000005,4117.105,-419.125
2026-01-28 20:15:00+00:00,17.32,hold,hold,default_hold,hold,execute_default_hold,0,False,4112.1050000000005,4117.105,-407.625
2026-01-28 20:30:00+00:00,17.1968,hold,hold,default_hold,hold,execute_default_hold,0,False,4105.945000000001,4117.105,-413.78499999999985
2026-01-28 20:45:00+00:00,17.1765,reduce,reduce,defensive_reduce,reduce,execute_defensive_reduce,50,True,4104.93,4104.929999999999,-414.8000000000002
2026-01-28 21:00:00+00:00,17.065,hold,hold,default_hold,hold,execute_default_hold,0,False,4104.93,4104.929999999999,-414.8000000000002
2026-01-29 14:30:00+00:00,15.125,hold,hold,default_hold,hold,execute_default_hold,0,False,4104.93,4104.929999999999,-414.8000000000002
2026-01-29 14:45:00+00:00,15.1696,hold,hold,default_hold,hold,execute_default_hold,0,False,4104.93,4104.929999999999,-414.8000000000002
2026-01-29 15:00:00+00:00,14.83,hold,hold,default_hold,hold,execute_default_hold,0,False,4104.93,4104.929999999999,-414.8000000000002
2026-01-29 15:15:00+00:00,14.83,hold,hold,default_hold,hold,execute_default_hold,0,False,4104.93,4104.929999999999,-414.8000000000002
2026-01-29 15:30:00+00:00,14.425,hold,hold,default_hold,hold,execute_default_hold,0,False,4104.93,4104.929999999999,-414.8000000000002
2026-01-29 15:45:00+00:00,13.95,hold,hold,default_hold,hold,execute_default_hold,0,False,4104.93,4104.929999999999,-414.8000000000002
2026-01-29 16:00:00+00:00,14.2099,hold,hold,default_hold,hold,execute_default_hold,0,False,4104.93,4104.929999999999,-414.8000000000002
2026-01-29 16:15:00+00:00,14.37,hold,hold,default_hold,hold,execute_default_hold,0,False,4104.93,4104.929999999999,-414.8000000000002
2026-01-29 16:30:00+00:00,14.27,hold,hold,default_hold,hold,execute_default_hold,0,False,4104.93,4104.929999999999,-414.8000000000002
2026-01-29 16:45:00+00:00,14.3963,hold,hold,default_hold,hold,execute_default_hold,0,False,4104.93,4104.929999999999,-414.8000000000002
2026-01-29 17:00:00+00:00,14.585,hold,hold,default_hold,hold,execute_default_hold,0,False,4104.93,4104.929999999999,-414.8000000000002
2026-01-29 17:15:00+00:00,14.52,hold,hold,default_hold,hold,execute_default_hold,0,False,4104.93,4104.929999999999,-414.8000000000002
2026-01-29 17:30:00+00:00,14.72,hold,hold,default_hold,hold,execute_default_hold,0,False,4104.93,4104.929999999999,-414.8000000000002
2026-01-29 17:45:00+00:00,14.815,hold,hold,default_hold,hold,execute_default_hold,0,False,4104.93,4104.929999999999,-414.8000000000002
2026-01-29 18:00:00+00:00,14.5799,hold,hold,default_hold,hold,execute_default_hold,0,False,4104.93,4104.929999999999,-414.8000000000002
2026-01-29 18:15:00+00:00,14.4601,hold,hold,default_hold,hold,execute_default_hold,0,False,4104.93,4104.929999999999,-414.8000000000002
2026-01-29 18:30:00+00:00,14.155,hold,hold,default_hold,hold,execute_default_hold,0,False,4104.93,4104.929999999999,-414.8000000000002
2026-01-29 18:45:00+00:00,14.35,hold,hold,default_hold,hold,execute_default_hold,0,False,4104.93,4104.929999999999,-414.8000000000002
2026-01-29 19:00:00+00:00,14.277,hold,hold,default_hold,hold,execute_default_hold,0,False,4104.93,4104.929999999999,-414.8000000000002
2026-01-29 19:15:00+00:00,14.325,hold,hold,default_hold,hold,execute_default_hold,0,False,4104.93,4104.929999999999,-414.8000000000002
2026-01-29 19:30:00+00:00,14.28,hold,hold,default_hold,hold,execute_default_hold,0,False,4104.93,4104.929999999999,-414.8000000000002
2026-01-29 19:45:00+00:00,14.335,hold,hold,default_hold,hold,execute_default_hold,0,False,4104.93,4104.929999999999,-414.8000000000002
2026-01-29 20:00:00+00:00,14.055,hold,hold,default_hold,hold,execute_default_hold,0,False,4104.93,4104.929999999999,-414.8000000000002
2026-01-29 20:15:00+00:00,14.105,hold,hold,default_hold,hold,execute_default_hold,0,False,4104.93,4104.929999999999,-414.8000000000002
2026-01-29 20:30:00+00:00,13.95,hold,hold,default_hold,hold,execute_default_hold,0,False,4104.93,4104.929999999999,-414.8000000000002
2026-01-29 20:45:00+00:00,14.275,hold,hold,default_hold,hold,execute_default_hold,0,False,4104.93,4104.929999999999,-414.8000000000002
2026-01-29 21:00:00+00:00,14.165,hold,hold,default_hold,hold,execute_default_hold,0,False,4104.93,4104.929999999999,-414.8000000000002
2026-01-30 14:30:00+00:00,14.375,hold,hold,default_hold,hold,execute_default_hold,0,False,4104.93,4104.929999999999,-414.8000000000002
2026-01-30 14:45:00+00:00,14.7656,hold,hold,default_hold,hold,execute_default_hold,0,False,4104.93,4104.929999999999,-414.8000000000002
2026-01-30 15:00:00+00:00,14.2863,hold,hold,default_hold,hold,execute_default_hold,0,False,4104.93,4104.929999999999,-414.8000000000002
2026-01-30 15:15:00+00:00,14.5,hold,hold,default_hold,hold,execute_default_hold,0,False,4104.93,4104.929999999999,-414.8000000000002
2026-01-30 15:30:00+00:00,14.7,hold,hold,default_hold,hold,execute_default_hold,0,False,4104.93,4104.929999999999,-414.8000000000002
2026-01-30 15:45:00+00:00,14.81,hold,hold,default_hold,hold,execute_default_hold,0,False,4104.93,4104.929999999999,-414.8000000000002
2026-01-30 16:00:00+00:00,14.5114,buy,buy,trend_buy,buy,weak_trend_limited_buy,50,True,4104.93,4104.929999999999,-414.8000000000002
2026-01-30 16:15:00+00:00,14.02,hold,hold,default_hold,hold,execute_default_hold,0,False,4080.36,4104.929999999999,-439.37000000000035
2026-01-30 16:30:00+00:00,13.835,hold,hold,default_hold,hold,execute_default_hold,0,False,4071.11,4104.929999999999,-448.62000000000035
2026-01-30 16:45:00+00:00,13.885,hold,hold,default_hold,hold,execute_default_hold,0,False,4073.61,4104.929999999999,-446.12000000000035
2026-01-30 17:00:00+00:00,13.8,hold,hold,default_hold,hold,execute_default_hold,0,False,4069.36,4104.929999999999,-450.37000000000035
2026-01-30 17:15:00+00:00,13.765,hold,hold,default_hold,hold,execute_default_hold,0,False,4067.61,4104.929999999999,-452.12000000000035
2026-01-30 17:30:00+00:00,13.885,hold,hold,default_hold,hold,execute_default_hold,0,False,4073.61,4104.929999999999,-446.12000000000035
2026-01-30 17:45:00+00:00,13.66,hold,hold,default_hold,hold,execute_default_hold,0,False,4062.36,4104.929999999999,-457.37000000000035
2026-01-30 18:00:00+00:00,13.54,hold,hold,default_hold,hold,execute_default_hold,0,False,4056.36,4104.929999999999,-463.37000000000035
2026-01-30 18:15:00+00:00,13.4305,hold,hold,default_hold,hold,execute_default_hold,0,False,4050.885,4104.929999999999,-468.84500000000025
2026-01-30 18:30:00+00:00,13.3,hold,hold,default_hold,hold,execute_default_hold,0,False,4044.36,4104.929999999999,-475.37000000000035
2026-01-30 18:45:00+00:00,13.315,hold,hold,default_hold,hold,execute_default_hold,0,False,4045.11,4104.929999999999,-474.62000000000035
2026-01-30 19:00:00+00:00,13.695,reduce,reduce,defensive_reduce,reduce,execute_defensive_reduce,50,True,4064.11,4064.109999999999,-455.62000000000035
2026-01-30 19:15:00+00:00,13.42,hold,hold,default_hold,hold,execute_default_hold,0,False,4064.11,4064.109999999999,-455.62000000000035
2026-01-30 19:30:00+00:00,13.185,hold,hold,default_hold,hold,execute_default_hold,0,False,4064.11,4064.109999999999,-455.62000000000035
2026-01-30 19:45:00+00:00,13.4,hold,hold,default_hold,hold,execute_default_hold,0,False,4064.11,4064.109999999999,-455.62000000000035
2026-01-30 20:00:00+00:00,13.28,hold,hold,default_hold,hold,execute_default_hold,0,False,4064.11,4064.109999999999,-455.62000000000035
2026-01-30 20:15:00+00:00,13.235,hold,hold,default_hold,hold,execute_default_hold,0,False,4064.11,4064.109999999999,-455.62000000000035
2026-01-30 20:30:00+00:00,13.18,hold,hold,default_hold,hold,execute_default_hold,0,False,4064.11,4064.109999999999,-455.62000000000035
2026-01-30 20:45:00+00:00,13.1801,hold,hold,default_hold,hold,execute_default_hold,0,False,4064.11,4064.109999999999,-455.62000000000035
2026-01-30 21:00:00+00:00,13.165,hold,hold,default_hold,hold,execute_default_hold,0,False,4064.11,4064.109999999999,-455.62000000000035
2026-02-02 14:30:00+00:00,14.325,hold,hold,default_hold,hold,execute_default_hold,0,False,4064.11,4064.109999999999,-455.62000000000035
2026-02-02 14:45:00+00:00,13.61,hold,hold,default_hold,hold,execute_default_hold,0,False,4064.11,4064.109999999999,-455.62000000000035
2026-02-02 15:00:00+00:00,12.9484,hold,hold,default_hold,hold,execute_default_hold,0,False,4064.11,4064.109999999999,-455.62000000000035
2026-02-02 15:15:00+00:00,13.55,hold,hold,default_hold,hold,execute_default_hold,0,False,4064.11,4064.109999999999,-455.62000000000035
2026-02-02 15:30:00+00:00,13.465,hold,hold,default_hold,hold,execute_default_hold,0,False,4064.11,4064.109999999999,-455.62000000000035
2026-02-02 15:45:00+00:00,13.7265,buy,buy,trend_buy,buy,weak_trend_limited_buy,50,True,4064.11,4064.109999999999,-455.62000000000035
2026-02-02 16:00:00+00:00,13.5501,hold,hold,default_hold,hold,execute_default_hold,0,False,4055.2900000000004,4064.109999999999,-464.44000000000005
2026-02-02 16:15:00+00:00,13.7214,hold,hold,default_hold,hold,execute_default_hold,0,False,4063.8550000000005,4064.109999999999,-455.875
2026-02-02 16:30:00+00:00,13.35,hold,hold,default_hold,hold,execute_default_hold,0,False,4045.2850000000003,4064.109999999999,-474.44500000000016
2026-02-02 16:45:00+00:00,13.21,hold,hold,default_hold,hold,execute_default_hold,0,False,4038.2850000000003,4064.109999999999,-481.44500000000016
2026-02-02 17:00:00+00:00,13.1531,hold,hold,default_hold,hold,execute_default_hold,0,False,4035.4400000000005,4064.109999999999,-484.28999999999996
2026-02-02 17:15:00+00:00,13.445,hold,hold,default_hold,hold,execute_default_hold,0,False,4050.0350000000003,4064.109999999999,-469.69500000000016
2026-02-02 17:30:00+00:00,13.32,hold,hold,default_hold,hold,execute_default_hold,0,False,4043.7850000000003,4064.109999999999,-475.94500000000016
2026-02-02 17:45:00+00:00,13.045,hold,hold,default_hold,hold,execute_default_hold,0,False,4030.0350000000003,4064.109999999999,-489.69500000000016
2026-02-02 18:00:00+00:00,13.1138,hold,hold,default_hold,hold,execute_default_hold,0,False,4033.4750000000004,4064.109999999999,-486.2550000000001
2026-02-02 18:15:00+00:00,12.9822,hold,hold,default_hold,hold,execute_default_hold,0,False,4026.8950000000004,4064.109999999999,-492.83500000000004
2026-02-02 18:30:00+00:00,12.925,hold,hold,default_hold,hold,execute_default_hold,0,False,4024.0350000000003,4064.109999999999,-495.69500000000016
2026-02-02 18:45:00+00:00,13.02,reduce,reduce,defensive_reduce,reduce,execute_defensive_reduce,50,True,4028.7850000000003,4028.7849999999994,-490.94500000000016
2026-02-02 19:00:00+00:00,13.05,hold,hold,default_hold,hold,execute_default_hold,0,False,4028.7850000000003,4028.7849999999994,-490.94500000000016
2026-02-02 19:15:00+00:00,12.98,hold,hold,default_hold,hold,execute_default_hold,0,False,4028.7850000000003,4028.7849999999994,-490.94500000000016
2026-02-02 19:30:00+00:00,13.02,hold,hold,default_hold,hold,execute_default_hold,0,False,4028.7850000000003,4028.7849999999994,-490.94500000000016
2026-02-02 19:45:00+00:00,13.07,hold,hold,default_hold,hold,execute_default_hold,0,False,4028.7850000000003,4028.7849999999994,-490.94500000000016
2026-02-02 20:00:00+00:00,12.765,hold,hold,default_hold,hold,execute_default_hold,0,False,4028.7850000000003,4028.7849999999994,-490.94500000000016
2026-02-02 20:15:00+00:00,12.825,hold,hold,default_hold,hold,execute_default_hold,0,False,4028.7850000000003,4028.7849999999994,-490.94500000000016
2026-02-02 20:30:00+00:00,12.51,hold,hold,default_hold,hold,execute_default_hold,0,False,4028.7850000000003,4028.7849999999994,-490.94500000000016
2026-02-02 20:45:00+00:00,12.7,hold,hold,default_hold,hold,execute_default_hold,0,False,4028.7850000000003,4028.7849999999994,-490.94500000000016
2026-02-02 21:00:00+00:00,12.58,hold,hold,default_hold,hold,execute_default_hold,0,False,4028.7850000000003,4028.7849999999994,-490.94500000000016
2026-02-03 14:30:00+00:00,13.485,sell,hold,no_position,hold,execute_no_position,0,False,4028.7850000000003,4028.7849999999994,-490.94500000000016
2026-02-03 14:45:00+00:00,13.72,hold,hold,default_hold,hold,execute_default_hold,0,False,4028.7850000000003,4028.7849999999994,-490.94500000000016
2026-02-03 15:00:00+00:00,13.87,hold,hold,default_hold,hold,execute_default_hold,0,False,4028.7850000000003,4028.7849999999994,-490.94500000000016
2026-02-03 15:15:00+00:00,14.1293,hold,hold,default_hold,hold,execute_default_hold,0,False,4028.7850000000003,4028.7849999999994,-490.94500000000016
2026-02-03 15:30:00+00:00,14.352,hold,hold,default_hold,hold,execute_default_hold,0,False,4028.7850000000003,4028.7849999999994,-490.94500000000016
2026-02-03 15:45:00+00:00,14.24,avoid,hold,avoid_no_position,hold,execute_avoid_no_position,0,False,4028.7850000000003,4028.7849999999994,-490.94500000000016
2026-02-03 16:00:00+00:00,14.4459,hold,hold,default_hold,hold,execute_default_hold,0,False,4028.7850000000003,4028.7849999999994,-490.94500000000016
2026-02-03 16:15:00+00:00,14.104,hold,hold,default_hold,hold,execute_default_hold,0,False,4028.7850000000003,4028.7849999999994,-490.94500000000016
2026-02-03 16:30:00+00:00,13.97,hold,hold,default_hold,hold,execute_default_hold,0,False,4028.7850000000003,4028.7849999999994,-490.94500000000016
2026-02-03 16:45:00+00:00,14.125,hold,hold,default_hold,hold,execute_default_hold,0,False,4028.7850000000003,4028.7849999999994,-490.94500000000016
2026-02-03 17:00:00+00:00,14.21,hold,hold,default_hold,hold,execute_default_hold,0,False,4028.7850000000003,4028.7849999999994,-490.94500000000016
2026-02-03 17:15:00+00:00,14.23,hold,hold,default_hold,hold,execute_default_hold,0,False,4028.7850000000003,4028.7849999999994,-490.94500000000016
2026-02-03 17:30:00+00:00,14.34,hold,hold,default_hold,hold,execute_default_hold,0,False,4028.7850000000003,4028.7849999999994,-490.94500000000016
2026-02-03 17:45:00+00:00,14.37,hold,hold,default_hold,hold,execute_default_hold,0,False,4028.7850000000003,4028.7849999999994,-490.94500000000016
2026-02-03 18:00:00+00:00,14.259,sell,hold,no_position,hold,execute_no_position,0,False,4028.7850000000003,4028.7849999999994,-490.94500000000016
2026-02-03 18:15:00+00:00,14.2,hold,hold,default_hold,hold,execute_default_hold,0,False,4028.7850000000003,4028.7849999999994,-490.94500000000016
2026-02-03 18:30:00+00:00,14.08,hold,hold,default_hold,hold,execute_default_hold,0,False,4028.7850000000003,4028.7849999999994,-490.94500000000016
2026-02-03 18:45:00+00:00,14.0762,hold,hold,default_hold,hold,execute_default_hold,0,False,4028.7850000000003,4028.7849999999994,-490.94500000000016
2026-02-03 19:00:00+00:00,14.09,avoid,hold,avoid_no_position,hold,execute_avoid_no_position,0,False,4028.7850000000003,4028.7849999999994,-490.94500000000016
2026-02-03 19:15:00+00:00,14.4,hold,hold,default_hold,hold,execute_default_hold,0,False,4028.7850000000003,4028.7849999999994,-490.94500000000016
2026-02-03 19:30:00+00:00,14.16,sell,hold,no_position,hold,execute_no_position,0,False,4028.7850000000003,4028.7849999999994,-490.94500000000016
2026-02-03 19:45:00+00:00,14.5,avoid,hold,avoid_no_position,hold,execute_avoid_no_position,0,False,4028.7850000000003,4028.7849999999994,-490.94500000000016
2026-02-03 20:00:00+00:00,14.735,hold,hold,default_hold,hold,execute_default_hold,0,False,4028.7850000000003,4028.7849999999994,-490.94500000000016
2026-02-03 20:15:00+00:00,14.77,hold,hold,default_hold,hold,execute_default_hold,0,False,4028.7850000000003,4028.7849999999994,-490.94500000000016
2026-02-03 20:30:00+00:00,14.88,hold,hold,default_hold,hold,execute_default_hold,0,False,4028.7850000000003,4028.7849999999994,-490.94500000000016
2026-02-03 20:45:00+00:00,15.07,hold,hold,default_hold,hold,execute_default_hold,0,False,4028.7850000000003,4028.7849999999994,-490.94500000000016
2026-02-03 21:00:00+00:00,15.16,hold,hold,default_hold,hold,execute_default_hold,0,False,4028.7850000000003,4028.7849999999994,-490.94500000000016
2026-02-04 14:30:00+00:00,14.3216,hold,hold,default_hold,hold,execute_default_hold,0,False,4028.7850000000003,4028.7849999999994,-490.94500000000016
2026-02-04 14:45:00+00:00,14.41,hold,hold,default_hold,hold,execute_default_hold,0,False,4028.7850000000003,4028.7849999999994,-490.94500000000016
2026-02-04 15:00:00+00:00,13.76,sell,hold,no_position,hold,execute_no_position,0,False,4028.7850000000003,4028.7849999999994,-490.94500000000016
2026-02-04 15:15:00+00:00,13.83,hold,hold,default_hold,hold,execute_default_hold,0,False,4028.7850000000003,4028.7849999999994,-490.94500000000016
2026-02-04 15:30:00+00:00,13.64,hold,hold,default_hold,hold,execute_default_hold,0,False,4028.7850000000003,4028.7849999999994,-490.94500000000016
2026-02-04 15:45:00+00:00,13.6733,hold,hold,default_hold,hold,execute_default_hold,0,False,4028.7850000000003,4028.7849999999994,-490.94500000000016
2026-02-04 16:00:00+00:00,13.81,reduce,hold,no_position,hold,execute_no_position,0,False,4028.7850000000003,4028.7849999999994,-490.94500000000016
2026-02-04 16:15:00+00:00,13.64,hold,hold,default_hold,hold,execute_default_hold,0,False,4028.7850000000003,4028.7849999999994,-490.94500000000016
2026-02-04 16:30:00+00:00,13.57,hold,hold,default_hold,hold,execute_default_hold,0,False,4028.7850000000003,4028.7849999999994,-490.94500000000016
2026-02-04 16:45:00+00:00,13.23,hold,hold,default_hold,hold,execute_default_hold,0,False,4028.7850000000003,4028.7849999999994,-490.94500000000016
2026-02-04 17:00:00+00:00,13.165,hold,hold,default_hold,hold,execute_default_hold,0,False,4028.7850000000003,4028.7849999999994,-490.94500000000016
2026-02-04 17:15:00+00:00,12.945,hold,hold,default_hold,hold,execute_default_hold,0,False,4028.7850000000003,4028.7849999999994,-490.94500000000016
2026-02-04 17:30:00+00:00,12.695,hold,hold,default_hold,hold,execute_default_hold,0,False,4028.7850000000003,4028.7849999999994,-490.94500000000016
2026-02-04 17:45:00+00:00,12.73,hold,hold,default_hold,hold,execute_default_hold,0,False,4028.7850000000003,4028.7849999999994,-490.94500000000016
2026-02-04 18:00:00+00:00,12.66,hold,hold,default_hold,hold,execute_default_hold,0,False,4028.7850000000003,4028.7849999999994,-490.94500000000016
2026-02-04 18:15:00+00:00,12.765,hold,hold,default_hold,hold,execute_default_hold,0,False,4028.7850000000003,4028.7849999999994,-490.94500000000016
2026-02-04 18:30:00+00:00,12.71,hold,hold,default_hold,hold,execute_default_hold,0,False,4028.7850000000003,4028.7849999999994,-490.94500000000016
2026-02-04 18:45:00+00:00,12.72,hold,hold,default_hold,hold,execute_default_hold,0,False,4028.7850000000003,4028.7849999999994,-490.94500000000016
2026-02-04 19:00:00+00:00,12.75,hold,hold,default_hold,hold,execute_default_hold,0,False,4028.7850000000003,4028.7849999999994,-490.94500000000016
2026-02-04 19:15:00+00:00,12.765,hold,hold,default_hold,hold,execute_default_hold,0,False,4028.7850000000003,4028.7849999999994,-490.94500000000016
2026-02-04 19:30:00+00:00,12.791,hold,hold,default_hold,hold,execute_default_hold,0,False,4028.7850000000003,4028.7849999999994,-490.94500000000016
2026-02-04 19:45:00+00:00,12.895,hold,hold,default_hold,hold,execute_default_hold,0,False,4028.7850000000003,4028.7849999999994,-490.94500000000016
2026-02-04 20:00:00+00:00,13.185,avoid,hold,avoid_no_position,hold,execute_avoid_no_position,0,False,4028.7850000000003,4028.7849999999994,-490.94500000000016
2026-02-04 20:15:00+00:00,13.165,hold,hold,default_hold,hold,execute_default_hold,0,False,4028.7850000000003,4028.7849999999994,-490.94500000000016
2026-02-04 20:30:00+00:00,12.8465,hold,hold,default_hold,hold,execute_default_hold,0,False,4028.7850000000003,4028.7849999999994,-490.94500000000016
2026-02-04 20:45:00+00:00,12.91,hold,hold,default_hold,hold,execute_default_hold,0,False,4028.7850000000003,4028.7849999999994,-490.94500000000016
2026-02-04 21:00:00+00:00,13.04,hold,hold,default_hold,hold,execute_default_hold,0,False,4028.7850000000003,4028.7849999999994,-490.94500000000016
2026-02-05 14:30:00+00:00,12.59,reduce,hold,no_position,hold,execute_no_position,0,False,4028.7850000000003,4028.7849999999994,-490.94500000000016
2026-02-05 14:45:00+00:00,12.375,sell,hold,no_position,hold,execute_no_position,0,False,4028.7850000000003,4028.7849999999994,-490.94500000000016
2026-02-05 15:00:00+00:00,11.9385,reduce,hold,no_position,hold,execute_no_position,0,False,4028.7850000000003,4028.7849999999994,-490.94500000000016
2026-02-05 15:15:00+00:00,11.925,hold,hold,default_hold,hold,execute_default_hold,0,False,4028.7850000000003,4028.7849999999994,-490.94500000000016
2026-02-05 15:30:00+00:00,11.665,hold,hold,default_hold,hold,execute_default_hold,0,False,4028.7850000000003,4028.7849999999994,-490.94500000000016
2026-02-05 15:45:00+00:00,11.735,hold,hold,default_hold,hold,execute_default_hold,0,False,4028.7850000000003,4028.7849999999994,-490.94500000000016
2026-02-05 16:00:00+00:00,11.67,hold,hold,default_hold,hold,execute_default_hold,0,False,4028.7850000000003,4028.7849999999994,-490.94500000000016
2026-02-05 16:15:00+00:00,11.597,hold,hold,default_hold,hold,execute_default_hold,0,False,4028.7850000000003,4028.7849999999994,-490.94500000000016
2026-02-05 16:30:00+00:00,11.7869,hold,hold,default_hold,hold,execute_default_hold,0,False,4028.7850000000003,4028.7849999999994,-490.94500000000016
2026-02-05 16:45:00+00:00,11.71,hold,hold,default_hold,hold,execute_default_hold,0,False,4028.7850000000003,4028.7849999999994,-490.94500000000016
2026-02-05 17:00:00+00:00,11.575,hold,hold,default_hold,hold,execute_default_hold,0,False,4028.7850000000003,4028.7849999999994,-490.94500000000016
2026-02-05 17:15:00+00:00,11.4801,hold,hold,default_hold,hold,execute_default_hold,0,False,4028.7850000000003,4028.7849999999994,-490.94500000000016
2026-02-05 17:30:00+00:00,11.5104,hold,hold,default_hold,hold,execute_default_hold,0,False,4028.7850000000003,4028.7849999999994,-490.94500000000016
2026-02-05 17:45:00+00:00,11.54,hold,hold,default_hold,hold,execute_default_hold,0,False,4028.7850000000003,4028.7849999999994,-490.94500000000016
2026-02-05 18:00:00+00:00,11.525,hold,hold,default_hold,hold,execute_default_hold,0,False,4028.7850000000003,4028.7849999999994,-490.94500000000016
2026-02-05 18:15:00+00:00,11.425,hold,hold,default_hold,hold,execute_default_hold,0,False,4028.7850000000003,4028.7849999999994,-490.94500000000016
2026-02-05 18:30:00+00:00,11.3101,hold,hold,default_hold,hold,execute_default_hold,0,False,4028.7850000000003,4028.7849999999994,-490.94500000000016
2026-02-05 18:45:00+00:00,11.215,hold,hold,default_hold,hold,execute_default_hold,0,False,4028.7850000000003,4028.7849999999994,-490.94500000000016
2026-02-05 19:00:00+00:00,11.315,hold,hold,default_hold,hold,execute_default_hold,0,False,4028.7850000000003,4028.7849999999994,-490.94500000000016
2026-02-05 19:15:00+00:00,11.33,hold,hold,default_hold,hold,execute_default_hold,0,False,4028.7850000000003,4028.7849999999994,-490.94500000000016
2026-02-05 19:30:00+00:00,11.17,hold,hold,default_hold,hold,execute_default_hold,0,False,4028.7850000000003,4028.7849999999994,-490.94500000000016
2026-02-05 19:45:00+00:00,11.125,hold,hold,default_hold,hold,execute_default_hold,0,False,4028.7850000000003,4028.7849999999994,-490.94500000000016
2026-02-05 20:00:00+00:00,11.07,hold,hold,default_hold,hold,execute_default_hold,0,False,4028.7850000000003,4028.7849999999994,-490.94500000000016
2026-02-05 20:15:00+00:00,10.98,hold,hold,default_hold,hold,execute_default_hold,0,False,4028.7850000000003,4028.7849999999994,-490.94500000000016
2026-02-05 20:30:00+00:00,10.6472,hold,hold,default_hold,hold,execute_default_hold,0,False,4028.7850000000003,4028.7849999999994,-490.94500000000016
2026-02-05 20:45:00+00:00,10.5754,hold,hold,default_hold,hold,execute_default_hold,0,False,4028.7850000000003,4028.7849999999994,-490.94500000000016
2026-02-05 21:00:00+00:00,10.665,hold,hold,default_hold,hold,execute_default_hold,0,False,4028.7850000000003,4028.7849999999994,-490.94500000000016
2026-02-06 14:30:00+00:00,11.04,hold,hold,default_hold,hold,execute_default_hold,0,False,4028.7850000000003,4028.7849999999994,-490.94500000000016
2026-02-06 14:45:00+00:00,10.79,hold,hold,default_hold,hold,execute_default_hold,0,False,4028.7850000000003,4028.7849999999994,-490.94500000000016
2026-02-06 15:00:00+00:00,10.49,hold,hold,default_hold,hold,execute_default_hold,0,False,4028.7850000000003,4028.7849999999994,-490.94500000000016
2026-02-06 15:15:00+00:00,10.585,hold,hold,default_hold,hold,execute_default_hold,0,False,4028.7850000000003,4028.7849999999994,-490.94500000000016
2026-02-06 15:30:00+00:00,10.7,hold,hold,default_hold,hold,execute_default_hold,0,False,4028.7850000000003,4028.7849999999994,-490.94500000000016
2026-02-06 15:45:00+00:00,10.8355,hold,hold,default_hold,hold,execute_default_hold,0,False,4028.7850000000003,4028.7849999999994,-490.94500000000016
2026-02-06 16:00:00+00:00,10.86,hold,hold,default_hold,hold,execute_default_hold,0,False,4028.7850000000003,4028.7849999999994,-490.94500000000016
2026-02-06 16:15:00+00:00,10.83,hold,hold,default_hold,hold,execute_default_hold,0,False,4028.7850000000003,4028.7849999999994,-490.94500000000016
2026-02-06 16:30:00+00:00,10.8254,hold,hold,default_hold,hold,execute_default_hold,0,False,4028.7850000000003,4028.7849999999994,-490.94500000000016
2026-02-06 16:45:00+00:00,10.7899,hold,hold,default_hold,hold,execute_default_hold,0,False,4028.7850000000003,4028.7849999999994,-490.94500000000016
2026-02-06 17:00:00+00:00,10.6527,hold,hold,default_hold,hold,execute_default_hold,0,False,4028.7850000000003,4028.7849999999994,-490.94500000000016
2026-02-06 17:15:00+00:00,10.745,hold,hold,default_hold,hold,execute_default_hold,0,False,4028.7850000000003,4028.7849999999994,-490.94500000000016
2026-02-06 17:30:00+00:00,10.8288,hold,hold,default_hold,hold,execute_default_hold,0,False,4028.7850000000003,4028.7849999999994,-490.94500000000016
2026-02-06 17:45:00+00:00,10.79,hold,hold,default_hold,hold,execute_default_hold,0,False,4028.7850000000003,4028.7849999999994,-490.94500000000016
2026-02-06 18:00:00+00:00,10.86,buy,buy,trend_buy,buy,weak_trend_limited_buy,50,True,4028.7850000000003,4028.7849999999994,-490.94500000000016
2026-02-06 18:15:00+00:00,10.94,hold,hold,default_hold,hold,execute_default_hold,0,False,4032.7850000000003,4028.7849999999994,-486.94500000000016
2026-02-06 18:30:00+00:00,10.945,hold,hold,default_hold,hold,execute_default_hold,0,False,4033.0350000000003,4028.7849999999994,-486.69500000000016
2026-02-06 18:45:00+00:00,11.08,hold,hold,default_hold,hold,execute_default_hold,0,False,4039.7850000000003,4028.7849999999994,-479.94500000000016
2026-02-06 19:00:00+00:00,11.15,hold,hold,default_hold,hold,execute_default_hold,0,False,4043.2850000000003,4028.7849999999994,-476.44500000000016
2026-02-06 19:15:00+00:00,11.1001,hold,hold,default_hold,hold,execute_default_hold,0,False,4040.7900000000004,4028.7849999999994,-478.94000000000005
2026-02-06 19:30:00+00:00,11.1,hold,hold,default_hold,hold,execute_default_hold,0,False,4040.7850000000003,4028.7849999999994,-478.94500000000016
2026-02-06 19:45:00+00:00,11.155,hold,hold,default_hold,hold,execute_default_hold,0,False,4043.5350000000003,4028.7849999999994,-476.19500000000016
2026-02-06 20:00:00+00:00,10.9461,hold,hold,default_hold,hold,execute_default_hold,0,False,4033.09,4028.7849999999994,-486.6400000000003
2026-02-06 20:15:00+00:00,10.94,hold,hold,default_hold,hold,execute_default_hold,0,False,4032.7850000000003,4028.7849999999994,-486.94500000000016
2026-02-06 20:30:00+00:00,10.9,hold,hold,default_hold,hold,execute_default_hold,0,False,4030.7850000000003,4028.7849999999994,-488.94500000000016
2026-02-06 20:45:00+00:00,10.9807,hold,hold,default_hold,hold,execute_default_hold,0,False,4034.8200000000006,4028.7849999999994,-484.90999999999985
2026-02-06 21:00:00+00:00,11.025,hold,hold,default_hold,hold,execute_default_hold,0,False,4037.0350000000003,4028.7849999999994,-482.69500000000016
2026-02-09 14:30:00+00:00,10.3,reduce,reduce,trim_in_trend,reduce,execute_trim_in_trend,50,True,4000.7850000000003,4000.7849999999994,-518.9450000000002
2026-02-09 14:45:00+00:00,10.66,hold,hold,default_hold,hold,execute_default_hold,0,False,4000.7850000000003,4000.7849999999994,-518.9450000000002
2026-02-09 15:00:00+00:00,10.73,hold,hold,default_hold,hold,execute_default_hold,0,False,4000.7850000000003,4000.7849999999994,-518.9450000000002
2026-02-09 15:15:00+00:00,10.94,hold,hold,default_hold,hold,execute_default_hold,0,False,4000.7850000000003,4000.7849999999994,-518.9450000000002
2026-02-09 15:30:00+00:00,11.07,hold,hold,default_hold,hold,execute_default_hold,0,False,4000.7850000000003,4000.7849999999994,-518.9450000000002
2026-02-09 15:45:00+00:00,11.07,hold,hold,default_hold,hold,execute_default_hold,0,False,4000.7850000000003,4000.7849999999994,-518.9450000000002
2026-02-09 16:00:00+00:00,11.18,hold,hold,default_hold,hold,execute_default_hold,0,False,4000.7850000000003,4000.7849999999994,-518.9450000000002
2026-02-09 16:15:00+00:00,11.3,hold,hold,default_hold,hold,execute_default_hold,0,False,4000.7850000000003,4000.7849999999994,-518.9450000000002
2026-02-09 16:30:00+00:00,11.315,hold,hold,default_hold,hold,execute_default_hold,0,False,4000.7850000000003,4000.7849999999994,-518.9450000000002
2026-02-09 16:45:00+00:00,11.29,hold,hold,default_hold,hold,execute_default_hold,0,False,4000.7850000000003,4000.7849999999994,-518.9450000000002
2026-02-09 17:00:00+00:00,11.27,hold,hold,default_hold,hold,execute_default_hold,0,False,4000.7850000000003,4000.7849999999994,-518.9450000000002
2026-02-09 17:15:00+00:00,11.4835,hold,hold,default_hold,hold,execute_default_hold,0,False,4000.7850000000003,4000.7849999999994,-518.9450000000002
2026-02-09 17:30:00+00:00,11.43,buy,buy,trend_buy,buy,drawdown_limited_trend,50,True,4000.7850000000003,4000.7849999999994,-518.9450000000002
2026-02-09 17:45:00+00:00,11.455,hold,hold,default_hold,hold,execute_default_hold,0,False,4002.0350000000003,4000.7849999999994,-517.6950000000002
2026-02-09 18:00:00+00:00,11.325,hold,hold,default_hold,hold,execute_default_hold,0,False,3995.5350000000003,4000.7849999999994,-524.1950000000002
2026-02-09 18:15:00+00:00,11.46,hold,hold,default_hold,hold,execute_default_hold,0,False,4002.2850000000003,4000.7849999999994,-517.4450000000002
2026-02-09 18:30:00+00:00,11.35,hold,hold,default_hold,hold,execute_default_hold,0,False,3996.7850000000003,4000.7849999999994,-522.9450000000002
2026-02-09 18:45:00+00:00,11.595,hold,hold,default_hold,hold,execute_default_hold,0,False,4009.0350000000003,4000.7849999999994,-510.69500000000016
2026-02-09 19:00:00+00:00,11.8531,hold,hold,default_hold,hold,execute_default_hold,0,False,4021.9400000000005,4000.7849999999994,-497.78999999999996
2026-02-09 19:15:00+00:00,11.83,hold,hold,default_hold,hold,execute_default_hold,0,False,4020.7850000000003,4000.7849999999994,-498.94500000000016
2026-02-09 19:30:00+00:00,12.045,hold,hold,default_hold,hold,execute_default_hold,0,False,4031.5350000000003,4000.7849999999994,-488.19500000000016
2026-02-09 19:45:00+00:00,12.1,hold,hold,default_hold,hold,execute_default_hold,0,False,4034.2850000000003,4000.7849999999994,-485.44500000000016
2026-02-09 20:00:00+00:00,11.945,hold,hold,default_hold,hold,execute_default_hold,0,False,4026.5350000000003,4000.7849999999994,-493.19500000000016
2026-02-09 20:15:00+00:00,12.09,hold,hold,default_hold,hold,execute_default_hold,0,False,4033.7850000000003,4000.7849999999994,-485.94500000000016
2026-02-09 20:30:00+00:00,11.99,hold,hold,default_hold,hold,execute_default_hold,0,False,4028.7850000000003,4000.7849999999994,-490.94500000000016
2026-02-09 20:45:00+00:00,12.0,hold,hold,default_hold,hold,execute_default_hold,0,False,4029.2850000000003,4000.7849999999994,-490.44500000000016
2026-02-09 21:00:00+00:00,11.98,hold,hold,default_hold,hold,execute_default_hold,0,False,4028.2850000000003,4000.7849999999994,-491.44500000000016
2026-02-10 14:30:00+00:00,11.93,avoid,hold,avoid_hold,hold,execute_avoid_hold,0,False,4025.7850000000003,4000.7849999999994,-493.94500000000016
2026-02-10 14:45:00+00:00,11.727,sell,sell,alpha_sell,sell,execute_alpha_sell,50,True,4015.635,4015.6349999999993,-504.09500000000025
2026-02-10 15:00:00+00:00,11.7709,hold,hold,default_hold,hold,execute_default_hold,0,False,4015.635,4015.6349999999993,-504.09500000000025
2026-02-10 15:15:00+00:00,11.8,hold,hold,default_hold,hold,execute_default_hold,0,False,4015.635,4015.6349999999993,-504.09500000000025
2026-02-10 15:30:00+00:00,11.825,hold,hold,default_hold,hold,execute_default_hold,0,False,4015.635,4015.6349999999993,-504.09500000000025
2026-02-10 15:45:00+00:00,11.8375,hold,hold,default_hold,hold,execute_default_hold,0,False,4015.635,4015.6349999999993,-504.09500000000025
2026-02-10 16:00:00+00:00,11.88,hold,hold,default_hold,hold,execute_default_hold,0,False,4015.635,4015.6349999999993,-504.09500000000025
2026-02-10 16:15:00+00:00,11.71,hold,hold,default_hold,hold,execute_default_hold,0,False,4015.635,4015.6349999999993,-504.09500000000025
2026-02-10 16:30:00+00:00,11.68,reduce,hold,no_position,hold,execute_no_position,0,False,4015.635,4015.6349999999993,-504.09500000000025
2026-02-10 16:45:00+00:00,11.62,hold,hold,default_hold,hold,execute_default_hold,0,False,4015.635,4015.6349999999993,-504.09500000000025
2026-02-10 17:00:00+00:00,11.66,hold,hold,default_hold,hold,execute_default_hold,0,False,4015.635,4015.6349999999993,-504.09500000000025
2026-02-10 17:15:00+00:00,11.638,hold,hold,default_hold,hold,execute_default_hold,0,False,4015.635,4015.6349999999993,-504.09500000000025
2026-02-10 17:30:00+00:00,11.63,hold,hold,default_hold,hold,execute_default_hold,0,False,4015.635,4015.6349999999993,-504.09500000000025
2026-02-10 17:45:00+00:00,11.61,hold,hold,default_hold,hold,execute_default_hold,0,False,4015.635,4015.6349999999993,-504.09500000000025
2026-02-10 18:00:00+00:00,11.62,hold,hold,default_hold,hold,execute_default_hold,0,False,4015.635,4015.6349999999993,-504.09500000000025
2026-02-10 18:15:00+00:00,11.46,hold,hold,default_hold,hold,execute_default_hold,0,False,4015.635,4015.6349999999993,-504.09500000000025
2026-02-10 18:30:00+00:00,11.2421,hold,hold,default_hold,hold,execute_default_hold,0,False,4015.635,4015.6349999999993,-504.09500000000025
2026-02-10 18:45:00+00:00,11.09,hold,hold,default_hold,hold,execute_default_hold,0,False,4015.635,4015.6349999999993,-504.09500000000025
2026-02-10 19:00:00+00:00,11.15,hold,hold,default_hold,hold,execute_default_hold,0,False,4015.635,4015.6349999999993,-504.09500000000025
2026-02-10 19:15:00+00:00,11.15,hold,hold,default_hold,hold,execute_default_hold,0,False,4015.635,4015.6349999999993,-504.09500000000025
2026-02-10 19:30:00+00:00,11.19,hold,hold,default_hold,hold,execute_default_hold,0,False,4015.635,4015.6349999999993,-504.09500000000025
2026-02-10 19:45:00+00:00,11.27,hold,hold,default_hold,hold,execute_default_hold,0,False,4015.635,4015.6349999999993,-504.09500000000025
2026-02-10 20:00:00+00:00,11.29,hold,hold,default_hold,hold,execute_default_hold,0,False,4015.635,4015.6349999999993,-504.09500000000025
2026-02-10 20:15:00+00:00,11.185,hold,hold,default_hold,hold,execute_default_hold,0,False,4015.635,4015.6349999999993,-504.09500000000025
2026-02-10 20:30:00+00:00,11.055,hold,hold,default_hold,hold,execute_default_hold,0,False,4015.635,4015.6349999999993,-504.09500000000025
2026-02-10 20:45:00+00:00,11.165,hold,hold,default_hold,hold,execute_default_hold,0,False,4015.635,4015.6349999999993,-504.09500000000025
2026-02-10 21:00:00+00:00,11.04,hold,hold,default_hold,hold,execute_default_hold,0,False,4015.635,4015.6349999999993,-504.09500000000025
2026-02-11 14:30:00+00:00,11.395,hold,hold,default_hold,hold,execute_default_hold,0,False,4015.635,4015.6349999999993,-504.09500000000025
2026-02-11 14:45:00+00:00,11.18,hold,hold,default_hold,hold,execute_default_hold,0,False,4015.635,4015.6349999999993,-504.09500000000025
2026-02-11 15:00:00+00:00,10.835,hold,hold,default_hold,hold,execute_default_hold,0,False,4015.635,4015.6349999999993,-504.09500000000025
2026-02-11 15:15:00+00:00,10.67,hold,hold,default_hold,hold,execute_default_hold,0,False,4015.635,4015.6349999999993,-504.09500000000025
2026-02-11 15:30:00+00:00,10.46,hold,hold,default_hold,hold,execute_default_hold,0,False,4015.635,4015.6349999999993,-504.09500000000025
2026-02-11 15:45:00+00:00,10.63,hold,hold,default_hold,hold,execute_default_hold,0,False,4015.635,4015.6349999999993,-504.09500000000025
2026-02-11 16:00:00+00:00,10.755,hold,hold,default_hold,hold,execute_default_hold,0,False,4015.635,4015.6349999999993,-504.09500000000025
2026-02-11 16:15:00+00:00,10.725,hold,hold,default_hold,hold,execute_default_hold,0,False,4015.635,4015.6349999999993,-504.09500000000025
2026-02-11 16:30:00+00:00,10.73,hold,hold,default_hold,hold,execute_default_hold,0,False,4015.635,4015.6349999999993,-504.09500000000025
2026-02-11 16:45:00+00:00,10.78,hold,hold,default_hold,hold,execute_default_hold,0,False,4015.635,4015.6349999999993,-504.09500000000025
2026-02-11 17:00:00+00:00,10.6508,hold,hold,default_hold,hold,execute_default_hold,0,False,4015.635,4015.6349999999993,-504.09500000000025
2026-02-11 17:15:00+00:00,10.68,hold,hold,default_hold,hold,execute_default_hold,0,False,4015.635,4015.6349999999993,-504.09500000000025
2026-02-11 17:30:00+00:00,10.7,hold,hold,default_hold,hold,execute_default_hold,0,False,4015.635,4015.6349999999993,-504.09500000000025
2026-02-11 17:45:00+00:00,10.66,hold,hold,default_hold,hold,execute_default_hold,0,False,4015.635,4015.6349999999993,-504.09500000000025
2026-02-11 18:00:00+00:00,10.5426,hold,hold,default_hold,hold,execute_default_hold,0,False,4015.635,4015.6349999999993,-504.09500000000025
2026-02-11 18:15:00+00:00,10.5793,hold,hold,default_hold,hold,execute_default_hold,0,False,4015.635,4015.6349999999993,-504.09500000000025
2026-02-11 18:30:00+00:00,10.525,hold,hold,default_hold,hold,execute_default_hold,0,False,4015.635,4015.6349999999993,-504.09500000000025
2026-02-11 18:45:00+00:00,10.58,hold,hold,default_hold,hold,execute_default_hold,0,False,4015.635,4015.6349999999993,-504.09500000000025
2026-02-11 19:00:00+00:00,10.605,hold,hold,default_hold,hold,execute_default_hold,0,False,4015.635,4015.6349999999993,-504.09500000000025
2026-02-11 19:15:00+00:00,10.8,hold,hold,default_hold,hold,execute_default_hold,0,False,4015.635,4015.6349999999993,-504.09500000000025
2026-02-11 19:30:00+00:00,10.72,hold,hold,default_hold,hold,execute_default_hold,0,False,4015.635,4015.6349999999993,-504.09500000000025
2026-02-11 19:45:00+00:00,10.86,hold,hold,default_hold,hold,execute_default_hold,0,False,4015.635,4015.6349999999993,-504.09500000000025
2026-02-11 20:00:00+00:00,10.855,hold,hold,default_hold,hold,execute_default_hold,0,False,4015.635,4015.6349999999993,-504.09500000000025
2026-02-11 20:15:00+00:00,10.7559,buy,buy,trend_buy,buy,drawdown_limited_trend,50,True,4015.635,4015.6349999999993,-504.09500000000025
2026-02-11 20:30:00+00:00,10.59,hold,hold,default_hold,hold,execute_default_hold,0,False,4007.34,4015.6349999999993,-512.3900000000003
2026-02-11 20:45:00+00:00,10.67,hold,hold,default_hold,hold,execute_default_hold,0,False,4011.34,4015.6349999999993,-508.3900000000003
2026-02-11 21:00:00+00:00,10.72,hold,hold,default_hold,hold,execute_default_hold,0,False,4013.84,4015.6349999999993,-505.8900000000003
2026-02-12 14:30:00+00:00,10.18,sell,sell,alpha_sell,sell,execute_alpha_sell,50,True,3986.84,3986.8399999999992,-532.8900000000003
2026-02-12 14:45:00+00:00,9.82,reduce,hold,no_position,hold,execute_no_position,0,False,3986.84,3986.8399999999992,-532.8900000000003
2026-02-12 15:00:00+00:00,9.825,hold,hold,default_hold,hold,execute_default_hold,0,False,3986.84,3986.8399999999992,-532.8900000000003
2026-02-12 15:15:00+00:00,9.92,hold,hold,default_hold,hold,execute_default_hold,0,False,3986.84,3986.8399999999992,-532.8900000000003
2026-02-12 15:30:00+00:00,9.9399,hold,hold,default_hold,hold,execute_default_hold,0,False,3986.84,3986.8399999999992,-532.8900000000003
2026-02-12 15:45:00+00:00,9.875,hold,hold,default_hold,hold,execute_default_hold,0,False,3986.84,3986.8399999999992,-532.8900000000003
2026-02-12 16:00:00+00:00,9.91,hold,hold,default_hold,hold,execute_default_hold,0,False,3986.84,3986.8399999999992,-532.8900000000003
2026-02-12 16:15:00+00:00,9.78,hold,hold,default_hold,hold,execute_default_hold,0,False,3986.84,3986.8399999999992,-532.8900000000003
2026-02-12 16:30:00+00:00,9.6819,hold,hold,default_hold,hold,execute_default_hold,0,False,3986.84,3986.8399999999992,-532.8900000000003
2026-02-12 16:45:00+00:00,9.8001,hold,hold,default_hold,hold,execute_default_hold,0,False,3986.84,3986.8399999999992,-532.8900000000003
2026-02-12 17:00:00+00:00,9.6824,hold,hold,default_hold,hold,execute_default_hold,0,False,3986.84,3986.8399999999992,-532.8900000000003
2026-02-12 17:15:00+00:00,9.84,avoid,hold,avoid_no_position,hold,execute_avoid_no_position,0,False,3986.84,3986.8399999999992,-532.8900000000003
2026-02-12 17:30:00+00:00,9.8687,hold,hold,default_hold,hold,execute_default_hold,0,False,3986.84,3986.8399999999992,-532.8900000000003
2026-02-12 17:45:00+00:00,9.9906,hold,hold,default_hold,hold,execute_default_hold,0,False,3986.84,3986.8399999999992,-532.8900000000003
2026-02-12 18:00:00+00:00,9.87,reduce,hold,no_position,hold,execute_no_position,0,False,3986.84,3986.8399999999992,-532.8900000000003
2026-02-12 18:15:00+00:00,9.91,avoid,hold,avoid_no_position,hold,execute_avoid_no_position,0,False,3986.84,3986.8399999999992,-532.8900000000003
2026-02-12 18:30:00+00:00,9.87,reduce,hold,no_position,hold,execute_no_position,0,False,3986.84,3986.8399999999992,-532.8900000000003
2026-02-12 18:45:00+00:00,9.935,avoid,hold,avoid_no_position,hold,execute_avoid_no_position,0,False,3986.84,3986.8399999999992,-532.8900000000003
2026-02-12 19:00:00+00:00,9.92,hold,hold,default_hold,hold,execute_default_hold,0,False,3986.84,3986.8399999999992,-532.8900000000003
2026-02-12 19:15:00+00:00,9.97,hold,hold,default_hold,hold,execute_default_hold,0,False,3986.84,3986.8399999999992,-532.8900000000003
2026-02-12 19:30:00+00:00,9.9279,hold,hold,default_hold,hold,execute_default_hold,0,False,3986.84,3986.8399999999992,-532.8900000000003
2026-02-12 19:45:00+00:00,9.98,hold,hold,default_hold,hold,execute_default_hold,0,False,3986.84,3986.8399999999992,-532.8900000000003
2026-02-12 20:00:00+00:00,9.98,hold,hold,default_hold,hold,execute_default_hold,0,False,3986.84,3986.8399999999992,-532.8900000000003
2026-02-12 20:15:00+00:00,9.915,sell,hold,no_position,hold,execute_no_position,0,False,3986.84,3986.8399999999992,-532.8900000000003
2026-02-12 20:30:00+00:00,9.87,avoid,hold,avoid_no_position,hold,execute_avoid_no_position,0,False,3986.84,3986.8399999999992,-532.8900000000003
2026-02-12 20:45:00+00:00,9.85,sell,hold,no_position,hold,execute_no_position,0,False,3986.84,3986.8399999999992,-532.8900000000003
2026-02-12 21:00:00+00:00,9.835,hold,hold,default_hold,hold,execute_default_hold,0,False,3986.84,3986.8399999999992,-532.8900000000003
2026-02-13 14:30:00+00:00,9.68,hold,hold,default_hold,hold,execute_default_hold,0,False,3986.84,3986.8399999999992,-532.8900000000003
2026-02-13 14:45:00+00:00,9.4862,reduce,hold,no_position,hold,execute_no_position,0,False,3986.84,3986.8399999999992,-532.8900000000003
2026-02-13 15:00:00+00:00,9.56,hold,hold,default_hold,hold,execute_default_hold,0,False,3986.84,3986.8399999999992,-532.8900000000003
2026-02-13 15:15:00+00:00,9.78,hold,hold,default_hold,hold,execute_default_hold,0,False,3986.84,3986.8399999999992,-532.8900000000003
2026-02-13 15:30:00+00:00,9.88,hold,hold,default_hold,hold,execute_default_hold,0,False,3986.84,3986.8399999999992,-532.8900000000003
2026-02-13 15:45:00+00:00,9.7054,hold,hold,default_hold,hold,execute_default_hold,0,False,3986.84,3986.8399999999992,-532.8900000000003
2026-02-13 16:00:00+00:00,9.75,hold,hold,default_hold,hold,execute_default_hold,0,False,3986.84,3986.8399999999992,-532.8900000000003
2026-02-13 16:15:00+00:00,9.77,hold,hold,default_hold,hold,execute_default_hold,0,False,3986.84,3986.8399999999992,-532.8900000000003
2026-02-13 16:30:00+00:00,9.86,sell,hold,no_position,hold,execute_no_position,0,False,3986.84,3986.8399999999992,-532.8900000000003
2026-02-13 16:45:00+00:00,9.945,hold,hold,default_hold,hold,execute_default_hold,0,False,3986.84,3986.8399999999992,-532.8900000000003
2026-02-13 17:00:00+00:00,9.9121,hold,hold,default_hold,hold,execute_default_hold,0,False,3986.84,3986.8399999999992,-532.8900000000003
2026-02-13 17:15:00+00:00,10.015,hold,hold,default_hold,hold,execute_default_hold,0,False,3986.84,3986.8399999999992,-532.8900000000003
2026-02-13 17:30:00+00:00,10.05,avoid,hold,avoid_no_position,hold,execute_avoid_no_position,0,False,3986.84,3986.8399999999992,-532.8900000000003
2026-02-13 17:45:00+00:00,9.8601,hold,hold,default_hold,hold,execute_default_hold,0,False,3986.84,3986.8399999999992,-532.8900000000003
2026-02-13 18:00:00+00:00,9.86,sell,hold,no_position,hold,execute_no_position,0,False,3986.84,3986.8399999999992,-532.8900000000003
2026-02-13 18:15:00+00:00,9.84,avoid,hold,avoid_no_position,hold,execute_avoid_no_position,0,False,3986.84,3986.8399999999992,-532.8900000000003
2026-02-13 18:30:00+00:00,9.71,sell,hold,no_position,hold,execute_no_position,0,False,3986.84,3986.8399999999992,-532.8900000000003
2026-02-13 18:45:00+00:00,9.84,avoid,hold,avoid_no_position,hold,execute_avoid_no_position,0,False,3986.84,3986.8399999999992,-532.8900000000003
2026-02-13 19:00:00+00:00,9.74,sell,hold,no_position,hold,execute_no_position,0,False,3986.84,3986.8399999999992,-532.8900000000003
2026-02-13 19:15:00+00:00,9.605,hold,hold,default_hold,hold,execute_default_hold,0,False,3986.84,3986.8399999999992,-532.8900000000003
2026-02-13 19:30:00+00:00,9.5,hold,hold,default_hold,hold,execute_default_hold,0,False,3986.84,3986.8399999999992,-532.8900000000003
2026-02-13 19:45:00+00:00,9.565,reduce,hold,no_position,hold,execute_no_position,0,False,3986.84,3986.8399999999992,-532.8900000000003
2026-02-13 20:00:00+00:00,9.42,hold,hold,default_hold,hold,execute_default_hold,0,False,3986.84,3986.8399999999992,-532.8900000000003
2026-02-13 20:15:00+00:00,9.375,hold,hold,default_hold,hold,execute_default_hold,0,False,3986.84,3986.8399999999992,-532.8900000000003
2026-02-13 20:30:00+00:00,9.32,hold,hold,default_hold,hold,execute_default_hold,0,False,3986.84,3986.8399999999992,-532.8900000000003
2026-02-13 20:45:00+00:00,9.25,hold,hold,default_hold,hold,execute_default_hold,0,False,3986.84,3986.8399999999992,-532.8900000000003
2026-02-13 21:00:00+00:00,9.23,hold,hold,default_hold,hold,execute_default_hold,0,False,3986.84,3986.8399999999992,-532.8900000000003
2026-02-17 14:30:00+00:00,8.935,hold,hold,default_hold,hold,execute_default_hold,0,False,3986.84,3986.8399999999992,-532.8900000000003
2026-02-17 14:45:00+00:00,8.7493,hold,hold,default_hold,hold,execute_default_hold,0,False,3986.84,3986.8399999999992,-532.8900000000003
2026-02-17 15:00:00+00:00,8.74,hold,hold,default_hold,hold,execute_default_hold,0,False,3986.84,3986.8399999999992,-532.8900000000003
2026-02-17 15:15:00+00:00,8.8565,hold,hold,default_hold,hold,execute_default_hold,0,False,3986.84,3986.8399999999992,-532.8900000000003
2026-02-17 15:30:00+00:00,8.75,hold,hold,default_hold,hold,execute_default_hold,0,False,3986.84,3986.8399999999992,-532.8900000000003
2026-02-17 15:45:00+00:00,8.785,hold,hold,default_hold,hold,execute_default_hold,0,False,3986.84,3986.8399999999992,-532.8900000000003
2026-02-17 16:00:00+00:00,8.91,hold,hold,default_hold,hold,execute_default_hold,0,False,3986.84,3986.8399999999992,-532.8900000000003
2026-02-17 16:15:00+00:00,9.065,hold,hold,default_hold,hold,execute_default_hold,0,False,3986.84,3986.8399999999992,-532.8900000000003
2026-02-17 16:30:00+00:00,8.89,hold,hold,default_hold,hold,execute_default_hold,0,False,3986.84,3986.8399999999992,-532.8900000000003
2026-02-17 16:45:00+00:00,8.98,hold,hold,default_hold,hold,execute_default_hold,0,False,3986.84,3986.8399999999992,-532.8900000000003
2026-02-17 17:00:00+00:00,8.95,avoid,hold,avoid_no_position,hold,execute_avoid_no_position,0,False,3986.84,3986.8399999999992,-532.8900000000003
2026-02-17 17:15:00+00:00,8.99,hold,hold,default_hold,hold,execute_default_hold,0,False,3986.84,3986.8399999999992,-532.8900000000003
2026-02-17 17:30:00+00:00,9.0,hold,hold,default_hold,hold,execute_default_hold,0,False,3986.84,3986.8399999999992,-532.8900000000003
2026-02-17 17:45:00+00:00,8.94,hold,hold,default_hold,hold,execute_default_hold,0,False,3986.84,3986.8399999999992,-532.8900000000003
2026-02-17 18:00:00+00:00,8.97,hold,hold,default_hold,hold,execute_default_hold,0,False,3986.84,3986.8399999999992,-532.8900000000003
2026-02-17 18:15:00+00:00,8.975,hold,hold,default_hold,hold,execute_default_hold,0,False,3986.84,3986.8399999999992,-532.8900000000003
2026-02-17 18:30:00+00:00,9.101,hold,hold,default_hold,hold,execute_default_hold,0,False,3986.84,3986.8399999999992,-532.8900000000003
2026-02-17 18:45:00+00:00,9.2,hold,hold,default_hold,hold,execute_default_hold,0,False,3986.84,3986.8399999999992,-532.8900000000003
2026-02-17 19:00:00+00:00,9.2983,hold,hold,default_hold,hold,execute_default_hold,0,False,3986.84,3986.8399999999992,-532.8900000000003
2026-02-17 19:15:00+00:00,9.39,hold,hold,default_hold,hold,execute_default_hold,0,False,3986.84,3986.8399999999992,-532.8900000000003
2026-02-17 19:30:00+00:00,9.27,hold,hold,default_hold,hold,execute_default_hold,0,False,3986.84,3986.8399999999992,-532.8900000000003
2026-02-17 19:45:00+00:00,9.36,hold,hold,default_hold,hold,execute_default_hold,0,False,3986.84,3986.8399999999992,-532.8900000000003
2026-02-17 20:00:00+00:00,9.33,hold,hold,default_hold,hold,execute_default_hold,0,False,3986.84,3986.8399999999992,-532.8900000000003
2026-02-17 20:15:00+00:00,9.3053,hold,hold,default_hold,hold,execute_default_hold,0,False,3986.84,3986.8399999999992,-532.8900000000003
2026-02-17 20:30:00+00:00,9.21,hold,hold,default_hold,hold,execute_default_hold,0,False,3986.84,3986.8399999999992,-532.8900000000003
2026-02-17 20:45:00+00:00,9.365,hold,hold,default_hold,hold,execute_default_hold,0,False,3986.84,3986.8399999999992,-532.8900000000003
2026-02-17 21:00:00+00:00,9.33,hold,hold,default_hold,hold,execute_default_hold,0,False,3986.84,3986.8399999999992,-532.8900000000003
2026-02-18 14:30:00+00:00,9.0,sell,hold,no_position,hold,execute_no_position,0,False,3986.84,3986.8399999999992,-532.8900000000003
2026-02-18 14:45:00+00:00,9.0841,hold,hold,default_hold,hold,execute_default_hold,0,False,3986.84,3986.8399999999992,-532.8900000000003
2026-02-18 15:00:00+00:00,9.283,hold,hold,default_hold,hold,execute_default_hold,0,False,3986.84,3986.8399999999992,-532.8900000000003
2026-02-18 15:15:00+00:00,9.59,avoid,hold,avoid_no_position,hold,execute_avoid_no_position,0,False,3986.84,3986.8399999999992,-532.8900000000003
2026-02-18 15:30:00+00:00,9.47,hold,hold,default_hold,hold,execute_default_hold,0,False,3986.84,3986.8399999999992,-532.8900000000003
2026-02-18 15:45:00+00:00,9.53,hold,hold,default_hold,hold,execute_default_hold,0,False,3986.84,3986.8399999999992,-532.8900000000003
2026-02-18 16:00:00+00:00,9.6299,hold,hold,default_hold,hold,execute_default_hold,0,False,3986.84,3986.8399999999992,-532.8900000000003
2026-02-18 16:15:00+00:00,9.67,hold,hold,default_hold,hold,execute_default_hold,0,False,3986.84,3986.8399999999992,-532.8900000000003
2026-02-18 16:30:00+00:00,9.6445,hold,hold,default_hold,hold,execute_default_hold,0,False,3986.84,3986.8399999999992,-532.8900000000003
2026-02-18 16:45:00+00:00,9.74,hold,hold,default_hold,hold,execute_default_hold,0,False,3986.84,3986.8399999999992,-532.8900000000003
2026-02-18 17:00:00+00:00,9.69,hold,hold,default_hold,hold,execute_default_hold,0,False,3986.84,3986.8399999999992,-532.8900000000003
2026-02-18 17:15:00+00:00,9.73,hold,hold,default_hold,hold,execute_default_hold,0,False,3986.84,3986.8399999999992,-532.8900000000003
2026-02-18 17:30:00+00:00,9.6,hold,hold,default_hold,hold,execute_default_hold,0,False,3986.84,3986.8399999999992,-532.8900000000003
2026-02-18 17:45:00+00:00,9.56,sell,hold,no_position,hold,execute_no_position,0,False,3986.84,3986.8399999999992,-532.8900000000003
2026-02-18 18:00:00+00:00,9.66,avoid,hold,avoid_no_position,hold,execute_avoid_no_position,0,False,3986.84,3986.8399999999992,-532.8900000000003
2026-02-18 18:15:00+00:00,9.58,hold,hold,default_hold,hold,execute_default_hold,0,False,3986.84,3986.8399999999992,-532.8900000000003
2026-02-18 18:30:00+00:00,9.52,sell,hold,no_position,hold,execute_no_position,0,False,3986.84,3986.8399999999992,-532.8900000000003
2026-02-18 18:45:00+00:00,9.53,hold,hold,default_hold,hold,execute_default_hold,0,False,3986.84,3986.8399999999992,-532.8900000000003
2026-02-18 19:00:00+00:00,9.57,hold,hold,default_hold,hold,execute_default_hold,0,False,3986.84,3986.8399999999992,-532.8900000000003
2026-02-18 19:15:00+00:00,9.53,hold,hold,default_hold,hold,execute_default_hold,0,False,3986.84,3986.8399999999992,-532.8900000000003
2026-02-18 19:30:00+00:00,9.435,hold,hold,default_hold,hold,execute_default_hold,0,False,3986.84,3986.8399999999992,-532.8900000000003
2026-02-18 19:45:00+00:00,9.43,reduce,hold,no_position,hold,execute_no_position,0,False,3986.84,3986.8399999999992,-532.8900000000003
2026-02-18 20:00:00+00:00,9.3648,hold,hold,default_hold,hold,execute_default_hold,0,False,3986.84,3986.8399999999992,-532.8900000000003
2026-02-18 20:15:00+00:00,9.315,hold,hold,default_hold,hold,execute_default_hold,0,False,3986.84,3986.8399999999992,-532.8900000000003
2026-02-18 20:30:00+00:00,9.25,hold,hold,default_hold,hold,execute_default_hold,0,False,3986.84,3986.8399999999992,-532.8900000000003
2026-02-18 20:45:00+00:00,9.355,hold,hold,default_hold,hold,execute_default_hold,0,False,3986.84,3986.8399999999992,-532.8900000000003
2026-02-18 21:00:00+00:00,9.31,hold,hold,default_hold,hold,execute_default_hold,0,False,3986.84,3986.8399999999992,-532.8900000000003
2026-02-19 14:30:00+00:00,8.96,hold,hold,default_hold,hold,execute_default_hold,0,False,3986.84,3986.8399999999992,-532.8900000000003
2026-02-19 14:45:00+00:00,8.765,hold,hold,default_hold,hold,execute_default_hold,0,False,3986.84,3986.8399999999992,-532.8900000000003
2026-02-19 15:00:00+00:00,9.0097,hold,hold,default_hold,hold,execute_default_hold,0,False,3986.84,3986.8399999999992,-532.8900000000003
2026-02-19 15:15:00+00:00,9.085,hold,hold,default_hold,hold,execute_default_hold,0,False,3986.84,3986.8399999999992,-532.8900000000003
2026-02-19 15:30:00+00:00,9.07,hold,hold,default_hold,hold,execute_default_hold,0,False,3986.84,3986.8399999999992,-532.8900000000003
2026-02-19 15:45:00+00:00,9.1735,hold,hold,default_hold,hold,execute_default_hold,0,False,3986.84,3986.8399999999992,-532.8900000000003
2026-02-19 16:00:00+00:00,9.19,hold,hold,default_hold,hold,execute_default_hold,0,False,3986.84,3986.8399999999992,-532.8900000000003
2026-02-19 16:15:00+00:00,9.165,hold,hold,default_hold,hold,execute_default_hold,0,False,3986.84,3986.8399999999992,-532.8900000000003
2026-02-19 16:30:00+00:00,9.18,hold,hold,default_hold,hold,execute_default_hold,0,False,3986.84,3986.8399999999992,-532.8900000000003
2026-02-19 16:45:00+00:00,9.165,hold,hold,default_hold,hold,execute_default_hold,0,False,3986.84,3986.8399999999992,-532.8900000000003
2026-02-19 17:00:00+00:00,9.085,avoid,hold,avoid_no_position,hold,execute_avoid_no_position,0,False,3986.84,3986.8399999999992,-532.8900000000003
2026-02-19 17:15:00+00:00,9.1,hold,hold,default_hold,hold,execute_default_hold,0,False,3986.84,3986.8399999999992,-532.8900000000003
2026-02-19 17:30:00+00:00,9.16,hold,hold,default_hold,hold,execute_default_hold,0,False,3986.84,3986.8399999999992,-532.8900000000003
2026-02-19 17:45:00+00:00,9.115,hold,hold,default_hold,hold,execute_default_hold,0,False,3986.84,3986.8399999999992,-532.8900000000003
2026-02-19 18:00:00+00:00,9.055,reduce,hold,no_position,hold,execute_no_position,0,False,3986.84,3986.8399999999992,-532.8900000000003
2026-02-19 18:15:00+00:00,9.095,sell,hold,no_position,hold,execute_no_position,0,False,3986.84,3986.8399999999992,-532.8900000000003
2026-02-19 18:30:00+00:00,9.0788,hold,hold,default_hold,hold,execute_default_hold,0,False,3986.84,3986.8399999999992,-532.8900000000003
2026-02-19 18:45:00+00:00,9.1151,hold,hold,default_hold,hold,execute_default_hold,0,False,3986.84,3986.8399999999992,-532.8900000000003
2026-02-19 19:00:00+00:00,9.12,hold,hold,default_hold,hold,execute_default_hold,0,False,3986.84,3986.8399999999992,-532.8900000000003
2026-02-19 19:15:00+00:00,9.19,avoid,hold,avoid_no_position,hold,execute_avoid_no_position,0,False,3986.84,3986.8399999999992,-532.8900000000003
2026-02-19 19:30:00+00:00,9.22,hold,hold,default_hold,hold,execute_default_hold,0,False,3986.84,3986.8399999999992,-532.8900000000003
2026-02-19 19:45:00+00:00,9.3369,hold,hold,default_hold,hold,execute_default_hold,0,False,3986.84,3986.8399999999992,-532.8900000000003
2026-02-19 20:00:00+00:00,9.34,hold,hold,default_hold,hold,execute_default_hold,0,False,3986.84,3986.8399999999992,-532.8900000000003
2026-02-19 20:15:00+00:00,9.33,hold,hold,default_hold,hold,execute_default_hold,0,False,3986.84,3986.8399999999992,-532.8900000000003
2026-02-19 20:30:00+00:00,9.3695,hold,hold,default_hold,hold,execute_default_hold,0,False,3986.84,3986.8399999999992,-532.8900000000003
2026-02-19 20:45:00+00:00,9.4883,hold,hold,default_hold,hold,execute_default_hold,0,False,3986.84,3986.8399999999992,-532.8900000000003
2026-02-19 21:00:00+00:00,9.39,hold,hold,default_hold,hold,execute_default_hold,0,False,3986.84,3986.8399999999992,-532.8900000000003
2026-02-20 14:30:00+00:00,9.355,hold,hold,default_hold,hold,execute_default_hold,0,False,3986.84,3986.8399999999992,-532.8900000000003
2026-02-20 14:45:00+00:00,9.38,hold,hold,default_hold,hold,execute_default_hold,0,False,3986.84,3986.8399999999992,-532.8900000000003
2026-02-20 15:00:00+00:00,9.3743,hold,hold,default_hold,hold,execute_default_hold,0,False,3986.84,3986.8399999999992,-532.8900000000003
2026-02-20 15:15:00+00:00,9.3112,hold,hold,default_hold,hold,execute_default_hold,0,False,3986.84,3986.8399999999992,-532.8900000000003
2026-02-20 15:30:00+00:00,9.24,sell,hold,no_position,hold,execute_no_position,0,False,3986.84,3986.8399999999992,-532.8900000000003
2026-02-20 15:45:00+00:00,9.2254,hold,hold,default_hold,hold,execute_default_hold,0,False,3986.84,3986.8399999999992,-532.8900000000003
2026-02-20 16:00:00+00:00,9.27,hold,hold,default_hold,hold,execute_default_hold,0,False,3986.84,3986.8399999999992,-532.8900000000003
2026-02-20 16:15:00+00:00,9.33,hold,hold,default_hold,hold,execute_default_hold,0,False,3986.84,3986.8399999999992,-532.8900000000003
2026-02-20 16:30:00+00:00,9.1532,hold,hold,default_hold,hold,execute_default_hold,0,False,3986.84,3986.8399999999992,-532.8900000000003
2026-02-20 16:45:00+00:00,9.2189,reduce,hold,no_position,hold,execute_no_position,0,False,3986.84,3986.8399999999992,-532.8900000000003
2026-02-20 17:00:00+00:00,9.1641,hold,hold,default_hold,hold,execute_default_hold,0,False,3986.84,3986.8399999999992,-532.8900000000003
2026-02-20 17:15:00+00:00,8.95,hold,hold,default_hold,hold,execute_default_hold,0,False,3986.84,3986.8399999999992,-532.8900000000003
2026-02-20 17:30:00+00:00,9.01,hold,hold,default_hold,hold,execute_default_hold,0,False,3986.84,3986.8399999999992,-532.8900000000003
2026-02-20 17:45:00+00:00,9.01,hold,hold,default_hold,hold,execute_default_hold,0,False,3986.84,3986.8399999999992,-532.8900000000003
2026-02-20 18:00:00+00:00,9.0601,hold,hold,default_hold,hold,execute_default_hold,0,False,3986.84,3986.8399999999992,-532.8900000000003
2026-02-20 18:15:00+00:00,9.075,hold,hold,default_hold,hold,execute_default_hold,0,False,3986.84,3986.8399999999992,-532.8900000000003
2026-02-20 18:30:00+00:00,9.0,hold,hold,default_hold,hold,execute_default_hold,0,False,3986.84,3986.8399999999992,-532.8900000000003
2026-02-20 18:45:00+00:00,9.14,hold,hold,default_hold,hold,execute_default_hold,0,False,3986.84,3986.8399999999992,-532.8900000000003
2026-02-20 19:00:00+00:00,9.32,avoid,hold,avoid_no_position,hold,execute_avoid_no_position,0,False,3986.84,3986.8399999999992,-532.8900000000003
2026-02-20 19:15:00+00:00,9.275,hold,hold,default_hold,hold,execute_default_hold,0,False,3986.84,3986.8399999999992,-532.8900000000003
2026-02-20 19:30:00+00:00,9.12,reduce,hold,no_position,hold,execute_no_position,0,False,3986.84,3986.8399999999992,-532.8900000000003
2026-02-20 19:45:00+00:00,9.135,avoid,hold,avoid_no_position,hold,execute_avoid_no_position,0,False,3986.84,3986.8399999999992,-532.8900000000003
2026-02-20 20:00:00+00:00,8.99,reduce,hold,no_position,hold,execute_no_position,0,False,3986.84,3986.8399999999992,-532.8900000000003
2026-02-20 20:15:00+00:00,9.04,avoid,hold,avoid_no_position,hold,execute_avoid_no_position,0,False,3986.84,3986.8399999999992,-532.8900000000003
2026-02-20 20:30:00+00:00,9.025,reduce,hold,no_position,hold,execute_no_position,0,False,3986.84,3986.8399999999992,-532.8900000000003
2026-02-20 20:45:00+00:00,9.11,avoid,hold,avoid_no_position,hold,execute_avoid_no_position,0,False,3986.84,3986.8399999999992,-532.8900000000003
2026-02-20 21:00:00+00:00,9.065,hold,hold,default_hold,hold,execute_default_hold,0,False,3986.84,3986.8399999999992,-532.8900000000003
2026-02-23 14:30:00+00:00,8.86,sell,hold,no_position,hold,execute_no_position,0,False,3986.84,3986.8399999999992,-532.8900000000003
2026-02-23 14:45:00+00:00,8.94,reduce,hold,no_position,hold,execute_no_position,0,False,3986.84,3986.8399999999992,-532.8900000000003
2026-02-23 15:00:00+00:00,9.22,hold,hold,default_hold,hold,execute_default_hold,0,False,3986.84,3986.8399999999992,-532.8900000000003
2026-02-23 15:15:00+00:00,9.26,sell,hold,no_position,hold,execute_no_position,0,False,3986.84,3986.8399999999992,-532.8900000000003
2026-02-23 15:30:00+00:00,9.527,hold,hold,default_hold,hold,execute_default_hold,0,False,3986.84,3986.8399999999992,-532.8900000000003
2026-02-23 15:45:00+00:00,9.49,avoid,hold,avoid_no_position,hold,execute_avoid_no_position,0,False,3986.84,3986.8399999999992,-532.8900000000003
2026-02-23 16:00:00+00:00,9.49,hold,hold,default_hold,hold,execute_default_hold,0,False,3986.84,3986.8399999999992,-532.8900000000003
2026-02-23 16:15:00+00:00,9.6301,hold,hold,default_hold,hold,execute_default_hold,0,False,3986.84,3986.8399999999992,-532.8900000000003
2026-02-23 16:30:00+00:00,9.6699,hold,hold,default_hold,hold,execute_default_hold,0,False,3986.84,3986.8399999999992,-532.8900000000003
2026-02-23 16:45:00+00:00,9.55,hold,hold,default_hold,hold,execute_default_hold,0,False,3986.84,3986.8399999999992,-532.8900000000003
2026-02-23 17:00:00+00:00,9.775,hold,hold,default_hold,hold,execute_default_hold,0,False,3986.84,3986.8399999999992,-532.8900000000003
2026-02-23 17:15:00+00:00,9.858,hold,hold,default_hold,hold,execute_default_hold,0,False,3986.84,3986.8399999999992,-532.8900000000003
2026-02-23 17:30:00+00:00,9.863,hold,hold,default_hold,hold,execute_default_hold,0,False,3986.84,3986.8399999999992,-532.8900000000003
2026-02-23 17:45:00+00:00,9.82,hold,hold,default_hold,hold,execute_default_hold,0,False,3986.84,3986.8399999999992,-532.8900000000003
2026-02-23 18:00:00+00:00,9.9,hold,hold,default_hold,hold,execute_default_hold,0,False,3986.84,3986.8399999999992,-532.8900000000003
2026-02-23 18:15:00+00:00,10.05,hold,hold,default_hold,hold,execute_default_hold,0,False,3986.84,3986.8399999999992,-532.8900000000003
2026-02-23 18:30:00+00:00,10.1078,hold,hold,default_hold,hold,execute_default_hold,0,False,3986.84,3986.8399999999992,-532.8900000000003
2026-02-23 18:45:00+00:00,10.23,hold,hold,default_hold,hold,execute_default_hold,0,False,3986.84,3986.8399999999992,-532.8900000000003
2026-02-23 19:00:00+00:00,10.1755,hold,hold,default_hold,hold,execute_default_hold,0,False,3986.84,3986.8399999999992,-532.8900000000003
2026-02-23 19:15:00+00:00,10.15,hold,hold,default_hold,hold,execute_default_hold,0,False,3986.84,3986.8399999999992,-532.8900000000003
2026-02-23 19:30:00+00:00,10.0547,hold,hold,default_hold,hold,execute_default_hold,0,False,3986.84,3986.8399999999992,-532.8900000000003
2026-02-23 19:45:00+00:00,10.14,hold,hold,default_hold,hold,execute_default_hold,0,False,3986.84,3986.8399999999992,-532.8900000000003
2026-02-23 20:00:00+00:00,10.21,hold,hold,default_hold,hold,execute_default_hold,0,False,3986.84,3986.8399999999992,-532.8900000000003
2026-02-23 20:15:00+00:00,10.14,hold,hold,default_hold,hold,execute_default_hold,0,False,3986.84,3986.8399999999992,-532.8900000000003
2026-02-23 20:30:00+00:00,10.09,hold,hold,default_hold,hold,execute_default_hold,0,False,3986.84,3986.8399999999992,-532.8900000000003
2026-02-23 20:45:00+00:00,10.255,hold,hold,default_hold,hold,execute_default_hold,0,False,3986.84,3986.8399999999992,-532.8900000000003
2026-02-23 21:00:00+00:00,10.3,hold,hold,default_hold,hold,execute_default_hold,0,False,3986.84,3986.8399999999992,-532.8900000000003
2026-02-24 14:30:00+00:00,10.025,sell,hold,no_position,hold,execute_no_position,0,False,3986.84,3986.8399999999992,-532.8900000000003
2026-02-24 14:45:00+00:00,10.9599,avoid,hold,avoid_no_position,hold,execute_avoid_no_position,0,False,3986.84,3986.8399999999992,-532.8900000000003
2026-02-24 15:00:00+00:00,11.02,hold,hold,default_hold,hold,execute_default_hold,0,False,3986.84,3986.8399999999992,-532.8900000000003
2026-02-24 15:15:00+00:00,11.05,hold,hold,default_hold,hold,execute_default_hold,0,False,3986.84,3986.8399999999992,-532.8900000000003
2026-02-24 15:30:00+00:00,11.27,hold,hold,default_hold,hold,execute_default_hold,0,False,3986.84,3986.8399999999992,-532.8900000000003
2026-02-24 15:45:00+00:00,10.91,hold,hold,default_hold,hold,execute_default_hold,0,False,3986.84,3986.8399999999992,-532.8900000000003
2026-02-24 16:00:00+00:00,10.545,hold,hold,default_hold,hold,execute_default_hold,0,False,3986.84,3986.8399999999992,-532.8900000000003
2026-02-24 16:15:00+00:00,10.61,hold,hold,default_hold,hold,execute_default_hold,0,False,3986.84,3986.8399999999992,-532.8900000000003
2026-02-24 16:30:00+00:00,10.58,hold,hold,default_hold,hold,execute_default_hold,0,False,3986.84,3986.8399999999992,-532.8900000000003
2026-02-24 16:45:00+00:00,10.7,hold,hold,default_hold,hold,execute_default_hold,0,False,3986.84,3986.8399999999992,-532.8900000000003
2026-02-24 17:00:00+00:00,10.6199,hold,hold,default_hold,hold,execute_default_hold,0,False,3986.84,3986.8399999999992,-532.8900000000003
2026-02-24 17:15:00+00:00,10.61,sell,hold,no_position,hold,execute_no_position,0,False,3986.84,3986.8399999999992,-532.8900000000003
2026-02-24 17:30:00+00:00,10.56,hold,hold,default_hold,hold,execute_default_hold,0,False,3986.84,3986.8399999999992,-532.8900000000003
2026-02-24 17:45:00+00:00,10.57,hold,hold,default_hold,hold,execute_default_hold,0,False,3986.84,3986.8399999999992,-532.8900000000003
2026-02-24 18:00:00+00:00,10.55,hold,hold,default_hold,hold,execute_default_hold,0,False,3986.84,3986.8399999999992,-532.8900000000003
2026-02-24 18:15:00+00:00,10.68,hold,hold,default_hold,hold,execute_default_hold,0,False,3986.84,3986.8399999999992,-532.8900000000003
2026-02-24 18:30:00+00:00,10.8203,avoid,hold,avoid_no_position,hold,execute_avoid_no_position,0,False,3986.84,3986.8399999999992,-532.8900000000003
2026-02-24 18:45:00+00:00,10.925,sell,hold,no_position,hold,execute_no_position,0,False,3986.84,3986.8399999999992,-532.8900000000003
2026-02-24 19:00:00+00:00,10.915,avoid,hold,avoid_no_position,hold,execute_avoid_no_position,0,False,3986.84,3986.8399999999992,-532.8900000000003
2026-02-24 19:15:00+00:00,10.78,hold,hold,default_hold,hold,execute_default_hold,0,False,3986.84,3986.8399999999992,-532.8900000000003
2026-02-24 19:30:00+00:00,10.715,hold,hold,default_hold,hold,execute_default_hold,0,False,3986.84,3986.8399999999992,-532.8900000000003
2026-02-24 19:45:00+00:00,10.83,hold,hold,default_hold,hold,execute_default_hold,0,False,3986.84,3986.8399999999992,-532.8900000000003
2026-02-24 20:00:00+00:00,10.7396,hold,hold,default_hold,hold,execute_default_hold,0,False,3986.84,3986.8399999999992,-532.8900000000003
2026-02-24 20:15:00+00:00,10.725,hold,hold,default_hold,hold,execute_default_hold,0,False,3986.84,3986.8399999999992,-532.8900000000003
2026-02-24 20:30:00+00:00,10.61,hold,hold,default_hold,hold,execute_default_hold,0,False,3986.84,3986.8399999999992,-532.8900000000003
2026-02-24 20:45:00+00:00,10.85,hold,hold,default_hold,hold,execute_default_hold,0,False,3986.84,3986.8399999999992,-532.8900000000003
2026-02-24 21:00:00+00:00,10.73,sell,hold,no_position,hold,execute_no_position,0,False,3986.84,3986.8399999999992,-532.8900000000003
2026-02-25 14:30:00+00:00,11.07,buy,buy,trend_buy,buy,drawdown_limited_trend,50,True,3986.84,3986.8399999999992,-532.8900000000003
2026-02-25 14:45:00+00:00,10.94,hold,hold,default_hold,hold,execute_default_hold,0,False,3980.34,3986.8399999999992,-539.3900000000003
2026-02-25 15:00:00+00:00,10.88,hold,hold,default_hold,hold,execute_default_hold,0,False,3977.34,3986.8399999999992,-542.3900000000003
2026-02-25 15:15:00+00:00,10.83,hold,hold,default_hold,hold,execute_default_hold,0,False,3974.84,3986.8399999999992,-544.8900000000003
2026-02-25 15:30:00+00:00,10.93,hold,hold,default_hold,hold,execute_default_hold,0,False,3979.84,3986.8399999999992,-539.8900000000003
2026-02-25 15:45:00+00:00,11.13,hold,hold,default_hold,hold,execute_default_hold,0,False,3989.84,3986.8399999999992,-529.8900000000003
2026-02-25 16:00:00+00:00,11.075,hold,hold,default_hold,hold,execute_default_hold,0,False,3987.09,3986.8399999999992,-532.6400000000003
2026-02-25 16:15:00+00:00,11.1,hold,hold,default_hold,hold,execute_default_hold,0,False,3988.34,3986.8399999999992,-531.3900000000003
2026-02-25 16:30:00+00:00,11.1699,hold,hold,default_hold,hold,execute_default_hold,0,False,3991.835,3986.8399999999992,-527.8950000000004
2026-02-25 16:45:00+00:00,11.16,hold,hold,default_hold,hold,execute_default_hold,0,False,3991.34,3986.8399999999992,-528.3900000000003
2026-02-25 17:00:00+00:00,11.2133,hold,hold,default_hold,hold,execute_default_hold,0,False,3994.005,3986.8399999999992,-525.7250000000004
2026-02-25 17:15:00+00:00,11.229,hold,hold,default_hold,hold,execute_default_hold,0,False,3994.79,3986.8399999999992,-524.9400000000005
2026-02-25 17:30:00+00:00,11.08,hold,hold,default_hold,hold,execute_default_hold,0,False,3987.34,3986.8399999999992,-532.3900000000003
2026-02-25 17:45:00+00:00,11.06,hold,hold,default_hold,hold,execute_default_hold,0,False,3986.34,3986.8399999999992,-533.3900000000003
2026-02-25 18:00:00+00:00,11.17,hold,hold,default_hold,hold,execute_default_hold,0,False,3991.84,3986.8399999999992,-527.8900000000003
2026-02-25 18:15:00+00:00,11.1107,reduce,reduce,trim_in_trend,reduce,execute_trim_in_trend,50,True,3988.875,3988.874999999999,-530.8550000000005
2026-02-25 18:30:00+00:00,11.0203,hold,hold,default_hold,hold,execute_default_hold,0,False,3988.875,3988.874999999999,-530.8550000000005
2026-02-25 18:45:00+00:00,10.9999,hold,hold,default_hold,hold,execute_default_hold,0,False,3988.875,3988.874999999999,-530.8550000000005
2026-02-25 19:00:00+00:00,11.0,hold,hold,default_hold,hold,execute_default_hold,0,False,3988.875,3988.874999999999,-530.8550000000005
2026-02-25 19:15:00+00:00,10.92,hold,hold,default_hold,hold,execute_default_hold,0,False,3988.875,3988.874999999999,-530.8550000000005
2026-02-25 19:30:00+00:00,10.96,hold,hold,default_hold,hold,execute_default_hold,0,False,3988.875,3988.874999999999,-530.8550000000005
2026-02-25 19:45:00+00:00,10.9993,hold,hold,default_hold,hold,execute_default_hold,0,False,3988.875,3988.874999999999,-530.8550000000005
2026-02-25 20:00:00+00:00,11.02,hold,hold,default_hold,hold,execute_default_hold,0,False,3988.875,3988.874999999999,-530.8550000000005
2026-02-25 20:15:00+00:00,10.935,hold,hold,default_hold,hold,execute_default_hold,0,False,3988.875,3988.874999999999,-530.8550000000005
2026-02-25 20:30:00+00:00,10.8283,hold,hold,default_hold,hold,execute_default_hold,0,False,3988.875,3988.874999999999,-530.8550000000005
2026-02-25 20:45:00+00:00,10.835,hold,hold,default_hold,hold,execute_default_hold,0,False,3988.875,3988.874999999999,-530.8550000000005
2026-02-25 21:00:00+00:00,10.77,hold,hold,default_hold,hold,execute_default_hold,0,False,3988.875,3988.874999999999,-530.8550000000005
2026-02-26 14:30:00+00:00,10.295,hold,hold,default_hold,hold,execute_default_hold,0,False,3988.875,3988.874999999999,-530.8550000000005
2026-02-26 14:45:00+00:00,10.54,hold,hold,default_hold,hold,execute_default_hold,0,False,3988.875,3988.874999999999,-530.8550000000005
2026-02-26 15:00:00+00:00,10.56,hold,hold,default_hold,hold,execute_default_hold,0,False,3988.875,3988.874999999999,-530.8550000000005
2026-02-26 15:15:00+00:00,10.36,hold,hold,default_hold,hold,execute_default_hold,0,False,3988.875,3988.874999999999,-530.8550000000005
2026-02-26 15:30:00+00:00,10.38,hold,hold,default_hold,hold,execute_default_hold,0,False,3988.875,3988.874999999999,-530.8550000000005
2026-02-26 15:45:00+00:00,10.7,hold,hold,default_hold,hold,execute_default_hold,0,False,3988.875,3988.874999999999,-530.8550000000005
2026-02-26 16:00:00+00:00,10.8999,hold,hold,default_hold,hold,execute_default_hold,0,False,3988.875,3988.874999999999,-530.8550000000005
2026-02-26 16:15:00+00:00,10.83,hold,hold,default_hold,hold,execute_default_hold,0,False,3988.875,3988.874999999999,-530.8550000000005
2026-02-26 16:30:00+00:00,10.76,hold,hold,default_hold,hold,execute_default_hold,0,False,3988.875,3988.874999999999,-530.8550000000005
2026-02-26 16:45:00+00:00,10.6512,hold,hold,default_hold,hold,execute_default_hold,0,False,3988.875,3988.874999999999,-530.8550000000005
2026-02-26 17:00:00+00:00,10.58,hold,hold,default_hold,hold,execute_default_hold,0,False,3988.875,3988.874999999999,-530.8550000000005
2026-02-26 17:15:00+00:00,10.545,hold,hold,default_hold,hold,execute_default_hold,0,False,3988.875,3988.874999999999,-530.8550000000005
2026-02-26 17:30:00+00:00,10.54,hold,hold,default_hold,hold,execute_default_hold,0,False,3988.875,3988.874999999999,-530.8550000000005
2026-02-26 17:45:00+00:00,10.4223,buy,buy,range_buy,buy,drawdown_limited_range,50,True,3988.875,3988.874999999999,-530.8550000000005
2026-02-26 18:00:00+00:00,10.3535,hold,hold,default_hold,hold,execute_default_hold,0,False,3985.4350000000004,3988.874999999999,-534.2950000000001
2026-02-26 18:15:00+00:00,10.37,hold,hold,default_hold,hold,execute_default_hold,0,False,3986.26,3988.874999999999,-533.4700000000003
2026-02-26 18:30:00+00:00,10.407,hold,hold,default_hold,hold,execute_default_hold,0,False,3988.11,3988.874999999999,-531.6200000000003
2026-02-26 18:45:00+00:00,10.555,hold,hold,default_hold,hold,execute_default_hold,0,False,3995.51,3988.874999999999,-524.2200000000003
2026-02-26 19:00:00+00:00,10.63,hold,hold,default_hold,hold,execute_default_hold,0,False,3999.26,3988.874999999999,-520.4700000000003
2026-02-26 19:15:00+00:00,10.7407,hold,hold,default_hold,hold,execute_default_hold,0,False,4004.795,3988.874999999999,-514.9350000000004
2026-02-26 19:30:00+00:00,10.6301,hold,hold,default_hold,hold,execute_default_hold,0,False,3999.2650000000003,3988.874999999999,-520.4650000000001
2026-02-26 19:45:00+00:00,10.7077,hold,hold,default_hold,hold,execute_default_hold,0,False,4003.1450000000004,3988.874999999999,-516.585
2026-02-26 20:00:00+00:00,10.685,hold,hold,default_hold,hold,execute_default_hold,0,False,4002.01,3988.874999999999,-517.7200000000003
2026-02-26 20:15:00+00:00,10.81,hold,hold,default_hold,hold,execute_default_hold,0,False,4008.26,3988.874999999999,-511.47000000000025
2026-02-26 20:30:00+00:00,10.84,hold,hold,default_hold,hold,execute_default_hold,0,False,4009.76,3988.874999999999,-509.97000000000025
2026-02-26 20:45:00+00:00,10.965,hold,hold,default_hold,hold,execute_default_hold,0,False,4016.01,3988.874999999999,-503.72000000000025
2026-02-26 21:00:00+00:00,10.875,hold,hold,default_hold,hold,execute_default_hold,0,False,4011.51,3988.874999999999,-508.22000000000025
2026-02-27 14:30:00+00:00,10.5487,sell,sell,alpha_sell,sell,execute_alpha_sell,50,True,3995.195,3995.1949999999993,-524.5350000000003
2026-02-27 14:45:00+00:00,10.495,hold,hold,default_hold,hold,execute_default_hold,0,False,3995.195,3995.1949999999993,-524.5350000000003
2026-02-27 15:00:00+00:00,10.42,hold,hold,default_hold,hold,execute_default_hold,0,False,3995.195,3995.1949999999993,-524.5350000000003
2026-02-27 15:15:00+00:00,10.42,hold,hold,default_hold,hold,execute_default_hold,0,False,3995.195,3995.1949999999993,-524.5350000000003
2026-02-27 15:30:00+00:00,10.32,hold,hold,default_hold,hold,execute_default_hold,0,False,3995.195,3995.1949999999993,-524.5350000000003
2026-02-27 15:45:00+00:00,10.37,hold,hold,default_hold,hold,execute_default_hold,0,False,3995.195,3995.1949999999993,-524.5350000000003
2026-02-27 16:00:00+00:00,10.14,reduce,hold,no_position,hold,execute_no_position,0,False,3995.195,3995.1949999999993,-524.5350000000003
2026-02-27 16:15:00+00:00,10.0272,hold,hold,default_hold,hold,execute_default_hold,0,False,3995.195,3995.1949999999993,-524.5350000000003
2026-02-27 16:30:00+00:00,10.07,hold,hold,default_hold,hold,execute_default_hold,0,False,3995.195,3995.1949999999993,-524.5350000000003
2026-02-27 16:45:00+00:00,10.055,hold,hold,default_hold,hold,execute_default_hold,0,False,3995.195,3995.1949999999993,-524.5350000000003
2026-02-27 17:00:00+00:00,10.06,hold,hold,default_hold,hold,execute_default_hold,0,False,3995.195,3995.1949999999993,-524.5350000000003
2026-02-27 17:15:00+00:00,10.01,hold,hold,default_hold,hold,execute_default_hold,0,False,3995.195,3995.1949999999993,-524.5350000000003
2026-02-27 17:30:00+00:00,9.9691,hold,hold,default_hold,hold,execute_default_hold,0,False,3995.195,3995.1949999999993,-524.5350000000003
2026-02-27 17:45:00+00:00,9.915,hold,hold,default_hold,hold,execute_default_hold,0,False,3995.195,3995.1949999999993,-524.5350000000003
2026-02-27 18:00:00+00:00,9.91,hold,hold,default_hold,hold,execute_default_hold,0,False,3995.195,3995.1949999999993,-524.5350000000003
2026-02-27 18:15:00+00:00,9.81,hold,hold,default_hold,hold,execute_default_hold,0,False,3995.195,3995.1949999999993,-524.5350000000003
2026-02-27 18:30:00+00:00,9.83,hold,hold,default_hold,hold,execute_default_hold,0,False,3995.195,3995.1949999999993,-524.5350000000003
2026-02-27 18:45:00+00:00,9.92,hold,hold,default_hold,hold,execute_default_hold,0,False,3995.195,3995.1949999999993,-524.5350000000003
2026-02-27 19:00:00+00:00,9.9607,hold,hold,default_hold,hold,execute_default_hold,0,False,3995.195,3995.1949999999993,-524.5350000000003
2026-02-27 19:15:00+00:00,10.0589,avoid,hold,avoid_no_position,hold,execute_avoid_no_position,0,False,3995.195,3995.1949999999993,-524.5350000000003
2026-02-27 19:30:00+00:00,10.015,reduce,hold,no_position,hold,execute_no_position,0,False,3995.195,3995.1949999999993,-524.5350000000003
2026-02-27 19:45:00+00:00,9.985,hold,hold,default_hold,hold,execute_default_hold,0,False,3995.195,3995.1949999999993,-524.5350000000003
2026-02-27 20:00:00+00:00,9.989,avoid,hold,avoid_no_position,hold,execute_avoid_no_position,0,False,3995.195,3995.1949999999993,-524.5350000000003
2026-02-27 20:15:00+00:00,10.045,hold,hold,default_hold,hold,execute_default_hold,0,False,3995.195,3995.1949999999993,-524.5350000000003
2026-02-27 20:30:00+00:00,10.16,hold,hold,default_hold,hold,execute_default_hold,0,False,3995.195,3995.1949999999993,-524.5350000000003
2026-02-27 20:45:00+00:00,10.065,hold,hold,default_hold,hold,execute_default_hold,0,False,3995.195,3995.1949999999993,-524.5350000000003
2026-02-27 21:00:00+00:00,10.145,hold,hold,default_hold,hold,execute_default_hold,0,False,3995.195,3995.1949999999993,-524.5350000000003
2026-03-02 14:30:00+00:00,9.6873,reduce,hold,no_position,hold,execute_no_position,0,False,3995.195,3995.1949999999993,-524.5350000000003
2026-03-02 14:45:00+00:00,10.42,hold,hold,default_hold,hold,execute_default_hold,0,False,3995.195,3995.1949999999993,-524.5350000000003
2026-03-02 15:00:00+00:00,10.3352,hold,hold,default_hold,hold,execute_default_hold,0,False,3995.195,3995.1949999999993,-524.5350000000003
2026-03-02 15:15:00+00:00,10.51,hold,hold,default_hold,hold,execute_default_hold,0,False,3995.195,3995.1949999999993,-524.5350000000003
2026-03-02 15:30:00+00:00,10.63,hold,hold,default_hold,hold,execute_default_hold,0,False,3995.195,3995.1949999999993,-524.5350000000003
2026-03-02 15:45:00+00:00,10.78,hold,hold,default_hold,hold,execute_default_hold,0,False,3995.195,3995.1949999999993,-524.5350000000003
2026-03-02 16:00:00+00:00,10.625,hold,hold,default_hold,hold,execute_default_hold,0,False,3995.195,3995.1949999999993,-524.5350000000003
2026-03-02 16:15:00+00:00,10.465,hold,hold,default_hold,hold,execute_default_hold,0,False,3995.195,3995.1949999999993,-524.5350000000003
2026-03-02 16:30:00+00:00,10.69,hold,hold,default_hold,hold,execute_default_hold,0,False,3995.195,3995.1949999999993,-524.5350000000003
2026-03-02 16:45:00+00:00,10.855,hold,hold,default_hold,hold,execute_default_hold,0,False,3995.195,3995.1949999999993,-524.5350000000003
2026-03-02 17:00:00+00:00,10.805,hold,hold,default_hold,hold,execute_default_hold,0,False,3995.195,3995.1949999999993,-524.5350000000003
2026-03-02 17:15:00+00:00,10.73,hold,hold,default_hold,hold,execute_default_hold,0,False,3995.195,3995.1949999999993,-524.5350000000003
2026-03-02 17:30:00+00:00,10.845,hold,hold,default_hold,hold,execute_default_hold,0,False,3995.195,3995.1949999999993,-524.5350000000003
2026-03-02 17:45:00+00:00,10.83,hold,hold,default_hold,hold,execute_default_hold,0,False,3995.195,3995.1949999999993,-524.5350000000003
2026-03-02 18:00:00+00:00,10.86,hold,hold,default_hold,hold,execute_default_hold,0,False,3995.195,3995.1949999999993,-524.5350000000003
2026-03-02 18:15:00+00:00,10.91,hold,hold,default_hold,hold,execute_default_hold,0,False,3995.195,3995.1949999999993,-524.5350000000003
2026-03-02 18:30:00+00:00,10.93,hold,hold,default_hold,hold,execute_default_hold,0,False,3995.195,3995.1949999999993,-524.5350000000003
2026-03-02 18:45:00+00:00,10.975,hold,hold,default_hold,hold,execute_default_hold,0,False,3995.195,3995.1949999999993,-524.5350000000003
2026-03-02 19:00:00+00:00,10.91,hold,hold,default_hold,hold,execute_default_hold,0,False,3995.195,3995.1949999999993,-524.5350000000003
2026-03-02 19:15:00+00:00,10.9,hold,hold,default_hold,hold,execute_default_hold,0,False,3995.195,3995.1949999999993,-524.5350000000003
2026-03-02 19:30:00+00:00,10.98,hold,hold,default_hold,hold,execute_default_hold,0,False,3995.195,3995.1949999999993,-524.5350000000003
2026-03-02 19:45:00+00:00,10.985,hold,hold,default_hold,hold,execute_default_hold,0,False,3995.195,3995.1949999999993,-524.5350000000003
2026-03-02 20:00:00+00:00,10.815,hold,hold,default_hold,hold,execute_default_hold,0,False,3995.195,3995.1949999999993,-524.5350000000003
2026-03-02 20:15:00+00:00,10.78,hold,hold,default_hold,hold,execute_default_hold,0,False,3995.195,3995.1949999999993,-524.5350000000003
2026-03-02 20:30:00+00:00,10.8896,hold,hold,default_hold,hold,execute_default_hold,0,False,3995.195,3995.1949999999993,-524.5350000000003
2026-03-02 20:45:00+00:00,10.805,hold,hold,default_hold,hold,execute_default_hold,0,False,3995.195,3995.1949999999993,-524.5350000000003
2026-03-02 21:00:00+00:00,10.805,hold,hold,default_hold,hold,execute_default_hold,0,False,3995.195,3995.1949999999993,-524.5350000000003
2026-03-03 14:30:00+00:00,10.24,hold,hold,default_hold,hold,execute_default_hold,0,False,3995.195,3995.1949999999993,-524.5350000000003
2026-03-03 14:45:00+00:00,9.905,hold,hold,default_hold,hold,execute_default_hold,0,False,3995.195,3995.1949999999993,-524.5350000000003
2026-03-03 15:00:00+00:00,9.833,hold,hold,default_hold,hold,execute_default_hold,0,False,3995.195,3995.1949999999993,-524.5350000000003
2026-03-03 15:15:00+00:00,9.685,hold,hold,default_hold,hold,execute_default_hold,0,False,3995.195,3995.1949999999993,-524.5350000000003
2026-03-03 15:30:00+00:00,9.3309,hold,hold,default_hold,hold,execute_default_hold,0,False,3995.195,3995.1949999999993,-524.5350000000003
2026-03-03 15:45:00+00:00,9.61,hold,hold,default_hold,hold,execute_default_hold,0,False,3995.195,3995.1949999999993,-524.5350000000003
2026-03-03 16:00:00+00:00,9.58,hold,hold,default_hold,hold,execute_default_hold,0,False,3995.195,3995.1949999999993,-524.5350000000003
2026-03-03 16:15:00+00:00,9.72,hold,hold,default_hold,hold,execute_default_hold,0,False,3995.195,3995.1949999999993,-524.5350000000003
2026-03-03 16:30:00+00:00,9.64,hold,hold,default_hold,hold,execute_default_hold,0,False,3995.195,3995.1949999999993,-524.5350000000003
2026-03-03 16:45:00+00:00,9.717,hold,hold,default_hold,hold,execute_default_hold,0,False,3995.195,3995.1949999999993,-524.5350000000003
2026-03-03 17:00:00+00:00,9.77,hold,hold,default_hold,hold,execute_default_hold,0,False,3995.195,3995.1949999999993,-524.5350000000003
2026-03-03 17:15:00+00:00,9.71,hold,hold,default_hold,hold,execute_default_hold,0,False,3995.195,3995.1949999999993,-524.5350000000003
2026-03-03 17:30:00+00:00,9.823,hold,hold,default_hold,hold,execute_default_hold,0,False,3995.195,3995.1949999999993,-524.5350000000003
2026-03-03 17:45:00+00:00,9.86,avoid,hold,avoid_no_position,hold,execute_avoid_no_position,0,False,3995.195,3995.1949999999993,-524.5350000000003
2026-03-03 18:00:00+00:00,9.9,hold,hold,default_hold,hold,execute_default_hold,0,False,3995.195,3995.1949999999993,-524.5350000000003
2026-03-03 18:15:00+00:00,9.865,hold,hold,default_hold,hold,execute_default_hold,0,False,3995.195,3995.1949999999993,-524.5350000000003
2026-03-03 18:30:00+00:00,10.025,hold,hold,default_hold,hold,execute_default_hold,0,False,3995.195,3995.1949999999993,-524.5350000000003
2026-03-03 18:45:00+00:00,10.105,hold,hold,default_hold,hold,execute_default_hold,0,False,3995.195,3995.1949999999993,-524.5350000000003
2026-03-03 19:00:00+00:00,10.0499,hold,hold,default_hold,hold,execute_default_hold,0,False,3995.195,3995.1949999999993,-524.5350000000003
2026-03-03 19:15:00+00:00,9.98,hold,hold,default_hold,hold,execute_default_hold,0,False,3995.195,3995.1949999999993,-524.5350000000003
2026-03-03 19:30:00+00:00,9.96,hold,hold,default_hold,hold,execute_default_hold,0,False,3995.195,3995.1949999999993,-524.5350000000003
2026-03-03 19:45:00+00:00,10.0,hold,hold,default_hold,hold,execute_default_hold,0,False,3995.195,3995.1949999999993,-524.5350000000003
2026-03-03 20:00:00+00:00,9.995,hold,hold,default_hold,hold,execute_default_hold,0,False,3995.195,3995.1949999999993,-524.5350000000003
2026-03-03 20:15:00+00:00,9.935,hold,hold,default_hold,hold,execute_default_hold,0,False,3995.195,3995.1949999999993,-524.5350000000003
2026-03-03 20:30:00+00:00,9.8725,sell,hold,no_position,hold,execute_no_position,0,False,3995.195,3995.1949999999993,-524.5350000000003
2026-03-03 20:45:00+00:00,9.94,avoid,hold,avoid_no_position,hold,execute_avoid_no_position,0,False,3995.195,3995.1949999999993,-524.5350000000003
2026-03-03 21:00:00+00:00,9.81,sell,hold,no_position,hold,execute_no_position,0,False,3995.195,3995.1949999999993,-524.5350000000003
2026-03-04 14:30:00+00:00,10.15,buy,buy,trend_buy,buy,drawdown_limited_trend,50,True,3995.195,3995.1949999999993,-524.5350000000003
2026-03-04 14:45:00+00:00,9.94,hold,hold,default_hold,hold,execute_default_hold,0,False,3984.695,3995.1949999999993,-535.0350000000003
2026-03-04 15:00:00+00:00,10.005,hold,hold,default_hold,hold,execute_default_hold,0,False,3987.945,3995.1949999999993,-531.7850000000003
2026-03-04 15:15:00+00:00,10.14,hold,hold,default_hold,hold,execute_default_hold,0,False,3994.695,3995.1949999999993,-525.0350000000003
2026-03-04 15:30:00+00:00,10.1989,hold,hold,default_hold,hold,execute_default_hold,0,False,3997.6400000000003,3995.1949999999993,-522.0900000000001
2026-03-04 15:45:00+00:00,10.16,hold,hold,default_hold,hold,execute_default_hold,0,False,3995.695,3995.1949999999993,-524.0350000000003
2026-03-04 16:00:00+00:00,10.14,hold,hold,default_hold,hold,execute_default_hold,0,False,3994.695,3995.1949999999993,-525.0350000000003
2026-03-04 16:15:00+00:00,10.07,hold,hold,default_hold,hold,execute_default_hold,0,False,3991.195,3995.1949999999993,-528.5350000000003
2026-03-04 16:30:00+00:00,9.91,hold,hold,default_hold,hold,execute_default_hold,0,False,3983.195,3995.1949999999993,-536.5350000000003
2026-03-04 16:45:00+00:00,10.0,hold,hold,default_hold,hold,execute_default_hold,0,False,3987.695,3995.1949999999993,-532.0350000000003
2026-03-04 17:00:00+00:00,10.0,hold,hold,default_hold,hold,execute_default_hold,0,False,3987.695,3995.1949999999993,-532.0350000000003
2026-03-04 17:15:00+00:00,9.92,hold,hold,default_hold,hold,execute_default_hold,0,False,3983.695,3995.1949999999993,-536.0350000000003
2026-03-04 17:30:00+00:00,9.995,reduce,reduce,trim_in_trend,reduce,execute_trim_in_trend,50,True,3987.445,3987.4449999999993,-532.2850000000003
2026-03-04 17:45:00+00:00,10.0,hold,hold,default_hold,hold,execute_default_hold,0,False,3987.445,3987.4449999999993,-532.2850000000003
2026-03-04 18:00:00+00:00,9.98,hold,hold,default_hold,hold,execute_default_hold,0,False,3987.445,3987.4449999999993,-532.2850000000003
2026-03-04 18:15:00+00:00,9.925,hold,hold,default_hold,hold,execute_default_hold,0,False,3987.445,3987.4449999999993,-532.2850000000003
2026-03-04 18:30:00+00:00,9.9609,hold,hold,default_hold,hold,execute_default_hold,0,False,3987.445,3987.4449999999993,-532.2850000000003
2026-03-04 18:45:00+00:00,10.025,hold,hold,default_hold,hold,execute_default_hold,0,False,3987.445,3987.4449999999993,-532.2850000000003
2026-03-04 19:00:00+00:00,10.0516,hold,hold,default_hold,hold,execute_default_hold,0,False,3987.445,3987.4449999999993,-532.2850000000003
2026-03-04 19:15:00+00:00,9.99,hold,hold,default_hold,hold,execute_default_hold,0,False,3987.445,3987.4449999999993,-532.2850000000003
2026-03-04 19:30:00+00:00,9.9901,hold,hold,default_hold,hold,execute_default_hold,0,False,3987.445,3987.4449999999993,-532.2850000000003
2026-03-04 19:45:00+00:00,10.03,hold,hold,default_hold,hold,execute_default_hold,0,False,3987.445,3987.4449999999993,-532.2850000000003
2026-03-04 20:00:00+00:00,10.0601,hold,hold,default_hold,hold,execute_default_hold,0,False,3987.445,3987.4449999999993,-532.2850000000003
2026-03-04 20:15:00+00:00,9.99,hold,hold,default_hold,hold,execute_default_hold,0,False,3987.445,3987.4449999999993,-532.2850000000003
2026-03-04 20:30:00+00:00,10.036,hold,hold,default_hold,hold,execute_default_hold,0,False,3987.445,3987.4449999999993,-532.2850000000003
2026-03-04 20:45:00+00:00,10.0125,buy,buy,trend_buy,buy,weak_trend_limited_buy,50,True,3987.445,3987.4449999999993,-532.2850000000003
2026-03-04 21:00:00+00:00,10.0,hold,hold,default_hold,hold,execute_default_hold,0,False,3986.82,3987.4449999999993,-532.9100000000003
2026-03-05 14:30:00+00:00,10.08,avoid,hold,avoid_hold,hold,execute_avoid_hold,0,False,3990.82,3987.4449999999993,-528.9100000000003
2026-03-05 14:45:00+00:00,9.86,sell,sell,alpha_sell,sell,execute_alpha_sell,50,True,3979.82,3979.8199999999993,-539.9100000000003
2026-03-05 15:00:00+00:00,10.0942,avoid,hold,avoid_no_position,hold,execute_avoid_no_position,0,False,3979.82,3979.8199999999993,-539.9100000000003
2026-03-05 15:15:00+00:00,10.13,hold,hold,default_hold,hold,execute_default_hold,0,False,3979.82,3979.8199999999993,-539.9100000000003
2026-03-05 15:30:00+00:00,9.93,sell,hold,no_position,hold,execute_no_position,0,False,3979.82,3979.8199999999993,-539.9100000000003
2026-03-05 15:45:00+00:00,9.995,hold,hold,default_hold,hold,execute_default_hold,0,False,3979.82,3979.8199999999993,-539.9100000000003
2026-03-05 16:00:00+00:00,9.96,hold,hold,default_hold,hold,execute_default_hold,0,False,3979.82,3979.8199999999993,-539.9100000000003
2026-03-05 16:15:00+00:00,9.79,reduce,hold,no_position,hold,execute_no_position,0,False,3979.82,3979.8199999999993,-539.9100000000003
2026-03-05 16:30:00+00:00,9.6814,hold,hold,default_hold,hold,execute_default_hold,0,False,3979.82,3979.8199999999993,-539.9100000000003
2026-03-05 16:45:00+00:00,9.67,hold,hold,default_hold,hold,execute_default_hold,0,False,3979.82,3979.8199999999993,-539.9100000000003
2026-03-05 17:00:00+00:00,9.79,hold,hold,default_hold,hold,execute_default_hold,0,False,3979.82,3979.8199999999993,-539.9100000000003
2026-03-05 17:15:00+00:00,9.7713,hold,hold,default_hold,hold,execute_default_hold,0,False,3979.82,3979.8199999999993,-539.9100000000003
2026-03-05 17:30:00+00:00,9.51,hold,hold,default_hold,hold,execute_default_hold,0,False,3979.82,3979.8199999999993,-539.9100000000003
2026-03-05 17:45:00+00:00,9.375,hold,hold,default_hold,hold,execute_default_hold,0,False,3979.82,3979.8199999999993,-539.9100000000003
2026-03-05 18:00:00+00:00,9.34,hold,hold,default_hold,hold,execute_default_hold,0,False,3979.82,3979.8199999999993,-539.9100000000003
2026-03-05 18:15:00+00:00,9.39,hold,hold,default_hold,hold,execute_default_hold,0,False,3979.82,3979.8199999999993,-539.9100000000003
2026-03-05 18:30:00+00:00,9.3499,hold,hold,default_hold,hold,execute_default_hold,0,False,3979.82,3979.8199999999993,-539.9100000000003
2026-03-05 18:45:00+00:00,9.42,hold,hold,default_hold,hold,execute_default_hold,0,False,3979.82,3979.8199999999993,-539.9100000000003
2026-03-05 19:00:00+00:00,9.49,hold,hold,default_hold,hold,execute_default_hold,0,False,3979.82,3979.8199999999993,-539.9100000000003
2026-03-05 19:15:00+00:00,9.485,hold,hold,default_hold,hold,execute_default_hold,0,False,3979.82,3979.8199999999993,-539.9100000000003
2026-03-05 19:30:00+00:00,9.36,hold,hold,default_hold,hold,execute_default_hold,0,False,3979.82,3979.8199999999993,-539.9100000000003
2026-03-05 19:45:00+00:00,9.43,hold,hold,default_hold,hold,execute_default_hold,0,False,3979.82,3979.8199999999993,-539.9100000000003
2026-03-05 20:00:00+00:00,9.44,hold,hold,default_hold,hold,execute_default_hold,0,False,3979.82,3979.8199999999993,-539.9100000000003
2026-03-05 20:15:00+00:00,9.53,avoid,hold,avoid_no_position,hold,execute_avoid_no_position,0,False,3979.82,3979.8199999999993,-539.9100000000003
2026-03-05 20:30:00+00:00,9.565,hold,hold,default_hold,hold,execute_default_hold,0,False,3979.82,3979.8199999999993,-539.9100000000003
2026-03-05 20:45:00+00:00,9.505,hold,hold,default_hold,hold,execute_default_hold,0,False,3979.82,3979.8199999999993,-539.9100000000003
2026-03-05 21:00:00+00:00,9.66,hold,hold,default_hold,hold,execute_default_hold,0,False,3979.82,3979.8199999999993,-539.9100000000003
2026-03-06 14:30:00+00:00,9.41,reduce,hold,no_position,hold,execute_no_position,0,False,3979.82,3979.8199999999993,-539.9100000000003
2026-03-06 14:45:00+00:00,9.4601,hold,hold,default_hold,hold,execute_default_hold,0,False,3979.82,3979.8199999999993,-539.9100000000003
2026-03-06 15:00:00+00:00,9.3338,hold,hold,default_hold,hold,execute_default_hold,0,False,3979.82,3979.8199999999993,-539.9100000000003
2026-03-06 15:15:00+00:00,9.5699,avoid,hold,avoid_no_position,hold,execute_avoid_no_position,0,False,3979.82,3979.8199999999993,-539.9100000000003
2026-03-06 15:30:00+00:00,9.645,hold,hold,default_hold,hold,execute_default_hold,0,False,3979.82,3979.8199999999993,-539.9100000000003
2026-03-06 15:45:00+00:00,9.4762,hold,hold,default_hold,hold,execute_default_hold,0,False,3979.82,3979.8199999999993,-539.9100000000003
2026-03-06 16:00:00+00:00,9.4299,sell,hold,no_position,hold,execute_no_position,0,False,3979.82,3979.8199999999993,-539.9100000000003
2026-03-06 16:15:00+00:00,9.42,hold,hold,default_hold,hold,execute_default_hold,0,False,3979.82,3979.8199999999993,-539.9100000000003
2026-03-06 16:30:00+00:00,9.3975,hold,hold,default_hold,hold,execute_default_hold,0,False,3979.82,3979.8199999999993,-539.9100000000003
2026-03-06 16:45:00+00:00,9.365,reduce,hold,no_position,hold,execute_no_position,0,False,3979.82,3979.8199999999993,-539.9100000000003
2026-03-06 17:00:00+00:00,9.445,avoid,hold,avoid_no_position,hold,execute_avoid_no_position,0,False,3979.82,3979.8199999999993,-539.9100000000003
2026-03-06 17:15:00+00:00,9.41,reduce,hold,no_position,hold,execute_no_position,0,False,3979.82,3979.8199999999993,-539.9100000000003
2026-03-06 17:30:00+00:00,9.42,avoid,hold,avoid_no_position,hold,execute_avoid_no_position,0,False,3979.82,3979.8199999999993,-539.9100000000003
2026-03-06 17:45:00+00:00,9.315,reduce,hold,no_position,hold,execute_no_position,0,False,3979.82,3979.8199999999993,-539.9100000000003
2026-03-06 18:00:00+00:00,9.4,hold,hold,default_hold,hold,execute_default_hold,0,False,3979.82,3979.8199999999993,-539.9100000000003
2026-03-06 18:15:00+00:00,9.43,hold,hold,default_hold,hold,execute_default_hold,0,False,3979.82,3979.8199999999993,-539.9100000000003
2026-03-06 18:30:00+00:00,9.41,hold,hold,default_hold,hold,execute_default_hold,0,False,3979.82,3979.8199999999993,-539.9100000000003
2026-03-06 18:45:00+00:00,9.305,hold,hold,default_hold,hold,execute_default_hold,0,False,3979.82,3979.8199999999993,-539.9100000000003
2026-03-06 19:00:00+00:00,9.205,hold,hold,default_hold,hold,execute_default_hold,0,False,3979.82,3979.8199999999993,-539.9100000000003
2026-03-06 19:15:00+00:00,9.165,hold,hold,default_hold,hold,execute_default_hold,0,False,3979.82,3979.8199999999993,-539.9100000000003
2026-03-06 19:30:00+00:00,9.1956,hold,hold,default_hold,hold,execute_default_hold,0,False,3979.82,3979.8199999999993,-539.9100000000003
2026-03-06 19:45:00+00:00,9.115,hold,hold,default_hold,hold,execute_default_hold,0,False,3979.82,3979.8199999999993,-539.9100000000003
2026-03-06 20:00:00+00:00,9.045,hold,hold,default_hold,hold,execute_default_hold,0,False,3979.82,3979.8199999999993,-539.9100000000003
2026-03-06 20:15:00+00:00,8.9708,hold,hold,default_hold,hold,execute_default_hold,0,False,3979.82,3979.8199999999993,-539.9100000000003
2026-03-06 20:30:00+00:00,8.935,hold,hold,default_hold,hold,execute_default_hold,0,False,3979.82,3979.8199999999993,-539.9100000000003
2026-03-06 20:45:00+00:00,8.885,hold,hold,default_hold,hold,execute_default_hold,0,False,3979.82,3979.8199999999993,-539.9100000000003
2026-03-06 21:00:00+00:00,8.8,hold,hold,default_hold,hold,execute_default_hold,0,False,3979.82,3979.8199999999993,-539.9100000000003
2026-03-09 13:30:00+00:00,8.37,hold,hold,default_hold,hold,execute_default_hold,0,False,3979.82,3979.8199999999993,-539.9100000000003
2026-03-09 13:45:00+00:00,8.435,hold,hold,default_hold,hold,execute_default_hold,0,False,3979.82,3979.8199999999993,-539.9100000000003
2026-03-09 14:00:00+00:00,8.38,hold,hold,default_hold,hold,execute_default_hold,0,False,3979.82,3979.8199999999993,-539.9100000000003
2026-03-09 14:15:00+00:00,8.33,hold,hold,default_hold,hold,execute_default_hold,0,False,3979.82,3979.8199999999993,-539.9100000000003
2026-03-09 14:30:00+00:00,8.57,hold,hold,default_hold,hold,execute_default_hold,0,False,3979.82,3979.8199999999993,-539.9100000000003
2026-03-09 14:45:00+00:00,8.45,hold,hold,default_hold,hold,execute_default_hold,0,False,3979.82,3979.8199999999993,-539.9100000000003
2026-03-09 15:00:00+00:00,8.48,hold,hold,default_hold,hold,execute_default_hold,0,False,3979.82,3979.8199999999993,-539.9100000000003
2026-03-09 15:15:00+00:00,8.505,hold,hold,default_hold,hold,execute_default_hold,0,False,3979.82,3979.8199999999993,-539.9100000000003
2026-03-09 15:30:00+00:00,8.51,hold,hold,default_hold,hold,execute_default_hold,0,False,3979.82,3979.8199999999993,-539.9100000000003
2026-03-09 15:45:00+00:00,8.515,hold,hold,default_hold,hold,execute_default_hold,0,False,3979.82,3979.8199999999993,-539.9100000000003
2026-03-09 16:00:00+00:00,8.61,avoid,hold,avoid_no_position,hold,execute_avoid_no_position,0,False,3979.82,3979.8199999999993,-539.9100000000003
2026-03-09 16:15:00+00:00,8.615,hold,hold,default_hold,hold,execute_default_hold,0,False,3979.82,3979.8199999999993,-539.9100000000003
2026-03-09 16:30:00+00:00,8.7292,hold,hold,default_hold,hold,execute_default_hold,0,False,3979.82,3979.8199999999993,-539.9100000000003
2026-03-09 16:45:00+00:00,8.81,hold,hold,default_hold,hold,execute_default_hold,0,False,3979.82,3979.8199999999993,-539.9100000000003
2026-03-09 17:00:00+00:00,8.74,hold,hold,default_hold,hold,execute_default_hold,0,False,3979.82,3979.8199999999993,-539.9100000000003
2026-03-09 17:15:00+00:00,8.6401,hold,hold,default_hold,hold,execute_default_hold,0,False,3979.82,3979.8199999999993,-539.9100000000003
2026-03-09 17:30:00+00:00,8.6,hold,hold,default_hold,hold,execute_default_hold,0,False,3979.82,3979.8199999999993,-539.9100000000003
2026-03-09 17:45:00+00:00,8.61,hold,hold,default_hold,hold,execute_default_hold,0,False,3979.82,3979.8199999999993,-539.9100000000003
2026-03-09 18:00:00+00:00,8.53,hold,hold,default_hold,hold,execute_default_hold,0,False,3979.82,3979.8199999999993,-539.9100000000003
2026-03-09 18:15:00+00:00,8.6254,hold,hold,default_hold,hold,execute_default_hold,0,False,3979.82,3979.8199999999993,-539.9100000000003
2026-03-09 18:30:00+00:00,8.6299,hold,hold,default_hold,hold,execute_default_hold,0,False,3979.82,3979.8199999999993,-539.9100000000003
2026-03-09 18:45:00+00:00,8.65,hold,hold,default_hold,hold,execute_default_hold,0,False,3979.82,3979.8199999999993,-539.9100000000003
2026-03-09 19:00:00+00:00,8.675,sell,hold,no_position,hold,execute_no_position,0,False,3979.82,3979.8199999999993,-539.9100000000003
2026-03-09 19:15:00+00:00,8.685,hold,hold,default_hold,hold,execute_default_hold,0,False,3979.82,3979.8199999999993,-539.9100000000003
2026-03-09 19:30:00+00:00,8.922,avoid,hold,avoid_no_position,hold,execute_avoid_no_position,0,False,3979.82,3979.8199999999993,-539.9100000000003
2026-03-09 19:45:00+00:00,8.89,hold,hold,default_hold,hold,execute_default_hold,0,False,3979.82,3979.8199999999993,-539.9100000000003
2026-03-09 20:00:00+00:00,8.93,hold,hold,default_hold,hold,execute_default_hold,0,False,3979.82,3979.8199999999993,-539.9100000000003
2026-03-10 13:30:00+00:00,9.085,hold,hold,default_hold,hold,execute_default_hold,0,False,3979.82,3979.8199999999993,-539.9100000000003
2026-03-10 13:45:00+00:00,9.155,hold,hold,default_hold,hold,execute_default_hold,0,False,3979.82,3979.8199999999993,-539.9100000000003
2026-03-10 14:00:00+00:00,9.12,hold,hold,default_hold,hold,execute_default_hold,0,False,3979.82,3979.8199999999993,-539.9100000000003
2026-03-10 14:15:00+00:00,9.23,hold,hold,default_hold,hold,execute_default_hold,0,False,3979.82,3979.8199999999993,-539.9100000000003
2026-03-10 14:30:00+00:00,9.4172,hold,hold,default_hold,hold,execute_default_hold,0,False,3979.82,3979.8199999999993,-539.9100000000003
2026-03-10 14:45:00+00:00,9.57,hold,hold,default_hold,hold,execute_default_hold,0,False,3979.82,3979.8199999999993,-539.9100000000003
2026-03-10 15:00:00+00:00,9.4524,hold,hold,default_hold,hold,execute_default_hold,0,False,3979.82,3979.8199999999993,-539.9100000000003
2026-03-10 15:15:00+00:00,9.38,hold,hold,default_hold,hold,execute_default_hold,0,False,3979.82,3979.8199999999993,-539.9100000000003
2026-03-10 15:30:00+00:00,9.62,hold,hold,default_hold,hold,execute_default_hold,0,False,3979.82,3979.8199999999993,-539.9100000000003
2026-03-10 15:45:00+00:00,9.74,hold,hold,default_hold,hold,execute_default_hold,0,False,3979.82,3979.8199999999993,-539.9100000000003
2026-03-10 16:00:00+00:00,9.735,hold,hold,default_hold,hold,execute_default_hold,0,False,3979.82,3979.8199999999993,-539.9100000000003
2026-03-10 16:15:00+00:00,9.77,hold,hold,default_hold,hold,execute_default_hold,0,False,3979.82,3979.8199999999993,-539.9100000000003
2026-03-10 16:30:00+00:00,9.71,hold,hold,default_hold,hold,execute_default_hold,0,False,3979.82,3979.8199999999993,-539.9100000000003
2026-03-10 16:45:00+00:00,9.81,hold,hold,default_hold,hold,execute_default_hold,0,False,3979.82,3979.8199999999993,-539.9100000000003
2026-03-10 17:00:00+00:00,10.0161,hold,hold,default_hold,hold,execute_default_hold,0,False,3979.82,3979.8199999999993,-539.9100000000003
2026-03-10 17:15:00+00:00,10.14,hold,hold,default_hold,hold,execute_default_hold,0,False,3979.82,3979.8199999999993,-539.9100000000003
2026-03-10 17:30:00+00:00,10.37,hold,hold,default_hold,hold,execute_default_hold,0,False,3979.82,3979.8199999999993,-539.9100000000003
2026-03-10 17:45:00+00:00,10.2701,hold,hold,default_hold,hold,execute_default_hold,0,False,3979.82,3979.8199999999993,-539.9100000000003
2026-03-10 18:00:00+00:00,10.225,hold,hold,default_hold,hold,execute_default_hold,0,False,3979.82,3979.8199999999993,-539.9100000000003
2026-03-10 18:15:00+00:00,10.0924,hold,hold,default_hold,hold,execute_default_hold,0,False,3979.82,3979.8199999999993,-539.9100000000003
2026-03-10 18:30:00+00:00,10.25,hold,hold,default_hold,hold,execute_default_hold,0,False,3979.82,3979.8199999999993,-539.9100000000003
2026-03-10 18:45:00+00:00,10.21,hold,hold,default_hold,hold,execute_default_hold,0,False,3979.82,3979.8199999999993,-539.9100000000003
2026-03-10 19:00:00+00:00,10.035,hold,hold,default_hold,hold,execute_default_hold,0,False,3979.82,3979.8199999999993,-539.9100000000003
2026-03-10 19:15:00+00:00,10.02,hold,hold,default_hold,hold,execute_default_hold,0,False,3979.82,3979.8199999999993,-539.9100000000003
2026-03-10 19:30:00+00:00,9.9286,reduce,hold,no_position,hold,execute_no_position,0,False,3979.82,3979.8199999999993,-539.9100000000003
2026-03-10 19:45:00+00:00,10.085,hold,hold,default_hold,hold,execute_default_hold,0,False,3979.82,3979.8199999999993,-539.9100000000003
2026-03-10 20:00:00+00:00,10.065,hold,hold,default_hold,hold,execute_default_hold,0,False,3979.82,3979.8199999999993,-539.9100000000003
2026-03-11 13:30:00+00:00,9.965,hold,hold,default_hold,hold,execute_default_hold,0,False,3979.82,3979.8199999999993,-539.9100000000003
2026-03-11 13:45:00+00:00,9.89,hold,hold,default_hold,hold,execute_default_hold,0,False,3979.82,3979.8199999999993,-539.9100000000003
2026-03-11 14:00:00+00:00,9.94,hold,hold,default_hold,hold,execute_default_hold,0,False,3979.82,3979.8199999999993,-539.9100000000003
2026-03-11 14:15:00+00:00,10.04,hold,hold,default_hold,hold,execute_default_hold,0,False,3979.82,3979.8199999999993,-539.9100000000003
2026-03-11 14:30:00+00:00,9.99,hold,hold,default_hold,hold,execute_default_hold,0,False,3979.82,3979.8199999999993,-539.9100000000003
2026-03-11 14:45:00+00:00,9.9322,hold,hold,default_hold,hold,execute_default_hold,0,False,3979.82,3979.8199999999993,-539.9100000000003
2026-03-11 15:00:00+00:00,9.81,hold,hold,default_hold,hold,execute_default_hold,0,False,3979.82,3979.8199999999993,-539.9100000000003
2026-03-11 15:15:00+00:00,9.59,hold,hold,default_hold,hold,execute_default_hold,0,False,3979.82,3979.8199999999993,-539.9100000000003
2026-03-11 15:30:00+00:00,9.44,hold,hold,default_hold,hold,execute_default_hold,0,False,3979.82,3979.8199999999993,-539.9100000000003
2026-03-11 15:45:00+00:00,9.51,hold,hold,default_hold,hold,execute_default_hold,0,False,3979.82,3979.8199999999993,-539.9100000000003
2026-03-11 16:00:00+00:00,9.49,hold,hold,default_hold,hold,execute_default_hold,0,False,3979.82,3979.8199999999993,-539.9100000000003
2026-03-11 16:15:00+00:00,9.34,hold,hold,default_hold,hold,execute_default_hold,0,False,3979.82,3979.8199999999993,-539.9100000000003
2026-03-11 16:30:00+00:00,9.43,hold,hold,default_hold,hold,execute_default_hold,0,False,3979.82,3979.8199999999993,-539.9100000000003
2026-03-11 16:45:00+00:00,9.44,hold,hold,default_hold,hold,execute_default_hold,0,False,3979.82,3979.8199999999993,-539.9100000000003
2026-03-11 17:00:00+00:00,9.455,hold,hold,default_hold,hold,execute_default_hold,0,False,3979.82,3979.8199999999993,-539.9100000000003
2026-03-11 17:15:00+00:00,9.45,hold,hold,default_hold,hold,execute_default_hold,0,False,3979.82,3979.8199999999993,-539.9100000000003
2026-03-11 17:30:00+00:00,9.52,hold,hold,default_hold,hold,execute_default_hold,0,False,3979.82,3979.8199999999993,-539.9100000000003
2026-03-11 17:45:00+00:00,9.41,hold,hold,default_hold,hold,execute_default_hold,0,False,3979.82,3979.8199999999993,-539.9100000000003
2026-03-11 18:00:00+00:00,9.42,hold,hold,default_hold,hold,execute_default_hold,0,False,3979.82,3979.8199999999993,-539.9100000000003
2026-03-11 18:15:00+00:00,9.45,hold,hold,default_hold,hold,execute_default_hold,0,False,3979.82,3979.8199999999993,-539.9100000000003
2026-03-11 18:30:00+00:00,9.61,hold,hold,default_hold,hold,execute_default_hold,0,False,3979.82,3979.8199999999993,-539.9100000000003
2026-03-11 18:45:00+00:00,9.59,hold,hold,default_hold,hold,execute_default_hold,0,False,3979.82,3979.8199999999993,-539.9100000000003
2026-03-11 19:00:00+00:00,9.58,hold,hold,default_hold,hold,execute_default_hold,0,False,3979.82,3979.8199999999993,-539.9100000000003
2026-03-11 19:15:00+00:00,9.5699,hold,hold,default_hold,hold,execute_default_hold,0,False,3979.82,3979.8199999999993,-539.9100000000003
2026-03-11 19:30:00+00:00,9.57,hold,hold,default_hold,hold,execute_default_hold,0,False,3979.82,3979.8199999999993,-539.9100000000003
2026-03-11 19:45:00+00:00,9.72,buy,buy,trend_buy,buy,weak_trend_limited_buy,50,True,3979.82,3979.8199999999993,-539.9100000000003
2026-03-11 20:00:00+00:00,9.7,hold,hold,default_hold,hold,execute_default_hold,0,False,3978.82,3979.8199999999993,-540.9100000000003
2026-03-12 13:30:00+00:00,9.34,sell,sell,alpha_sell,sell,execute_alpha_sell,50,True,3960.82,3960.8199999999993,-558.9100000000003
2026-03-12 13:45:00+00:00,9.405,hold,hold,default_hold,hold,execute_default_hold,0,False,3960.82,3960.8199999999993,-558.9100000000003
2026-03-12 14:00:00+00:00,9.49,avoid,hold,avoid_no_position,hold,execute_avoid_no_position,0,False,3960.82,3960.8199999999993,-558.9100000000003
2026-03-12 14:15:00+00:00,9.48,sell,hold,no_position,hold,execute_no_position,0,False,3960.82,3960.8199999999993,-558.9100000000003
2026-03-12 14:30:00+00:00,9.2201,hold,hold,default_hold,hold,execute_default_hold,0,False,3960.82,3960.8199999999993,-558.9100000000003
2026-03-12 14:45:00+00:00,9.26,reduce,hold,no_position,hold,execute_no_position,0,False,3960.82,3960.8199999999993,-558.9100000000003
2026-03-12 15:00:00+00:00,9.18,hold,hold,default_hold,hold,execute_default_hold,0,False,3960.82,3960.8199999999993,-558.9100000000003
2026-03-12 15:15:00+00:00,9.12,hold,hold,default_hold,hold,execute_default_hold,0,False,3960.82,3960.8199999999993,-558.9100000000003
2026-03-12 15:30:00+00:00,9.24,hold,hold,default_hold,hold,execute_default_hold,0,False,3960.82,3960.8199999999993,-558.9100000000003
2026-03-12 15:45:00+00:00,9.4,hold,hold,default_hold,hold,execute_default_hold,0,False,3960.82,3960.8199999999993,-558.9100000000003
2026-03-12 16:00:00+00:00,9.34,hold,hold,default_hold,hold,execute_default_hold,0,False,3960.82,3960.8199999999993,-558.9100000000003
2026-03-12 16:15:00+00:00,9.36,hold,hold,default_hold,hold,execute_default_hold,0,False,3960.82,3960.8199999999993,-558.9100000000003
2026-03-12 16:30:00+00:00,9.36,hold,hold,default_hold,hold,execute_default_hold,0,False,3960.82,3960.8199999999993,-558.9100000000003
2026-03-12 16:45:00+00:00,9.405,hold,hold,default_hold,hold,execute_default_hold,0,False,3960.82,3960.8199999999993,-558.9100000000003
2026-03-12 17:00:00+00:00,9.47,avoid,hold,avoid_no_position,hold,execute_avoid_no_position,0,False,3960.82,3960.8199999999993,-558.9100000000003
2026-03-12 17:15:00+00:00,9.44,hold,hold,default_hold,hold,execute_default_hold,0,False,3960.82,3960.8199999999993,-558.9100000000003
2026-03-12 17:30:00+00:00,9.49,hold,hold,default_hold,hold,execute_default_hold,0,False,3960.82,3960.8199999999993,-558.9100000000003
2026-03-12 17:45:00+00:00,9.44,hold,hold,default_hold,hold,execute_default_hold,0,False,3960.82,3960.8199999999993,-558.9100000000003
2026-03-12 18:00:00+00:00,9.445,hold,hold,default_hold,hold,execute_default_hold,0,False,3960.82,3960.8199999999993,-558.9100000000003
2026-03-12 18:15:00+00:00,9.505,hold,hold,default_hold,hold,execute_default_hold,0,False,3960.82,3960.8199999999993,-558.9100000000003
2026-03-12 18:30:00+00:00,9.46,hold,hold,default_hold,hold,execute_default_hold,0,False,3960.82,3960.8199999999993,-558.9100000000003
2026-03-12 18:45:00+00:00,9.49,hold,hold,default_hold,hold,execute_default_hold,0,False,3960.82,3960.8199999999993,-558.9100000000003
2026-03-12 19:00:00+00:00,9.43,hold,hold,default_hold,hold,execute_default_hold,0,False,3960.82,3960.8199999999993,-558.9100000000003
2026-03-12 19:15:00+00:00,9.395,sell,hold,no_position,hold,execute_no_position,0,False,3960.82,3960.8199999999993,-558.9100000000003
2026-03-12 19:30:00+00:00,9.44,hold,hold,default_hold,hold,execute_default_hold,0,False,3960.82,3960.8199999999993,-558.9100000000003
2026-03-12 19:45:00+00:00,9.3559,hold,hold,default_hold,hold,execute_default_hold,0,False,3960.82,3960.8199999999993,-558.9100000000003
2026-03-12 20:00:00+00:00,9.31,hold,hold,default_hold,hold,execute_default_hold,0,False,3960.82,3960.8199999999993,-558.9100000000003
2026-03-13 13:30:00+00:00,9.591,avoid,hold,avoid_no_position,hold,execute_avoid_no_position,0,False,3960.82,3960.8199999999993,-558.9100000000003
2026-03-13 13:45:00+00:00,9.61,hold,hold,default_hold,hold,execute_default_hold,0,False,3960.82,3960.8199999999993,-558.9100000000003
2026-03-13 14:00:00+00:00,9.49,sell,hold,no_position,hold,execute_no_position,0,False,3960.82,3960.8199999999993,-558.9100000000003
2026-03-13 14:15:00+00:00,9.265,hold,hold,default_hold,hold,execute_default_hold,0,False,3960.82,3960.8199999999993,-558.9100000000003
2026-03-13 14:30:00+00:00,9.26,reduce,hold,no_position,hold,execute_no_position,0,False,3960.82,3960.8199999999993,-558.9100000000003
2026-03-13 14:45:00+00:00,9.33,hold,hold,default_hold,hold,execute_default_hold,0,False,3960.82,3960.8199999999993,-558.9100000000003
2026-03-13 15:00:00+00:00,9.28,hold,hold,default_hold,hold,execute_default_hold,0,False,3960.82,3960.8199999999993,-558.9100000000003
2026-03-13 15:15:00+00:00,9.325,hold,hold,default_hold,hold,execute_default_hold,0,False,3960.82,3960.8199999999993,-558.9100000000003
2026-03-13 15:30:00+00:00,9.26,hold,hold,default_hold,hold,execute_default_hold,0,False,3960.82,3960.8199999999993,-558.9100000000003
2026-03-13 15:45:00+00:00,9.18,hold,hold,default_hold,hold,execute_default_hold,0,False,3960.82,3960.8199999999993,-558.9100000000003
2026-03-13 16:00:00+00:00,9.14,hold,hold,default_hold,hold,execute_default_hold,0,False,3960.82,3960.8199999999993,-558.9100000000003
2026-03-13 16:15:00+00:00,9.135,hold,hold,default_hold,hold,execute_default_hold,0,False,3960.82,3960.8199999999993,-558.9100000000003
2026-03-13 16:30:00+00:00,9.07,hold,hold,default_hold,hold,execute_default_hold,0,False,3960.82,3960.8199999999993,-558.9100000000003
2026-03-13 16:45:00+00:00,9.13,hold,hold,default_hold,hold,execute_default_hold,0,False,3960.82,3960.8199999999993,-558.9100000000003
2026-03-13 17:00:00+00:00,9.21,hold,hold,default_hold,hold,execute_default_hold,0,False,3960.82,3960.8199999999993,-558.9100000000003
2026-03-13 17:15:00+00:00,9.19,hold,hold,default_hold,hold,execute_default_hold,0,False,3960.82,3960.8199999999993,-558.9100000000003
2026-03-13 17:30:00+00:00,9.04,hold,hold,default_hold,hold,execute_default_hold,0,False,3960.82,3960.8199999999993,-558.9100000000003
2026-03-13 17:45:00+00:00,9.05,hold,hold,default_hold,hold,execute_default_hold,0,False,3960.82,3960.8199999999993,-558.9100000000003
2026-03-13 18:00:00+00:00,8.97,hold,hold,default_hold,hold,execute_default_hold,0,False,3960.82,3960.8199999999993,-558.9100000000003
2026-03-13 18:15:00+00:00,8.985,hold,hold,default_hold,hold,execute_default_hold,0,False,3960.82,3960.8199999999993,-558.9100000000003
2026-03-13 18:30:00+00:00,8.97,hold,hold,default_hold,hold,execute_default_hold,0,False,3960.82,3960.8199999999993,-558.9100000000003
2026-03-13 18:45:00+00:00,8.97,hold,hold,default_hold,hold,execute_default_hold,0,False,3960.82,3960.8199999999993,-558.9100000000003
2026-03-13 19:00:00+00:00,8.98,hold,hold,default_hold,hold,execute_default_hold,0,False,3960.82,3960.8199999999993,-558.9100000000003
2026-03-13 19:15:00+00:00,8.984,hold,hold,default_hold,hold,execute_default_hold,0,False,3960.82,3960.8199999999993,-558.9100000000003
2026-03-13 19:30:00+00:00,8.976,hold,hold,default_hold,hold,execute_default_hold,0,False,3960.82,3960.8199999999993,-558.9100000000003
2026-03-13 19:45:00+00:00,8.97,hold,hold,default_hold,hold,execute_default_hold,0,False,3960.82,3960.8199999999993,-558.9100000000003
2026-03-13 20:00:00+00:00,9.05,avoid,hold,avoid_no_position,hold,execute_avoid_no_position,0,False,3960.82,3960.8199999999993,-558.9100000000003
2026-03-16 13:30:00+00:00,9.43,reduce,hold,no_position,hold,execute_no_position,0,False,3960.82,3960.8199999999993,-558.9100000000003
2026-03-16 13:45:00+00:00,9.325,hold,hold,default_hold,hold,execute_default_hold,0,False,3960.82,3960.8199999999993,-558.9100000000003
2026-03-16 14:00:00+00:00,9.08,hold,hold,default_hold,hold,execute_default_hold,0,False,3960.82,3960.8199999999993,-558.9100000000003
2026-03-16 14:15:00+00:00,9.035,hold,hold,default_hold,hold,execute_default_hold,0,False,3960.82,3960.8199999999993,-558.9100000000003
2026-03-16 14:30:00+00:00,9.02,hold,hold,default_hold,hold,execute_default_hold,0,False,3960.82,3960.8199999999993,-558.9100000000003
2026-03-16 14:45:00+00:00,8.99,hold,hold,default_hold,hold,execute_default_hold,0,False,3960.82,3960.8199999999993,-558.9100000000003
2026-03-16 15:00:00+00:00,8.995,hold,hold,default_hold,hold,execute_default_hold,0,False,3960.82,3960.8199999999993,-558.9100000000003
2026-03-16 15:15:00+00:00,8.93,hold,hold,default_hold,hold,execute_default_hold,0,False,3960.82,3960.8199999999993,-558.9100000000003
2026-03-16 15:30:00+00:00,9.02,hold,hold,default_hold,hold,execute_default_hold,0,False,3960.82,3960.8199999999993,-558.9100000000003
2026-03-16 15:45:00+00:00,9.2084,hold,hold,default_hold,hold,execute_default_hold,0,False,3960.82,3960.8199999999993,-558.9100000000003
2026-03-16 16:00:00+00:00,9.03,hold,hold,default_hold,hold,execute_default_hold,0,False,3960.82,3960.8199999999993,-558.9100000000003
2026-03-16 16:15:00+00:00,8.935,hold,hold,default_hold,hold,execute_default_hold,0,False,3960.82,3960.8199999999993,-558.9100000000003
2026-03-16 16:30:00+00:00,8.81,hold,hold,default_hold,hold,execute_default_hold,0,False,3960.82,3960.8199999999993,-558.9100000000003
2026-03-16 16:45:00+00:00,8.835,hold,hold,default_hold,hold,execute_default_hold,0,False,3960.82,3960.8199999999993,-558.9100000000003
2026-03-16 17:00:00+00:00,8.91,hold,hold,default_hold,hold,execute_default_hold,0,False,3960.82,3960.8199999999993,-558.9100000000003
2026-03-16 17:15:00+00:00,8.825,hold,hold,default_hold,hold,execute_default_hold,0,False,3960.82,3960.8199999999993,-558.9100000000003
2026-03-16 17:30:00+00:00,8.85,hold,hold,default_hold,hold,execute_default_hold,0,False,3960.82,3960.8199999999993,-558.9100000000003
2026-03-16 17:45:00+00:00,8.935,hold,hold,default_hold,hold,execute_default_hold,0,False,3960.82,3960.8199999999993,-558.9100000000003
2026-03-16 18:00:00+00:00,8.8848,hold,hold,default_hold,hold,execute_default_hold,0,False,3960.82,3960.8199999999993,-558.9100000000003
2026-03-16 18:15:00+00:00,9.045,hold,hold,default_hold,hold,execute_default_hold,0,False,3960.82,3960.8199999999993,-558.9100000000003
2026-03-16 18:30:00+00:00,9.075,hold,hold,default_hold,hold,execute_default_hold,0,False,3960.82,3960.8199999999993,-558.9100000000003
2026-03-16 18:45:00+00:00,9.0434,hold,hold,default_hold,hold,execute_default_hold,0,False,3960.82,3960.8199999999993,-558.9100000000003
2026-03-16 19:00:00+00:00,9.12,hold,hold,default_hold,hold,execute_default_hold,0,False,3960.82,3960.8199999999993,-558.9100000000003
2026-03-16 19:15:00+00:00,9.15,buy,buy,trend_buy,buy,drawdown_limited_trend,50,True,3960.82,3960.8199999999993,-558.9100000000003
2026-03-16 19:30:00+00:00,9.16,hold,hold,default_hold,hold,execute_default_hold,0,False,3961.32,3960.8199999999993,-558.4100000000003
2026-03-16 19:45:00+00:00,9.175,hold,hold,default_hold,hold,execute_default_hold,0,False,3962.07,3960.8199999999993,-557.6600000000003
2026-03-16 20:00:00+00:00,9.13,hold,hold,default_hold,hold,execute_default_hold,0,False,3959.82,3960.8199999999993,-559.9100000000003
2026-03-17 13:30:00+00:00,8.97,hold,hold,default_hold,hold,execute_default_hold,0,False,3951.82,3960.8199999999993,-567.9100000000003
2026-03-17 13:45:00+00:00,9.155,hold,hold,default_hold,hold,execute_default_hold,0,False,3961.07,3960.8199999999993,-558.6600000000003
2026-03-17 14:00:00+00:00,9.23,hold,hold,default_hold,hold,execute_default_hold,0,False,3964.82,3960.8199999999993,-554.9100000000003
2026-03-17 14:15:00+00:00,9.19,hold,hold,default_hold,hold,execute_default_hold,0,False,3962.82,3960.8199999999993,-556.9100000000003
2026-03-17 14:30:00+00:00,9.28,hold,hold,default_hold,hold,execute_default_hold,0,False,3967.32,3960.8199999999993,-552.4100000000003
2026-03-17 14:45:00+00:00,9.265,hold,hold,default_hold,hold,execute_default_hold,0,False,3966.57,3960.8199999999993,-553.1600000000003
2026-03-17 15:00:00+00:00,9.1987,hold,hold,default_hold,hold,execute_default_hold,0,False,3963.255,3960.8199999999993,-556.4750000000004
2026-03-17 15:15:00+00:00,9.17,hold,hold,default_hold,hold,execute_default_hold,0,False,3961.82,3960.8199999999993,-557.9100000000003
2026-03-17 15:30:00+00:00,9.15,reduce,reduce,trim_in_trend,reduce,reduce_limited,50,True,3960.82,3960.8199999999993,-558.9100000000003
2026-03-17 15:45:00+00:00,9.095,hold,hold,default_hold,hold,execute_default_hold,0,False,3960.82,3960.8199999999993,-558.9100000000003
2026-03-17 16:00:00+00:00,9.121,hold,hold,default_hold,hold,execute_default_hold,0,False,3960.82,3960.8199999999993,-558.9100000000003
2026-03-17 16:15:00+00:00,9.13,hold,hold,default_hold,hold,execute_default_hold,0,False,3960.82,3960.8199999999993,-558.9100000000003
2026-03-17 16:30:00+00:00,9.125,hold,hold,default_hold,hold,execute_default_hold,0,False,3960.82,3960.8199999999993,-558.9100000000003
2026-03-17 16:45:00+00:00,9.065,hold,hold,default_hold,hold,execute_default_hold,0,False,3960.82,3960.8199999999993,-558.9100000000003
2026-03-17 17:00:00+00:00,9.12,hold,hold,default_hold,hold,execute_default_hold,0,False,3960.82,3960.8199999999993,-558.9100000000003
2026-03-17 17:15:00+00:00,9.09,hold,hold,default_hold,hold,execute_default_hold,0,False,3960.82,3960.8199999999993,-558.9100000000003
2026-03-17 17:30:00+00:00,9.16,hold,hold,default_hold,hold,execute_default_hold,0,False,3960.82,3960.8199999999993,-558.9100000000003
2026-03-17 17:45:00+00:00,9.13,hold,hold,default_hold,hold,execute_default_hold,0,False,3960.82,3960.8199999999993,-558.9100000000003
2026-03-17 18:00:00+00:00,9.185,hold,hold,default_hold,hold,execute_default_hold,0,False,3960.82,3960.8199999999993,-558.9100000000003
2026-03-17 18:15:00+00:00,9.26,hold,hold,default_hold,hold,execute_default_hold,0,False,3960.82,3960.8199999999993,-558.9100000000003
2026-03-17 18:30:00+00:00,9.2,hold,hold,default_hold,hold,execute_default_hold,0,False,3960.82,3960.8199999999993,-558.9100000000003
2026-03-17 18:45:00+00:00,9.205,hold,hold,default_hold,hold,execute_default_hold,0,False,3960.82,3960.8199999999993,-558.9100000000003
2026-03-17 19:00:00+00:00,9.245,hold,hold,default_hold,hold,execute_default_hold,0,False,3960.82,3960.8199999999993,-558.9100000000003
2026-03-17 19:15:00+00:00,9.24,buy,buy,trend_buy,buy,drawdown_limited_trend,50,True,3960.82,3960.8199999999993,-558.9100000000003
2026-03-17 19:30:00+00:00,9.205,hold,hold,default_hold,hold,execute_default_hold,0,False,3959.07,3960.8199999999993,-560.6600000000003
2026-03-17 19:45:00+00:00,9.195,hold,hold,default_hold,hold,execute_default_hold,0,False,3958.57,3960.8199999999993,-561.1600000000003
2026-03-17 20:00:00+00:00,9.19,hold,hold,default_hold,hold,execute_default_hold,0,False,3958.32,3960.8199999999993,-561.4100000000003
2026-03-18 13:30:00+00:00,8.92,reduce,reduce,trim_in_trend,reduce,execute_trim_in_trend,50,True,3944.82,3944.8199999999993,-574.9100000000003
2026-03-18 13:45:00+00:00,8.9205,hold,hold,default_hold,hold,execute_default_hold,0,False,3944.82,3944.8199999999993,-574.9100000000003
2026-03-18 14:00:00+00:00,8.875,hold,hold,default_hold,hold,execute_default_hold,0,False,3944.82,3944.8199999999993,-574.9100000000003
2026-03-18 14:15:00+00:00,8.845,hold,hold,default_hold,hold,execute_default_hold,0,False,3944.82,3944.8199999999993,-574.9100000000003
2026-03-18 14:30:00+00:00,8.84,hold,hold,default_hold,hold,execute_default_hold,0,False,3944.82,3944.8199999999993,-574.9100000000003
2026-03-18 14:45:00+00:00,8.905,hold,hold,default_hold,hold,execute_default_hold,0,False,3944.82,3944.8199999999993,-574.9100000000003
2026-03-18 15:00:00+00:00,8.9593,hold,hold,default_hold,hold,execute_default_hold,0,False,3944.82,3944.8199999999993,-574.9100000000003
2026-03-18 15:15:00+00:00,8.94,hold,hold,default_hold,hold,execute_default_hold,0,False,3944.82,3944.8199999999993,-574.9100000000003
2026-03-18 15:30:00+00:00,8.82,hold,hold,default_hold,hold,execute_default_hold,0,False,3944.82,3944.8199999999993,-574.9100000000003
2026-03-18 15:45:00+00:00,8.8471,hold,hold,default_hold,hold,execute_default_hold,0,False,3944.82,3944.8199999999993,-574.9100000000003
2026-03-18 16:00:00+00:00,8.795,hold,hold,default_hold,hold,execute_default_hold,0,False,3944.82,3944.8199999999993,-574.9100000000003
2026-03-18 16:15:00+00:00,8.755,hold,hold,default_hold,hold,execute_default_hold,0,False,3944.82,3944.8199999999993,-574.9100000000003
2026-03-18 16:30:00+00:00,8.7994,hold,hold,default_hold,hold,execute_default_hold,0,False,3944.82,3944.8199999999993,-574.9100000000003
2026-03-18 16:45:00+00:00,8.805,hold,hold,default_hold,hold,execute_default_hold,0,False,3944.82,3944.8199999999993,-574.9100000000003
2026-03-18 17:00:00+00:00,8.83,hold,hold,default_hold,hold,execute_default_hold,0,False,3944.82,3944.8199999999993,-574.9100000000003
2026-03-18 17:15:00+00:00,8.805,hold,hold,default_hold,hold,execute_default_hold,0,False,3944.82,3944.8199999999993,-574.9100000000003
2026-03-18 17:30:00+00:00,8.844,hold,hold,default_hold,hold,execute_default_hold,0,False,3944.82,3944.8199999999993,-574.9100000000003
2026-03-18 17:45:00+00:00,8.955,hold,hold,default_hold,hold,execute_default_hold,0,False,3944.82,3944.8199999999993,-574.9100000000003
2026-03-18 18:00:00+00:00,8.9499,hold,hold,default_hold,hold,execute_default_hold,0,False,3944.82,3944.8199999999993,-574.9100000000003
2026-03-18 18:15:00+00:00,8.94,hold,hold,default_hold,hold,execute_default_hold,0,False,3944.82,3944.8199999999993,-574.9100000000003
2026-03-18 18:30:00+00:00,8.94,hold,hold,default_hold,hold,execute_default_hold,0,False,3944.82,3944.8199999999993,-574.9100000000003
2026-03-18 18:45:00+00:00,8.89,buy,buy,trend_buy,buy,weak_trend_limited_buy,50,True,3944.82,3944.8199999999993,-574.9100000000003
2026-03-18 19:00:00+00:00,8.86,hold,hold,default_hold,hold,execute_default_hold,0,False,3943.32,3944.8199999999993,-576.4100000000003
2026-03-18 19:15:00+00:00,8.855,hold,hold,default_hold,hold,execute_default_hold,0,False,3943.07,3944.8199999999993,-576.6600000000003
2026-03-18 19:30:00+00:00,8.805,hold,hold,default_hold,hold,execute_default_hold,0,False,3940.57,3944.8199999999993,-579.1600000000003
2026-03-18 19:45:00+00:00,8.795,hold,hold,default_hold,hold,execute_default_hold,0,False,3940.07,3944.8199999999993,-579.6600000000003
2026-03-18 20:00:00+00:00,8.73,hold,hold,default_hold,hold,execute_default_hold,0,False,3936.82,3944.8199999999993,-582.9100000000003
2026-03-19 13:30:00+00:00,8.19,reduce,reduce,defensive_reduce,reduce,reduce_limited,50,True,3909.82,3909.8199999999993,-609.9100000000003
2026-03-19 13:45:00+00:00,8.075,hold,hold,default_hold,hold,execute_default_hold,0,False,3909.82,3909.8199999999993,-609.9100000000003
2026-03-19 14:00:00+00:00,8.1701,hold,hold,default_hold,hold,execute_default_hold,0,False,3909.82,3909.8199999999993,-609.9100000000003
2026-03-19 14:15:00+00:00,8.145,hold,hold,default_hold,hold,execute_default_hold,0,False,3909.82,3909.8199999999993,-609.9100000000003
2026-03-19 14:30:00+00:00,8.075,hold,hold,default_hold,hold,execute_default_hold,0,False,3909.82,3909.8199999999993,-609.9100000000003
2026-03-19 14:45:00+00:00,8.1428,hold,hold,default_hold,hold,execute_default_hold,0,False,3909.82,3909.8199999999993,-609.9100000000003
2026-03-19 15:00:00+00:00,8.11,hold,hold,default_hold,hold,execute_default_hold,0,False,3909.82,3909.8199999999993,-609.9100000000003
2026-03-19 15:15:00+00:00,8.235,hold,hold,default_hold,hold,execute_default_hold,0,False,3909.82,3909.8199999999993,-609.9100000000003
2026-03-19 15:30:00+00:00,8.185,hold,hold,default_hold,hold,execute_default_hold,0,False,3909.82,3909.8199999999993,-609.9100000000003
2026-03-19 15:45:00+00:00,8.1724,hold,hold,default_hold,hold,execute_default_hold,0,False,3909.82,3909.8199999999993,-609.9100000000003
2026-03-19 16:00:00+00:00,8.185,hold,hold,default_hold,hold,execute_default_hold,0,False,3909.82,3909.8199999999993,-609.9100000000003
2026-03-19 16:15:00+00:00,8.22,hold,hold,default_hold,hold,execute_default_hold,0,False,3909.82,3909.8199999999993,-609.9100000000003
2026-03-19 16:30:00+00:00,8.26,hold,hold,default_hold,hold,execute_default_hold,0,False,3909.82,3909.8199999999993,-609.9100000000003
2026-03-19 16:45:00+00:00,8.31,hold,hold,default_hold,hold,execute_default_hold,0,False,3909.82,3909.8199999999993,-609.9100000000003
2026-03-19 17:00:00+00:00,8.26,hold,hold,default_hold,hold,execute_default_hold,0,False,3909.82,3909.8199999999993,-609.9100000000003
2026-03-19 17:15:00+00:00,8.165,hold,hold,default_hold,hold,execute_default_hold,0,False,3909.82,3909.8199999999993,-609.9100000000003
2026-03-19 17:30:00+00:00,8.24,hold,hold,default_hold,hold,execute_default_hold,0,False,3909.82,3909.8199999999993,-609.9100000000003
2026-03-19 17:45:00+00:00,8.17,hold,hold,default_hold,hold,execute_default_hold,0,False,3909.82,3909.8199999999993,-609.9100000000003
2026-03-19 18:00:00+00:00,8.22,buy,buy,trend_buy,buy,weak_trend_limited_buy,50,True,3909.82,3909.8199999999993,-609.9100000000003
2026-03-19 18:15:00+00:00,8.315,hold,hold,default_hold,hold,execute_default_hold,0,False,3914.57,3909.8199999999993,-605.1600000000003
2026-03-19 18:30:00+00:00,8.32,hold,hold,default_hold,hold,execute_default_hold,0,False,3914.82,3909.8199999999993,-604.9100000000003
2026-03-19 18:45:00+00:00,8.25,hold,hold,default_hold,hold,execute_default_hold,0,False,3911.32,3909.8199999999993,-608.4100000000003
2026-03-19 19:00:00+00:00,8.33,hold,hold,default_hold,hold,execute_default_hold,0,False,3915.32,3909.8199999999993,-604.4100000000003
2026-03-19 19:15:00+00:00,8.48,hold,hold,default_hold,hold,execute_default_hold,0,False,3922.82,3909.8199999999993,-596.9100000000003
2026-03-19 19:30:00+00:00,8.43,hold,hold,default_hold,hold,execute_default_hold,0,False,3920.32,3909.8199999999993,-599.4100000000003
2026-03-19 19:45:00+00:00,8.475,hold,hold,default_hold,hold,execute_default_hold,0,False,3922.57,3909.8199999999993,-597.1600000000003
2026-03-19 20:00:00+00:00,8.43,hold,hold,default_hold,hold,execute_default_hold,0,False,3920.32,3909.8199999999993,-599.4100000000003
2026-03-20 13:30:00+00:00,8.43,hold,hold,default_hold,hold,execute_default_hold,0,False,3920.32,3909.8199999999993,-599.4100000000003
2026-03-20 13:45:00+00:00,8.24,hold,hold,default_hold,hold,execute_default_hold,0,False,3910.82,3909.8199999999993,-608.9100000000003
2026-03-20 14:00:00+00:00,8.0986,reduce,reduce,trim_in_trend,reduce,reduce_limited,50,True,3903.75,3903.749999999999,-615.9800000000005
2026-03-20 14:15:00+00:00,8.03,hold,hold,default_hold,hold,execute_default_hold,0,False,3903.75,3903.749999999999,-615.9800000000005
2026-03-20 14:30:00+00:00,8.08,hold,hold,default_hold,hold,execute_default_hold,0,False,3903.75,3903.749999999999,-615.9800000000005
2026-03-20 14:45:00+00:00,8.039,hold,hold,default_hold,hold,execute_default_hold,0,False,3903.75,3903.749999999999,-615.9800000000005
2026-03-20 15:00:00+00:00,7.965,hold,hold,default_hold,hold,execute_default_hold,0,False,3903.75,3903.749999999999,-615.9800000000005
2026-03-20 15:15:00+00:00,7.94,hold,hold,default_hold,hold,execute_default_hold,0,False,3903.75,3903.749999999999,-615.9800000000005
2026-03-20 15:30:00+00:00,7.84,hold,hold,default_hold,hold,execute_default_hold,0,False,3903.75,3903.749999999999,-615.9800000000005
2026-03-20 15:45:00+00:00,7.9001,hold,hold,default_hold,hold,execute_default_hold,0,False,3903.75,3903.749999999999,-615.9800000000005
2026-03-20 16:00:00+00:00,7.97,hold,hold,default_hold,hold,execute_default_hold,0,False,3903.75,3903.749999999999,-615.9800000000005
2026-03-20 16:15:00+00:00,8.025,hold,hold,default_hold,hold,execute_default_hold,0,False,3903.75,3903.749999999999,-615.9800000000005
2026-03-20 16:30:00+00:00,7.9999,hold,hold,default_hold,hold,execute_default_hold,0,False,3903.75,3903.749999999999,-615.9800000000005
2026-03-20 16:45:00+00:00,8.0001,hold,hold,default_hold,hold,execute_default_hold,0,False,3903.75,3903.749999999999,-615.9800000000005
2026-03-20 17:00:00+00:00,7.9879,hold,hold,default_hold,hold,execute_default_hold,0,False,3903.75,3903.749999999999,-615.9800000000005
2026-03-20 17:15:00+00:00,7.91,hold,hold,default_hold,hold,execute_default_hold,0,False,3903.75,3903.749999999999,-615.9800000000005
2026-03-20 17:30:00+00:00,7.855,hold,hold,default_hold,hold,execute_default_hold,0,False,3903.75,3903.749999999999,-615.9800000000005
2026-03-20 17:45:00+00:00,7.785,hold,hold,default_hold,hold,execute_default_hold,0,False,3903.75,3903.749999999999,-615.9800000000005
2026-03-20 18:00:00+00:00,7.805,hold,hold,default_hold,hold,execute_default_hold,0,False,3903.75,3903.749999999999,-615.9800000000005
2026-03-20 18:15:00+00:00,7.795,hold,hold,default_hold,hold,execute_default_hold,0,False,3903.75,3903.749999999999,-615.9800000000005
2026-03-20 18:30:00+00:00,7.68,hold,hold,default_hold,hold,execute_default_hold,0,False,3903.75,3903.749999999999,-615.9800000000005
2026-03-20 18:45:00+00:00,7.645,hold,hold,default_hold,hold,execute_default_hold,0,False,3903.75,3903.749999999999,-615.9800000000005
2026-03-20 19:00:00+00:00,7.6301,hold,hold,default_hold,hold,execute_default_hold,0,False,3903.75,3903.749999999999,-615.9800000000005
2026-03-20 19:15:00+00:00,7.665,hold,hold,default_hold,hold,execute_default_hold,0,False,3903.75,3903.749999999999,-615.9800000000005
2026-03-20 19:30:00+00:00,7.755,hold,hold,default_hold,hold,execute_default_hold,0,False,3903.75,3903.749999999999,-615.9800000000005
2026-03-20 19:45:00+00:00,7.62,hold,hold,default_hold,hold,execute_default_hold,0,False,3903.75,3903.749999999999,-615.9800000000005
2026-03-20 20:00:00+00:00,7.75,hold,hold,default_hold,hold,execute_default_hold,0,False,3903.75,3903.749999999999,-615.9800000000005
2026-03-23 13:30:00+00:00,7.865,hold,hold,default_hold,hold,execute_default_hold,0,False,3903.75,3903.749999999999,-615.9800000000005
2026-03-23 13:45:00+00:00,7.7,hold,hold,default_hold,hold,execute_default_hold,0,False,3903.75,3903.749999999999,-615.9800000000005
2026-03-23 14:00:00+00:00,7.8292,hold,hold,default_hold,hold,execute_default_hold,0,False,3903.75,3903.749999999999,-615.9800000000005
2026-03-23 14:15:00+00:00,7.94,hold,hold,default_hold,hold,execute_default_hold,0,False,3903.75,3903.749999999999,-615.9800000000005
2026-03-23 14:30:00+00:00,7.85,hold,hold,default_hold,hold,execute_default_hold,0,False,3903.75,3903.749999999999,-615.9800000000005
2026-03-23 14:45:00+00:00,8.015,hold,hold,default_hold,hold,execute_default_hold,0,False,3903.75,3903.749999999999,-615.9800000000005
2026-03-23 15:00:00+00:00,8.07,buy,buy,trend_buy,buy,drawdown_limited_trend,50,True,3903.75,3903.749999999999,-615.9800000000005
2026-03-23 15:15:00+00:00,8.0778,hold,hold,default_hold,hold,execute_default_hold,0,False,3904.14,3903.749999999999,-615.5900000000006
2026-03-23 15:30:00+00:00,8.0599,hold,hold,default_hold,hold,execute_default_hold,0,False,3903.245,3903.749999999999,-616.4850000000006
2026-03-23 15:45:00+00:00,7.935,hold,hold,default_hold,hold,execute_default_hold,0,False,3897.0,3903.749999999999,-622.7300000000005
2026-03-23 16:00:00+00:00,7.84,hold,hold,default_hold,hold,execute_default_hold,0,False,3892.25,3903.749999999999,-627.4800000000005
2026-03-23 16:15:00+00:00,7.9799,hold,hold,default_hold,hold,execute_default_hold,0,False,3899.245,3903.749999999999,-620.4850000000006
2026-03-23 16:30:00+00:00,7.89,hold,hold,default_hold,hold,execute_default_hold,0,False,3894.75,3903.749999999999,-624.9800000000005
2026-03-23 16:45:00+00:00,7.9599,hold,hold,default_hold,hold,execute_default_hold,0,False,3898.245,3903.749999999999,-621.4850000000006
2026-03-23 17:00:00+00:00,8.02,hold,hold,default_hold,hold,execute_default_hold,0,False,3901.25,3903.749999999999,-618.4800000000005
2026-03-23 17:15:00+00:00,8.045,hold,hold,default_hold,hold,execute_default_hold,0,False,3902.5,3903.749999999999,-617.2300000000005
2026-03-23 17:30:00+00:00,8.0999,hold,hold,default_hold,hold,execute_default_hold,0,False,3905.245,3903.749999999999,-614.4850000000006
2026-03-23 17:45:00+00:00,8.25,hold,hold,default_hold,hold,execute_default_hold,0,False,3912.75,3903.749999999999,-606.9800000000005
2026-03-23 18:00:00+00:00,8.255,hold,hold,default_hold,hold,execute_default_hold,0,False,3913.0,3903.749999999999,-606.7300000000005
2026-03-23 18:15:00+00:00,8.27,hold,hold,default_hold,hold,execute_default_hold,0,False,3913.75,3903.749999999999,-605.9800000000005
2026-03-23 18:30:00+00:00,8.26,hold,hold,default_hold,hold,execute_default_hold,0,False,3913.25,3903.749999999999,-606.4800000000005
2026-03-23 18:45:00+00:00,8.33,hold,hold,default_hold,hold,execute_default_hold,0,False,3916.75,3903.749999999999,-602.9800000000005
2026-03-23 19:00:00+00:00,8.33,hold,hold,default_hold,hold,execute_default_hold,0,False,3916.75,3903.749999999999,-602.9800000000005
2026-03-23 19:15:00+00:00,8.265,hold,hold,default_hold,hold,execute_default_hold,0,False,3913.5,3903.749999999999,-606.2300000000005
2026-03-23 19:30:00+00:00,8.27,hold,hold,default_hold,hold,execute_default_hold,0,False,3913.75,3903.749999999999,-605.9800000000005
2026-03-23 19:45:00+00:00,8.255,hold,hold,default_hold,hold,execute_default_hold,0,False,3913.0,3903.749999999999,-606.7300000000005
2026-03-23 20:00:00+00:00,8.26,hold,hold,default_hold,hold,execute_default_hold,0,False,3913.25,3903.749999999999,-606.4800000000005
2026-03-24 13:30:00+00:00,8.117,reduce,reduce,trim_in_trend,reduce,reduce_limited,50,True,3906.1,3906.099999999999,-613.6300000000006
2026-03-24 13:45:00+00:00,8.08,hold,hold,default_hold,hold,execute_default_hold,0,False,3906.1,3906.099999999999,-613.6300000000006
2026-03-24 14:00:00+00:00,8.111,hold,hold,default_hold,hold,execute_default_hold,0,False,3906.1,3906.099999999999,-613.6300000000006
2026-03-24 14:15:00+00:00,8.1,hold,hold,default_hold,hold,execute_default_hold,0,False,3906.1,3906.099999999999,-613.6300000000006
2026-03-24 14:30:00+00:00,8.0,hold,hold,default_hold,hold,execute_default_hold,0,False,3906.1,3906.099999999999,-613.6300000000006
2026-03-24 14:45:00+00:00,8.02,hold,hold,default_hold,hold,execute_default_hold,0,False,3906.1,3906.099999999999,-613.6300000000006
2026-03-24 15:00:00+00:00,8.14,hold,hold,default_hold,hold,execute_default_hold,0,False,3906.1,3906.099999999999,-613.6300000000006
2026-03-24 15:15:00+00:00,8.05,hold,hold,default_hold,hold,execute_default_hold,0,False,3906.1,3906.099999999999,-613.6300000000006
2026-03-24 15:30:00+00:00,8.165,hold,hold,default_hold,hold,execute_default_hold,0,False,3906.1,3906.099999999999,-613.6300000000006
2026-03-24 15:45:00+00:00,8.175,hold,hold,default_hold,hold,execute_default_hold,0,False,3906.1,3906.099999999999,-613.6300000000006
2026-03-24 16:00:00+00:00,8.025,hold,hold,default_hold,hold,execute_default_hold,0,False,3906.1,3906.099999999999,-613.6300000000006
2026-03-24 16:15:00+00:00,8.06,hold,hold,default_hold,hold,execute_default_hold,0,False,3906.1,3906.099999999999,-613.6300000000006
2026-03-24 16:30:00+00:00,8.13,hold,hold,default_hold,hold,execute_default_hold,0,False,3906.1,3906.099999999999,-613.6300000000006
2026-03-24 16:45:00+00:00,8.1484,hold,hold,default_hold,hold,execute_default_hold,0,False,3906.1,3906.099999999999,-613.6300000000006
2026-03-24 17:00:00+00:00,8.13,hold,hold,default_hold,hold,execute_default_hold,0,False,3906.1,3906.099999999999,-613.6300000000006
2026-03-24 17:15:00+00:00,7.91,hold,hold,default_hold,hold,execute_default_hold,0,False,3906.1,3906.099999999999,-613.6300000000006
2026-03-24 17:30:00+00:00,7.95,hold,hold,default_hold,hold,execute_default_hold,0,False,3906.1,3906.099999999999,-613.6300000000006
2026-03-24 17:45:00+00:00,7.87,hold,hold,default_hold,hold,execute_default_hold,0,False,3906.1,3906.099999999999,-613.6300000000006
2026-03-24 18:00:00+00:00,7.95,hold,hold,default_hold,hold,execute_default_hold,0,False,3906.1,3906.099999999999,-613.6300000000006
2026-03-24 18:15:00+00:00,8.005,hold,hold,default_hold,hold,execute_default_hold,0,False,3906.1,3906.099999999999,-613.6300000000006
2026-03-24 18:30:00+00:00,8.065,hold,hold,default_hold,hold,execute_default_hold,0,False,3906.1,3906.099999999999,-613.6300000000006
2026-03-24 18:45:00+00:00,8.0814,hold,hold,default_hold,hold,execute_default_hold,0,False,3906.1,3906.099999999999,-613.6300000000006
2026-03-24 19:00:00+00:00,8.1,hold,hold,default_hold,hold,execute_default_hold,0,False,3906.1,3906.099999999999,-613.6300000000006
2026-03-24 19:15:00+00:00,8.17,hold,hold,default_hold,hold,execute_default_hold,0,False,3906.1,3906.099999999999,-613.6300000000006
2026-03-24 19:30:00+00:00,8.08,hold,hold,default_hold,hold,execute_default_hold,0,False,3906.1,3906.099999999999,-613.6300000000006
2026-03-24 19:45:00+00:00,8.0881,hold,hold,default_hold,hold,execute_default_hold,0,False,3906.1,3906.099999999999,-613.6300000000006
2026-03-24 20:00:00+00:00,7.99,hold,hold,default_hold,hold,execute_default_hold,0,False,3906.1,3906.099999999999,-613.6300000000006
2026-03-25 13:30:00+00:00,8.38,buy,buy,trend_buy,buy,drawdown_limited_trend,50,True,3906.1,3906.099999999999,-613.6300000000006
2026-03-25 13:45:00+00:00,8.1772,hold,hold,default_hold,hold,execute_default_hold,0,False,3895.96,3906.099999999999,-623.7700000000004
2026-03-25 14:00:00+00:00,8.22,hold,hold,default_hold,hold,execute_default_hold,0,False,3898.1,3906.099999999999,-621.6300000000006
2026-03-25 14:15:00+00:00,8.22,hold,hold,default_hold,hold,execute_default_hold,0,False,3898.1,3906.099999999999,-621.6300000000006
2026-03-25 14:30:00+00:00,8.115,hold,hold,default_hold,hold,execute_default_hold,0,False,3892.85,3906.099999999999,-626.8800000000006
2026-03-25 14:45:00+00:00,8.11,hold,hold,default_hold,hold,execute_default_hold,0,False,3892.6,3906.099999999999,-627.1300000000006
2026-03-25 15:00:00+00:00,8.0517,hold,hold,default_hold,hold,execute_default_hold,0,False,3889.685,3906.099999999999,-630.0450000000005
2026-03-25 15:15:00+00:00,7.93,hold,hold,default_hold,hold,execute_default_hold,0,False,3883.6,3906.099999999999,-636.1300000000006
2026-03-25 15:30:00+00:00,7.98,hold,hold,default_hold,hold,execute_default_hold,0,False,3886.1,3906.099999999999,-633.6300000000006
2026-03-25 15:45:00+00:00,7.965,hold,hold,default_hold,hold,execute_default_hold,0,False,3885.35,3906.099999999999,-634.3800000000006
2026-03-25 16:00:00+00:00,8.01,hold,hold,default_hold,hold,execute_default_hold,0,False,3887.6,3906.099999999999,-632.1300000000006
2026-03-25 16:15:00+00:00,7.93,hold,hold,default_hold,hold,execute_default_hold,0,False,3883.6,3906.099999999999,-636.1300000000006
2026-03-25 16:30:00+00:00,8.01,reduce,reduce,defensive_reduce,reduce,reduce_limited,50,True,3887.6,3887.599999999999,-632.1300000000006
2026-03-25 16:45:00+00:00,8.035,hold,hold,default_hold,hold,execute_default_hold,0,False,3887.6,3887.599999999999,-632.1300000000006
2026-03-25 17:00:00+00:00,7.995,hold,hold,default_hold,hold,execute_default_hold,0,False,3887.6,3887.599999999999,-632.1300000000006
2026-03-25 17:15:00+00:00,7.925,hold,hold,default_hold,hold,execute_default_hold,0,False,3887.6,3887.599999999999,-632.1300000000006
2026-03-25 17:30:00+00:00,7.945,hold,hold,default_hold,hold,execute_default_hold,0,False,3887.6,3887.599999999999,-632.1300000000006
2026-03-25 17:45:00+00:00,7.995,hold,hold,default_hold,hold,execute_default_hold,0,False,3887.6,3887.599999999999,-632.1300000000006
2026-03-25 18:00:00+00:00,7.935,hold,hold,default_hold,hold,execute_default_hold,0,False,3887.6,3887.599999999999,-632.1300000000006
2026-03-25 18:15:00+00:00,7.92,hold,hold,default_hold,hold,execute_default_hold,0,False,3887.6,3887.599999999999,-632.1300000000006
2026-03-25 18:30:00+00:00,7.915,hold,hold,default_hold,hold,execute_default_hold,0,False,3887.6,3887.599999999999,-632.1300000000006
2026-03-25 18:45:00+00:00,7.875,hold,hold,default_hold,hold,execute_default_hold,0,False,3887.6,3887.599999999999,-632.1300000000006
2026-03-25 19:00:00+00:00,7.865,hold,hold,default_hold,hold,execute_default_hold,0,False,3887.6,3887.599999999999,-632.1300000000006
2026-03-25 19:15:00+00:00,7.895,hold,hold,default_hold,hold,execute_default_hold,0,False,3887.6,3887.599999999999,-632.1300000000006
2026-03-25 19:30:00+00:00,7.93,hold,hold,default_hold,hold,execute_default_hold,0,False,3887.6,3887.599999999999,-632.1300000000006
2026-03-25 19:45:00+00:00,7.935,hold,hold,default_hold,hold,execute_default_hold,0,False,3887.6,3887.599999999999,-632.1300000000006
2026-03-25 20:00:00+00:00,7.93,hold,hold,default_hold,hold,execute_default_hold,0,False,3887.6,3887.599999999999,-632.1300000000006
2026-03-26 13:30:00+00:00,7.675,hold,hold,default_hold,hold,execute_default_hold,0,False,3887.6,3887.599999999999,-632.1300000000006
2026-03-26 13:45:00+00:00,7.665,hold,hold,default_hold,hold,execute_default_hold,0,False,3887.6,3887.599999999999,-632.1300000000006
2026-03-26 14:00:00+00:00,7.6636,hold,hold,default_hold,hold,execute_default_hold,0,False,3887.6,3887.599999999999,-632.1300000000006
2026-03-26 14:15:00+00:00,7.67,hold,hold,default_hold,hold,execute_default_hold,0,False,3887.6,3887.599999999999,-632.1300000000006
2026-03-26 14:30:00+00:00,7.735,hold,hold,default_hold,hold,execute_default_hold,0,False,3887.6,3887.599999999999,-632.1300000000006
2026-03-26 14:45:00+00:00,7.565,hold,hold,default_hold,hold,execute_default_hold,0,False,3887.6,3887.599999999999,-632.1300000000006
2026-03-26 15:00:00+00:00,7.565,hold,hold,default_hold,hold,execute_default_hold,0,False,3887.6,3887.599999999999,-632.1300000000006
2026-03-26 15:15:00+00:00,7.565,hold,hold,default_hold,hold,execute_default_hold,0,False,3887.6,3887.599999999999,-632.1300000000006
2026-03-26 15:30:00+00:00,7.585,hold,hold,default_hold,hold,execute_default_hold,0,False,3887.6,3887.599999999999,-632.1300000000006
2026-03-26 15:45:00+00:00,7.585,hold,hold,default_hold,hold,execute_default_hold,0,False,3887.6,3887.599999999999,-632.1300000000006
2026-03-26 16:00:00+00:00,7.64,hold,hold,default_hold,hold,execute_default_hold,0,False,3887.6,3887.599999999999,-632.1300000000006
2026-03-26 16:15:00+00:00,7.63,hold,hold,default_hold,hold,execute_default_hold,0,False,3887.6,3887.599999999999,-632.1300000000006
2026-03-26 16:30:00+00:00,7.53,hold,hold,default_hold,hold,execute_default_hold,0,False,3887.6,3887.599999999999,-632.1300000000006
2026-03-26 16:45:00+00:00,7.4975,hold,hold,default_hold,hold,execute_default_hold,0,False,3887.6,3887.599999999999,-632.1300000000006
2026-03-26 17:00:00+00:00,7.54,hold,hold,default_hold,hold,execute_default_hold,0,False,3887.6,3887.599999999999,-632.1300000000006
2026-03-26 17:15:00+00:00,7.515,hold,hold,default_hold,hold,execute_default_hold,0,False,3887.6,3887.599999999999,-632.1300000000006
2026-03-26 17:30:00+00:00,7.4999,hold,hold,default_hold,hold,execute_default_hold,0,False,3887.6,3887.599999999999,-632.1300000000006
2026-03-26 17:45:00+00:00,7.52,hold,hold,default_hold,hold,execute_default_hold,0,False,3887.6,3887.599999999999,-632.1300000000006
2026-03-26 18:00:00+00:00,7.485,hold,hold,default_hold,hold,execute_default_hold,0,False,3887.6,3887.599999999999,-632.1300000000006
2026-03-26 18:15:00+00:00,7.5301,hold,hold,default_hold,hold,execute_default_hold,0,False,3887.6,3887.599999999999,-632.1300000000006
2026-03-26 18:30:00+00:00,7.535,hold,hold,default_hold,hold,execute_default_hold,0,False,3887.6,3887.599999999999,-632.1300000000006
2026-03-26 18:45:00+00:00,7.485,hold,hold,default_hold,hold,execute_default_hold,0,False,3887.6,3887.599999999999,-632.1300000000006
2026-03-26 19:00:00+00:00,7.4995,hold,hold,default_hold,hold,execute_default_hold,0,False,3887.6,3887.599999999999,-632.1300000000006
2026-03-26 19:15:00+00:00,7.45,hold,hold,default_hold,hold,execute_default_hold,0,False,3887.6,3887.599999999999,-632.1300000000006
2026-03-26 19:30:00+00:00,7.445,hold,hold,default_hold,hold,execute_default_hold,0,False,3887.6,3887.599999999999,-632.1300000000006
2026-03-26 19:45:00+00:00,7.445,hold,hold,default_hold,hold,execute_default_hold,0,False,3887.6,3887.599999999999,-632.1300000000006
2026-03-26 20:00:00+00:00,7.44,hold,hold,default_hold,hold,execute_default_hold,0,False,3887.6,3887.599999999999,-632.1300000000006
2026-03-27 13:30:00+00:00,7.29,hold,hold,default_hold,hold,execute_default_hold,0,False,3887.6,3887.599999999999,-632.1300000000006
2026-03-27 13:45:00+00:00,7.245,hold,hold,default_hold,hold,execute_default_hold,0,False,3887.6,3887.599999999999,-632.1300000000006
2026-03-27 14:00:00+00:00,7.25,hold,hold,default_hold,hold,execute_default_hold,0,False,3887.6,3887.599999999999,-632.1300000000006
2026-03-27 14:15:00+00:00,7.235,hold,hold,default_hold,hold,execute_default_hold,0,False,3887.6,3887.599999999999,-632.1300000000006
2026-03-27 14:30:00+00:00,7.172,hold,hold,default_hold,hold,execute_default_hold,0,False,3887.6,3887.599999999999,-632.1300000000006
2026-03-27 14:45:00+00:00,7.1599,hold,hold,default_hold,hold,execute_default_hold,0,False,3887.6,3887.599999999999,-632.1300000000006
2026-03-27 15:00:00+00:00,7.265,hold,hold,default_hold,hold,execute_default_hold,0,False,3887.6,3887.599999999999,-632.1300000000006
2026-03-27 15:15:00+00:00,7.235,hold,hold,default_hold,hold,execute_default_hold,0,False,3887.6,3887.599999999999,-632.1300000000006
2026-03-27 15:30:00+00:00,7.3,hold,hold,default_hold,hold,execute_default_hold,0,False,3887.6,3887.599999999999,-632.1300000000006
2026-03-27 15:45:00+00:00,7.255,hold,hold,default_hold,hold,execute_default_hold,0,False,3887.6,3887.599999999999,-632.1300000000006
2026-03-27 16:00:00+00:00,7.215,hold,hold,default_hold,hold,execute_default_hold,0,False,3887.6,3887.599999999999,-632.1300000000006
2026-03-27 16:15:00+00:00,7.23,hold,hold,default_hold,hold,execute_default_hold,0,False,3887.6,3887.599999999999,-632.1300000000006
2026-03-27 16:30:00+00:00,7.25,avoid,hold,avoid_no_position,hold,execute_avoid_no_position,0,False,3887.6,3887.599999999999,-632.1300000000006
2026-03-27 16:45:00+00:00,7.23,reduce,hold,no_position,hold,execute_no_position,0,False,3887.6,3887.599999999999,-632.1300000000006
2026-03-27 17:00:00+00:00,7.23,avoid,hold,avoid_no_position,hold,execute_avoid_no_position,0,False,3887.6,3887.599999999999,-632.1300000000006
2026-03-27 17:15:00+00:00,7.195,hold,hold,default_hold,hold,execute_default_hold,0,False,3887.6,3887.599999999999,-632.1300000000006
2026-03-27 17:30:00+00:00,7.11,reduce,hold,no_position,hold,execute_no_position,0,False,3887.6,3887.599999999999,-632.1300000000006
2026-03-27 17:45:00+00:00,7.0767,hold,hold,default_hold,hold,execute_default_hold,0,False,3887.6,3887.599999999999,-632.1300000000006
2026-03-27 18:00:00+00:00,7.07,hold,hold,default_hold,hold,execute_default_hold,0,False,3887.6,3887.599999999999,-632.1300000000006
2026-03-27 18:15:00+00:00,7.1084,hold,hold,default_hold,hold,execute_default_hold,0,False,3887.6,3887.599999999999,-632.1300000000006
2026-03-27 18:30:00+00:00,7.14,hold,hold,default_hold,hold,execute_default_hold,0,False,3887.6,3887.599999999999,-632.1300000000006
2026-03-27 18:45:00+00:00,7.1699,hold,hold,default_hold,hold,execute_default_hold,0,False,3887.6,3887.599999999999,-632.1300000000006
2026-03-27 19:00:00+00:00,7.17,hold,hold,default_hold,hold,execute_default_hold,0,False,3887.6,3887.599999999999,-632.1300000000006
2026-03-27 19:15:00+00:00,7.13,hold,hold,default_hold,hold,execute_default_hold,0,False,3887.6,3887.599999999999,-632.1300000000006
2026-03-27 19:30:00+00:00,7.1,hold,hold,default_hold,hold,execute_default_hold,0,False,3887.6,3887.599999999999,-632.1300000000006
2026-03-27 19:45:00+00:00,7.045,hold,hold,default_hold,hold,execute_default_hold,0,False,3887.6,3887.599999999999,-632.1300000000006
2026-03-27 20:00:00+00:00,7.05,hold,hold,default_hold,hold,execute_default_hold,0,False,3887.6,3887.599999999999,-632.1300000000006
2026-03-30 13:30:00+00:00,7.13,avoid,hold,avoid_no_position,hold,execute_avoid_no_position,0,False,3887.6,3887.599999999999,-632.1300000000006
2026-03-30 13:45:00+00:00,7.0,reduce,hold,no_position,hold,execute_no_position,0,False,3887.6,3887.599999999999,-632.1300000000006
2026-03-30 14:00:00+00:00,6.84,hold,hold,default_hold,hold,execute_default_hold,0,False,3887.6,3887.599999999999,-632.1300000000006
2026-03-30 14:15:00+00:00,6.87,hold,hold,default_hold,hold,execute_default_hold,0,False,3887.6,3887.599999999999,-632.1300000000006
2026-03-30 14:30:00+00:00,6.88,hold,hold,default_hold,hold,execute_default_hold,0,False,3887.6,3887.599999999999,-632.1300000000006
2026-03-30 14:45:00+00:00,6.705,hold,hold,default_hold,hold,execute_default_hold,0,False,3887.6,3887.599999999999,-632.1300000000006
2026-03-30 15:00:00+00:00,6.8,hold,hold,default_hold,hold,execute_default_hold,0,False,3887.6,3887.599999999999,-632.1300000000006
2026-03-30 15:15:00+00:00,6.695,hold,hold,default_hold,hold,execute_default_hold,0,False,3887.6,3887.599999999999,-632.1300000000006
2026-03-30 15:30:00+00:00,6.74,hold,hold,default_hold,hold,execute_default_hold,0,False,3887.6,3887.599999999999,-632.1300000000006
2026-03-30 15:45:00+00:00,6.785,hold,hold,default_hold,hold,execute_default_hold,0,False,3887.6,3887.599999999999,-632.1300000000006
2026-03-30 16:00:00+00:00,6.76,hold,hold,default_hold,hold,execute_default_hold,0,False,3887.6,3887.599999999999,-632.1300000000006
2026-03-30 16:15:00+00:00,6.715,hold,hold,default_hold,hold,execute_default_hold,0,False,3887.6,3887.599999999999,-632.1300000000006
2026-03-30 16:30:00+00:00,6.7115,hold,hold,default_hold,hold,execute_default_hold,0,False,3887.6,3887.599999999999,-632.1300000000006
2026-03-30 16:45:00+00:00,6.74,hold,hold,default_hold,hold,execute_default_hold,0,False,3887.6,3887.599999999999,-632.1300000000006
2026-03-30 17:00:00+00:00,6.7,hold,hold,default_hold,hold,execute_default_hold,0,False,3887.6,3887.599999999999,-632.1300000000006
2026-03-30 17:15:00+00:00,6.6886,hold,hold,default_hold,hold,execute_default_hold,0,False,3887.6,3887.599999999999,-632.1300000000006
2026-03-30 17:30:00+00:00,6.64,hold,hold,default_hold,hold,execute_default_hold,0,False,3887.6,3887.599999999999,-632.1300000000006
2026-03-30 17:45:00+00:00,6.675,hold,hold,default_hold,hold,execute_default_hold,0,False,3887.6,3887.599999999999,-632.1300000000006
2026-03-30 18:00:00+00:00,6.62,hold,hold,default_hold,hold,execute_default_hold,0,False,3887.6,3887.599999999999,-632.1300000000006
2026-03-30 18:15:00+00:00,6.65,hold,hold,default_hold,hold,execute_default_hold,0,False,3887.6,3887.599999999999,-632.1300000000006
2026-03-30 18:30:00+00:00,6.665,hold,hold,default_hold,hold,execute_default_hold,0,False,3887.6,3887.599999999999,-632.1300000000006
2026-03-30 18:45:00+00:00,6.65,hold,hold,default_hold,hold,execute_default_hold,0,False,3887.6,3887.599999999999,-632.1300000000006
2026-03-30 19:00:00+00:00,6.5814,hold,hold,default_hold,hold,execute_default_hold,0,False,3887.6,3887.599999999999,-632.1300000000006
2026-03-30 19:15:00+00:00,6.6,hold,hold,default_hold,hold,execute_default_hold,0,False,3887.6,3887.599999999999,-632.1300000000006
2026-03-30 19:30:00+00:00,6.635,hold,hold,default_hold,hold,execute_default_hold,0,False,3887.6,3887.599999999999,-632.1300000000006
2026-03-30 19:45:00+00:00,6.705,avoid,hold,avoid_no_position,hold,execute_avoid_no_position,0,False,3887.6,3887.599999999999,-632.1300000000006
2026-03-30 20:00:00+00:00,6.68,hold,hold,default_hold,hold,execute_default_hold,0,False,3887.6,3887.599999999999,-632.1300000000006
2026-03-31 13:30:00+00:00,6.977,reduce,hold,no_position,hold,execute_no_position,0,False,3887.6,3887.599999999999,-632.1300000000006
2026-03-31 13:45:00+00:00,6.9513,hold,hold,default_hold,hold,execute_default_hold,0,False,3887.6,3887.599999999999,-632.1300000000006
2026-03-31 14:00:00+00:00,7.135,hold,hold,default_hold,hold,execute_default_hold,0,False,3887.6,3887.599999999999,-632.1300000000006
2026-03-31 14:15:00+00:00,7.365,hold,hold,default_hold,hold,execute_default_hold,0,False,3887.6,3887.599999999999,-632.1300000000006
2026-03-31 14:30:00+00:00,7.4,hold,hold,default_hold,hold,execute_default_hold,0,False,3887.6,3887.599999999999,-632.1300000000006
2026-03-31 14:45:00+00:00,7.342,hold,hold,default_hold,hold,execute_default_hold,0,False,3887.6,3887.599999999999,-632.1300000000006
2026-03-31 15:00:00+00:00,7.285,hold,hold,default_hold,hold,execute_default_hold,0,False,3887.6,3887.599999999999,-632.1300000000006
2026-03-31 15:15:00+00:00,7.5099,hold,hold,default_hold,hold,execute_default_hold,0,False,3887.6,3887.599999999999,-632.1300000000006
2026-03-31 15:30:00+00:00,7.5701,hold,hold,default_hold,hold,execute_default_hold,0,False,3887.6,3887.599999999999,-632.1300000000006
2026-03-31 15:45:00+00:00,7.51,hold,hold,default_hold,hold,execute_default_hold,0,False,3887.6,3887.599999999999,-632.1300000000006
2026-03-31 16:00:00+00:00,7.44,hold,hold,default_hold,hold,execute_default_hold,0,False,3887.6,3887.599999999999,-632.1300000000006
2026-03-31 16:15:00+00:00,7.445,hold,hold,default_hold,hold,execute_default_hold,0,False,3887.6,3887.599999999999,-632.1300000000006
2026-03-31 16:30:00+00:00,7.51,buy,buy,trend_buy,buy,drawdown_limited_trend,50,True,3887.6,3887.599999999999,-632.1300000000006
2026-03-31 16:45:00+00:00,7.76,hold,hold,default_hold,hold,execute_default_hold,0,False,3900.1,3887.599999999999,-619.6300000000006
2026-03-31 17:00:00+00:00,7.705,hold,hold,default_hold,hold,execute_default_hold,0,False,3897.35,3887.599999999999,-622.3800000000006
2026-03-31 17:15:00+00:00,7.8699,hold,hold,default_hold,hold,execute_default_hold,0,False,3905.595,3887.599999999999,-614.1350000000007
2026-03-31 17:30:00+00:00,7.9,hold,hold,default_hold,hold,execute_default_hold,0,False,3907.1,3887.599999999999,-612.6300000000006
2026-03-31 17:45:00+00:00,7.95,hold,hold,default_hold,hold,execute_default_hold,0,False,3909.6,3887.599999999999,-610.1300000000006
2026-03-31 18:00:00+00:00,8.01,hold,hold,default_hold,hold,execute_default_hold,0,False,3912.6,3887.599999999999,-607.1300000000006
2026-03-31 18:15:00+00:00,7.9201,hold,hold,default_hold,hold,execute_default_hold,0,False,3908.105,3887.599999999999,-611.6250000000005
2026-03-31 18:30:00+00:00,7.94,hold,hold,default_hold,hold,execute_default_hold,0,False,3909.1,3887.599999999999,-610.6300000000006
2026-03-31 18:45:00+00:00,7.95,hold,hold,default_hold,hold,execute_default_hold,0,False,3909.6,3887.599999999999,-610.1300000000006
2026-03-31 19:00:00+00:00,7.955,hold,hold,default_hold,hold,execute_default_hold,0,False,3909.85,3887.599999999999,-609.8800000000006
2026-03-31 19:15:00+00:00,7.935,hold,hold,default_hold,hold,execute_default_hold,0,False,3908.85,3887.599999999999,-610.8800000000006
2026-03-31 19:30:00+00:00,7.875,hold,hold,default_hold,hold,execute_default_hold,0,False,3905.85,3887.599999999999,-613.8800000000006
2026-03-31 19:45:00+00:00,7.915,hold,hold,default_hold,hold,execute_default_hold,0,False,3907.85,3887.599999999999,-611.8800000000006
2026-03-31 20:00:00+00:00,7.93,hold,hold,default_hold,hold,execute_default_hold,0,False,3908.6,3887.599999999999,-611.1300000000006
