,datetime,open,high,low,close,volume,symbol_state,sector_state_sector,macro_state_macro,symbol_range_position,action_signal,position_action,position_delta,position_size,executed_price
0,2025-02-03 14:30:00+00:00,7.88,7.88,7.88,7.88,12147.0,range_neutral,weak,risk_off,,avoid,avoid,0,0,
1,2025-02-03 14:45:00+00:00,7.88,7.88,7.61,7.62,544.0,range_neutral,weak,risk_off,,hold,hold,0,0,
2,2025-02-03 15:00:00+00:00,7.62,7.62,7.27,7.46,4116.0,range_neutral,weak,risk_off,,hold,hold,0,0,
3,2025-02-03 15:15:00+00:00,7.57,7.62,7.34,7.5,1098.0,range_neutral,weak,risk_off,,hold,hold,0,0,
4,2025-02-03 15:30:00+00:00,7.4,7.45,7.4,7.45,390.0,range_neutral,weak,risk_off,,hold,hold,0,0,
5,2025-02-03 15:45:00+00:00,7.49,7.49,7.48,7.49,100.0,range_neutral,weak,risk_off,,hold,hold,0,0,
6,2025-02-03 16:00:00+00:00,7.49,7.85,7.48,7.85,10474.0,range_neutral,weak,risk_off,,hold,hold,0,0,
7,2025-02-03 16:15:00+00:00,7.85,7.85,7.57,7.71,2243.0,range_neutral,weak,risk_off,,hold,hold,0,0,
8,2025-02-03 16:30:00+00:00,7.71,7.71,7.63,7.71,1350.0,range_neutral,weak,risk_off,,hold,hold,0,0,
9,2025-02-03 16:45:00+00:00,7.71,7.71,7.56,7.66,900.0,range_neutral,weak,risk_off,,hold,hold,0,0,
10,2025-02-03 17:00:00+00:00,7.57,7.66,7.55,7.66,1120.0,risk_rising,weak,risk_off,,reduce,hold,0,0,
11,2025-02-03 17:15:00+00:00,7.66,7.71,7.62,7.62,200.0,range_neutral,weak,risk_off,,avoid,avoid,0,0,
12,2025-02-03 17:30:00+00:00,7.62,7.62,7.62,7.62,0.0,range_neutral,weak,risk_off,,hold,hold,0,0,
13,2025-02-03 17:45:00+00:00,7.62,7.62,7.62,7.62,0.0,range_neutral,weak,risk_off,,hold,hold,0,0,
14,2025-02-03 18:00:00+00:00,7.62,7.62,7.62,7.62,0.0,range_neutral,weak,risk_off,,hold,hold,0,0,
15,2025-02-03 18:15:00+00:00,7.62,7.65,7.62,7.62,200.0,range_neutral,weak,risk_off,,hold,hold,0,0,
16,2025-02-03 18:30:00+00:00,7.67,7.71,7.66,7.67,2134.0,risk_rising,weak,risk_off,,reduce,hold,0,0,
17,2025-02-03 18:45:00+00:00,7.67,7.67,7.67,7.67,0.0,risk_rising,weak,risk_off,,hold,hold,0,0,
18,2025-02-03 19:00:00+00:00,7.67,7.67,7.61,7.61,1000.0,risk_rising,weak,risk_off,,hold,hold,0,0,
19,2025-02-03 19:15:00+00:00,7.61,7.61,7.61,7.61,0.0,risk_rising,weak,risk_off,0.5573770491803288,hold,hold,0,0,
20,2025-02-03 19:30:00+00:00,7.61,7.74,7.61,7.74,481.0,pullback,weak,risk_off,0.7704918032786892,avoid,avoid,0,0,
21,2025-02-03 19:45:00+00:00,7.74,7.75,7.71,7.71,350.0,pullback,weak,risk_off,0.758620689655173,hold,hold,0,0,
22,2025-02-03 20:00:00+00:00,7.71,7.72,7.65,7.65,8445.0,pullback,weak,risk_off,0.6078431372549032,hold,hold,0,0,
23,2025-02-03 20:15:00+00:00,7.65,7.69,7.65,7.69,500.0,pullback,weak,risk_off,0.6444444444444455,hold,hold,0,0,
24,2025-02-03 20:30:00+00:00,7.69,7.69,7.55,7.6,2896.0,trend_late,weak,risk_off,0.3243243243243229,sell,hold,0,0,
25,2025-02-03 20:45:00+00:00,7.6,7.71,7.6,7.71,100.0,range_neutral,weak,risk_off,0.6216216216216217,avoid,avoid,0,0,
26,2025-02-03 21:00:00+00:00,7.71,7.74,7.69,7.71,5112.0,pullback,weak,risk_off,0.5333333333333341,hold,hold,0,0,
27,2025-02-04 14:30:00+00:00,7.65,7.65,7.65,7.65,1431.0,trend_late,weak,neutral,0.5000000000000022,reduce,hold,0,0,
28,2025-02-04 14:45:00+00:00,7.65,7.73,7.65,7.73,626.0,pullback,weak,neutral,0.9000000000000022,hold,hold,0,0,
29,2025-02-04 15:00:00+00:00,7.73,7.83,7.73,7.78,1840.0,pullback,weak,neutral,0.8214285714285722,hold,hold,0,0,
30,2025-02-04 15:15:00+00:00,7.78,8.0,7.78,8.0,4335.0,pullback,weak,neutral,1.0,hold,hold,0,0,
31,2025-02-04 15:30:00+00:00,8.02,8.25,8.0,8.25,1314.0,breakout_setup,weak,neutral,1.0,hold,hold,0,0,
32,2025-02-04 15:45:00+00:00,8.25,8.28,8.02,8.07,6285.0,pullback,weak,neutral,0.7123287671232887,hold,hold,0,0,
33,2025-02-04 16:00:00+00:00,8.0,8.03,8.0,8.02,782.0,pullback,weak,neutral,0.6438356164383562,hold,hold,0,0,
34,2025-02-04 16:15:00+00:00,8.02,8.02,8.02,8.02,181.0,pullback,weak,neutral,0.6438356164383562,hold,hold,0,0,
35,2025-02-04 16:30:00+00:00,8.02,8.25,8.02,8.25,208.0,breakout_setup,weak,neutral,0.9589041095890419,hold,hold,0,0,
36,2025-02-04 16:45:00+00:00,8.25,8.6,8.25,8.6,3821.0,breakout,weak,neutral,1.0,hold,hold,0,0,
37,2025-02-04 17:00:00+00:00,8.6,8.6,8.44,8.44,874.0,breakout_setup,weak,neutral,0.8476190476190475,hold,hold,0,0,
38,2025-02-04 17:15:00+00:00,8.44,8.7,8.44,8.66,3893.0,breakout,weak,neutral,0.9652173913043486,hold,hold,0,0,
39,2025-02-04 17:30:00+00:00,8.66,8.76,8.66,8.72,3626.0,breakout,weak,neutral,0.9669421487603312,hold,hold,0,0,
40,2025-02-04 17:45:00+00:00,8.72,8.72,8.64,8.7,3275.0,breakout_setup,weak,neutral,0.9504132231404955,hold,hold,0,0,
41,2025-02-04 18:00:00+00:00,8.7,8.74,8.46,8.48,1800.0,breakout_setup,weak,neutral,0.7685950413223146,hold,hold,0,0,
42,2025-02-04 18:15:00+00:00,8.48,8.8,8.48,8.65,4089.0,breakout_setup,weak,neutral,0.8799999999999998,hold,hold,0,0,
43,2025-02-04 18:30:00+00:00,8.65,8.71,8.55,8.57,2655.0,breakout_setup,weak,neutral,0.8159999999999998,hold,hold,0,0,
44,2025-02-04 18:45:00+00:00,8.57,8.57,8.45,8.45,500.0,pullback,weak,neutral,0.7083333333333324,buy,buy,200,200,8.45
45,2025-02-04 19:00:00+00:00,8.45,8.45,8.45,8.45,0.0,pullback,weak,neutral,0.6956521739130423,hold,hold,0,200,
46,2025-02-04 19:15:00+00:00,8.45,8.75,8.45,8.63,2315.0,breakout_setup,weak,neutral,0.8521739130434783,hold,hold,0,200,
47,2025-02-04 19:30:00+00:00,8.63,8.74,8.6,8.61,3220.0,breakout_setup,weak,neutral,0.8347826086956511,hold,hold,0,200,
48,2025-02-04 19:45:00+00:00,8.61,8.75,8.61,8.65,1619.0,trend_late,weak,neutral,0.8598130841121492,hold,hold,0,200,
49,2025-02-04 20:00:00+00:00,8.68,8.68,8.57,8.6,1770.0,trend_late,weak,neutral,0.80392156862745,hold,hold,0,200,
50,2025-02-04 20:15:00+00:00,8.6,8.75,8.45,8.48,2816.0,trend_late,weak,neutral,0.6,hold,hold,0,200,
51,2025-02-04 20:30:00+00:00,8.5,8.64,8.5,8.64,1288.0,breakout_setup,weak,neutral,0.8,hold,hold,0,200,
52,2025-02-04 20:45:00+00:00,8.64,8.64,8.41,8.44,1533.0,trend_late,weak,neutral,0.5499999999999989,hold,hold,0,200,
53,2025-02-04 21:00:00+00:00,8.44,8.51,8.4,8.41,10502.0,trend_late,weak,neutral,0.5,hold,hold,0,200,
54,2025-02-05 14:30:00+00:00,9.07,9.19,9.07,9.19,2021.0,breakout,weak,risk_off,1.0,hold,hold,0,200,
55,2025-02-05 14:45:00+00:00,9.0,9.0,8.75,8.77,4969.0,pullback,weak,risk_off,0.5531914893617019,avoid,avoid,0,200,
56,2025-02-05 15:00:00+00:00,8.6,8.9,8.57,8.9,3429.0,pullback,weak,risk_off,0.632911392405064,hold,hold,0,200,
57,2025-02-05 15:15:00+00:00,8.93,8.93,8.92,8.93,112.0,pullback,weak,risk_off,0.670886075949367,hold,hold,0,200,
58,2025-02-05 15:30:00+00:00,8.97,9.15,8.93,9.14,6286.0,breakout,weak,risk_off,0.936708860759495,hold,hold,0,200,
59,2025-02-05 15:45:00+00:00,9.14,9.28,8.85,8.88,3176.0,pullback,weak,risk_off,0.5454545454545465,hold,hold,0,200,
60,2025-02-05 16:00:00+00:00,9.0,9.0,8.75,8.81,1720.0,pullback,weak,risk_off,0.4659090909090916,hold,hold,0,200,
61,2025-02-05 16:15:00+00:00,8.81,9.0,8.81,9.0,200.0,pullback,weak,risk_off,0.6818181818181822,hold,hold,0,200,
62,2025-02-05 16:30:00+00:00,9.0,9.0,8.82,9.0,411.0,pullback,weak,risk_off,0.6818181818181822,hold,hold,0,200,
63,2025-02-05 16:45:00+00:00,9.0,9.0,8.9,8.98,700.0,pullback,weak,risk_off,0.65909090909091,hold,hold,0,200,
64,2025-02-05 17:00:00+00:00,8.98,8.98,8.9,8.91,216.0,trend_late,weak,risk_off,0.5795454545454549,sell,sell,-200,0,8.91
65,2025-02-05 17:15:00+00:00,8.91,8.91,8.91,8.91,0.0,pullback,weak,risk_off,0.5795454545454549,avoid,avoid,0,0,
66,2025-02-05 17:30:00+00:00,8.91,9.0,8.9,8.91,200.0,pullback,weak,risk_off,0.5795454545454549,hold,hold,0,0,
67,2025-02-05 17:45:00+00:00,8.91,9.0,8.9,8.9,3274.0,trend_late,weak,risk_off,0.5681818181818188,sell,hold,0,0,
68,2025-02-05 18:00:00+00:00,8.9,8.94,8.9,8.93,189.0,trend_late,weak,risk_off,0.6022727272727272,hold,hold,0,0,
69,2025-02-05 18:15:00+00:00,8.93,8.93,8.93,8.93,100.0,pullback,weak,risk_off,0.6022727272727272,avoid,avoid,0,0,
70,2025-02-05 18:30:00+00:00,8.93,9.0,8.93,9.0,1616.0,pullback,weak,risk_off,0.6818181818181822,hold,hold,0,0,
71,2025-02-05 18:45:00+00:00,9.0,9.0,8.85,8.85,2107.0,trend_late,weak,risk_off,0.5113636363636361,sell,hold,0,0,
72,2025-02-05 19:00:00+00:00,8.85,8.87,8.85,8.85,1200.0,trend_late,weak,risk_off,0.5113636363636361,hold,hold,0,0,
73,2025-02-05 19:15:00+00:00,8.85,8.93,8.67,8.67,7685.0,risk_rising,weak,risk_off,0.14084507042253488,reduce,hold,0,0,
74,2025-02-05 19:30:00+00:00,8.67,8.74,8.55,8.55,1896.0,risk_rising,weak,risk_off,0.0,hold,hold,0,0,
75,2025-02-05 19:45:00+00:00,8.55,8.56,8.55,8.56,300.0,risk_rising,weak,risk_off,0.013698630136986035,hold,hold,0,0,
76,2025-02-05 20:00:00+00:00,8.56,8.6,8.55,8.55,599.0,risk_rising,weak,risk_off,0.0,hold,hold,0,0,
77,2025-02-05 20:15:00+00:00,8.55,8.66,8.55,8.66,100.0,risk_rising,weak,risk_off,0.1506849315068488,hold,hold,0,0,
78,2025-02-05 20:30:00+00:00,8.66,8.74,8.55,8.58,1997.0,risk_rising,weak,risk_off,0.041095890410958104,hold,hold,0,0,
79,2025-02-05 20:45:00+00:00,8.58,8.65,8.58,8.65,228.0,risk_rising,weak,risk_off,0.2222222222222218,hold,hold,0,0,
80,2025-02-05 21:00:00+00:00,8.65,8.75,8.56,8.6,2280.0,risk_rising,weak,risk_off,0.11111111111110891,hold,hold,0,0,
81,2025-02-06 14:30:00+00:00,8.9,9.01,8.9,9.01,1594.0,range_distribution,weak,risk_off,1.0,sell,hold,0,0,
82,2025-02-06 14:45:00+00:00,9.01,9.01,8.68,8.88,2760.0,range_distribution,weak,risk_off,0.7173913043478277,hold,hold,0,0,
83,2025-02-06 15:00:00+00:00,8.88,8.88,8.88,8.88,0.0,range_distribution,weak,risk_off,0.7173913043478277,hold,hold,0,0,
84,2025-02-06 15:15:00+00:00,8.88,8.88,7.12,7.24,69428.0,risk_rising,weak,risk_off,0.06349206349206356,reduce,hold,0,0,
85,2025-02-06 15:30:00+00:00,7.23,7.23,5.58,5.65,189228.0,risk_rising,weak,risk_off,0.020408163265306208,hold,hold,0,0,
86,2025-02-06 15:45:00+00:00,5.65,5.86,5.4,5.58,172285.0,risk_rising,weak,risk_off,0.04986149584487527,hold,hold,0,0,
87,2025-02-06 16:00:00+00:00,5.68,6.41,5.52,6.41,106978.0,risk_rising,weak,risk_off,0.27977839335180055,hold,hold,0,0,
88,2025-02-06 16:15:00+00:00,5.97,6.57,5.97,6.41,61262.0,risk_rising,weak,risk_off,0.27977839335180055,hold,hold,0,0,
89,2025-02-06 16:30:00+00:00,6.41,6.53,6.23,6.33,17051.0,risk_rising,weak,risk_off,0.25761772853185594,hold,hold,0,0,
90,2025-02-06 16:45:00+00:00,6.31,6.36,6.2,6.25,10756.0,risk_rising,weak,risk_off,0.2354570637119113,hold,hold,0,0,
91,2025-02-06 17:00:00+00:00,6.24,6.29,6.1,6.18,7628.0,risk_rising,weak,risk_off,0.21606648199445969,hold,hold,0,0,
92,2025-02-06 17:15:00+00:00,6.22,6.28,6.19,6.19,7358.0,risk_rising,weak,risk_off,0.21883656509695296,hold,hold,0,0,
93,2025-02-06 17:30:00+00:00,6.16,6.29,6.15,6.16,16255.0,risk_rising,weak,risk_off,0.21052631578947364,hold,hold,0,0,
94,2025-02-06 17:45:00+00:00,6.16,6.25,6.1,6.1,8155.0,risk_rising,weak,risk_off,0.19390581717451508,hold,hold,0,0,
95,2025-02-06 18:00:00+00:00,6.11,6.15,6.1,6.13,2514.0,range_accumulation,weak,risk_off,0.20221606648199436,avoid,avoid,0,0,
96,2025-02-06 18:15:00+00:00,6.13,6.15,6.11,6.15,4030.0,range_accumulation,weak,risk_off,0.20775623268698065,hold,hold,0,0,
97,2025-02-06 18:30:00+00:00,6.15,6.17,6.1,6.1,4206.0,risk_rising,weak,risk_off,0.19390581717451508,reduce,hold,0,0,
98,2025-02-06 18:45:00+00:00,6.12,6.16,6.11,6.15,4368.0,risk_rising,weak,risk_off,0.20775623268698065,hold,hold,0,0,
99,2025-02-06 19:00:00+00:00,6.15,6.2,6.11,6.14,5579.0,risk_rising,weak,risk_off,0.20498614958448738,hold,hold,0,0,
100,2025-02-06 19:15:00+00:00,6.14,6.19,6.13,6.13,5986.0,risk_rising,weak,risk_off,0.20221606648199436,hold,hold,0,0,
101,2025-02-06 19:30:00+00:00,6.13,6.18,6.03,6.08,15639.0,risk_rising,weak,risk_off,0.18836565096952904,hold,hold,0,0,
102,2025-02-06 19:45:00+00:00,6.08,6.1,6.07,6.08,2095.0,risk_rising,weak,risk_off,0.1954022988505746,hold,hold,0,0,
103,2025-02-06 20:00:00+00:00,6.07,6.13,6.06,6.1,12363.0,risk_rising,weak,risk_off,0.2011494252873561,hold,hold,0,0,
104,2025-02-06 20:15:00+00:00,6.1,6.1,6.02,6.05,5519.0,risk_rising,weak,risk_off,0.35519125683060077,hold,hold,0,0,
105,2025-02-06 20:30:00+00:00,6.01,6.05,5.85,5.9,25285.0,risk_rising,weak,risk_off,0.4273504273504274,hold,hold,0,0,
106,2025-02-06 20:45:00+00:00,5.9,5.9,5.81,5.81,17950.0,risk_rising,weak,risk_off,0.27619047619047604,hold,hold,0,0,
107,2025-02-06 21:00:00+00:00,5.81,5.84,5.69,5.75,37566.0,risk_rising,weak,risk_off,0.06818181818181775,hold,hold,0,0,
108,2025-02-07 14:30:00+00:00,6.11,6.15,6.0,6.08,13290.0,risk_rising,weak,neutral,0.46428571428571397,hold,hold,0,0,
109,2025-02-07 14:45:00+00:00,6.1,6.46,6.1,6.17,33858.0,range_neutral,weak,neutral,0.6233766233766231,hold,hold,0,0,
110,2025-02-07 15:00:00+00:00,6.17,6.24,6.15,6.2,11931.0,range_distribution,weak,neutral,0.6623376623376624,hold,hold,0,0,
111,2025-02-07 15:15:00+00:00,6.18,6.25,6.11,6.15,10244.0,range_neutral,weak,neutral,0.5974025974025977,hold,hold,0,0,
112,2025-02-07 15:30:00+00:00,6.18,6.39,6.15,6.32,15045.0,range_distribution,weak,neutral,0.8181818181818185,hold,hold,0,0,
113,2025-02-07 15:45:00+00:00,6.33,6.37,6.2,6.2,10063.0,range_distribution,weak,neutral,0.6623376623376624,hold,hold,0,0,
114,2025-02-07 16:00:00+00:00,6.2,6.27,6.2,6.24,5178.0,range_distribution,weak,neutral,0.7142857142857144,hold,hold,0,0,
115,2025-02-07 16:15:00+00:00,6.24,6.26,6.15,6.16,7238.0,pullback,weak,neutral,0.6103896103896104,buy,buy,200,200,6.16
116,2025-02-07 16:30:00+00:00,6.16,6.24,6.14,6.14,3272.0,pullback,weak,neutral,0.5844155844155838,hold,hold,0,200,
117,2025-02-07 16:45:00+00:00,6.15,6.24,6.12,6.23,3869.0,pullback,weak,neutral,0.7012987012987018,hold,hold,0,200,
118,2025-02-07 17:00:00+00:00,6.23,6.23,6.07,6.11,4566.0,pullback,weak,neutral,0.5454545454545456,hold,hold,0,200,
119,2025-02-07 17:15:00+00:00,6.09,6.15,6.07,6.07,1361.0,trend_late,weak,neutral,0.4935064935064936,hold,hold,0,200,
120,2025-02-07 17:30:00+00:00,6.07,6.15,6.07,6.14,160.0,trend_late,weak,neutral,0.5844155844155838,hold,hold,0,200,
121,2025-02-07 17:45:00+00:00,6.14,6.14,6.06,6.12,2114.0,trend_late,weak,neutral,0.5584415584415584,hold,hold,0,200,
122,2025-02-07 18:00:00+00:00,6.12,6.12,6.11,6.11,1000.0,trend_late,weak,neutral,0.5454545454545456,hold,hold,0,200,
123,2025-02-07 18:15:00+00:00,6.06,6.12,6.06,6.06,2499.0,trend_late,weak,neutral,0.4805194805194798,hold,hold,0,200,
124,2025-02-07 18:30:00+00:00,6.06,6.08,6.05,6.08,1301.0,trend_late,weak,neutral,0.5064935064935063,hold,hold,0,200,
125,2025-02-07 18:45:00+00:00,6.08,6.1,6.05,6.07,5397.0,trend_late,weak,neutral,0.4935064935064936,hold,hold,0,200,
126,2025-02-07 19:00:00+00:00,6.07,6.11,6.06,6.1,3113.0,risk_rising,weak,neutral,0.5324675324675318,hold,hold,0,200,
127,2025-02-07 19:15:00+00:00,6.05,6.06,6.05,6.06,3507.0,risk_rising,weak,neutral,0.13043478260869482,reduce,reduce,-200,0,6.06
128,2025-02-07 19:30:00+00:00,6.05,6.07,6.0,6.0,12064.0,risk_rising,weak,neutral,0.0,hold,hold,0,0,
129,2025-02-07 19:45:00+00:00,6.0,6.04,5.9,5.95,10248.0,risk_rising,weak,neutral,0.10204081632653039,hold,hold,0,0,
130,2025-02-07 20:00:00+00:00,5.93,6.05,5.9,5.9,6348.0,risk_rising,weak,neutral,0.0,hold,hold,0,0,
131,2025-02-07 20:15:00+00:00,5.9,5.97,5.9,5.94,1404.0,risk_rising,weak,neutral,0.08163265306122468,hold,hold,0,0,
132,2025-02-07 20:30:00+00:00,5.93,5.93,5.85,5.9,3808.0,risk_rising,weak,neutral,0.09615384615384744,hold,hold,0,0,
133,2025-02-07 20:45:00+00:00,5.9,5.92,5.87,5.9,5355.0,risk_rising,weak,neutral,0.11904761904762076,hold,hold,0,0,
134,2025-02-07 21:00:00+00:00,5.9,5.96,5.9,5.95,5800.0,risk_rising,weak,neutral,0.24390243902439146,hold,hold,0,0,
135,2025-02-10 14:30:00+00:00,6.42,6.42,6.2,6.2,11889.0,range_neutral,weak,risk_on,0.6140350877192988,hold,hold,0,0,
136,2025-02-10 14:45:00+00:00,6.2,6.3,6.01,6.1,23708.0,range_neutral,weak,risk_on,0.43859649122806993,hold,hold,0,0,
137,2025-02-10 15:00:00+00:00,6.13,6.18,6.05,6.09,5745.0,range_neutral,weak,risk_on,0.4210526315789475,hold,hold,0,0,
138,2025-02-10 15:15:00+00:00,6.09,6.09,6.0,6.02,2530.0,range_accumulation,weak,risk_on,0.2982456140350874,hold,hold,0,0,
139,2025-02-10 15:30:00+00:00,6.02,6.02,5.95,5.97,4169.0,range_accumulation,weak,risk_on,0.21052631578947376,hold,hold,0,0,
140,2025-02-10 15:45:00+00:00,5.97,5.99,5.97,5.99,800.0,range_accumulation,weak,risk_on,0.24561403508772017,hold,hold,0,0,
141,2025-02-10 16:00:00+00:00,5.99,5.99,5.79,5.79,7052.0,risk_rising,weak,risk_on,0.0,hold,hold,0,0,
142,2025-02-10 16:15:00+00:00,5.79,5.98,5.79,5.98,10351.0,range_accumulation,weak,risk_on,0.30158730158730224,hold,hold,0,0,
143,2025-02-10 16:30:00+00:00,5.98,6.06,5.91,6.0,6850.0,pullback,weak,risk_on,0.3333333333333333,buy,buy,200,200,6.0
144,2025-02-10 16:45:00+00:00,6.0,6.1,5.97,6.03,8142.0,pullback,weak,risk_on,0.3809523809523814,hold,hold,0,200,
145,2025-02-10 17:00:00+00:00,6.03,6.09,6.02,6.03,1131.0,trend_late,weak,risk_on,0.3809523809523814,hold,hold,0,200,
146,2025-02-10 17:15:00+00:00,6.03,6.05,5.92,5.92,3605.0,risk_rising,weak,risk_on,0.20634920634920623,hold,hold,0,200,
147,2025-02-10 17:30:00+00:00,5.92,6.07,5.92,5.99,2213.0,risk_rising,weak,risk_on,0.3174603174603178,hold,hold,0,200,
148,2025-02-10 17:45:00+00:00,5.99,6.09,5.99,6.06,1867.0,range_neutral,weak,risk_on,0.428571428571428,hold,hold,0,200,
149,2025-02-10 18:00:00+00:00,6.06,6.09,6.06,6.09,575.0,range_neutral,weak,risk_on,0.476190476190476,hold,hold,0,200,
150,2025-02-10 18:15:00+00:00,6.09,6.19,6.08,6.14,5686.0,range_neutral,weak,risk_on,0.5555555555555551,hold,hold,0,200,
151,2025-02-10 18:30:00+00:00,6.14,6.21,6.12,6.21,3834.0,pullback,weak,risk_on,0.6666666666666666,hold,hold,0,200,
152,2025-02-10 18:45:00+00:00,6.21,6.22,6.12,6.22,2449.0,pullback,weak,risk_on,0.6825396825396822,hold,hold,0,200,
153,2025-02-10 19:00:00+00:00,6.22,6.22,6.13,6.22,499.0,pullback,weak,risk_on,0.6825396825396822,hold,hold,0,200,
154,2025-02-10 19:15:00+00:00,6.22,6.23,6.13,6.17,3921.0,pullback,weak,risk_on,0.6031746031746031,hold,hold,0,200,
155,2025-02-10 19:30:00+00:00,6.17,6.35,6.17,6.35,5760.0,pullback,weak,risk_on,1.0,hold,hold,0,200,
156,2025-02-10 19:45:00+00:00,6.35,6.35,6.26,6.26,100.0,pullback,weak,risk_on,0.8392857142857144,hold,hold,0,200,
157,2025-02-10 20:00:00+00:00,6.26,6.36,6.26,6.28,3146.0,pullback,weak,risk_on,0.8596491228070174,hold,hold,0,200,
158,2025-02-10 20:15:00+00:00,6.28,6.33,6.28,6.3,1224.0,pullback,weak,risk_on,0.8947368421052624,hold,hold,0,200,
159,2025-02-10 20:30:00+00:00,6.3,6.39,6.3,6.38,1858.0,pullback,weak,risk_on,0.9833333333333337,hold,hold,0,200,
160,2025-02-10 20:45:00+00:00,6.37,6.4,6.34,6.39,785.0,pullback,weak,risk_on,0.983606557377048,hold,hold,0,200,
161,2025-02-10 21:00:00+00:00,6.39,6.4,6.3,6.4,4953.0,pullback,weak,risk_on,1.0,hold,hold,0,200,
162,2025-02-11 14:30:00+00:00,6.26,6.35,6.21,6.21,2071.0,trend_late,weak,neutral,0.612244897959183,reduce,reduce,-200,0,6.21
163,2025-02-11 14:45:00+00:00,6.17,6.17,6.01,6.07,7645.0,trend_late,weak,neutral,0.31250000000000044,hold,hold,0,0,
164,2025-02-11 15:00:00+00:00,6.07,6.07,5.86,5.92,7100.0,trend_late,weak,neutral,0.11111111111111038,hold,hold,0,0,
165,2025-02-11 15:15:00+00:00,5.91,5.91,5.76,5.78,19215.0,trend_late,weak,neutral,0.031250000000000694,hold,hold,0,0,
166,2025-02-11 15:30:00+00:00,5.77,5.85,5.75,5.75,9517.0,risk_rising,weak,neutral,0.0,hold,hold,0,0,
167,2025-02-11 15:45:00+00:00,5.78,5.85,5.7,5.75,13645.0,risk_rising,weak,neutral,0.07142857142857116,hold,hold,0,0,
168,2025-02-11 16:00:00+00:00,5.75,5.84,5.75,5.8,8096.0,risk_rising,weak,neutral,0.14285714285714232,hold,hold,0,0,
169,2025-02-11 16:15:00+00:00,5.87,5.87,5.75,5.8,4534.0,risk_rising,weak,neutral,0.14285714285714232,hold,hold,0,0,
170,2025-02-11 16:30:00+00:00,5.75,5.78,5.75,5.75,3073.0,risk_rising,weak,neutral,0.07142857142857116,hold,hold,0,0,
171,2025-02-11 16:45:00+00:00,5.75,5.76,5.7,5.7,2474.0,risk_rising,weak,neutral,0.0,hold,hold,0,0,
172,2025-02-11 17:00:00+00:00,5.7,5.78,5.7,5.7,7005.0,risk_rising,weak,neutral,0.0,hold,hold,0,0,
173,2025-02-11 17:15:00+00:00,5.7,5.71,5.63,5.66,35700.0,risk_rising,weak,neutral,0.03896103896103926,hold,hold,0,0,
174,2025-02-11 17:30:00+00:00,5.63,5.69,5.6,5.69,3304.0,risk_rising,weak,neutral,0.11250000000000084,hold,hold,0,0,
175,2025-02-11 17:45:00+00:00,5.71,5.72,5.71,5.72,1200.0,risk_rising,weak,neutral,0.15,hold,hold,0,0,
176,2025-02-11 18:00:00+00:00,5.63,5.75,5.62,5.71,4154.0,risk_rising,weak,neutral,0.1375000000000003,hold,hold,0,0,
177,2025-02-11 18:15:00+00:00,5.71,5.71,5.67,5.7,3243.0,risk_rising,weak,neutral,0.12500000000000056,hold,hold,0,0,
178,2025-02-11 18:30:00+00:00,5.7,5.7,5.66,5.67,6259.0,risk_rising,weak,neutral,0.08750000000000027,hold,hold,0,0,
179,2025-02-11 18:45:00+00:00,5.67,5.69,5.66,5.69,5761.0,risk_rising,weak,neutral,0.11250000000000084,hold,hold,0,0,
180,2025-02-11 19:00:00+00:00,5.69,5.72,5.66,5.7,8944.0,risk_rising,weak,neutral,0.12500000000000056,hold,hold,0,0,
181,2025-02-11 19:15:00+00:00,5.7,5.74,5.62,5.65,4821.0,risk_rising,weak,neutral,0.06666666666666761,hold,hold,0,0,
182,2025-02-11 19:30:00+00:00,5.63,5.65,5.56,5.58,13921.0,risk_rising,weak,neutral,0.03278688524590238,hold,hold,0,0,
183,2025-02-11 19:45:00+00:00,5.58,5.69,5.57,5.65,7080.0,risk_rising,weak,neutral,0.17647058823529535,hold,hold,0,0,
184,2025-02-11 20:00:00+00:00,5.65,5.65,5.6,5.62,5857.0,risk_rising,weak,neutral,0.1714285714285726,hold,hold,0,0,
185,2025-02-11 20:15:00+00:00,5.62,5.82,5.57,5.73,23458.0,range_neutral,weak,neutral,0.5483870967741953,hold,hold,0,0,
186,2025-02-11 20:30:00+00:00,5.71,5.77,5.69,5.76,17112.0,range_neutral,weak,neutral,0.6451612903225802,hold,hold,0,0,
187,2025-02-11 20:45:00+00:00,5.76,5.76,5.69,5.69,9786.0,risk_rising,weak,neutral,0.41935483870967927,hold,hold,0,0,
188,2025-02-11 21:00:00+00:00,5.69,5.69,5.54,5.54,29408.0,risk_rising,weak,neutral,0.0,hold,hold,0,0,
189,2025-02-12 14:30:00+00:00,5.71,5.71,5.71,5.71,960.0,range_neutral,weak,neutral,0.6071428571428563,hold,hold,0,0,
190,2025-02-12 14:45:00+00:00,5.68,5.68,5.6,5.6,7325.0,risk_rising,weak,neutral,0.2142857142857127,hold,hold,0,0,
191,2025-02-12 15:00:00+00:00,5.6,5.61,5.6,5.61,9782.0,risk_rising,weak,neutral,0.2500000000000008,hold,hold,0,0,
192,2025-02-12 15:15:00+00:00,5.61,5.61,5.4,5.51,35742.0,risk_rising,weak,neutral,0.2619047619047606,hold,hold,0,0,
193,2025-02-12 15:30:00+00:00,5.51,5.51,5.4,5.42,11930.0,risk_rising,weak,neutral,0.04761904761904661,hold,hold,0,0,
194,2025-02-12 15:45:00+00:00,5.4,5.41,5.26,5.26,12426.0,risk_rising,weak,neutral,0.0,hold,hold,0,0,
195,2025-02-12 16:00:00+00:00,5.26,5.27,5.13,5.14,11189.0,risk_rising,weak,neutral,0.014492753623188089,hold,hold,0,0,
196,2025-02-12 16:15:00+00:00,5.14,5.19,5.08,5.1,16883.0,risk_rising,weak,neutral,0.027027027027026442,hold,hold,0,0,
197,2025-02-12 16:30:00+00:00,5.1,5.1,5.0,5.01,12665.0,risk_rising,weak,neutral,0.012195121951219247,hold,hold,0,0,
198,2025-02-12 16:45:00+00:00,5.01,5.09,5.01,5.03,12196.0,risk_rising,weak,neutral,0.036585365853658826,hold,hold,0,0,
199,2025-02-12 17:00:00+00:00,5.04,5.11,5.01,5.08,8930.0,risk_rising,weak,neutral,0.09756097560975616,hold,hold,0,0,
200,2025-02-12 17:15:00+00:00,5.1,5.12,5.06,5.06,7200.0,risk_rising,weak,neutral,0.07317073170731657,hold,hold,0,0,
201,2025-02-12 17:30:00+00:00,5.06,5.08,5.02,5.03,14547.0,risk_rising,weak,neutral,0.036585365853658826,hold,hold,0,0,
202,2025-02-12 17:45:00+00:00,5.02,5.05,5.02,5.05,9328.0,risk_rising,weak,neutral,0.060975609756097324,hold,hold,0,0,
203,2025-02-12 18:00:00+00:00,5.04,5.24,5.03,5.05,13554.0,risk_rising,weak,neutral,0.060975609756097324,hold,hold,0,0,
204,2025-02-12 18:15:00+00:00,5.05,5.13,5.04,5.04,10844.0,risk_rising,weak,neutral,0.04878048780487808,hold,hold,0,0,
205,2025-02-12 18:30:00+00:00,5.04,5.05,5.01,5.01,22221.0,risk_rising,weak,neutral,0.012987012987012717,hold,hold,0,0,
206,2025-02-12 18:45:00+00:00,5.03,5.09,5.01,5.05,15982.0,risk_rising,weak,neutral,0.06578947368421031,hold,hold,0,0,
207,2025-02-12 19:00:00+00:00,5.05,5.05,5.01,5.04,8408.0,range_accumulation,weak,neutral,0.056338028169014134,hold,hold,0,0,
208,2025-02-12 19:15:00+00:00,5.04,5.06,5.03,5.04,5433.0,range_accumulation,weak,neutral,0.056338028169014134,hold,hold,0,0,
209,2025-02-12 19:30:00+00:00,5.04,5.06,5.03,5.05,14419.0,risk_rising,weak,neutral,0.07352941176470565,hold,hold,0,0,
210,2025-02-12 19:45:00+00:00,5.06,5.1,5.05,5.08,11942.0,range_accumulation,weak,neutral,0.1311475409836066,hold,hold,0,0,
211,2025-02-12 20:00:00+00:00,5.08,5.11,5.07,5.09,5482.0,range_accumulation,weak,neutral,0.14754098360655707,hold,hold,0,0,
212,2025-02-12 20:15:00+00:00,5.09,5.11,5.08,5.1,4120.0,range_accumulation,weak,neutral,0.1960784313725484,hold,hold,0,0,
213,2025-02-12 20:30:00+00:00,5.1,5.12,5.05,5.05,8572.0,range_accumulation,weak,neutral,0.12195121951219465,hold,hold,0,0,
214,2025-02-12 20:45:00+00:00,5.05,5.13,5.03,5.11,17496.0,pullback,weak,neutral,0.4074074074074092,buy,buy,200,200,5.11
215,2025-02-12 21:00:00+00:00,5.11,5.16,5.1,5.16,11814.0,pullback,weak,neutral,0.6666666666666666,hold,hold,0,200,
216,2025-02-13 14:30:00+00:00,5.2,5.2,5.2,5.2,804.0,pullback,weak,risk_on,0.8333333333333334,hold,hold,0,200,
217,2025-02-13 14:45:00+00:00,5.2,5.25,4.71,4.75,29291.0,trend_late,weak,risk_on,0.07407407407407414,reduce,reduce,-200,0,4.75
218,2025-02-13 15:00:00+00:00,4.79,4.8,4.67,4.67,22367.0,risk_rising,weak,risk_on,0.0,hold,hold,0,0,
219,2025-02-13 15:15:00+00:00,4.68,4.73,4.62,4.65,16347.0,risk_rising,weak,risk_on,0.04761904761904802,hold,hold,0,0,
220,2025-02-13 15:30:00+00:00,4.65,4.85,4.6,4.85,26633.0,risk_rising,weak,risk_on,0.3846153846153844,hold,hold,0,0,
221,2025-02-13 15:45:00+00:00,4.82,4.86,4.74,4.75,13577.0,risk_rising,weak,risk_on,0.2307692307692312,hold,hold,0,0,
222,2025-02-13 16:00:00+00:00,4.75,4.8,4.68,4.7,9035.0,risk_rising,weak,risk_on,0.15384615384615458,hold,hold,0,0,
223,2025-02-13 16:15:00+00:00,4.68,4.79,4.63,4.74,9190.0,risk_rising,weak,risk_on,0.21538461538461615,hold,hold,0,0,
224,2025-02-13 16:30:00+00:00,4.66,4.71,4.55,4.6,25039.0,risk_rising,weak,risk_on,0.07142857142857116,hold,hold,0,0,
225,2025-02-13 16:45:00+00:00,4.6,4.63,4.52,4.55,9304.0,risk_rising,weak,risk_on,0.04109589041095922,hold,hold,0,0,
226,2025-02-13 17:00:00+00:00,4.55,4.61,4.51,4.53,10355.0,risk_rising,weak,risk_on,0.027027027027027643,hold,hold,0,0,
227,2025-02-13 17:15:00+00:00,4.52,4.6,4.5,4.5,13753.0,risk_rising,weak,risk_on,0.0,hold,hold,0,0,
228,2025-02-13 17:30:00+00:00,4.5,4.51,4.45,4.45,9391.0,risk_rising,weak,risk_on,0.0,hold,hold,0,0,
229,2025-02-13 17:45:00+00:00,4.43,4.49,4.38,4.42,21708.0,risk_rising,weak,risk_on,0.04597701149425291,hold,hold,0,0,
230,2025-02-13 18:00:00+00:00,4.41,4.47,4.4,4.4,8934.0,risk_rising,weak,risk_on,0.022988505747126964,hold,hold,0,0,
231,2025-02-13 18:15:00+00:00,4.41,4.42,4.4,4.4,27627.0,risk_rising,weak,risk_on,0.022988505747126964,hold,hold,0,0,
232,2025-02-13 18:30:00+00:00,4.4,4.4,4.33,4.33,5922.0,risk_rising,weak,risk_on,0.0,hold,hold,0,0,
233,2025-02-13 18:45:00+00:00,4.31,4.37,4.25,4.3,19047.0,risk_rising,weak,risk_on,0.04999999999999982,hold,hold,0,0,
234,2025-02-13 19:00:00+00:00,4.35,4.35,4.15,4.15,7473.0,risk_rising,weak,risk_on,0.0,hold,hold,0,0,
235,2025-02-13 19:15:00+00:00,4.25,4.25,4.13,4.14,12891.0,risk_rising,weak,risk_on,0.008928571428571237,hold,hold,0,0,
236,2025-02-13 19:30:00+00:00,4.14,4.26,4.13,4.14,5112.0,risk_rising,weak,risk_on,0.008928571428571237,hold,hold,0,0,
237,2025-02-13 19:45:00+00:00,4.13,4.18,4.06,4.15,18901.0,risk_rising,weak,risk_on,0.11250000000000084,hold,hold,0,0,
238,2025-02-13 20:00:00+00:00,4.15,4.18,4.09,4.1,6281.0,risk_rising,weak,risk_on,0.05,hold,hold,0,0,
239,2025-02-13 20:15:00+00:00,4.1,4.37,4.08,4.37,19819.0,risk_rising,weak,risk_on,0.3875000000000003,hold,hold,0,0,
240,2025-02-13 20:30:00+00:00,4.36,4.46,4.32,4.43,18926.0,range_neutral,weak,risk_on,0.46249999999999974,hold,hold,0,0,
241,2025-02-13 20:45:00+00:00,4.43,4.65,4.43,4.58,17638.0,range_distribution,weak,risk_on,0.7027027027027031,hold,hold,0,0,
242,2025-02-13 21:00:00+00:00,4.58,4.65,4.5,4.6,27742.0,range_distribution,weak,risk_on,0.7397260273972599,hold,hold,0,0,
243,2025-02-14 14:30:00+00:00,4.59,4.59,4.51,4.51,6105.0,range_distribution,weak,neutral,0.6923076923076922,hold,hold,0,0,
244,2025-02-14 14:45:00+00:00,4.53,4.54,4.1,4.14,39133.0,risk_rising,weak,neutral,0.135593220338983,hold,hold,0,0,
245,2025-02-14 15:00:00+00:00,4.15,4.24,4.05,4.07,36670.0,risk_rising,weak,neutral,0.033333333333334075,hold,hold,0,0,
246,2025-02-14 15:15:00+00:00,4.07,4.07,3.93,3.97,52264.0,risk_rising,weak,neutral,0.05555555555555559,hold,hold,0,0,
247,2025-02-14 15:30:00+00:00,3.96,4.0,3.9,3.9,41255.0,risk_rising,weak,neutral,0.0,hold,hold,0,0,
248,2025-02-14 15:45:00+00:00,3.91,3.91,3.75,3.76,69721.0,risk_rising,weak,neutral,0.01111111111111087,hold,hold,0,0,
249,2025-02-14 16:00:00+00:00,3.77,3.8,3.74,3.77,25719.0,risk_rising,weak,neutral,0.032967032967032746,hold,hold,0,0,
250,2025-02-14 16:15:00+00:00,3.77,3.8,3.74,3.76,16921.0,risk_rising,weak,neutral,0.021978021978021504,hold,hold,0,0,
251,2025-02-14 16:30:00+00:00,3.75,3.76,3.64,3.68,24906.0,risk_rising,weak,neutral,0.03960396039603963,hold,hold,0,0,
252,2025-02-14 16:45:00+00:00,3.68,3.73,3.66,3.67,19297.0,risk_rising,weak,neutral,0.029702970297029504,hold,hold,0,0,
253,2025-02-14 17:00:00+00:00,3.67,3.73,3.56,3.7,46002.0,risk_rising,weak,neutral,0.12844036697247715,hold,hold,0,0,
254,2025-02-14 17:15:00+00:00,3.7,3.73,3.63,3.7,10720.0,risk_rising,weak,neutral,0.12844036697247715,hold,hold,0,0,
255,2025-02-14 17:30:00+00:00,3.7,3.73,3.56,3.61,29847.0,risk_rising,weak,neutral,0.045871559633027345,hold,hold,0,0,
256,2025-02-14 17:45:00+00:00,3.64,3.77,3.64,3.73,25397.0,risk_rising,weak,neutral,0.15596330275229348,hold,hold,0,0,
257,2025-02-14 18:00:00+00:00,3.76,3.8,3.69,3.7,32201.0,risk_rising,weak,neutral,0.12844036697247715,hold,hold,0,0,
258,2025-02-14 18:15:00+00:00,3.7,3.75,3.64,3.72,25326.0,risk_rising,weak,neutral,0.14678899082568816,hold,hold,0,0,
259,2025-02-14 18:30:00+00:00,3.71,3.75,3.62,3.73,15223.0,risk_rising,weak,neutral,0.15596330275229348,hold,hold,0,0,
260,2025-02-14 18:45:00+00:00,3.73,3.74,3.68,3.7,20340.0,risk_rising,weak,neutral,0.12844036697247715,hold,hold,0,0,
261,2025-02-14 19:00:00+00:00,3.72,3.83,3.68,3.78,30386.0,range_accumulation,weak,neutral,0.2018348623853208,hold,hold,0,0,
262,2025-02-14 19:15:00+00:00,3.74,3.83,3.74,3.81,12933.0,range_accumulation,weak,neutral,0.2427184466019418,hold,hold,0,0,
263,2025-02-14 19:30:00+00:00,3.81,3.81,3.75,3.77,18131.0,range_accumulation,weak,neutral,0.21428571428571425,hold,hold,0,0,
264,2025-02-14 19:45:00+00:00,3.77,3.83,3.76,3.83,15726.0,range_neutral,weak,neutral,0.3970588235294117,hold,hold,0,0,
265,2025-02-14 20:00:00+00:00,3.82,3.84,3.75,3.76,20334.0,pullback,weak,neutral,0.3921568627450973,buy,buy,200,200,3.76
266,2025-02-14 20:15:00+00:00,3.77,3.9,3.73,3.86,32950.0,pullback,weak,neutral,0.6818181818181815,hold,hold,0,200,
267,2025-02-14 20:30:00+00:00,3.89,3.92,3.78,3.83,41907.0,pullback,weak,neutral,0.7500000000000003,hold,hold,0,200,
268,2025-02-14 20:45:00+00:00,3.83,3.84,3.72,3.74,13204.0,pullback,weak,neutral,0.5000000000000007,hold,hold,0,200,
269,2025-02-14 21:00:00+00:00,3.74,3.81,3.71,3.72,37180.0,trend_late,weak,neutral,0.444444444444445,hold,hold,0,200,
270,2025-02-18 14:30:00+00:00,3.81,3.81,3.77,3.78,12665.0,pullback,weak,risk_on,0.6111111111111106,hold,hold,0,200,
271,2025-02-18 14:45:00+00:00,3.78,3.78,3.14,3.33,112547.0,trend_late,weak,risk_on,0.24358974358974358,reduce,reduce,-200,0,3.33
272,2025-02-18 15:00:00+00:00,3.3,3.33,3.25,3.27,68562.0,risk_rising,weak,risk_on,0.16666666666666657,hold,hold,0,0,
273,2025-02-18 15:15:00+00:00,3.27,3.29,3.22,3.23,40584.0,risk_rising,weak,risk_on,0.11538461538461522,hold,hold,0,0,
274,2025-02-18 15:30:00+00:00,3.25,3.26,3.13,3.13,42085.0,risk_rising,weak,risk_on,0.0,hold,hold,0,0,
275,2025-02-18 15:45:00+00:00,3.14,3.19,3.02,3.1,57778.0,risk_rising,weak,risk_on,0.08888888888888898,hold,hold,0,0,
276,2025-02-18 16:00:00+00:00,3.08,3.12,3.06,3.08,23890.0,risk_rising,weak,risk_on,0.06666666666666674,hold,hold,0,0,
277,2025-02-18 16:15:00+00:00,3.08,3.12,3.05,3.1,29018.0,risk_rising,weak,risk_on,0.08888888888888898,hold,hold,0,0,
278,2025-02-18 16:30:00+00:00,3.1,3.1,2.95,2.96,64934.0,risk_rising,weak,risk_on,0.010309278350515247,hold,hold,0,0,
279,2025-02-18 16:45:00+00:00,2.96,2.97,2.91,2.97,28569.0,risk_rising,weak,risk_on,0.05940594059405947,hold,hold,0,0,
280,2025-02-18 17:00:00+00:00,2.97,2.97,2.92,2.97,53548.0,risk_rising,weak,risk_on,0.05940594059405947,hold,hold,0,0,
281,2025-02-18 17:15:00+00:00,2.96,3.05,2.96,2.97,32315.0,risk_rising,weak,risk_on,0.05940594059405947,hold,hold,0,0,
282,2025-02-18 17:30:00+00:00,2.97,2.98,2.93,2.94,25910.0,risk_rising,weak,risk_on,0.029702970297029514,hold,hold,0,0,
283,2025-02-18 17:45:00+00:00,2.94,2.95,2.79,2.87,83229.0,risk_rising,weak,risk_on,0.07079646017699122,hold,hold,0,0,
284,2025-02-18 18:00:00+00:00,2.87,2.9,2.78,2.83,57058.0,risk_rising,weak,risk_on,0.043859649122807244,hold,hold,0,0,
285,2025-02-18 18:15:00+00:00,2.83,2.87,2.83,2.87,18472.0,risk_rising,weak,risk_on,0.07894736842105289,hold,hold,0,0,
286,2025-02-18 18:30:00+00:00,2.87,2.92,2.85,2.89,22838.0,risk_rising,weak,risk_on,0.09649122807017571,hold,hold,0,0,
287,2025-02-18 18:45:00+00:00,2.89,2.9,2.81,2.82,44542.0,risk_rising,weak,risk_on,0.03773584905660381,hold,hold,0,0,
288,2025-02-18 19:00:00+00:00,2.82,2.83,2.78,2.81,37526.0,risk_rising,weak,risk_on,0.029126213592233243,hold,hold,0,0,
289,2025-02-18 19:15:00+00:00,2.81,2.81,2.68,2.71,39571.0,risk_rising,weak,risk_on,0.02654867256637151,hold,hold,0,0,
290,2025-02-18 19:30:00+00:00,2.7,2.71,2.66,2.66,38900.0,risk_rising,weak,risk_on,0.0,hold,hold,0,0,
291,2025-02-18 19:45:00+00:00,2.66,2.77,2.66,2.74,51820.0,risk_rising,weak,risk_on,0.11940298507462699,hold,hold,0,0,
292,2025-02-18 20:00:00+00:00,2.74,2.74,2.65,2.66,22273.0,risk_rising,weak,risk_on,0.015625000000000357,hold,hold,0,0,
293,2025-02-18 20:15:00+00:00,2.66,2.69,2.6,2.69,42418.0,risk_rising,weak,risk_on,0.13636363636363621,hold,hold,0,0,
294,2025-02-18 20:30:00+00:00,2.69,2.69,2.63,2.64,21615.0,risk_rising,weak,risk_on,0.06779661016949161,hold,hold,0,0,
295,2025-02-18 20:45:00+00:00,2.65,2.73,2.63,2.63,33281.0,risk_rising,weak,risk_on,0.057692307692307314,hold,hold,0,0,
296,2025-02-18 21:00:00+00:00,2.63,2.78,2.6,2.78,60213.0,risk_rising,weak,risk_on,0.3461538461538456,hold,hold,0,0,
297,2025-02-19 14:30:00+00:00,2.7,2.8,2.7,2.76,13475.0,risk_rising,weak,risk_on,0.3199999999999994,hold,hold,0,0,
298,2025-02-19 14:45:00+00:00,2.79,2.8,2.6,2.62,39669.0,risk_rising,weak,risk_on,0.04444444444444451,hold,hold,0,0,
299,2025-02-19 15:00:00+00:00,2.62,2.75,2.61,2.72,26925.0,range_accumulation,weak,risk_on,0.26666666666666705,hold,hold,0,0,
300,2025-02-19 15:15:00+00:00,2.73,2.77,2.71,2.72,23518.0,range_accumulation,weak,risk_on,0.26666666666666705,hold,hold,0,0,
301,2025-02-19 15:30:00+00:00,2.71,2.74,2.67,2.69,17742.0,risk_rising,weak,risk_on,0.23684210526315758,hold,hold,0,0,
302,2025-02-19 15:45:00+00:00,2.7,2.7,2.66,2.67,20165.0,range_accumulation,weak,risk_on,0.19999999999999948,hold,hold,0,0,
303,2025-02-19 16:00:00+00:00,2.67,2.69,2.59,2.61,74330.0,risk_rising,weak,risk_on,0.06060606060606065,hold,hold,0,0,
304,2025-02-19 16:15:00+00:00,2.61,2.61,2.59,2.6,39346.0,risk_rising,weak,risk_on,0.030303030303030998,hold,hold,0,0,
305,2025-02-19 16:30:00+00:00,2.6,2.6,2.55,2.58,29131.0,risk_rising,weak,risk_on,0.08108108108108172,hold,hold,0,0,
306,2025-02-19 16:45:00+00:00,2.58,2.62,2.54,2.58,18714.0,risk_rising,weak,risk_on,0.11111111111111124,hold,hold,0,0,
307,2025-02-19 17:00:00+00:00,2.57,2.64,2.52,2.57,32722.0,risk_rising,weak,risk_on,0.16129032258064457,hold,hold,0,0,
308,2025-02-19 17:15:00+00:00,2.57,2.6,2.53,2.58,30376.0,risk_rising,weak,risk_on,0.2068965517241381,hold,hold,0,0,
309,2025-02-19 17:30:00+00:00,2.54,2.57,2.54,2.55,8994.0,risk_rising,weak,risk_on,0.10714285714285653,hold,hold,0,0,
310,2025-02-19 17:45:00+00:00,2.55,2.56,2.5,2.51,23389.0,risk_rising,weak,risk_on,0.033333333333332646,hold,hold,0,0,
311,2025-02-19 18:00:00+00:00,2.51,2.6,2.5,2.57,50484.0,risk_rising,weak,risk_on,0.23333333333333295,hold,hold,0,0,
312,2025-02-19 18:15:00+00:00,2.57,2.65,2.57,2.64,25924.0,risk_rising,weak,risk_on,0.46666666666666734,hold,hold,0,0,
313,2025-02-19 18:30:00+00:00,2.64,2.79,2.62,2.7,111802.0,range_distribution,weak,risk_on,0.6666666666666676,hold,hold,0,0,
314,2025-02-19 18:45:00+00:00,2.71,2.89,2.71,2.88,129969.0,range_distribution,weak,risk_on,0.9743589743589738,hold,hold,0,0,
315,2025-02-19 19:00:00+00:00,2.89,3.0,2.8,2.91,118469.0,range_distribution,weak,risk_on,0.8200000000000003,hold,hold,0,0,
316,2025-02-19 19:15:00+00:00,2.89,3.21,2.89,3.06,174939.0,pullback,weak,risk_on,0.7887323943661972,buy,buy,200,200,3.06
317,2025-02-19 19:30:00+00:00,3.14,3.35,3.02,3.28,167758.0,pullback,weak,risk_on,0.917647058823529,hold,hold,0,200,
318,2025-02-19 19:45:00+00:00,3.3,3.3,3.1,3.22,45032.0,pullback,weak,risk_on,0.8470588235294119,hold,hold,0,200,
319,2025-02-19 20:00:00+00:00,3.21,3.41,3.19,3.39,52022.0,pullback,weak,risk_on,0.978021978021978,hold,hold,0,200,
320,2025-02-19 20:15:00+00:00,3.38,3.45,3.21,3.29,73261.0,pullback,weak,risk_on,0.831578947368421,hold,hold,0,200,
321,2025-02-19 20:30:00+00:00,3.34,3.45,3.31,3.41,66234.0,pullback,weak,risk_on,0.9578947368421052,hold,hold,0,200,
322,2025-02-19 20:45:00+00:00,3.41,3.43,3.32,3.32,48320.0,pullback,weak,risk_on,0.8631578947368418,hold,hold,0,200,
323,2025-02-19 21:00:00+00:00,3.32,3.46,3.27,3.43,55797.0,pullback,weak,risk_on,0.9687500000000002,hold,hold,0,200,
324,2025-02-20 14:30:00+00:00,3.45,3.62,3.45,3.62,21043.0,pullback,weak,neutral,1.0,hold,hold,0,200,
325,2025-02-20 14:45:00+00:00,3.6,3.99,3.3,3.63,143096.0,pullback,weak,neutral,0.7583892617449662,hold,hold,0,200,
326,2025-02-20 15:00:00+00:00,3.71,3.77,3.35,3.42,154407.0,pullback,weak,neutral,0.6174496644295301,hold,hold,0,200,
327,2025-02-20 15:15:00+00:00,3.44,3.57,3.37,3.5,54882.0,pullback,weak,neutral,0.6711409395973154,hold,hold,0,200,
328,2025-02-20 15:30:00+00:00,3.55,3.69,3.47,3.53,23925.0,pullback,weak,neutral,0.6912751677852347,hold,hold,0,200,
329,2025-02-20 15:45:00+00:00,3.53,3.64,3.47,3.55,15518.0,pullback,weak,neutral,0.704697986577181,hold,hold,0,200,
330,2025-02-20 16:00:00+00:00,3.55,3.62,3.5,3.53,19479.0,pullback,weak,neutral,0.6912751677852347,hold,hold,0,200,
331,2025-02-20 16:15:00+00:00,3.53,3.54,3.45,3.45,31033.0,pullback,weak,neutral,0.619718309859155,hold,hold,0,200,
332,2025-02-20 16:30:00+00:00,3.43,3.49,3.24,3.24,43545.0,trend_late,weak,neutral,0.4525547445255475,reduce,reduce,-200,0,3.24
333,2025-02-20 16:45:00+00:00,3.22,3.22,3.13,3.19,16398.0,trend_late,weak,neutral,0.3749999999999999,hold,hold,0,0,
334,2025-02-20 17:00:00+00:00,3.23,3.25,3.09,3.09,19618.0,trend_late,weak,neutral,0.24369747899159658,hold,hold,0,0,
335,2025-02-20 17:15:00+00:00,3.09,3.09,3.02,3.03,24520.0,risk_rising,weak,neutral,0.12727272727272698,hold,hold,0,0,
336,2025-02-20 17:30:00+00:00,3.02,3.15,2.9,3.14,73628.0,risk_rising,weak,neutral,0.22018348623853223,hold,hold,0,0,
337,2025-02-20 17:45:00+00:00,3.14,3.16,3.08,3.14,21365.0,risk_rising,weak,neutral,0.22018348623853223,hold,hold,0,0,
338,2025-02-20 18:00:00+00:00,3.16,3.2,3.09,3.15,19810.0,risk_rising,weak,neutral,0.22935779816513754,hold,hold,0,0,
339,2025-02-20 18:15:00+00:00,3.14,3.25,3.13,3.24,20205.0,risk_rising,weak,neutral,0.31192660550458734,hold,hold,0,0,
340,2025-02-20 18:30:00+00:00,3.23,3.25,3.12,3.12,18370.0,risk_rising,weak,neutral,0.20183486238532122,hold,hold,0,0,
341,2025-02-20 18:45:00+00:00,3.12,3.22,3.08,3.22,34713.0,risk_rising,weak,neutral,0.29357798165137633,hold,hold,0,0,
342,2025-02-20 19:00:00+00:00,3.21,3.21,3.1,3.15,16344.0,risk_rising,weak,neutral,0.22935779816513754,hold,hold,0,0,
343,2025-02-20 19:15:00+00:00,3.15,3.19,3.09,3.1,19635.0,risk_rising,weak,neutral,0.1834862385321102,hold,hold,0,0,
344,2025-02-20 19:30:00+00:00,3.09,3.09,3.06,3.06,18841.0,risk_rising,weak,neutral,0.14678899082568816,hold,hold,0,0,
345,2025-02-20 19:45:00+00:00,3.06,3.08,3.03,3.03,14551.0,range_accumulation,weak,neutral,0.1494252873563217,hold,hold,0,0,
346,2025-02-20 20:00:00+00:00,3.03,3.03,3.01,3.01,10901.0,risk_rising,weak,neutral,0.13924050632911375,hold,hold,0,0,
347,2025-02-20 20:15:00+00:00,3.02,3.02,2.95,3.0,15942.0,risk_rising,weak,neutral,0.12658227848101278,hold,hold,0,0,
348,2025-02-20 20:30:00+00:00,2.99,2.99,2.91,2.99,41852.0,risk_rising,weak,neutral,0.12162162162162199,hold,hold,0,0,
349,2025-02-20 20:45:00+00:00,2.98,3.0,2.94,3.0,16650.0,risk_rising,weak,neutral,0.13888888888888898,hold,hold,0,0,
350,2025-02-20 21:00:00+00:00,3.0,3.05,2.97,3.02,30411.0,risk_rising,weak,neutral,0.18750000000000014,hold,hold,0,0,
351,2025-02-21 14:30:00+00:00,3.17,3.24,3.15,3.15,12508.0,risk_rising,weak,risk_off,0.4237288135593218,hold,hold,0,0,
352,2025-02-21 14:45:00+00:00,3.15,3.18,3.08,3.08,30133.0,risk_rising,weak,risk_off,0.5142857142857146,hold,hold,0,0,
353,2025-02-21 15:00:00+00:00,3.08,3.09,2.89,2.9,23702.0,risk_rising,weak,risk_off,0.027777777777777197,hold,hold,0,0,
354,2025-02-21 15:15:00+00:00,2.88,2.89,2.65,2.73,85344.0,risk_rising,weak,risk_off,0.13333333333333344,hold,hold,0,0,
355,2025-02-21 15:30:00+00:00,2.75,2.8,2.72,2.8,23601.0,risk_rising,weak,risk_off,0.2499999999999998,hold,hold,0,0,
356,2025-02-21 15:45:00+00:00,2.8,2.84,2.77,2.78,26949.0,risk_rising,weak,risk_off,0.21666666666666645,hold,hold,0,0,
357,2025-02-21 16:00:00+00:00,2.78,2.87,2.78,2.82,7716.0,risk_rising,weak,risk_off,0.28333333333333316,hold,hold,0,0,
358,2025-02-21 16:15:00+00:00,2.82,2.82,2.77,2.77,21294.0,risk_rising,weak,risk_off,0.20000000000000015,hold,hold,0,0,
359,2025-02-21 16:30:00+00:00,2.78,2.78,2.75,2.76,12624.0,risk_rising,weak,risk_off,0.1833333333333331,hold,hold,0,0,
360,2025-02-21 16:45:00+00:00,2.76,2.76,2.63,2.65,46489.0,risk_rising,weak,risk_off,0.03278688524590165,hold,hold,0,0,
361,2025-02-21 17:00:00+00:00,2.65,2.68,2.63,2.63,13079.0,risk_rising,weak,risk_off,0.0,hold,hold,0,0,
362,2025-02-21 17:15:00+00:00,2.63,2.69,2.63,2.64,21519.0,risk_rising,weak,risk_off,0.01639344262295119,hold,hold,0,0,
363,2025-02-21 17:30:00+00:00,2.64,2.64,2.61,2.62,15082.0,risk_rising,weak,risk_off,0.01587301587301623,hold,hold,0,0,
364,2025-02-21 17:45:00+00:00,2.62,2.62,2.55,2.55,19207.0,risk_rising,weak,risk_off,0.0,hold,hold,0,0,
365,2025-02-21 18:00:00+00:00,2.56,2.59,2.55,2.56,22411.0,risk_rising,weak,risk_off,0.014492753623188732,hold,hold,0,0,
366,2025-02-21 18:15:00+00:00,2.56,2.65,2.54,2.55,79314.0,risk_rising,weak,risk_off,0.014285714285713978,hold,hold,0,0,
367,2025-02-21 18:30:00+00:00,2.56,2.57,2.54,2.54,18010.0,risk_rising,weak,risk_off,0.0,hold,hold,0,0,
368,2025-02-21 18:45:00+00:00,2.53,2.57,2.51,2.52,25690.0,risk_rising,weak,risk_off,0.01369863013698661,hold,hold,0,0,
369,2025-02-21 19:00:00+00:00,2.52,2.57,2.51,2.53,21251.0,risk_rising,weak,risk_off,0.02739726027397261,hold,hold,0,0,
370,2025-02-21 19:15:00+00:00,2.53,2.57,2.53,2.56,6927.0,risk_rising,weak,risk_off,0.06849315068493184,hold,hold,0,0,
371,2025-02-21 19:30:00+00:00,2.54,2.56,2.51,2.51,25132.0,risk_rising,weak,risk_off,0.0,hold,hold,0,0,
372,2025-02-21 19:45:00+00:00,2.52,2.52,2.5,2.5,24244.0,risk_rising,weak,risk_off,0.0,hold,hold,0,0,
373,2025-02-21 20:00:00+00:00,2.5,2.5,2.41,2.46,30298.0,risk_rising,weak,risk_off,0.1041666666666663,hold,hold,0,0,
374,2025-02-21 20:15:00+00:00,2.46,2.47,2.41,2.46,21314.0,risk_rising,weak,risk_off,0.10869565217391267,hold,hold,0,0,
375,2025-02-21 20:30:00+00:00,2.45,2.46,2.4,2.4,20333.0,risk_rising,weak,risk_off,0.0,hold,hold,0,0,
376,2025-02-21 20:45:00+00:00,2.4,2.44,2.36,2.42,35538.0,risk_rising,weak,risk_off,0.11764705882352947,hold,hold,0,0,
377,2025-02-21 21:00:00+00:00,2.42,2.67,2.4,2.66,45627.0,range_distribution,weak,risk_off,0.6521739130434789,sell,hold,0,0,
378,2025-02-24 14:30:00+00:00,3.0,3.08,3.0,3.0,24686.0,range_distribution,weak,risk_off,0.8888888888888888,hold,hold,0,0,
379,2025-02-24 14:45:00+00:00,3.01,3.25,3.01,3.22,237565.0,pullback,weak,risk_off,0.9662921348314609,avoid,avoid,0,0,
380,2025-02-24 15:00:00+00:00,3.22,3.33,2.89,2.95,209356.0,pullback,weak,risk_off,0.6082474226804125,hold,hold,0,0,
381,2025-02-24 15:15:00+00:00,2.95,3.04,2.88,2.94,85463.0,pullback,weak,risk_off,0.5979381443298969,hold,hold,0,0,
382,2025-02-24 15:30:00+00:00,2.93,2.99,2.89,2.91,37706.0,pullback,weak,risk_off,0.5670103092783507,hold,hold,0,0,
383,2025-02-24 15:45:00+00:00,2.89,2.89,2.83,2.87,17952.0,pullback,weak,risk_off,0.5257731958762888,hold,hold,0,0,
384,2025-02-24 16:00:00+00:00,2.86,2.86,2.72,2.74,37525.0,pullback,weak,risk_off,0.3917525773195879,hold,hold,0,0,
385,2025-02-24 16:15:00+00:00,2.74,2.84,2.73,2.75,46754.0,pullback,weak,risk_off,0.40206185567010316,hold,hold,0,0,
386,2025-02-24 16:30:00+00:00,2.76,2.79,2.7,2.76,43145.0,pullback,weak,risk_off,0.41237113402061837,hold,hold,0,0,
387,2025-02-24 16:45:00+00:00,2.75,2.75,2.72,2.73,12976.0,pullback,weak,risk_off,0.3814432989690722,hold,hold,0,0,
388,2025-02-24 17:00:00+00:00,2.73,2.75,2.71,2.74,13755.0,trend_late,weak,risk_off,0.3917525773195879,sell,hold,0,0,
389,2025-02-24 17:15:00+00:00,2.72,2.72,2.6,2.61,25037.0,trend_late,weak,risk_off,0.25773195876288657,hold,hold,0,0,
390,2025-02-24 17:30:00+00:00,2.6,2.61,2.55,2.55,26829.0,trend_late,weak,risk_off,0.19587628865979373,hold,hold,0,0,
391,2025-02-24 17:45:00+00:00,2.55,2.64,2.55,2.64,11678.0,trend_late,weak,risk_off,0.2886597938144332,hold,hold,0,0,
392,2025-02-24 18:00:00+00:00,2.63,2.65,2.57,2.65,26248.0,risk_rising,weak,risk_off,0.29896907216494845,reduce,hold,0,0,
393,2025-02-24 18:15:00+00:00,2.65,2.65,2.6,2.61,6888.0,risk_rising,weak,risk_off,0.25773195876288657,hold,hold,0,0,
394,2025-02-24 18:30:00+00:00,2.61,2.65,2.58,2.6,21979.0,risk_rising,weak,risk_off,0.2474226804123713,hold,hold,0,0,
395,2025-02-24 18:45:00+00:00,2.57,2.62,2.56,2.57,16064.0,risk_rising,weak,risk_off,0.21649484536082467,hold,hold,0,0,
396,2025-02-24 19:00:00+00:00,2.57,2.61,2.57,2.59,5199.0,risk_rising,weak,risk_off,0.2043010752688171,hold,hold,0,0,
397,2025-02-24 19:15:00+00:00,2.59,2.61,2.53,2.56,18241.0,risk_rising,weak,risk_off,0.0375000000000003,hold,hold,0,0,
398,2025-02-24 19:30:00+00:00,2.56,2.56,2.5,2.52,64695.0,risk_rising,weak,risk_off,0.024096385542168693,hold,hold,0,0,
399,2025-02-24 19:45:00+00:00,2.52,2.54,2.48,2.48,35958.0,risk_rising,weak,risk_off,0.0,hold,hold,0,0,
400,2025-02-24 20:00:00+00:00,2.49,2.49,2.45,2.46,13659.0,risk_rising,weak,risk_off,0.016949152542372524,hold,hold,0,0,
401,2025-02-24 20:15:00+00:00,2.46,2.58,2.45,2.53,22306.0,risk_rising,weak,risk_off,0.14814814814814745,hold,hold,0,0,
402,2025-02-24 20:30:00+00:00,2.53,2.53,2.45,2.49,7810.0,risk_rising,weak,risk_off,0.090909090909091,hold,hold,0,0,
403,2025-02-24 20:45:00+00:00,2.49,2.56,2.48,2.52,18443.0,risk_rising,weak,risk_off,0.1707317073170729,hold,hold,0,0,
404,2025-02-24 21:00:00+00:00,2.52,2.6,2.51,2.6,36530.0,risk_rising,weak,risk_off,0.3846153846153847,hold,hold,0,0,
405,2025-02-25 14:30:00+00:00,2.74,2.74,2.6,2.61,7112.0,range_neutral,weak,risk_off,0.470588235294117,avoid,avoid,0,0,
406,2025-02-25 14:45:00+00:00,2.61,2.68,2.49,2.51,42840.0,risk_rising,weak,risk_off,0.19999999999999882,reduce,hold,0,0,
407,2025-02-25 15:00:00+00:00,2.49,2.5,2.4,2.41,53418.0,risk_rising,weak,risk_off,0.028571428571429223,hold,hold,0,0,
408,2025-02-25 15:15:00+00:00,2.44,2.44,2.37,2.41,35435.0,risk_rising,weak,risk_off,0.10810810810810817,hold,hold,0,0,
409,2025-02-25 15:30:00+00:00,2.45,2.45,2.34,2.36,41715.0,risk_rising,weak,risk_off,0.05,hold,hold,0,0,
410,2025-02-25 15:45:00+00:00,2.36,2.38,2.35,2.37,14765.0,risk_rising,weak,risk_off,0.07500000000000055,hold,hold,0,0,
411,2025-02-25 16:00:00+00:00,2.37,2.43,2.36,2.42,37535.0,risk_rising,weak,risk_off,0.2,hold,hold,0,0,
412,2025-02-25 16:15:00+00:00,2.41,2.41,2.35,2.36,12707.0,risk_rising,weak,risk_off,0.05,hold,hold,0,0,
413,2025-02-25 16:30:00+00:00,2.36,2.37,2.34,2.34,19183.0,risk_rising,weak,risk_off,0.0,hold,hold,0,0,
414,2025-02-25 16:45:00+00:00,2.34,2.35,2.34,2.34,10757.0,risk_rising,weak,risk_off,0.0,hold,hold,0,0,
415,2025-02-25 17:00:00+00:00,2.34,2.42,2.31,2.4,42716.0,risk_rising,weak,risk_off,0.20930232558139494,hold,hold,0,0,
416,2025-02-25 17:15:00+00:00,2.4,2.45,2.34,2.4,37393.0,risk_rising,weak,risk_off,0.20930232558139494,hold,hold,0,0,
417,2025-02-25 17:30:00+00:00,2.38,2.39,2.3,2.39,31521.0,risk_rising,weak,risk_off,0.20454545454545506,hold,hold,0,0,
418,2025-02-25 17:45:00+00:00,2.39,2.39,2.33,2.34,8677.0,risk_rising,weak,risk_off,0.09090909090909091,hold,hold,0,0,
419,2025-02-25 18:00:00+00:00,2.34,2.37,2.33,2.33,18542.0,risk_rising,weak,risk_off,0.06818181818181869,hold,hold,0,0,
420,2025-02-25 18:15:00+00:00,2.33,2.37,2.33,2.35,13848.0,risk_rising,weak,risk_off,0.11363636363636415,hold,hold,0,0,
421,2025-02-25 18:30:00+00:00,2.35,2.35,2.32,2.33,9041.0,risk_rising,weak,risk_off,0.06818181818181869,hold,hold,0,0,
422,2025-02-25 18:45:00+00:00,2.33,2.34,2.31,2.33,8508.0,risk_rising,weak,risk_off,0.06818181818181869,hold,hold,0,0,
423,2025-02-25 19:00:00+00:00,2.33,2.34,2.31,2.34,8049.0,range_accumulation,weak,risk_off,0.09090909090909091,avoid,avoid,0,0,
424,2025-02-25 19:15:00+00:00,2.34,2.38,2.33,2.33,11982.0,risk_rising,weak,risk_off,0.06818181818181869,reduce,hold,0,0,
425,2025-02-25 19:30:00+00:00,2.33,2.34,2.3,2.3,18882.0,risk_rising,weak,risk_off,0.0,hold,hold,0,0,
426,2025-02-25 19:45:00+00:00,2.32,2.33,2.3,2.32,13409.0,risk_rising,weak,risk_off,0.1,hold,hold,0,0,
427,2025-02-25 20:00:00+00:00,2.32,2.32,2.29,2.31,8576.0,risk_rising,weak,risk_off,0.125,hold,hold,0,0,
428,2025-02-25 20:15:00+00:00,2.27,2.32,2.27,2.3,8200.0,risk_rising,weak,risk_off,0.16666666666666544,hold,hold,0,0,
429,2025-02-25 20:30:00+00:00,2.28,2.3,2.26,2.28,11698.0,risk_rising,weak,risk_off,0.10526315789473673,hold,hold,0,0,
430,2025-02-25 20:45:00+00:00,2.28,2.36,2.26,2.34,15570.0,risk_rising,weak,risk_off,0.4210526315789469,hold,hold,0,0,
431,2025-02-25 21:00:00+00:00,2.34,2.37,2.3,2.32,22482.0,risk_rising,weak,risk_off,0.3157894736842102,hold,hold,0,0,
432,2025-02-26 14:30:00+00:00,2.33,2.34,2.32,2.32,5825.0,risk_rising,weak,risk_off,0.3157894736842102,hold,hold,0,0,
433,2025-02-26 14:45:00+00:00,2.32,2.33,2.16,2.17,80173.0,risk_rising,weak,risk_off,0.03448275862068892,hold,hold,0,0,
434,2025-02-26 15:00:00+00:00,2.17,2.27,2.17,2.27,27158.0,risk_rising,weak,risk_off,0.37931034482758574,hold,hold,0,0,
435,2025-02-26 15:15:00+00:00,2.3,2.38,2.27,2.36,40478.0,range_distribution,weak,risk_off,0.6896551724137922,sell,hold,0,0,
436,2025-02-26 15:30:00+00:00,2.38,2.45,2.37,2.44,24987.0,range_distribution,weak,risk_off,0.9655172413793095,hold,hold,0,0,
437,2025-02-26 15:45:00+00:00,2.44,2.54,2.4,2.53,26943.0,pullback,weak,risk_off,0.9736842105263152,avoid,avoid,0,0,
438,2025-02-26 16:00:00+00:00,2.53,2.53,2.44,2.47,11284.0,pullback,weak,risk_off,0.8157894736842108,hold,hold,0,0,
439,2025-02-26 16:15:00+00:00,2.47,2.54,2.45,2.5,14497.0,pullback,weak,risk_off,0.894736842105263,hold,hold,0,0,
440,2025-02-26 16:30:00+00:00,2.48,2.61,2.45,2.45,70736.0,pullback,weak,risk_off,0.6444444444444449,hold,hold,0,0,
441,2025-02-26 16:45:00+00:00,2.47,2.49,2.37,2.41,28337.0,pullback,weak,risk_off,0.5555555555555559,hold,hold,0,0,
442,2025-02-26 17:00:00+00:00,2.41,2.42,2.36,2.37,15287.0,pullback,weak,risk_off,0.46666666666666684,hold,hold,0,0,
443,2025-02-26 17:15:00+00:00,2.37,2.4,2.34,2.35,12174.0,pullback,weak,risk_off,0.42222222222222233,hold,hold,0,0,
444,2025-02-26 17:30:00+00:00,2.35,2.39,2.35,2.37,7934.0,pullback,weak,risk_off,0.46666666666666684,hold,hold,0,0,
445,2025-02-26 17:45:00+00:00,2.35,2.37,2.34,2.34,8435.0,trend_late,weak,risk_off,0.3999999999999996,sell,hold,0,0,
446,2025-02-26 18:00:00+00:00,2.34,2.34,2.3,2.31,22069.0,trend_late,weak,risk_off,0.3333333333333333,hold,hold,0,0,
447,2025-02-26 18:15:00+00:00,2.31,2.32,2.3,2.31,6615.0,trend_late,weak,risk_off,0.3333333333333333,hold,hold,0,0,
448,2025-02-26 18:30:00+00:00,2.31,2.31,2.31,2.31,0.0,trend_late,weak,risk_off,0.3333333333333333,hold,hold,0,0,
449,2025-02-26 18:45:00+00:00,2.31,2.35,2.31,2.35,420.0,risk_rising,weak,risk_off,0.42222222222222233,reduce,hold,0,0,
450,2025-02-26 19:00:00+00:00,2.32,2.37,2.31,2.33,16518.0,risk_rising,weak,risk_off,0.3777777777777778,hold,hold,0,0,
451,2025-02-26 19:15:00+00:00,2.33,2.34,2.31,2.33,12946.0,risk_rising,weak,risk_off,0.3777777777777778,hold,hold,0,0,
452,2025-02-26 19:30:00+00:00,2.33,2.37,2.32,2.37,2361.0,range_neutral,weak,risk_off,0.46666666666666684,avoid,avoid,0,0,
453,2025-02-26 19:45:00+00:00,2.37,2.37,2.33,2.34,6171.0,risk_rising,weak,risk_off,0.38636363636363624,reduce,hold,0,0,
454,2025-02-26 20:00:00+00:00,2.34,2.38,2.33,2.34,12713.0,risk_rising,weak,risk_off,0.2058823529411761,hold,hold,0,0,
455,2025-02-26 20:15:00+00:00,2.34,2.4,2.34,2.4,10743.0,range_accumulation,weak,risk_off,0.32258064516129054,avoid,avoid,0,0,
456,2025-02-26 20:30:00+00:00,2.4,2.45,2.4,2.43,17728.0,range_neutral,weak,risk_off,0.41935483870967843,hold,hold,0,0,
457,2025-02-26 20:45:00+00:00,2.44,2.48,2.43,2.43,17702.0,range_neutral,weak,risk_off,0.41935483870967843,hold,hold,0,0,
458,2025-02-26 21:00:00+00:00,2.43,2.44,2.4,2.42,27519.0,pullback,weak,risk_off,0.38709677419354865,hold,hold,0,0,
459,2025-02-27 14:30:00+00:00,2.42,2.42,2.42,2.42,2628.0,pullback,weak,risk_off,0.38709677419354865,hold,hold,0,0,
460,2025-02-27 14:45:00+00:00,2.42,2.54,2.42,2.52,8013.0,pullback,weak,risk_off,0.9166666666666666,hold,hold,0,0,
461,2025-02-27 15:00:00+00:00,2.52,2.6,2.48,2.51,20285.0,pullback,weak,risk_off,0.6999999999999993,hold,hold,0,0,
462,2025-02-27 15:15:00+00:00,2.51,2.52,2.44,2.44,16230.0,pullback,weak,risk_off,0.4666666666666667,hold,hold,0,0,
463,2025-02-27 15:30:00+00:00,2.47,2.48,2.39,2.41,11017.0,pullback,weak,risk_off,0.3666666666666674,hold,hold,0,0,
464,2025-02-27 15:45:00+00:00,2.38,2.44,2.38,2.38,16921.0,pullback,weak,risk_off,0.26666666666666666,hold,hold,0,0,
465,2025-02-27 16:00:00+00:00,2.4,2.4,2.32,2.32,8043.0,trend_late,weak,risk_off,0.06666666666666667,sell,hold,0,0,
466,2025-02-27 16:15:00+00:00,2.32,2.34,2.3,2.33,25177.0,trend_late,weak,risk_off,0.10000000000000074,hold,hold,0,0,
467,2025-02-27 16:30:00+00:00,2.33,2.34,2.3,2.33,31879.0,trend_late,weak,risk_off,0.10000000000000074,hold,hold,0,0,
468,2025-02-27 16:45:00+00:00,2.33,2.34,2.32,2.33,9628.0,trend_late,weak,risk_off,0.10000000000000074,hold,hold,0,0,
469,2025-02-27 17:00:00+00:00,2.33,2.34,2.33,2.33,7652.0,trend_late,weak,risk_off,0.10000000000000074,hold,hold,0,0,
470,2025-02-27 17:15:00+00:00,2.33,2.33,2.3,2.31,12137.0,risk_rising,weak,risk_off,0.033333333333334075,reduce,hold,0,0,
471,2025-02-27 17:30:00+00:00,2.31,2.33,2.3,2.33,35372.0,risk_rising,weak,risk_off,0.10000000000000074,hold,hold,0,0,
472,2025-02-27 17:45:00+00:00,2.33,2.33,2.3,2.32,40862.0,risk_rising,weak,risk_off,0.06666666666666667,hold,hold,0,0,
473,2025-02-27 18:00:00+00:00,2.33,2.33,2.28,2.28,24873.0,risk_rising,weak,risk_off,0.0,hold,hold,0,0,
474,2025-02-27 18:15:00+00:00,2.31,2.31,2.27,2.27,8229.0,risk_rising,weak,risk_off,0.0,hold,hold,0,0,
475,2025-02-27 18:30:00+00:00,2.27,2.31,2.27,2.29,43388.0,risk_rising,weak,risk_off,0.06060606060606065,hold,hold,0,0,
476,2025-02-27 18:45:00+00:00,2.29,2.32,2.24,2.26,55862.0,risk_rising,weak,risk_off,0.055555555555554394,hold,hold,0,0,
477,2025-02-27 19:00:00+00:00,2.26,2.26,2.1,2.1,21332.0,risk_rising,weak,risk_off,0.0,hold,hold,0,0,
478,2025-02-27 19:15:00+00:00,2.11,2.14,2.1,2.11,55954.0,risk_rising,weak,risk_off,0.019999999999999574,hold,hold,0,0,
479,2025-02-27 19:30:00+00:00,2.11,2.12,2.02,2.03,22319.0,risk_rising,weak,risk_off,0.01724137931034446,hold,hold,0,0,
480,2025-02-27 19:45:00+00:00,2.02,2.1,2.02,2.09,46437.0,risk_rising,weak,risk_off,0.1206896551724135,hold,hold,0,0,
481,2025-02-27 20:00:00+00:00,2.09,2.09,2.05,2.06,14322.0,risk_rising,weak,risk_off,0.08000000000000007,hold,hold,0,0,
482,2025-02-27 20:15:00+00:00,2.05,2.06,2.0,2.04,29339.0,risk_rising,weak,risk_off,0.08333333333333341,hold,hold,0,0,
483,2025-02-27 20:30:00+00:00,2.04,2.07,2.02,2.06,11572.0,risk_rising,weak,risk_off,0.1363636363636365,hold,hold,0,0,
484,2025-02-27 20:45:00+00:00,2.05,2.15,2.05,2.12,37779.0,risk_rising,weak,risk_off,0.3000000000000003,hold,hold,0,0,
485,2025-02-27 21:00:00+00:00,2.11,2.15,2.06,2.07,41054.0,risk_rising,weak,risk_off,0.2058823529411761,hold,hold,0,0,
486,2025-02-28 14:30:00+00:00,1.74,1.8,1.74,1.77,19916.0,risk_rising,weak,risk_off,0.05000000000000006,hold,hold,0,0,
487,2025-02-28 14:45:00+00:00,1.77,2.0,1.77,1.93,81116.0,risk_rising,weak,risk_off,0.31666666666666665,hold,hold,0,0,
488,2025-02-28 15:00:00+00:00,1.91,2.01,1.87,1.91,48613.0,risk_rising,weak,risk_off,0.28333333333333327,hold,hold,0,0,
489,2025-02-28 15:15:00+00:00,1.91,1.97,1.89,1.96,23401.0,risk_rising,weak,risk_off,0.3728813559322033,hold,hold,0,0,
490,2025-02-28 15:30:00+00:00,1.96,1.98,1.89,1.89,30316.0,risk_rising,weak,risk_off,0.25423728813559304,hold,hold,0,0,
491,2025-02-28 15:45:00+00:00,1.88,1.88,1.8,1.81,22264.0,risk_rising,weak,risk_off,0.11864406779661026,hold,hold,0,0,
492,2025-02-28 16:00:00+00:00,1.81,1.84,1.79,1.79,19775.0,risk_rising,weak,risk_off,0.08474576271186447,hold,hold,0,0,
493,2025-02-28 16:15:00+00:00,1.79,1.8,1.74,1.75,14811.0,risk_rising,weak,risk_off,0.017241379310344848,hold,hold,0,0,
494,2025-02-28 16:30:00+00:00,1.75,1.78,1.73,1.75,27536.0,risk_rising,weak,risk_off,0.033898305084745804,hold,hold,0,0,
495,2025-02-28 16:45:00+00:00,1.74,1.77,1.7,1.75,40551.0,risk_rising,weak,risk_off,0.08064516129032266,hold,hold,0,0,
496,2025-02-28 17:00:00+00:00,1.76,1.77,1.73,1.74,13843.0,risk_rising,weak,risk_off,0.07142857142857151,hold,hold,0,0,
497,2025-02-28 17:15:00+00:00,1.74,1.76,1.73,1.74,8852.0,risk_rising,weak,risk_off,0.08888888888888898,hold,hold,0,0,
498,2025-02-28 17:30:00+00:00,1.74,1.75,1.72,1.75,12628.0,risk_rising,weak,risk_off,0.11111111111111122,hold,hold,0,0,
499,2025-02-28 17:45:00+00:00,1.75,1.77,1.73,1.77,29909.0,risk_rising,weak,risk_off,0.1555555555555557,hold,hold,0,0,
500,2025-02-28 18:00:00+00:00,1.77,1.77,1.73,1.75,7513.0,risk_rising,weak,risk_off,0.11111111111111122,hold,hold,0,0,
501,2025-02-28 18:15:00+00:00,1.75,1.75,1.69,1.69,33323.0,risk_rising,weak,risk_off,0.0,hold,hold,0,0,
502,2025-02-28 18:30:00+00:00,1.69,1.69,1.65,1.66,24796.0,risk_rising,weak,risk_off,0.020000000000000018,hold,hold,0,0,
503,2025-02-28 18:45:00+00:00,1.66,1.69,1.65,1.67,37043.0,risk_rising,weak,risk_off,0.040000000000000036,hold,hold,0,0,
504,2025-02-28 19:00:00+00:00,1.67,1.7,1.64,1.64,19699.0,risk_rising,weak,risk_off,0.0,hold,hold,0,0,
505,2025-02-28 19:15:00+00:00,1.63,1.64,1.59,1.63,126481.0,risk_rising,weak,risk_off,0.09523809523809486,hold,hold,0,0,
506,2025-02-28 19:30:00+00:00,1.63,1.65,1.6,1.6,35885.0,risk_rising,weak,risk_off,0.023809523809523846,hold,hold,0,0,
507,2025-02-28 19:45:00+00:00,1.6,1.61,1.53,1.54,38387.0,risk_rising,weak,risk_off,0.020833333333333363,hold,hold,0,0,
508,2025-02-28 20:00:00+00:00,1.55,1.56,1.51,1.53,34503.0,risk_rising,weak,risk_off,0.04255319148936174,hold,hold,0,0,
509,2025-02-28 20:15:00+00:00,1.53,1.82,1.52,1.8,274175.0,range_neutral,weak,risk_off,0.6170212765957448,avoid,avoid,0,0,
510,2025-02-28 20:30:00+00:00,1.78,1.81,1.77,1.79,44342.0,range_distribution,weak,risk_off,0.756756756756757,sell,hold,0,0,
511,2025-02-28 20:45:00+00:00,1.78,1.91,1.7,1.73,258866.0,range_neutral,weak,risk_off,0.55,avoid,avoid,0,0,
512,2025-02-28 21:00:00+00:00,1.73,1.96,1.71,1.92,380116.0,range_distribution,weak,risk_off,0.911111111111111,sell,hold,0,0,
513,2025-03-03 14:30:00+00:00,2.11,2.15,2.08,2.1499,47109.0,pullback,weak,risk_off,0.9998437500000004,avoid,avoid,0,0,
514,2025-03-03 14:45:00+00:00,2.1376,2.16,1.95,1.98,153529.0,pullback,weak,risk_off,0.7230769230769228,hold,hold,0,0,
515,2025-03-03 15:00:00+00:00,1.98,2.0396,1.95,1.95,67951.0,pullback,weak,risk_off,0.6769230769230767,hold,hold,0,0,
516,2025-03-03 15:15:00+00:00,1.96,1.97,1.89,1.895,90029.0,pullback,weak,risk_off,0.5923076923076922,hold,hold,0,0,
517,2025-03-03 15:30:00+00:00,1.89,1.89,1.83,1.85,31586.0,pullback,weak,risk_off,0.5230769230769231,hold,hold,0,0,
518,2025-03-03 15:45:00+00:00,1.85,1.89,1.85,1.875,28067.0,pullback,weak,risk_off,0.5615384615384614,hold,hold,0,0,
519,2025-03-03 16:00:00+00:00,1.8813,1.92,1.88,1.9,73734.0,pullback,weak,risk_off,0.5999999999999998,hold,hold,0,0,
520,2025-03-03 16:15:00+00:00,1.9036,1.91,1.88,1.88,26544.0,pullback,weak,risk_off,0.569230769230769,hold,hold,0,0,
521,2025-03-03 16:30:00+00:00,1.881,1.89,1.83,1.8399,37388.0,pullback,weak,risk_off,0.5075384615384616,hold,hold,0,0,
522,2025-03-03 16:45:00+00:00,1.84,1.84,1.79,1.7921,28082.0,trend_late,weak,risk_off,0.43399999999999994,sell,hold,0,0,
523,2025-03-03 17:00:00+00:00,1.7921,1.7999,1.77,1.77,12198.0,trend_late,weak,risk_off,0.3999999999999999,hold,hold,0,0,
524,2025-03-03 17:15:00+00:00,1.77,1.795,1.7501,1.7892,15094.0,trend_late,weak,risk_off,0.42953846153846126,hold,hold,0,0,
525,2025-03-03 17:30:00+00:00,1.78,1.78,1.75,1.75,15203.0,trend_late,weak,risk_off,0.36923076923076914,hold,hold,0,0,
526,2025-03-03 17:45:00+00:00,1.76,1.7899,1.7,1.7,42496.0,risk_rising,weak,risk_off,0.29230769230769216,reduce,hold,0,0,
527,2025-03-03 18:00:00+00:00,1.7062,1.7091,1.62,1.6872,37482.0,risk_rising,weak,risk_off,0.2726153846153846,hold,hold,0,0,
528,2025-03-03 18:15:00+00:00,1.68,1.72,1.6,1.63,26509.0,risk_rising,weak,risk_off,0.17187499999999978,hold,hold,0,0,
529,2025-03-03 18:30:00+00:00,1.63,1.65,1.5696,1.5696,27557.0,risk_rising,weak,risk_off,0.0,hold,hold,0,0,
530,2025-03-03 18:45:00+00:00,1.6,1.6,1.53,1.55,43056.0,risk_rising,weak,risk_off,0.031746031746031765,hold,hold,0,0,
531,2025-03-03 19:00:00+00:00,1.54,1.58,1.51,1.5284,65448.0,risk_rising,weak,risk_off,0.02830769230769226,hold,hold,0,0,
532,2025-03-03 19:15:00+00:00,1.52,1.52,1.5,1.5,32100.0,risk_rising,weak,risk_off,0.0,hold,hold,0,0,
533,2025-03-03 19:30:00+00:00,1.5,1.52,1.5,1.51,35677.0,risk_rising,weak,risk_off,0.015151515151515162,hold,hold,0,0,
534,2025-03-03 19:45:00+00:00,1.51,1.55,1.5,1.5424,33969.0,risk_rising,weak,risk_off,0.07857672349888804,hold,hold,0,0,
535,2025-03-03 20:00:00+00:00,1.54,1.59,1.53,1.575,49349.0,risk_rising,weak,risk_off,0.1595744680851063,hold,hold,0,0,
536,2025-03-03 20:15:00+00:00,1.575,1.63,1.56,1.63,56261.0,risk_rising,weak,risk_off,0.3095238095238093,hold,hold,0,0,
537,2025-03-03 20:30:00+00:00,1.639,1.68,1.6201,1.665,50408.0,risk_rising,weak,risk_off,0.392857142857143,hold,hold,0,0,
538,2025-03-03 20:45:00+00:00,1.665,1.8,1.66,1.68,80266.0,range_neutral,weak,risk_off,0.4285714285714285,avoid,avoid,0,0,
539,2025-03-03 21:00:00+00:00,1.6717,1.68,1.66,1.67,66722.0,range_neutral,weak,risk_off,0.41463414634146334,hold,hold,0,0,
540,2025-03-04 14:30:00+00:00,1.74,1.74,1.7201,1.7201,21326.0,range_neutral,weak,risk_off,0.5643589743589744,hold,hold,0,0,
541,2025-03-04 14:45:00+00:00,1.72,1.72,1.59,1.662,34744.0,range_neutral,weak,risk_off,0.47647058823529376,hold,hold,0,0,
542,2025-03-04 15:00:00+00:00,1.7,1.8267,1.7,1.76,35235.0,range_distribution,weak,risk_off,0.7958371594735232,sell,hold,0,0,
543,2025-03-04 15:15:00+00:00,1.79,1.89,1.77,1.85,35930.0,pullback,weak,risk_off,0.8974358974358979,avoid,avoid,0,0,
544,2025-03-04 15:30:00+00:00,1.8499,1.88,1.76,1.791,42943.0,pullback,weak,risk_off,0.7461538461538462,hold,hold,0,0,
545,2025-03-04 15:45:00+00:00,1.7906,1.83,1.78,1.8,27978.0,pullback,weak,risk_off,0.7692307692307695,hold,hold,0,0,
546,2025-03-04 16:00:00+00:00,1.78,1.8099,1.765,1.8099,12645.0,pullback,weak,risk_off,0.794615384615385,hold,hold,0,0,
547,2025-03-04 16:15:00+00:00,1.7701,1.8,1.77,1.78,6799.0,pullback,weak,risk_off,0.7179487179487182,hold,hold,0,0,
548,2025-03-04 16:30:00+00:00,1.78,1.79,1.7599,1.78,14362.0,pullback,weak,risk_off,0.7179487179487182,hold,hold,0,0,
549,2025-03-04 16:45:00+00:00,1.78,1.81,1.78,1.81,13671.0,pullback,weak,risk_off,0.7948717948717952,hold,hold,0,0,
550,2025-03-04 17:00:00+00:00,1.81,1.83,1.8,1.8013,18955.0,pullback,weak,risk_off,0.7725641025641025,hold,hold,0,0,
551,2025-03-04 17:15:00+00:00,1.82,1.9,1.8,1.89,36419.0,pullback,weak,risk_off,0.975,hold,hold,0,0,
552,2025-03-04 17:30:00+00:00,1.89,1.89,1.8638,1.88,16907.0,pullback,weak,risk_off,0.95,hold,hold,0,0,
553,2025-03-04 17:45:00+00:00,1.8701,1.8787,1.85,1.8506,17996.0,pullback,weak,risk_off,0.8765000000000003,hold,hold,0,0,
554,2025-03-04 18:00:00+00:00,1.85,1.8857,1.84,1.87,15046.0,pullback,weak,risk_off,0.9189189189189194,hold,hold,0,0,
555,2025-03-04 18:15:00+00:00,1.87,1.94,1.87,1.925,16506.0,pullback,weak,risk_off,0.9605263157894739,hold,hold,0,0,
556,2025-03-04 18:30:00+00:00,1.91,2.0292,1.91,2.0099,59133.0,pullback,weak,risk_off,0.9560564663023682,hold,hold,0,0,
557,2025-03-04 18:45:00+00:00,2.02,2.11,1.975,1.9954,74074.0,pullback,weak,risk_off,0.7796153846153849,hold,hold,0,0,
558,2025-03-04 19:00:00+00:00,1.9954,2.0,1.96,1.9799,12383.0,pullback,weak,risk_off,0.7498076923076924,hold,hold,0,0,
559,2025-03-04 19:15:00+00:00,1.9799,2.12,1.9799,2.01,96444.0,pullback,weak,risk_off,0.7924528301886786,hold,hold,0,0,
560,2025-03-04 19:30:00+00:00,2.02,2.12,2.02,2.11,47808.0,pullback,weak,risk_off,0.9811320754716977,hold,hold,0,0,
561,2025-03-04 19:45:00+00:00,2.1,2.13,2.05,2.07,87769.0,pullback,weak,risk_off,0.8604651162790696,hold,hold,0,0,
562,2025-03-04 20:00:00+00:00,2.0685,2.08,2.055,2.0733,32107.0,pullback,weak,risk_off,0.8467981626587415,hold,hold,0,0,
563,2025-03-04 20:15:00+00:00,2.0767,2.08,2.0683,2.08,51768.0,pullback,weak,risk_off,0.8649013780059448,hold,hold,0,0,
564,2025-03-04 20:30:00+00:00,2.08,2.17,2.08,2.11,87440.0,pullback,weak,risk_off,0.8536942209217262,hold,hold,0,0,
565,2025-03-04 20:45:00+00:00,2.102,2.15,2.08,2.13,42412.0,pullback,weak,risk_off,0.9024628139478175,hold,hold,0,0,
566,2025-03-04 21:00:00+00:00,2.1228,2.29,2.1228,2.27,113738.0,pullback,weak,risk_off,0.9622712695717789,hold,hold,0,0,
567,2025-03-05 14:30:00+00:00,2.39,2.52,2.37,2.4893,69041.0,pullback,weak,risk_off,0.9596105775555849,hold,hold,0,0,
568,2025-03-05 14:45:00+00:00,2.4201,2.48,2.1801,2.3611,249070.0,pullback,weak,risk_off,0.7852702702702702,hold,hold,0,0,
569,2025-03-05 15:00:00+00:00,2.335,2.3799,2.14,2.17,133281.0,pullback,weak,risk_off,0.5138888888888887,hold,hold,0,0,
570,2025-03-05 15:15:00+00:00,2.17,2.24,2.1,2.24,72950.0,pullback,weak,risk_off,0.6111111111111114,hold,hold,0,0,
571,2025-03-05 15:30:00+00:00,2.2335,2.34,2.23,2.3008,64682.0,pullback,weak,risk_off,0.6776470588235296,hold,hold,0,0,
572,2025-03-05 15:45:00+00:00,2.32,2.4,2.31,2.4,23161.0,pullback,weak,risk_off,0.8235294117647057,hold,hold,0,0,
573,2025-03-05 16:00:00+00:00,2.39,2.4,2.34,2.4,24044.0,pullback,weak,risk_off,0.8235294117647057,hold,hold,0,0,
574,2025-03-05 16:15:00+00:00,2.3891,2.66,2.3844,2.62,217563.0,pullback,weak,risk_off,0.9493670886075949,hold,hold,0,0,
575,2025-03-05 16:30:00+00:00,2.6,2.6999,2.58,2.6481,88350.0,pullback,weak,risk_off,0.9344220787441447,hold,hold,0,0,
576,2025-03-05 16:45:00+00:00,2.65,2.65,2.52,2.56,55998.0,pullback,weak,risk_off,0.8109203946479255,hold,hold,0,0,
577,2025-03-05 17:00:00+00:00,2.56,2.59,2.5104,2.59,38151.0,pullback,weak,risk_off,0.8514664143803216,hold,hold,0,0,
578,2025-03-05 17:15:00+00:00,2.5899,2.61,2.5,2.536,41614.0,pullback,weak,risk_off,0.7723611111111112,hold,hold,0,0,
579,2025-03-05 17:30:00+00:00,2.54,2.5707,2.47,2.53,43232.0,pullback,weak,risk_off,0.7501103103397556,hold,hold,0,0,
580,2025-03-05 17:45:00+00:00,2.54,2.54,2.435,2.435,17714.0,pullback,weak,risk_off,0.5923988305893216,hold,hold,0,0,
581,2025-03-05 18:00:00+00:00,2.43,2.435,2.3401,2.36,41875.0,pullback,weak,risk_off,0.472941541324236,hold,hold,0,0,
582,2025-03-05 18:15:00+00:00,2.35,2.35,2.3,2.3435,20614.0,trend_late,weak,risk_off,0.4357188093730213,sell,hold,0,0,
583,2025-03-05 18:30:00+00:00,2.347,2.35,2.33,2.335,12765.0,trend_late,weak,risk_off,0.41135667043071455,hold,hold,0,0,
584,2025-03-05 18:45:00+00:00,2.34,2.35,2.32,2.325,5755.0,trend_late,weak,risk_off,0.39522503629617706,hold,hold,0,0,
585,2025-03-05 19:00:00+00:00,2.325,2.34,2.305,2.31,9051.0,trend_late,weak,risk_off,0.3500583430571762,hold,hold,0,0,
586,2025-03-05 19:15:00+00:00,2.31,2.4197,2.31,2.405,28887.0,risk_rising,weak,risk_off,0.5084180696782793,reduce,hold,0,0,
587,2025-03-05 19:30:00+00:00,2.405,2.4171,2.36,2.36,9617.0,risk_rising,weak,risk_off,0.4334055675945988,hold,hold,0,0,
588,2025-03-05 19:45:00+00:00,2.3611,2.41,2.3611,2.38,16780.0,risk_rising,weak,risk_off,0.46674445740956805,hold,hold,0,0,
589,2025-03-05 20:00:00+00:00,2.3809,2.41,2.38,2.38,12931.0,risk_rising,weak,risk_off,0.46674445740956805,hold,hold,0,0,
590,2025-03-05 20:15:00+00:00,2.39,2.42,2.385,2.385,15059.0,risk_rising,weak,risk_off,0.3298574164715893,hold,hold,0,0,
591,2025-03-05 20:30:00+00:00,2.385,2.419,2.37,2.41,22220.0,range_accumulation,weak,risk_off,0.2750687671917986,avoid,avoid,0,0,
592,2025-03-05 20:45:00+00:00,2.41,2.45,2.4,2.445,45811.0,range_neutral,weak,risk_off,0.3625906476619154,hold,hold,0,0,
593,2025-03-05 21:00:00+00:00,2.44,2.445,2.35,2.39,113656.0,range_accumulation,weak,risk_off,0.22505626406601717,hold,hold,0,0,
594,2025-03-06 14:30:00+00:00,2.39,2.43,2.39,2.3972,13167.0,range_accumulation,weak,risk_off,0.24306076519129874,hold,hold,0,0,
595,2025-03-06 14:45:00+00:00,2.37,2.3939,2.11,2.15,72604.0,risk_rising,weak,risk_off,0.07407407407407414,reduce,hold,0,0,
596,2025-03-06 15:00:00+00:00,2.135,2.2,2.135,2.19,29983.0,risk_rising,weak,risk_off,0.16000000000000014,hold,hold,0,0,
597,2025-03-06 15:15:00+00:00,2.2,2.28,2.2,2.25,12990.0,risk_rising,weak,risk_off,0.28000000000000025,hold,hold,0,0,
598,2025-03-06 15:30:00+00:00,2.27,2.39,2.27,2.35,31328.0,risk_rising,weak,risk_off,0.5209463859344479,hold,hold,0,0,
599,2025-03-06 15:45:00+00:00,2.3492,2.365,2.3101,2.355,6420.0,risk_rising,weak,risk_off,0.5697674418604651,hold,hold,0,0,
600,2025-03-06 16:00:00+00:00,2.356,2.365,2.32,2.32,9290.0,risk_rising,weak,risk_off,0.6176470588235288,hold,hold,0,0,
601,2025-03-06 16:15:00+00:00,2.32,2.3899,2.2917,2.3804,21423.0,risk_rising,weak,risk_off,0.795294117647058,hold,hold,0,0,
602,2025-03-06 16:30:00+00:00,2.3306,2.38,2.3306,2.36,10080.0,risk_rising,weak,risk_off,0.7352941176470582,hold,hold,0,0,
603,2025-03-06 16:45:00+00:00,2.36,2.378,2.33,2.34,4666.0,risk_rising,weak,risk_off,0.6764705882352935,hold,hold,0,0,
604,2025-03-06 17:00:00+00:00,2.34,2.36,2.3,2.31,10879.0,risk_rising,weak,risk_off,0.5882352941176471,hold,hold,0,0,
605,2025-03-06 17:15:00+00:00,2.31,2.31,2.23,2.243,30152.0,range_neutral,weak,risk_off,0.39117647058823496,avoid,avoid,0,0,
606,2025-03-06 17:30:00+00:00,2.243,2.31,2.24,2.27,16921.0,range_neutral,weak,risk_off,0.47058823529411764,hold,hold,0,0,
607,2025-03-06 17:45:00+00:00,2.251,2.26,2.2,2.23,22078.0,risk_rising,weak,risk_off,0.35294117647058826,reduce,hold,0,0,
608,2025-03-06 18:00:00+00:00,2.23,2.25,2.22,2.25,5599.0,risk_rising,weak,risk_off,0.4117647058823529,hold,hold,0,0,
609,2025-03-06 18:15:00+00:00,2.2515,2.2605,2.2301,2.24,6714.0,risk_rising,weak,risk_off,0.38235294117647123,hold,hold,0,0,
610,2025-03-06 18:30:00+00:00,2.24,2.26,2.2307,2.2501,5380.0,risk_rising,weak,risk_off,0.41205882352941237,hold,hold,0,0,
611,2025-03-06 18:45:00+00:00,2.27,2.27,2.2008,2.22,10473.0,risk_rising,weak,risk_off,0.3235294117647065,hold,hold,0,0,
612,2025-03-06 19:00:00+00:00,2.22,2.22,2.15,2.15,16324.0,risk_rising,weak,risk_off,0.11940298507462699,hold,hold,0,0,
613,2025-03-06 19:15:00+00:00,2.15,2.18,2.15,2.18,3687.0,risk_rising,weak,risk_off,0.2187500000000007,hold,hold,0,0,
614,2025-03-06 19:30:00+00:00,2.18,2.18,2.16,2.18,2376.0,risk_rising,weak,risk_off,0.2465656921451225,hold,hold,0,0,
615,2025-03-06 19:45:00+00:00,2.18,2.1872,2.16,2.185,11620.0,risk_rising,weak,risk_off,0.1960784313725498,hold,hold,0,0,
616,2025-03-06 20:00:00+00:00,2.185,2.2099,2.15,2.19,21762.0,risk_rising,weak,risk_off,0.16666666666666666,hold,hold,0,0,
617,2025-03-06 20:15:00+00:00,2.1901,2.22,2.185,2.21,7747.0,risk_rising,weak,risk_off,0.25,hold,hold,0,0,
618,2025-03-06 20:30:00+00:00,2.21,2.22,2.19,2.22,4855.0,risk_rising,weak,risk_off,0.2917882451021271,hold,hold,0,0,
619,2025-03-06 20:45:00+00:00,2.2,2.214,2.195,2.1999,8465.0,risk_rising,weak,risk_off,0.2080033347228014,hold,hold,0,0,
620,2025-03-06 21:00:00+00:00,2.195,2.215,2.18,2.18,10778.0,risk_rising,weak,risk_off,0.12505210504376926,hold,hold,0,0,
621,2025-03-07 14:30:00+00:00,2.12,2.21,2.12,2.155,53843.0,risk_rising,mixed,risk_off,0.13461538461538355,hold,hold,0,0,
622,2025-03-07 14:45:00+00:00,2.16,2.24,2.12,2.14,44803.0,risk_rising,mixed,risk_off,0.07751937984496131,hold,hold,0,0,
623,2025-03-07 15:00:00+00:00,2.14,2.195,2.135,2.195,16056.0,range_accumulation,mixed,risk_off,0.31249999999999917,hold,hold,0,0,
624,2025-03-07 15:15:00+00:00,2.19,2.21,2.155,2.165,15038.0,risk_rising,mixed,risk_off,0.23684210526315758,hold,hold,0,0,
625,2025-03-07 15:30:00+00:00,2.15,2.1695,2.13,2.13,15641.0,risk_rising,mixed,risk_off,0.052631578947367315,hold,hold,0,0,
626,2025-03-07 15:45:00+00:00,2.13,2.13,2.06,2.09,35295.0,risk_rising,mixed,risk_off,0.14285714285714196,hold,hold,0,0,
627,2025-03-07 16:00:00+00:00,2.0892,2.1,2.05,2.07,16458.0,risk_rising,mixed,risk_off,0.09090909090909091,hold,hold,0,0,
628,2025-03-07 16:15:00+00:00,2.07,2.12,2.07,2.105,6432.0,risk_rising,mixed,risk_off,0.2500000000000005,hold,hold,0,0,
629,2025-03-07 16:30:00+00:00,2.105,2.12,2.1,2.11,5559.0,risk_rising,mixed,risk_off,0.2727272727272727,hold,hold,0,0,
630,2025-03-07 16:45:00+00:00,2.11,2.11,2.07,2.085,9552.0,risk_rising,mixed,risk_off,0.1590909090909096,hold,hold,0,0,
631,2025-03-07 17:00:00+00:00,2.085,2.085,2.08,2.08,1700.0,risk_rising,mixed,risk_off,0.15789473684210625,hold,hold,0,0,
632,2025-03-07 17:15:00+00:00,2.08,2.08,2.07,2.0749,11620.0,risk_rising,mixed,risk_off,0.13105263157894786,hold,hold,0,0,
633,2025-03-07 17:30:00+00:00,2.075,2.1,2.05,2.055,10944.0,risk_rising,mixed,risk_off,0.026315789473685933,hold,hold,0,0,
634,2025-03-07 17:45:00+00:00,2.05,2.05,2.03,2.05,24445.0,risk_rising,mixed,risk_off,0.09523809523809514,hold,hold,0,0,
635,2025-03-07 18:00:00+00:00,2.043,2.07,2.0301,2.0599,7897.0,risk_rising,mixed,risk_off,0.14238095238095227,hold,hold,0,0,
636,2025-03-07 18:15:00+00:00,2.0599,2.0599,2.0368,2.0507,6057.0,risk_rising,mixed,risk_off,0.09857142857142916,hold,hold,0,0,
637,2025-03-07 18:30:00+00:00,2.0507,2.0507,2.03,2.035,4890.0,risk_rising,mixed,risk_off,0.02380952380952537,hold,hold,0,0,
638,2025-03-07 18:45:00+00:00,2.0335,2.0599,2.0301,2.0501,7477.0,risk_rising,mixed,risk_off,0.09571428571428661,hold,hold,0,0,
639,2025-03-07 19:00:00+00:00,2.0501,2.0501,2.03,2.04,3921.0,risk_rising,mixed,risk_off,0.04761904761904863,hold,hold,0,0,
640,2025-03-07 19:15:00+00:00,2.05,2.05,2.03,2.0408,7563.0,risk_rising,mixed,risk_off,0.05142857142857201,hold,hold,0,0,
641,2025-03-07 19:30:00+00:00,2.0408,2.0568,2.03,2.04,18209.0,risk_rising,mixed,risk_off,0.04761904761904863,hold,hold,0,0,
642,2025-03-07 19:45:00+00:00,2.045,2.05,2.02,2.02,8871.0,risk_rising,mixed,risk_off,0.0,hold,hold,0,0,
643,2025-03-07 20:00:00+00:00,2.0201,2.04,2.02,2.025,3394.0,risk_rising,mixed,risk_off,0.026315789473683657,hold,hold,0,0,
644,2025-03-07 20:15:00+00:00,2.025,2.045,2.02,2.02,9595.0,risk_rising,mixed,risk_off,0.0,hold,hold,0,0,
645,2025-03-07 20:30:00+00:00,2.02,2.04,2.02,2.025,7568.0,risk_rising,mixed,risk_off,0.04545454545454454,hold,hold,0,0,
646,2025-03-07 20:45:00+00:00,2.025,2.055,2.02,2.045,11796.0,risk_rising,mixed,risk_off,0.2499999999999989,hold,hold,0,0,
647,2025-03-07 21:00:00+00:00,2.0497,2.0497,2.0,2.01,31898.0,risk_rising,mixed,risk_off,0.08333333333333148,hold,hold,0,0,
648,2025-03-10 13:30:00+00:00,2.0,2.0,1.95,1.975,17540.0,risk_rising,weak,risk_off,0.1470588235294124,hold,hold,0,0,
649,2025-03-10 13:45:00+00:00,1.972,1.972,1.85,1.91,48867.0,risk_rising,weak,risk_off,0.2307692307692303,hold,hold,0,0,
650,2025-03-10 14:00:00+00:00,1.91,1.91,1.87,1.88,9083.0,risk_rising,weak,risk_off,0.11999999999999922,hold,hold,0,0,
651,2025-03-10 14:15:00+00:00,1.88,1.88,1.82,1.84,27451.0,risk_rising,weak,risk_off,0.07142857142857148,hold,hold,0,0,
652,2025-03-10 14:30:00+00:00,1.84,1.85,1.8,1.815,6160.0,risk_rising,weak,risk_off,0.04999999999999967,hold,hold,0,0,
653,2025-03-10 14:45:00+00:00,1.815,1.8194,1.7801,1.7956,21298.0,risk_rising,weak,risk_off,0.05346671265953804,hold,hold,0,0,
654,2025-03-10 15:00:00+00:00,1.7956,1.82,1.78,1.8,13542.0,risk_rising,weak,risk_off,0.06896551724137942,hold,hold,0,0,
655,2025-03-10 15:15:00+00:00,1.7781,1.83,1.7781,1.82,8501.0,risk_rising,weak,risk_off,0.1486870120652948,hold,hold,0,0,
656,2025-03-10 15:30:00+00:00,1.8207,1.8294,1.8084,1.81,10398.0,risk_rising,weak,risk_off,0.11320085166784975,hold,hold,0,0,
657,2025-03-10 15:45:00+00:00,1.81,1.81,1.77,1.774,4758.0,risk_rising,weak,risk_off,0.01379786133149364,hold,hold,0,0,
658,2025-03-10 16:00:00+00:00,1.7706,1.809,1.7706,1.805,9422.0,risk_rising,weak,risk_off,0.12203626220362597,hold,hold,0,0,
659,2025-03-10 16:15:00+00:00,1.7964,1.85,1.795,1.835,13375.0,risk_rising,weak,risk_off,0.22663877266387714,hold,hold,0,0,
660,2025-03-10 16:30:00+00:00,1.835,1.84,1.8201,1.8306,2341.0,risk_rising,weak,risk_off,0.2112970711297071,hold,hold,0,0,
661,2025-03-10 16:45:00+00:00,1.8306,1.86,1.8306,1.85,11385.0,range_accumulation,weak,risk_off,0.280701754385965,avoid,avoid,0,0,
662,2025-03-10 17:00:00+00:00,1.85,1.89,1.85,1.87,11618.0,range_neutral,weak,risk_off,0.3508771929824563,hold,hold,0,0,
663,2025-03-10 17:15:00+00:00,1.87,1.875,1.84,1.84,6789.0,range_accumulation,weak,risk_off,0.2456140350877194,hold,hold,0,0,
664,2025-03-10 17:30:00+00:00,1.84,1.8432,1.83,1.835,8555.0,range_accumulation,weak,risk_off,0.2280701754385962,hold,hold,0,0,
665,2025-03-10 17:45:00+00:00,1.8301,1.8301,1.815,1.815,1900.0,risk_rising,weak,risk_off,0.15789473684210492,reduce,hold,0,0,
666,2025-03-10 18:00:00+00:00,1.8199,1.83,1.815,1.82,12333.0,range_accumulation,weak,risk_off,0.17876296031462294,avoid,avoid,0,0,
667,2025-03-10 18:15:00+00:00,1.82,1.84,1.8,1.83,15432.0,range_accumulation,weak,risk_off,0.2608695652173916,hold,hold,0,0,
668,2025-03-10 18:30:00+00:00,1.81,1.83,1.805,1.805,10731.0,trend_late,weak,risk_off,0.17326732673267292,sell,hold,0,0,
669,2025-03-10 18:45:00+00:00,1.805,1.82,1.8,1.8,19330.0,trend_late,weak,risk_off,0.21428571428571463,hold,hold,0,0,
670,2025-03-10 19:00:00+00:00,1.8093,1.825,1.8,1.82,33036.0,trend_late,weak,risk_off,0.41666666666666746,hold,hold,0,0,
671,2025-03-10 19:15:00+00:00,1.82,1.83,1.801,1.83,13567.0,trend_late,weak,risk_off,0.5000000000000009,hold,hold,0,0,
672,2025-03-10 19:30:00+00:00,1.83,1.86,1.82,1.84,7054.0,trend_late,weak,risk_off,0.5833333333333344,hold,hold,0,0,
673,2025-03-10 19:45:00+00:00,1.85,1.865,1.83,1.845,18686.0,pullback,weak,risk_off,0.6250000000000002,avoid,avoid,0,0,
674,2025-03-10 20:00:00+00:00,1.84,1.85,1.81,1.83,29835.0,risk_rising,weak,risk_off,0.5000000000000009,reduce,hold,0,0,
675,2025-03-11 13:30:00+00:00,1.83,1.9155,1.83,1.89,8013.0,pullback,mixed,risk_off,0.8247422680412365,hold,hold,0,0,
676,2025-03-11 13:45:00+00:00,1.89,2.04,1.88,2.04,73746.0,pullback,mixed,risk_off,1.0,hold,hold,0,0,
677,2025-03-11 14:00:00+00:00,2.0301,2.06,1.99,2.05,34986.0,pullback,mixed,risk_off,0.965445749827228,hold,hold,0,0,
678,2025-03-11 14:15:00+00:00,2.05,2.09,2.03,2.04,20954.0,pullback,mixed,risk_off,0.8305084745762717,hold,hold,0,0,
679,2025-03-11 14:30:00+00:00,2.04,2.07,2.0234,2.03,8184.0,pullback,mixed,risk_off,0.7931034482758618,hold,hold,0,0,
680,2025-03-11 14:45:00+00:00,2.0266,2.075,2.02,2.045,15119.0,pullback,mixed,risk_off,0.8448275862068967,hold,hold,0,0,
681,2025-03-11 15:00:00+00:00,2.05,2.065,2.03,2.06,6338.0,pullback,mixed,risk_off,0.8965517241379316,hold,hold,0,0,
682,2025-03-11 15:15:00+00:00,2.065,2.12,2.06,2.08,12743.0,pullback,mixed,risk_off,0.8749999999999999,hold,hold,0,0,
683,2025-03-11 15:30:00+00:00,2.08,2.114,2.07,2.07,3067.0,pullback,mixed,risk_off,0.8437499999999992,hold,hold,0,0,
684,2025-03-11 15:45:00+00:00,2.07,2.1,2.06,2.09,3429.0,pullback,mixed,risk_off,0.9062499999999992,hold,hold,0,0,
685,2025-03-11 16:00:00+00:00,2.09,2.1,2.085,2.085,2548.0,pullback,mixed,risk_off,0.8906249999999996,hold,hold,0,0,
686,2025-03-11 16:15:00+00:00,2.08,2.08,2.065,2.065,2529.0,pullback,mixed,risk_off,0.8281249999999996,hold,hold,0,0,
687,2025-03-11 16:30:00+00:00,2.0607,2.09,2.06,2.06,8681.0,pullback,mixed,risk_off,0.8124999999999999,hold,hold,0,0,
688,2025-03-11 16:45:00+00:00,2.06,2.07,1.9681,1.9681,19872.0,trend_late,mixed,risk_off,0.5253124999999996,hold,hold,0,0,
689,2025-03-11 17:00:00+00:00,1.9681,1.9804,1.9567,1.97,15701.0,trend_late,mixed,risk_off,0.5312499999999997,hold,hold,0,0,
690,2025-03-11 17:15:00+00:00,1.97,1.99,1.965,1.99,4036.0,trend_late,mixed,risk_off,0.592476489028213,hold,hold,0,0,
691,2025-03-11 17:30:00+00:00,1.99,1.99,1.9729,1.9729,1258.0,trend_late,mixed,risk_off,0.525483870967742,hold,hold,0,0,
692,2025-03-11 17:45:00+00:00,1.98,1.98,1.9,1.9,18254.0,trend_late,mixed,risk_off,0.29032258064516075,hold,hold,0,0,
693,2025-03-11 18:00:00+00:00,1.9,1.91,1.88,1.89,21309.0,risk_rising,mixed,risk_off,0.25806451612903175,hold,hold,0,0,
694,2025-03-11 18:15:00+00:00,1.9,1.93,1.9,1.9,19470.0,risk_rising,mixed,risk_off,0.241379310344827,hold,hold,0,0,
695,2025-03-11 18:30:00+00:00,1.9,1.9,1.89,1.8999,6113.0,risk_rising,mixed,risk_off,0.08291666666666671,hold,hold,0,0,
696,2025-03-11 18:45:00+00:00,1.89,1.9,1.89,1.89,4437.0,risk_rising,mixed,risk_off,0.041666666666666664,hold,hold,0,0,
697,2025-03-11 19:00:00+00:00,1.9,1.9,1.8801,1.89,14329.0,risk_rising,mixed,risk_off,0.041666666666666664,hold,hold,0,0,
698,2025-03-11 19:15:00+00:00,1.89,1.9,1.89,1.89,2500.0,risk_rising,mixed,risk_off,0.041666666666666664,hold,hold,0,0,
699,2025-03-11 19:30:00+00:00,1.89,1.91,1.88,1.9,18824.0,risk_rising,mixed,risk_off,0.08333333333333333,hold,hold,0,0,
700,2025-03-11 19:45:00+00:00,1.9,1.91,1.89,1.8901,24697.0,risk_rising,mixed,risk_off,0.042083333333333285,hold,hold,0,0,
701,2025-03-11 20:00:00+00:00,1.8901,1.94,1.8901,1.9299,11854.0,risk_rising,mixed,risk_off,0.20791666666666672,hold,hold,0,0,
702,2025-03-12 13:30:00+00:00,2.04,2.12,2.04,2.07,18029.0,range_distribution,weak,neutral,0.7916666666666657,hold,hold,0,0,
703,2025-03-12 13:45:00+00:00,2.067,2.13,2.02,2.08,72754.0,range_distribution,weak,neutral,0.8000000000000007,hold,hold,0,0,
704,2025-03-12 14:00:00+00:00,2.08,2.08,1.9905,2.01,28589.0,range_neutral,weak,neutral,0.5199999999999996,hold,hold,0,0,
705,2025-03-12 14:15:00+00:00,2.012,2.11,2.01,2.08,27319.0,pullback,weak,neutral,0.8000000000000007,buy,buy,200,200,2.08
706,2025-03-12 14:30:00+00:00,2.08,2.15,2.08,2.115,27675.0,pullback,weak,neutral,0.8703703703703715,hold,hold,0,200,
707,2025-03-12 14:45:00+00:00,2.11,2.13,2.06,2.06,11672.0,pullback,weak,neutral,0.6666666666666672,hold,hold,0,200,
708,2025-03-12 15:00:00+00:00,2.06,2.07,2.05,2.07,7090.0,pullback,weak,neutral,0.7037037037037035,hold,hold,0,200,
709,2025-03-12 15:15:00+00:00,2.055,2.07,1.99,1.995,42849.0,pullback,weak,neutral,0.4259259259259267,hold,hold,0,200,
710,2025-03-12 15:30:00+00:00,1.995,2.01,1.985,2.01,2208.0,pullback,weak,neutral,0.48148148148148107,hold,hold,0,200,
711,2025-03-12 15:45:00+00:00,2.01,2.04,2.0,2.0,17479.0,pullback,weak,neutral,0.4444444444444448,hold,hold,0,200,
712,2025-03-12 16:00:00+00:00,2.02,2.04,2.01,2.04,7633.0,trend_late,weak,neutral,0.5925925925925931,hold,hold,0,200,
713,2025-03-12 16:15:00+00:00,2.04,2.1,2.04,2.095,19832.0,pullback,weak,neutral,0.7962962962962974,hold,hold,0,200,
714,2025-03-12 16:30:00+00:00,2.09,2.22,2.09,2.18,69988.0,pullback,weak,neutral,0.8823529411764706,hold,hold,0,200,
715,2025-03-12 16:45:00+00:00,2.1669,2.2,2.13,2.175,25353.0,pullback,weak,neutral,0.8676470588235284,hold,hold,0,200,
716,2025-03-12 17:00:00+00:00,2.18,2.2,2.17,2.18,11072.0,pullback,weak,neutral,0.8823529411764706,hold,hold,0,200,
717,2025-03-12 17:15:00+00:00,2.18,2.2999,2.18,2.27,69022.0,pullback,weak,neutral,0.9287925696594427,hold,hold,0,200,
718,2025-03-12 17:30:00+00:00,2.26,2.33,2.25,2.31,73052.0,pullback,weak,neutral,0.9555555555555555,hold,hold,0,200,
719,2025-03-12 17:45:00+00:00,2.3005,2.305,2.22,2.23,29985.0,pullback,weak,neutral,0.7727272727272726,hold,hold,0,200,
720,2025-03-12 18:00:00+00:00,2.23,2.28,2.22,2.23,27625.0,pullback,weak,neutral,0.7726756080927483,hold,hold,0,200,
721,2025-03-12 18:15:00+00:00,2.245,2.26,2.17,2.21,90418.0,pullback,weak,neutral,0.6521739130434779,hold,hold,0,200,
722,2025-03-12 18:30:00+00:00,2.21,2.21,2.1,2.1,34131.0,pullback,weak,neutral,0.3333333333333333,hold,hold,0,200,
723,2025-03-12 18:45:00+00:00,2.1028,2.1028,2.02,2.0393,18728.0,trend_late,weak,neutral,0.1573913043478255,reduce,reduce,-200,0,2.0393
724,2025-03-12 19:00:00+00:00,2.03,2.05,2.0,2.0491,27288.0,trend_late,weak,neutral,0.1857971014492755,hold,hold,0,0,
725,2025-03-12 19:15:00+00:00,2.0491,2.1199,2.0491,2.095,2200.0,trend_late,weak,neutral,0.31884057971014523,hold,hold,0,0,
726,2025-03-12 19:30:00+00:00,2.095,2.115,2.0796,2.115,6900.0,trend_late,weak,neutral,0.3768115942028989,hold,hold,0,0,
727,2025-03-12 19:45:00+00:00,2.1,2.15,2.06,2.145,48545.0,trend_late,weak,neutral,0.46376811594202877,hold,hold,0,0,
728,2025-03-12 20:00:00+00:00,2.14,2.14,2.09,2.135,42541.0,trend_late,weak,neutral,0.43478260869565133,hold,hold,0,0,
729,2025-03-13 13:30:00+00:00,2.16,2.1728,2.13,2.1728,10666.0,risk_rising,weak,neutral,0.5443478260869564,hold,hold,0,0,
730,2025-03-13 13:45:00+00:00,2.17,2.25,2.12,2.122,17099.0,risk_rising,weak,neutral,0.36969696969696925,hold,hold,0,0,
731,2025-03-13 14:00:00+00:00,2.12,2.1508,2.12,2.12,6932.0,risk_rising,weak,neutral,0.36363636363636387,hold,hold,0,0,
732,2025-03-13 14:15:00+00:00,2.1053,2.168,2.1,2.168,8031.0,range_neutral,weak,neutral,0.5090909090909095,hold,hold,0,0,
733,2025-03-13 14:30:00+00:00,2.168,2.185,2.15,2.185,6668.0,range_neutral,weak,neutral,0.5606060606060607,hold,hold,0,0,
734,2025-03-13 14:45:00+00:00,2.185,2.21,2.15,2.185,28043.0,range_neutral,weak,neutral,0.5606060606060607,hold,hold,0,0,
735,2025-03-13 15:00:00+00:00,2.185,2.22,2.15,2.15,22861.0,range_neutral,weak,neutral,0.4545454545454542,hold,hold,0,0,
736,2025-03-13 15:15:00+00:00,2.15,2.1999,2.14,2.145,22126.0,range_neutral,weak,neutral,0.43939393939393934,hold,hold,0,0,
737,2025-03-13 15:30:00+00:00,2.1302,2.2099,2.1203,2.1203,37514.0,risk_rising,weak,neutral,0.364545454545454,hold,hold,0,0,
738,2025-03-13 15:45:00+00:00,2.1203,2.14,2.0679,2.07,36898.0,trend_late,weak,neutral,0.22950819672131084,hold,hold,0,0,
739,2025-03-13 16:00:00+00:00,2.07,2.1,2.07,2.09,8451.0,trend_late,weak,neutral,0.3214285714285711,hold,hold,0,0,
740,2025-03-13 16:15:00+00:00,2.09,2.1259,2.09,2.09,900.0,trend_late,weak,neutral,0.34615384615384587,hold,hold,0,0,
741,2025-03-13 16:30:00+00:00,2.0904,2.11,2.09,2.09,11337.0,trend_late,weak,neutral,0.35999999999999943,hold,hold,0,0,
742,2025-03-13 16:45:00+00:00,2.09,2.1133,2.09,2.105,2123.0,trend_late,weak,neutral,0.41999999999999993,hold,hold,0,0,
743,2025-03-13 17:00:00+00:00,2.09,2.13,2.09,2.125,6600.0,risk_rising,weak,neutral,0.5,hold,hold,0,0,
744,2025-03-13 17:15:00+00:00,2.125,2.25,2.1185,2.24,63047.0,range_distribution,weak,neutral,0.9502239920358397,hold,hold,0,0,
745,2025-03-13 17:30:00+00:00,2.226,2.29,2.2,2.25,51142.0,range_distribution,weak,neutral,0.8260869565217389,hold,hold,0,0,
746,2025-03-13 17:45:00+00:00,2.2769,2.2984,2.18,2.207,63234.0,range_neutral,weak,neutral,0.6166107382550329,hold,hold,0,0,
747,2025-03-13 18:00:00+00:00,2.2,2.25,2.2,2.22,12810.0,range_distribution,weak,neutral,0.6598698481561833,hold,hold,0,0,
748,2025-03-13 18:15:00+00:00,2.21,2.2101,2.1,2.1,42153.0,pullback,weak,neutral,0.1392624728850335,buy,hold,0,0,
749,2025-03-13 18:30:00+00:00,2.1,2.1373,2.1,2.11,7158.0,pullback,weak,neutral,0.182646420824295,hold,hold,0,0,
750,2025-03-13 18:45:00+00:00,2.105,2.14,2.095,2.135,34357.0,pullback,weak,neutral,0.29110629067245075,hold,hold,0,0,
751,2025-03-13 19:00:00+00:00,2.14,2.1825,2.1,2.1728,11672.0,pullback,weak,neutral,0.45509761388286396,hold,hold,0,0,
752,2025-03-13 19:15:00+00:00,2.1,2.17,2.1,2.12,7258.0,pullback,weak,neutral,0.22603036876355845,hold,hold,0,0,
753,2025-03-13 19:30:00+00:00,2.12,2.15,2.1,2.15,24192.0,pullback,weak,neutral,0.3561822125813449,hold,hold,0,0,
754,2025-03-13 19:45:00+00:00,2.15,2.17,2.14,2.165,14639.0,trend_late,weak,neutral,0.42125813449023913,hold,hold,0,0,
755,2025-03-13 20:00:00+00:00,2.165,2.18,2.13,2.15,8075.0,trend_late,weak,neutral,0.3561822125813449,hold,hold,0,0,
756,2025-03-14 13:30:00+00:00,2.16,2.1899,2.16,2.16,7328.0,trend_late,mixed,risk_on,0.3995661605206084,reduce,hold,0,0,
757,2025-03-14 13:45:00+00:00,2.17,2.1768,2.1201,2.14,12700.0,risk_rising,mixed,risk_on,0.31279826464208343,hold,hold,0,0,
758,2025-03-14 14:00:00+00:00,2.17,2.21,2.1529,2.17,9300.0,range_neutral,mixed,risk_on,0.4378283712784589,hold,hold,0,0,
759,2025-03-14 14:15:00+00:00,2.18,2.18,2.16,2.18,5319.0,pullback,mixed,risk_on,0.4318618042226499,hold,hold,0,0,
760,2025-03-14 14:30:00+00:00,2.1953,2.21,2.195,2.21,6373.0,pullback,mixed,risk_on,0.5758157389635318,hold,hold,0,0,
761,2025-03-14 14:45:00+00:00,2.21,2.215,2.17,2.1799,15679.0,range_neutral,mixed,risk_on,0.4313819577735126,hold,hold,0,0,
762,2025-03-14 15:00:00+00:00,2.1799,2.18,2.145,2.15,4832.0,range_accumulation,mixed,risk_on,0.2879078694817659,hold,hold,0,0,
763,2025-03-14 15:15:00+00:00,2.145,2.155,2.13,2.15,17375.0,risk_rising,mixed,risk_on,0.27040314650934005,hold,hold,0,0,
764,2025-03-14 15:30:00+00:00,2.15,2.18,2.15,2.1608,40452.0,trend_late,mixed,risk_on,0.32350049164208416,hold,hold,0,0,
765,2025-03-14 15:45:00+00:00,2.1646,2.17,2.13,2.1511,39428.0,pullback,mixed,risk_on,0.2758112094395274,hold,hold,0,0,
766,2025-03-14 16:00:00+00:00,2.1511,2.19,2.13,2.15,26439.0,trend_late,mixed,risk_on,0.354838709677418,hold,hold,0,0,
767,2025-03-14 16:15:00+00:00,2.15,2.16,2.07,2.08,67493.0,trend_late,mixed,risk_on,0.06896551724138089,hold,hold,0,0,
768,2025-03-14 16:30:00+00:00,2.0898,2.09,2.08,2.0841,10009.0,trend_late,mixed,risk_on,0.09724137931034482,hold,hold,0,0,
769,2025-03-14 16:45:00+00:00,2.08,2.0899,2.07,2.08,7238.0,risk_rising,mixed,risk_on,0.06896551724138089,hold,hold,0,0,
770,2025-03-14 17:00:00+00:00,2.08,2.0893,2.07,2.0807,5812.0,risk_rising,mixed,risk_on,0.07379310344827844,hold,hold,0,0,
771,2025-03-14 17:15:00+00:00,2.0807,2.09,2.0807,2.085,2383.0,risk_rising,mixed,risk_on,0.10344827586206981,hold,hold,0,0,
772,2025-03-14 17:30:00+00:00,2.085,2.091,2.05,2.065,13069.0,risk_rising,mixed,risk_on,0.09090909090909165,hold,hold,0,0,
773,2025-03-14 17:45:00+00:00,2.065,2.07,2.04,2.06,10778.0,risk_rising,mixed,risk_on,0.1142857142857145,hold,hold,0,0,
774,2025-03-14 18:00:00+00:00,2.06,2.0601,2.02,2.04,42783.0,risk_rising,mixed,risk_on,0.10256410256410274,hold,hold,0,0,
775,2025-03-14 18:15:00+00:00,2.04,2.075,2.04,2.075,51112.0,risk_rising,mixed,risk_on,0.2820512820512831,hold,hold,0,0,
776,2025-03-14 18:30:00+00:00,2.07,2.08,2.0503,2.055,9140.0,risk_rising,mixed,risk_on,0.17948717948718038,hold,hold,0,0,
777,2025-03-14 18:45:00+00:00,2.06,2.08,2.01,2.025,130679.0,risk_rising,mixed,risk_on,0.07317073170731765,hold,hold,0,0,
778,2025-03-14 19:00:00+00:00,2.025,2.05,2.0146,2.04,16450.0,risk_rising,mixed,risk_on,0.1463414634146353,hold,hold,0,0,
779,2025-03-14 19:15:00+00:00,2.04,2.04,2.03,2.035,10908.0,risk_rising,mixed,risk_on,0.12195121951219681,hold,hold,0,0,
780,2025-03-14 19:30:00+00:00,2.035,2.035,2.0232,2.0232,5000.0,risk_rising,mixed,risk_on,0.06439024390244058,hold,hold,0,0,
781,2025-03-14 19:45:00+00:00,2.03,2.08,1.98,1.985,72099.0,risk_rising,mixed,risk_on,0.023809523809524363,hold,hold,0,0,
782,2025-03-14 20:00:00+00:00,1.985,2.0,1.96,2.0,87663.0,risk_rising,mixed,risk_on,0.17391304347826103,hold,hold,0,0,
783,2025-03-17 13:30:00+00:00,1.98,1.98,1.92,1.95,13434.0,risk_rising,leading,risk_on,0.1111111111111112,hold,hold,0,0,
784,2025-03-17 13:45:00+00:00,1.967,1.97,1.8809,1.9,40009.0,risk_rising,leading,risk_on,0.0617923002264636,hold,hold,0,0,
785,2025-03-17 14:00:00+00:00,1.9,1.91,1.8466,1.8466,16675.0,risk_rising,leading,risk_on,0.0,hold,hold,0,0,
786,2025-03-17 14:15:00+00:00,1.8593,1.8593,1.78,1.8294,134001.0,risk_rising,leading,risk_on,0.12999999999999967,hold,hold,0,0,
787,2025-03-17 14:30:00+00:00,1.82,1.82,1.78,1.8,60051.0,risk_rising,leading,risk_on,0.06430868167202575,hold,hold,0,0,
788,2025-03-17 14:45:00+00:00,1.8015,1.8599,1.79,1.8593,34652.0,risk_rising,leading,risk_on,0.2549839228295816,hold,hold,0,0,
789,2025-03-17 15:00:00+00:00,1.86,1.86,1.81,1.815,22872.0,risk_rising,leading,risk_on,0.1125401929260447,hold,hold,0,0,
790,2025-03-17 15:15:00+00:00,1.8193,1.84,1.81,1.8349,15970.0,risk_rising,leading,risk_on,0.17652733118971034,hold,hold,0,0,
791,2025-03-17 15:30:00+00:00,1.835,1.865,1.83,1.865,9105.0,risk_rising,leading,risk_on,0.2733118971061091,hold,hold,0,0,
792,2025-03-17 15:45:00+00:00,1.8699,1.88,1.855,1.8607,12546.0,risk_rising,leading,risk_on,0.26899999999999996,hold,hold,0,0,
793,2025-03-17 16:00:00+00:00,1.8607,1.88,1.8607,1.88,2028.0,risk_rising,leading,risk_on,0.3333333333333328,hold,hold,0,0,
794,2025-03-17 16:15:00+00:00,1.88,1.95,1.88,1.945,58783.0,range_neutral,leading,risk_on,0.55,hold,hold,0,0,
795,2025-03-17 16:30:00+00:00,1.945,1.9492,1.89,1.89,39799.0,range_neutral,leading,risk_on,0.3666666666666662,hold,hold,0,0,
796,2025-03-17 16:45:00+00:00,1.89,1.9,1.8801,1.8833,15400.0,range_accumulation,leading,risk_on,0.3443333333333331,hold,hold,0,0,
797,2025-03-17 17:00:00+00:00,1.8833,1.8833,1.85,1.85,19921.0,range_accumulation,leading,risk_on,0.2333333333333335,buy,buy,200,200,1.85
798,2025-03-17 17:15:00+00:00,1.85,1.86,1.8407,1.86,2713.0,range_accumulation,leading,risk_on,0.2666666666666669,hold,hold,0,200,
799,2025-03-17 17:30:00+00:00,1.86,1.88,1.86,1.8707,8041.0,range_accumulation,leading,risk_on,0.3023333333333333,hold,hold,0,200,
800,2025-03-17 17:45:00+00:00,1.875,1.88,1.87,1.87,8220.0,range_accumulation,leading,risk_on,0.3000000000000002,hold,hold,0,200,
801,2025-03-17 18:00:00+00:00,1.87,1.87,1.86,1.8608,3073.0,trend_late,leading,risk_on,0.36727272727272725,hold,hold,0,200,
802,2025-03-17 18:15:00+00:00,1.8608,1.9,1.86,1.88,8965.0,pullback,leading,risk_on,0.49999999999999944,hold,hold,0,200,
803,2025-03-17 18:30:00+00:00,1.88,1.9058,1.875,1.9,8041.0,pullback,leading,risk_on,0.6315789473684206,hold,hold,0,200,
804,2025-03-17 18:45:00+00:00,1.895,1.895,1.85,1.85,45889.0,trend_late,leading,risk_on,0.4117647058823535,hold,hold,0,200,
805,2025-03-17 19:00:00+00:00,1.85,1.87,1.85,1.87,13243.0,trend_late,leading,risk_on,0.529411764705883,hold,hold,0,200,
806,2025-03-17 19:15:00+00:00,1.87,1.88,1.865,1.88,7778.0,trend_late,leading,risk_on,0.5882352941176465,hold,hold,0,200,
807,2025-03-17 19:30:00+00:00,1.88,1.885,1.8706,1.88,1400.0,pullback,leading,risk_on,0.5624999999999994,hold,hold,0,200,
808,2025-03-17 19:45:00+00:00,1.8701,1.9,1.87,1.8899,15737.0,pullback,leading,risk_on,0.5707142857142851,hold,hold,0,200,
809,2025-03-17 20:00:00+00:00,1.89,1.89,1.84,1.845,31352.0,risk_rising,leading,risk_on,0.2499999999999996,reduce,reduce,-200,0,1.845
810,2025-03-18 13:30:00+00:00,1.95,1.96,1.95,1.95,12640.0,pullback,mixed,neutral,0.9230769230769229,buy,buy,200,200,1.95
811,2025-03-18 13:45:00+00:00,1.95,1.9534,1.86,1.9,37601.0,pullback,mixed,neutral,0.49999999999999906,hold,hold,0,200,
812,2025-03-18 14:00:00+00:00,1.8708,1.93,1.8708,1.9,10015.0,pullback,mixed,neutral,0.49999999999999906,hold,hold,0,200,
813,2025-03-18 14:15:00+00:00,1.9,1.91,1.87,1.91,16570.0,pullback,mixed,neutral,0.5833333333333326,hold,hold,0,200,
814,2025-03-18 14:30:00+00:00,1.91,1.92,1.895,1.91,4791.0,pullback,mixed,neutral,0.5833333333333326,hold,hold,0,200,
815,2025-03-18 14:45:00+00:00,1.91,1.9193,1.9,1.91,9093.0,pullback,mixed,neutral,0.5833333333333326,hold,hold,0,200,
816,2025-03-18 15:00:00+00:00,1.9185,1.93,1.91,1.915,8029.0,pullback,mixed,neutral,0.6250000000000002,hold,hold,0,200,
817,2025-03-18 15:15:00+00:00,1.91,1.9193,1.9,1.9,9739.0,pullback,mixed,neutral,0.49999999999999906,hold,hold,0,200,
818,2025-03-18 15:30:00+00:00,1.9,1.925,1.895,1.925,1999.0,pullback,mixed,neutral,0.7083333333333337,hold,hold,0,200,
819,2025-03-18 15:45:00+00:00,1.925,1.925,1.92,1.92,1436.0,pullback,mixed,neutral,0.6666666666666661,hold,hold,0,200,
820,2025-03-18 16:00:00+00:00,1.92,1.9292,1.92,1.92,500.0,trend_late,mixed,neutral,0.6666666666666661,hold,hold,0,200,
821,2025-03-18 16:15:00+00:00,1.92,1.92,1.91,1.915,3432.0,pullback,mixed,neutral,0.6250000000000002,hold,hold,0,200,
822,2025-03-18 16:30:00+00:00,1.915,1.98,1.905,1.93,17880.0,pullback,mixed,neutral,0.6428571428571422,hold,hold,0,200,
823,2025-03-18 16:45:00+00:00,1.93,1.949,1.915,1.915,8884.0,pullback,mixed,neutral,0.5357142857142858,hold,hold,0,200,
824,2025-03-18 17:00:00+00:00,1.91,1.92,1.9,1.9,22521.0,trend_late,mixed,neutral,0.42857142857142766,reduce,reduce,-200,0,1.9
825,2025-03-18 17:15:00+00:00,1.9,1.919,1.9,1.919,420.0,pullback,mixed,neutral,0.5642857142857144,hold,hold,0,0,
826,2025-03-18 17:30:00+00:00,1.919,1.919,1.91,1.91,400.0,trend_late,mixed,neutral,0.4999999999999992,hold,hold,0,0,
827,2025-03-18 17:45:00+00:00,1.91,1.92,1.91,1.91,4897.0,pullback,mixed,neutral,0.4999999999999992,hold,hold,0,0,
828,2025-03-18 18:00:00+00:00,1.91,1.92,1.905,1.92,24870.0,trend_late,mixed,neutral,0.5714285714285707,hold,hold,0,0,
829,2025-03-18 18:15:00+00:00,1.91,1.9191,1.9,1.9,7851.0,risk_rising,mixed,neutral,0.3333333333333321,hold,hold,0,0,
830,2025-03-18 18:30:00+00:00,1.9,1.9,1.89,1.89,1651.0,risk_rising,mixed,neutral,0.2499999999999986,hold,hold,0,0,
831,2025-03-18 18:45:00+00:00,1.8933,1.905,1.89,1.905,6624.0,risk_rising,mixed,neutral,0.3181818181818178,hold,hold,0,0,
832,2025-03-18 19:00:00+00:00,1.905,1.91,1.9,1.9099,13589.0,risk_rising,mixed,neutral,0.36272727272727157,hold,hold,0,0,
833,2025-03-18 19:15:00+00:00,1.9099,1.9099,1.89,1.9,7959.0,risk_rising,mixed,neutral,0.1111111111111111,hold,hold,0,0,
834,2025-03-18 19:30:00+00:00,1.9,1.905,1.8901,1.9,5355.0,range_accumulation,mixed,neutral,0.1111111111111111,hold,hold,0,0,
835,2025-03-18 19:45:00+00:00,1.9,1.91,1.875,1.8899,20425.0,risk_rising,mixed,neutral,0.1419047619047611,hold,hold,0,0,
836,2025-03-18 20:00:00+00:00,1.88,1.9066,1.875,1.88,31873.0,risk_rising,mixed,neutral,0.04761904761904661,hold,hold,0,0,
837,2025-03-19 13:30:00+00:00,1.85,1.85,1.83,1.83,5734.0,risk_rising,weak,risk_on,0.0,hold,hold,0,0,
838,2025-03-19 13:45:00+00:00,1.862,1.862,1.73,1.81,75144.0,risk_rising,weak,risk_on,0.3200000000000003,hold,hold,0,0,
839,2025-03-19 14:00:00+00:00,1.805,1.85,1.8,1.8064,20377.0,risk_rising,weak,risk_on,0.3056000000000001,hold,hold,0,0,
840,2025-03-19 14:15:00+00:00,1.815,1.84,1.81,1.835,5074.0,risk_rising,weak,risk_on,0.41999999999999993,hold,hold,0,0,
841,2025-03-19 14:30:00+00:00,1.82,1.82,1.795,1.795,18884.0,risk_rising,weak,risk_on,0.2599999999999998,hold,hold,0,0,
842,2025-03-19 14:45:00+00:00,1.795,1.8,1.78,1.8,24384.0,risk_rising,weak,risk_on,0.3196347031963472,hold,hold,0,0,
843,2025-03-19 15:00:00+00:00,1.795,1.8296,1.795,1.8,8029.0,risk_rising,weak,risk_on,0.36842105263157937,hold,hold,0,0,
844,2025-03-19 15:15:00+00:00,1.8,1.82,1.79,1.82,3398.0,risk_rising,weak,risk_on,0.4736842105263163,hold,hold,0,0,
845,2025-03-19 15:30:00+00:00,1.83,1.85,1.825,1.845,9303.0,risk_rising,weak,risk_on,0.605263157894737,hold,hold,0,0,
846,2025-03-19 15:45:00+00:00,1.845,1.845,1.83,1.83,4902.0,risk_rising,weak,risk_on,0.5263157894736848,hold,hold,0,0,
847,2025-03-19 16:00:00+00:00,1.83,1.83,1.82,1.825,3862.0,risk_rising,weak,risk_on,0.5,hold,hold,0,0,
848,2025-03-19 16:15:00+00:00,1.825,1.8282,1.825,1.825,650.0,range_neutral,weak,risk_on,0.5023796932839765,hold,hold,0,0,
849,2025-03-19 16:30:00+00:00,1.825,1.84,1.825,1.83,8700.0,range_neutral,weak,risk_on,0.5555555555555562,hold,hold,0,0,
850,2025-03-19 16:45:00+00:00,1.83,1.83,1.8245,1.83,2000.0,risk_rising,weak,risk_on,0.5555555555555562,hold,hold,0,0,
851,2025-03-19 17:00:00+00:00,1.83,1.83,1.83,1.83,500.0,range_neutral,weak,risk_on,0.5555555555555562,hold,hold,0,0,
852,2025-03-19 17:15:00+00:00,1.84,1.84,1.83,1.83,1585.0,range_neutral,weak,risk_on,0.5555555555555562,hold,hold,0,0,
853,2025-03-19 17:30:00+00:00,1.83,1.8398,1.83,1.835,3157.0,range_neutral,weak,risk_on,0.5833333333333335,hold,hold,0,0,
854,2025-03-19 17:45:00+00:00,1.835,1.84,1.83,1.83,390.0,pullback,weak,risk_on,0.5555555555555562,buy,buy,200,200,1.83
855,2025-03-19 18:00:00+00:00,1.83,1.88,1.82,1.87,22822.0,pullback,weak,risk_on,0.792751981879955,hold,hold,0,200,
856,2025-03-19 18:15:00+00:00,1.87,1.87,1.83,1.87,225.0,pullback,weak,risk_on,0.9333333333333347,hold,hold,0,200,
857,2025-03-19 18:30:00+00:00,1.8501,1.87,1.84,1.85,18932.0,pullback,weak,risk_on,0.8000000000000012,hold,hold,0,200,
858,2025-03-19 18:45:00+00:00,1.85,1.86,1.85,1.8503,9477.0,pullback,weak,risk_on,0.7030000000000012,hold,hold,0,200,
859,2025-03-19 19:00:00+00:00,1.8503,1.86,1.84,1.85,4100.0,pullback,weak,risk_on,0.7000000000000015,hold,hold,0,200,
860,2025-03-19 19:15:00+00:00,1.85,1.89,1.85,1.88,29110.0,pullback,weak,risk_on,0.909090909090909,hold,hold,0,200,
861,2025-03-19 19:30:00+00:00,1.8713,1.89,1.84,1.845,41363.0,pullback,weak,risk_on,0.590909090909091,hold,hold,0,200,
862,2025-03-19 19:45:00+00:00,1.8408,1.88,1.84,1.88,26833.0,pullback,weak,risk_on,0.8999999999999998,hold,hold,0,200,
863,2025-03-19 20:00:00+00:00,1.88,1.88,1.84,1.84,38014.0,pullback,weak,risk_on,0.5000000000000011,hold,hold,0,200,
864,2025-03-20 13:30:00+00:00,1.83,1.88,1.82,1.88,3335.0,pullback,weak,neutral,0.8571428571428567,hold,hold,0,200,
865,2025-03-20 13:45:00+00:00,1.9293,1.9293,1.84,1.8612,14902.0,trend_late,weak,neutral,0.3769441903019206,reduce,reduce,-200,0,1.8612
866,2025-03-20 14:00:00+00:00,1.8612,1.8612,1.84,1.84,6095.0,trend_late,weak,neutral,0.18298261665141835,hold,hold,0,0,
867,2025-03-20 14:15:00+00:00,1.84,1.8626,1.835,1.8492,14950.0,trend_late,weak,neutral,0.26715462031106957,hold,hold,0,0,
868,2025-03-20 14:30:00+00:00,1.8492,1.86,1.82,1.82,10433.0,trend_late,weak,neutral,0.0,hold,hold,0,0,
869,2025-03-20 14:45:00+00:00,1.82,1.86,1.82,1.85,24589.0,trend_late,weak,neutral,0.2744739249771275,hold,hold,0,0,
870,2025-03-20 15:00:00+00:00,1.85,1.85,1.815,1.815,10498.0,risk_rising,weak,neutral,0.0,hold,hold,0,0,
871,2025-03-20 15:15:00+00:00,1.82,1.88,1.82,1.85,31664.0,range_accumulation,weak,neutral,0.3062117235345592,hold,hold,0,0,
872,2025-03-20 15:30:00+00:00,1.85,1.8893,1.85,1.8801,19895.0,range_neutral,weak,neutral,0.5695538057742793,hold,hold,0,0,
873,2025-03-20 15:45:00+00:00,1.8801,1.885,1.862,1.885,3161.0,range_neutral,weak,neutral,0.6124234470691166,hold,hold,0,0,
874,2025-03-20 16:00:00+00:00,1.885,1.885,1.88,1.88,1200.0,range_neutral,weak,neutral,0.5686789151356072,hold,hold,0,0,
875,2025-03-20 16:15:00+00:00,1.88,1.89,1.85,1.86,5086.0,risk_rising,weak,neutral,0.3937007874015759,hold,hold,0,0,
876,2025-03-20 16:30:00+00:00,1.86,1.86,1.83,1.835,16991.0,risk_rising,weak,neutral,0.1749781277340333,hold,hold,0,0,
877,2025-03-20 16:45:00+00:00,1.835,1.85,1.82,1.82,5413.0,risk_rising,weak,neutral,0.043744531933509294,hold,hold,0,0,
878,2025-03-20 17:00:00+00:00,1.82,1.82,1.785,1.8,14343.0,risk_rising,weak,neutral,0.10395010395010475,hold,hold,0,0,
879,2025-03-20 17:15:00+00:00,1.795,1.805,1.79,1.8,13053.0,risk_rising,weak,neutral,0.10395010395010475,hold,hold,0,0,
880,2025-03-20 17:30:00+00:00,1.795,1.82,1.795,1.805,8728.0,risk_rising,weak,neutral,0.13860013860013864,hold,hold,0,0,
881,2025-03-20 17:45:00+00:00,1.8,1.82,1.8,1.8007,6572.0,risk_rising,weak,neutral,0.10880110880110906,hold,hold,0,0,
882,2025-03-20 18:00:00+00:00,1.8,1.83,1.7945,1.82,19722.0,risk_rising,weak,neutral,0.24255024255024338,hold,hold,0,0,
883,2025-03-20 18:15:00+00:00,1.825,1.825,1.805,1.81,18646.0,risk_rising,weak,neutral,0.17325017325017406,hold,hold,0,0,
884,2025-03-20 18:30:00+00:00,1.81,1.825,1.81,1.82,6668.0,risk_rising,weak,neutral,0.24255024255024338,hold,hold,0,0,
885,2025-03-20 18:45:00+00:00,1.82,1.83,1.82,1.825,7186.0,risk_rising,weak,neutral,0.3809523809523814,hold,hold,0,0,
886,2025-03-20 19:00:00+00:00,1.82,1.83,1.82,1.83,12156.0,risk_rising,weak,neutral,0.4285714285714301,hold,hold,0,0,
887,2025-03-20 19:15:00+00:00,1.83,1.83,1.825,1.825,2519.0,range_neutral,weak,neutral,0.3809523809523814,hold,hold,0,0,
888,2025-03-20 19:30:00+00:00,1.825,1.83,1.82,1.825,3490.0,range_neutral,weak,neutral,0.3809523809523814,hold,hold,0,0,
889,2025-03-20 19:45:00+00:00,1.82,1.86,1.815,1.82,51603.0,range_accumulation,weak,neutral,0.33333333333333476,hold,hold,0,0,
890,2025-03-20 20:00:00+00:00,1.82,1.83,1.81,1.83,19464.0,range_neutral,weak,neutral,0.4285714285714301,hold,hold,0,0,
891,2025-03-21 13:30:00+00:00,1.86,1.86,1.8,1.85,23659.0,range_neutral,weak,neutral,0.6190476190476207,hold,hold,0,0,
892,2025-03-21 13:45:00+00:00,1.81,1.81,1.73,1.76,124338.0,risk_rising,weak,neutral,0.18750000000000025,hold,hold,0,0,
893,2025-03-21 14:00:00+00:00,1.76,1.78,1.72,1.72,70784.0,risk_rising,weak,neutral,0.0,hold,hold,0,0,
894,2025-03-21 14:15:00+00:00,1.72,1.72,1.69,1.7199,53170.0,risk_rising,weak,neutral,0.14950000000000022,hold,hold,0,0,
895,2025-03-21 14:30:00+00:00,1.7199,1.73,1.705,1.719,10837.0,risk_rising,weak,neutral,0.1705882352941183,hold,hold,0,0,
896,2025-03-21 14:45:00+00:00,1.719,1.719,1.68,1.7,29179.0,risk_rising,weak,neutral,0.1111111111111111,hold,hold,0,0,
897,2025-03-21 15:00:00+00:00,1.7,1.7,1.68,1.685,20283.0,risk_rising,weak,neutral,0.027777777777778394,hold,hold,0,0,
898,2025-03-21 15:15:00+00:00,1.68,1.71,1.68,1.7,20760.0,risk_rising,weak,neutral,0.1111111111111111,hold,hold,0,0,
899,2025-03-21 15:30:00+00:00,1.7,1.7,1.69,1.7,9281.0,risk_rising,weak,neutral,0.1111111111111111,hold,hold,0,0,
900,2025-03-21 15:45:00+00:00,1.7,1.7,1.65,1.66,63480.0,risk_rising,weak,neutral,0.047619047619047616,hold,hold,0,0,
901,2025-03-21 16:00:00+00:00,1.6552,1.67,1.64,1.645,43396.0,risk_rising,weak,neutral,0.02272727272727323,hold,hold,0,0,
902,2025-03-21 16:15:00+00:00,1.645,1.67,1.64,1.6601,22649.0,risk_rising,weak,neutral,0.09136363636363631,hold,hold,0,0,
903,2025-03-21 16:30:00+00:00,1.6601,1.69,1.6601,1.6894,19966.0,risk_rising,weak,neutral,0.22454545454545485,hold,hold,0,0,
904,2025-03-21 16:45:00+00:00,1.6894,1.69,1.66,1.66,25096.0,risk_rising,weak,neutral,0.09090909090909091,hold,hold,0,0,
905,2025-03-21 17:00:00+00:00,1.661,1.67,1.66,1.665,4888.0,risk_rising,weak,neutral,0.11363636363636415,hold,hold,0,0,
906,2025-03-21 17:15:00+00:00,1.665,1.6899,1.665,1.6823,16277.0,risk_rising,weak,neutral,0.19227272727272712,hold,hold,0,0,
907,2025-03-21 17:30:00+00:00,1.69,1.69,1.67,1.67,6673.0,risk_rising,weak,neutral,0.13636363636363635,hold,hold,0,0,
908,2025-03-21 17:45:00+00:00,1.67,1.68,1.66,1.66,28716.0,risk_rising,weak,neutral,0.09090909090909091,hold,hold,0,0,
909,2025-03-21 18:00:00+00:00,1.67,1.68,1.66,1.66,18371.0,risk_rising,weak,neutral,0.09090909090909091,hold,hold,0,0,
910,2025-03-21 18:15:00+00:00,1.66,1.665,1.66,1.66,2739.0,range_accumulation,weak,neutral,0.09090909090909091,hold,hold,0,0,
911,2025-03-21 18:30:00+00:00,1.66,1.6606,1.65,1.65,5087.0,range_accumulation,weak,neutral,0.058823529411764705,hold,hold,0,0,
912,2025-03-21 18:45:00+00:00,1.65,1.6699,1.65,1.665,12312.0,range_accumulation,weak,neutral,0.17857142857142935,hold,hold,0,0,
913,2025-03-21 19:00:00+00:00,1.6608,1.6694,1.66,1.66,5643.0,risk_rising,weak,neutral,0.2222222222222222,hold,hold,0,0,
914,2025-03-21 19:15:00+00:00,1.66,1.67,1.6449,1.6449,36405.0,risk_rising,weak,neutral,0.0544444444444458,hold,hold,0,0,
915,2025-03-21 19:30:00+00:00,1.645,1.65,1.62,1.63,23883.0,risk_rising,weak,neutral,0.10101010101009888,hold,hold,0,0,
916,2025-03-21 19:45:00+00:00,1.63,1.645,1.62,1.645,29417.0,risk_rising,weak,neutral,0.27777777777777724,hold,hold,0,0,
917,2025-03-21 20:00:00+00:00,1.645,1.65,1.63,1.635,41118.0,risk_rising,weak,neutral,0.16666666666666585,hold,hold,0,0,
918,2025-03-24 13:30:00+00:00,1.7,1.7,1.6901,1.6901,4401.0,range_distribution,weak,risk_on,0.8762499999999995,hold,hold,0,0,
919,2025-03-24 13:45:00+00:00,1.6901,1.6901,1.63,1.645,75067.0,risk_rising,weak,risk_on,0.3124999999999995,hold,hold,0,0,
920,2025-03-24 14:00:00+00:00,1.645,1.649,1.6,1.615,89518.0,risk_rising,weak,risk_on,0.14999999999999922,hold,hold,0,0,
921,2025-03-24 14:15:00+00:00,1.615,1.6298,1.61,1.615,23532.0,risk_rising,weak,risk_on,0.14999999999999922,hold,hold,0,0,
922,2025-03-24 14:30:00+00:00,1.615,1.6298,1.6,1.6,86679.0,risk_rising,weak,risk_on,0.0,hold,hold,0,0,
923,2025-03-24 14:45:00+00:00,1.61,1.61,1.6,1.605,22020.0,risk_rising,weak,risk_on,0.049999999999999004,hold,hold,0,0,
924,2025-03-24 15:00:00+00:00,1.605,1.61,1.59,1.59,38774.0,risk_rising,weak,risk_on,0.0,hold,hold,0,0,
925,2025-03-24 15:15:00+00:00,1.59,1.6,1.5801,1.585,31549.0,risk_rising,weak,risk_on,0.04086738949124194,hold,hold,0,0,
926,2025-03-24 15:30:00+00:00,1.59,1.6,1.582,1.6,34277.0,risk_rising,weak,risk_on,0.1659716430358636,hold,hold,0,0,
927,2025-03-24 15:45:00+00:00,1.6,1.61,1.585,1.59,26207.0,risk_rising,weak,risk_on,0.08256880733944978,hold,hold,0,0,
928,2025-03-24 16:00:00+00:00,1.5894,1.6,1.5892,1.5892,19727.0,risk_rising,weak,risk_on,0.07589658048373556,hold,hold,0,0,
929,2025-03-24 16:15:00+00:00,1.59,1.6,1.585,1.595,24627.0,risk_rising,weak,risk_on,0.12427022518765576,hold,hold,0,0,
930,2025-03-24 16:30:00+00:00,1.595,1.6,1.585,1.585,16883.0,risk_rising,weak,risk_on,0.04086738949124194,hold,hold,0,0,
931,2025-03-24 16:45:00+00:00,1.585,1.595,1.58,1.58,21399.0,risk_rising,weak,risk_on,0.0,hold,hold,0,0,
932,2025-03-24 17:00:00+00:00,1.58,1.59,1.58,1.585,38375.0,risk_rising,weak,risk_on,0.04166666666666582,hold,hold,0,0,
933,2025-03-24 17:15:00+00:00,1.585,1.59,1.585,1.585,16729.0,risk_rising,weak,risk_on,0.04166666666666582,hold,hold,0,0,
934,2025-03-24 17:30:00+00:00,1.585,1.59,1.58,1.585,37749.0,risk_rising,weak,risk_on,0.04166666666666582,hold,hold,0,0,
935,2025-03-24 17:45:00+00:00,1.585,1.59,1.58,1.585,19672.0,range_accumulation,weak,risk_on,0.04166666666666582,hold,hold,0,0,
936,2025-03-24 18:00:00+00:00,1.585,1.59,1.58,1.58,17814.0,risk_rising,weak,risk_on,0.0,hold,hold,0,0,
937,2025-03-24 18:15:00+00:00,1.585,1.5894,1.57,1.5789,39172.0,risk_rising,weak,risk_on,0.06846153846153781,hold,hold,0,0,
938,2025-03-24 18:30:00+00:00,1.5789,1.58,1.55,1.555,16826.0,risk_rising,weak,risk_on,0.03568879371877157,hold,hold,0,0,
939,2025-03-24 18:45:00+00:00,1.555,1.585,1.555,1.575,29523.0,risk_rising,weak,risk_on,0.2525252525252517,hold,hold,0,0,
940,2025-03-24 19:00:00+00:00,1.575,1.5859,1.5701,1.585,19510.0,range_neutral,weak,risk_on,0.4385964912280699,hold,hold,0,0,
941,2025-03-24 19:15:00+00:00,1.5893,1.595,1.5701,1.5793,34069.0,risk_rising,weak,risk_on,0.36716791979949787,hold,hold,0,0,
942,2025-03-24 19:30:00+00:00,1.5792,1.5792,1.555,1.565,14775.0,risk_rising,weak,risk_on,0.24999999999999814,hold,hold,0,0,
943,2025-03-24 19:45:00+00:00,1.565,1.57,1.555,1.565,15612.0,risk_rising,weak,risk_on,0.24999999999999814,hold,hold,0,0,
944,2025-03-24 20:00:00+00:00,1.565,1.57,1.53,1.531,65959.0,risk_rising,weak,risk_on,0.012499999999998613,hold,hold,0,0,
945,2025-03-25 13:30:00+00:00,1.54,1.5678,1.54,1.5522,5831.0,risk_rising,mixed,risk_on,0.27749999999999975,hold,hold,0,0,
946,2025-03-25 13:45:00+00:00,1.54,1.54,1.451,1.46,235208.0,risk_rising,mixed,risk_on,0.056603773584905,hold,hold,0,0,
947,2025-03-25 14:00:00+00:00,1.45,1.465,1.4,1.46,67842.0,risk_rising,mixed,risk_on,0.3,hold,hold,0,0,
948,2025-03-25 14:15:00+00:00,1.46,1.487,1.46,1.4695,29845.0,risk_rising,mixed,risk_on,0.34750000000000025,hold,hold,0,0,
949,2025-03-25 14:30:00+00:00,1.47,1.47,1.44,1.4501,28892.0,risk_rising,mixed,risk_on,0.25049999999999994,hold,hold,0,0,
950,2025-03-25 14:45:00+00:00,1.452,1.46,1.4301,1.44,50191.0,risk_rising,mixed,risk_on,0.20512820512820523,hold,hold,0,0,
951,2025-03-25 15:00:00+00:00,1.44,1.47,1.44,1.455,12531.0,risk_rising,mixed,risk_on,0.28205128205128277,hold,hold,0,0,
952,2025-03-25 15:15:00+00:00,1.455,1.46,1.42,1.42,20727.0,risk_rising,mixed,risk_on,0.10256410256410262,hold,hold,0,0,
953,2025-03-25 15:30:00+00:00,1.42,1.44,1.42,1.43,4483.0,risk_rising,mixed,risk_on,0.15384615384615394,hold,hold,0,0,
954,2025-03-25 15:45:00+00:00,1.435,1.4366,1.42,1.4303,32074.0,risk_rising,mixed,risk_on,0.15538461538461532,hold,hold,0,0,
955,2025-03-25 16:00:00+00:00,1.435,1.44,1.42,1.425,21076.0,risk_rising,mixed,risk_on,0.12820512820512886,hold,hold,0,0,
956,2025-03-25 16:15:00+00:00,1.43,1.43,1.42,1.425,10200.0,risk_rising,mixed,risk_on,0.12820512820512886,hold,hold,0,0,
957,2025-03-25 16:30:00+00:00,1.425,1.425,1.41,1.42,4850.0,risk_rising,mixed,risk_on,0.10256410256410262,hold,hold,0,0,
958,2025-03-25 16:45:00+00:00,1.42,1.4259,1.41,1.42,55767.0,risk_rising,mixed,risk_on,0.10256410256410262,hold,hold,0,0,
959,2025-03-25 17:00:00+00:00,1.42,1.4295,1.41,1.41,20500.0,risk_rising,mixed,risk_on,0.05128205128205131,hold,hold,0,0,
960,2025-03-25 17:15:00+00:00,1.4149,1.42,1.385,1.4,167622.0,risk_rising,mixed,risk_on,0.07142857142857098,hold,hold,0,0,
961,2025-03-25 17:30:00+00:00,1.4,1.425,1.3999,1.42,42428.0,risk_rising,mixed,risk_on,0.1802265705458287,hold,hold,0,0,
962,2025-03-25 17:45:00+00:00,1.42,1.42,1.385,1.39,43412.0,risk_rising,mixed,risk_on,0.027027027027026442,hold,hold,0,0,
963,2025-03-25 18:00:00+00:00,1.39,1.395,1.38,1.395,17075.0,risk_rising,mixed,risk_on,0.07894736842105321,hold,hold,0,0,
964,2025-03-25 18:15:00+00:00,1.3999,1.405,1.39,1.4,7831.0,risk_rising,mixed,risk_on,0.10649627263045792,hold,hold,0,0,
965,2025-03-25 18:30:00+00:00,1.4,1.4,1.39,1.395,9850.0,risk_rising,mixed,risk_on,0.0937500000000007,hold,hold,0,0,
966,2025-03-25 18:45:00+00:00,1.395,1.4,1.3901,1.395,2824.0,risk_rising,mixed,risk_on,0.14018691588785137,hold,hold,0,0,
967,2025-03-25 19:00:00+00:00,1.395,1.395,1.39,1.39,3700.0,risk_rising,mixed,risk_on,0.09345794392523354,hold,hold,0,0,
968,2025-03-25 19:15:00+00:00,1.395,1.4,1.39,1.3905,30134.0,risk_rising,mixed,risk_on,0.11666666666666851,hold,hold,0,0,
969,2025-03-25 19:30:00+00:00,1.39,1.4,1.39,1.4,6119.0,risk_rising,mixed,risk_on,0.2222222222222222,hold,hold,0,0,
970,2025-03-25 19:45:00+00:00,1.4,1.46,1.4,1.4397,140789.0,range_distribution,mixed,risk_on,0.6633333333333337,hold,hold,0,0,
971,2025-03-25 20:00:00+00:00,1.4398,1.45,1.42,1.42,30043.0,range_neutral,mixed,risk_on,0.5,hold,hold,0,0,
972,2025-03-26 13:30:00+00:00,1.45,1.45,1.44,1.44,1733.0,range_distribution,weak,neutral,0.75,hold,hold,0,0,
973,2025-03-26 13:45:00+00:00,1.44,1.44,1.42,1.4205,26207.0,range_neutral,weak,neutral,0.5062500000000021,hold,hold,0,0,
974,2025-03-26 14:00:00+00:00,1.4205,1.43,1.4,1.4059,19279.0,range_accumulation,weak,neutral,0.32375000000000015,hold,hold,0,0,
975,2025-03-26 14:15:00+00:00,1.4059,1.415,1.4001,1.41,18813.0,pullback,weak,neutral,0.375,buy,buy,200,200,1.41
976,2025-03-26 14:30:00+00:00,1.41,1.41,1.4,1.4035,5606.0,pullback,weak,neutral,0.2937500000000007,hold,hold,0,200,
977,2025-03-26 14:45:00+00:00,1.4035,1.409,1.4,1.4,9424.0,pullback,weak,neutral,0.25,hold,hold,0,200,
978,2025-03-26 15:00:00+00:00,1.4,1.4,1.39,1.39,3954.0,trend_late,weak,neutral,0.125,hold,hold,0,200,
979,2025-03-26 15:15:00+00:00,1.39,1.3992,1.39,1.3992,2631.0,trend_late,weak,neutral,0.2400000000000011,hold,hold,0,200,
980,2025-03-26 15:30:00+00:00,1.3995,1.4,1.35,1.35,29980.0,trend_late,weak,neutral,0.0,hold,hold,0,200,
981,2025-03-26 15:45:00+00:00,1.355,1.399,1.355,1.387,22925.0,risk_rising,weak,neutral,0.33636363636363603,hold,hold,0,200,
982,2025-03-26 16:00:00+00:00,1.385,1.39,1.37,1.375,20212.0,risk_rising,weak,neutral,0.2272727272727267,hold,hold,0,200,
983,2025-03-26 16:15:00+00:00,1.38,1.39,1.38,1.39,22079.0,risk_rising,weak,neutral,0.36363636363636237,hold,hold,0,200,
984,2025-03-26 16:30:00+00:00,1.3801,1.39,1.3801,1.39,8653.0,risk_rising,weak,neutral,0.36363636363636237,hold,hold,0,200,
985,2025-03-26 16:45:00+00:00,1.3801,1.395,1.3801,1.39,18998.0,risk_rising,weak,neutral,0.36363636363636237,hold,hold,0,200,
986,2025-03-26 17:00:00+00:00,1.39,1.39,1.37,1.3806,35284.0,risk_rising,weak,neutral,0.27818181818181814,hold,hold,0,200,
987,2025-03-26 17:15:00+00:00,1.385,1.39,1.37,1.38,27907.0,risk_rising,weak,neutral,0.27272727272727126,reduce,reduce,-200,0,1.38
988,2025-03-26 17:30:00+00:00,1.38,1.39,1.3732,1.39,15413.0,range_neutral,weak,neutral,0.36363636363636237,hold,hold,0,0,
989,2025-03-26 17:45:00+00:00,1.3801,1.39,1.38,1.3801,15701.0,risk_rising,weak,neutral,0.27363636363636407,hold,hold,0,0,
990,2025-03-26 18:00:00+00:00,1.3801,1.39,1.38,1.39,11845.0,range_neutral,weak,neutral,0.3999999999999987,hold,hold,0,0,
991,2025-03-26 18:15:00+00:00,1.39,1.39,1.3801,1.385,20023.0,risk_rising,weak,neutral,0.34999999999999964,hold,hold,0,0,
992,2025-03-26 18:30:00+00:00,1.39,1.39,1.385,1.39,11880.0,range_neutral,weak,neutral,0.4444444444444431,hold,hold,0,0,
993,2025-03-26 18:45:00+00:00,1.385,1.39,1.3806,1.385,3210.0,risk_rising,weak,neutral,0.43749999999999983,hold,hold,0,0,
994,2025-03-26 19:00:00+00:00,1.385,1.389,1.38,1.385,1775.0,risk_rising,weak,neutral,0.5384615384615377,hold,hold,0,0,
995,2025-03-26 19:15:00+00:00,1.38,1.3899,1.38,1.3899,5261.0,risk_rising,weak,neutral,0.6649999999999989,hold,hold,0,0,
996,2025-03-26 19:30:00+00:00,1.3899,1.39,1.3801,1.385,5396.0,pullback,weak,neutral,0.59322033898305,hold,hold,0,0,
997,2025-03-26 19:45:00+00:00,1.385,1.3895,1.38,1.385,2763.0,pullback,weak,neutral,0.7000000000000008,hold,hold,0,0,
998,2025-03-26 20:00:00+00:00,1.385,1.39,1.38,1.39,5535.0,pullback,weak,neutral,0.7999999999999992,hold,hold,0,0,
999,2025-03-27 13:30:00+00:00,1.41,1.41,1.39,1.39,11521.0,pullback,weak,neutral,0.6666666666666654,buy,hold,0,0,
1000,2025-03-27 13:45:00+00:00,1.38,1.38,1.315,1.3499,55580.0,risk_rising,weak,neutral,0.3673684210526333,hold,hold,0,0,
1001,2025-03-27 14:00:00+00:00,1.3499,1.36,1.3311,1.36,7660.0,risk_rising,weak,neutral,0.4736842105263175,hold,hold,0,0,
1002,2025-03-27 14:15:00+00:00,1.36,1.3928,1.36,1.3774,791.0,risk_rising,weak,neutral,0.6568421052631582,hold,hold,0,0,
1003,2025-03-27 14:30:00+00:00,1.3999,1.4,1.38,1.39,9093.0,range_distribution,weak,neutral,0.7894736842105261,hold,hold,0,0,
1004,2025-03-27 14:45:00+00:00,1.39,1.45,1.38,1.4395,45135.0,pullback,weak,neutral,0.9222222222222226,hold,hold,0,0,
1005,2025-03-27 15:00:00+00:00,1.43,1.43,1.405,1.405,15229.0,pullback,weak,neutral,0.6666666666666672,hold,hold,0,0,
1006,2025-03-27 15:15:00+00:00,1.41,1.44,1.41,1.425,11459.0,pullback,weak,neutral,0.8148148148148154,hold,hold,0,0,
1007,2025-03-27 15:30:00+00:00,1.425,1.4269,1.41,1.425,6132.0,pullback,weak,neutral,0.8148148148148154,hold,hold,0,0,
1008,2025-03-27 15:45:00+00:00,1.42,1.42,1.3805,1.385,4057.0,trend_late,weak,neutral,0.5185185185185189,hold,hold,0,0,
1009,2025-03-27 16:00:00+00:00,1.385,1.3895,1.38,1.385,1350.0,trend_late,weak,neutral,0.5185185185185189,hold,hold,0,0,
1010,2025-03-27 16:15:00+00:00,1.385,1.39,1.38,1.3805,4929.0,pullback,weak,neutral,0.485185185185186,hold,hold,0,0,
1011,2025-03-27 16:30:00+00:00,1.3805,1.385,1.3805,1.385,100.0,pullback,weak,neutral,0.5185185185185189,hold,hold,0,0,
1012,2025-03-27 16:45:00+00:00,1.385,1.39,1.38,1.39,12832.0,pullback,weak,neutral,0.5555555555555551,hold,hold,0,0,
1013,2025-03-27 17:00:00+00:00,1.39,1.39,1.37,1.375,10979.0,trend_late,weak,neutral,0.4444444444444448,reduce,hold,0,0,
1014,2025-03-27 17:15:00+00:00,1.38,1.39,1.375,1.38,3929.0,trend_late,weak,neutral,0.48148148148148107,hold,hold,0,0,
1015,2025-03-27 17:30:00+00:00,1.38,1.39,1.38,1.3895,4920.0,trend_late,weak,neutral,0.5518518518518519,hold,hold,0,0,
1016,2025-03-27 17:45:00+00:00,1.3895,1.405,1.3805,1.405,17748.0,risk_rising,weak,neutral,0.6666666666666672,hold,hold,0,0,
1017,2025-03-27 18:00:00+00:00,1.41,1.43,1.41,1.425,3899.0,range_distribution,weak,neutral,0.8148148148148154,hold,hold,0,0,
1018,2025-03-27 18:15:00+00:00,1.42,1.4293,1.41,1.42,10192.0,range_distribution,weak,neutral,0.7777777777777776,hold,hold,0,0,
1019,2025-03-27 18:30:00+00:00,1.425,1.43,1.41,1.415,7258.0,pullback,weak,neutral,0.7407407407407414,hold,hold,0,0,
1020,2025-03-27 18:45:00+00:00,1.41,1.41,1.395,1.3995,3702.0,pullback,weak,neutral,0.5752733389402861,hold,hold,0,0,
1021,2025-03-27 19:00:00+00:00,1.3995,1.4,1.385,1.39,6793.0,range_accumulation,weak,neutral,0.3333333333333317,hold,hold,0,0,
1022,2025-03-27 19:15:00+00:00,1.395,1.405,1.39,1.395,15396.0,range_accumulation,weak,neutral,0.3124999999999995,hold,hold,0,0,
1023,2025-03-27 19:30:00+00:00,1.4,1.41,1.4,1.4,2115.0,pullback,weak,neutral,0.3749999999999983,hold,hold,0,0,
1024,2025-03-27 19:45:00+00:00,1.4,1.41,1.39,1.4044,29314.0,pullback,weak,neutral,0.4914285714285724,hold,hold,0,0,
1025,2025-03-27 20:00:00+00:00,1.4,1.4,1.37,1.375,56899.0,trend_late,weak,neutral,0.07142857142857006,hold,hold,0,0,
1026,2025-03-28 13:30:00+00:00,1.38,1.3801,1.36,1.36,6924.0,trend_late,weak,neutral,0.0,hold,hold,0,0,
1027,2025-03-28 13:45:00+00:00,1.36,1.37,1.36,1.36,5091.0,trend_late,weak,neutral,0.0,hold,hold,0,0,
1028,2025-03-28 14:00:00+00:00,1.36,1.3694,1.36,1.365,1077.0,risk_rising,weak,neutral,0.07142857142857006,hold,hold,0,0,
1029,2025-03-28 14:15:00+00:00,1.365,1.3892,1.365,1.37,2950.0,risk_rising,weak,neutral,0.14285714285714332,hold,hold,0,0,
1030,2025-03-28 14:30:00+00:00,1.37,1.38,1.37,1.38,1259.0,risk_rising,weak,neutral,0.2857142857142834,hold,hold,0,0,
1031,2025-03-28 14:45:00+00:00,1.38,1.38,1.36,1.375,9370.0,risk_rising,weak,neutral,0.21428571428571339,hold,hold,0,0,
1032,2025-03-28 15:00:00+00:00,1.375,1.375,1.35,1.35,13341.0,risk_rising,weak,neutral,0.0,hold,hold,0,0,
1033,2025-03-28 15:15:00+00:00,1.35,1.36,1.35,1.3505,16419.0,risk_rising,weak,neutral,0.006249999999999324,hold,hold,0,0,
1034,2025-03-28 15:30:00+00:00,1.3505,1.365,1.3505,1.365,5700.0,risk_rising,weak,neutral,0.18749999999999914,hold,hold,0,0,
1035,2025-03-28 15:45:00+00:00,1.365,1.39,1.365,1.375,5921.0,range_accumulation,weak,neutral,0.3124999999999995,hold,hold,0,0,
1036,2025-03-28 16:00:00+00:00,1.375,1.385,1.375,1.385,1500.0,range_neutral,weak,neutral,0.43749999999999983,hold,hold,0,0,
1037,2025-03-28 16:15:00+00:00,1.385,1.41,1.38,1.4,19555.0,range_neutral,weak,neutral,0.624999999999999,hold,hold,0,0,
1038,2025-03-28 16:30:00+00:00,1.3912,1.3912,1.39,1.39,5402.0,range_neutral,weak,neutral,0.4999999999999986,hold,hold,0,0,
1039,2025-03-28 16:45:00+00:00,1.39,1.3999,1.39,1.3999,1285.0,range_distribution,weak,neutral,0.8316666666666662,hold,hold,0,0,
1040,2025-03-28 17:00:00+00:00,1.3999,1.3999,1.39,1.395,6107.0,range_distribution,weak,neutral,0.7500000000000009,hold,hold,0,0,
1041,2025-03-28 17:15:00+00:00,1.395,1.395,1.39,1.39,264.0,pullback,weak,neutral,0.6666666666666654,buy,hold,0,0,
1042,2025-03-28 17:30:00+00:00,1.395,1.4099,1.395,1.4056,8300.0,pullback,weak,neutral,0.9266666666666671,hold,hold,0,0,
1043,2025-03-28 17:45:00+00:00,1.4056,1.4056,1.4,1.405,900.0,pullback,weak,neutral,0.9166666666666682,hold,hold,0,0,
1044,2025-03-28 18:00:00+00:00,1.405,1.41,1.405,1.41,600.0,pullback,weak,neutral,1.0,hold,hold,0,0,
1045,2025-03-28 18:15:00+00:00,1.41,1.4161,1.41,1.4134,3199.0,pullback,weak,neutral,0.9591527987897136,hold,hold,0,0,
1046,2025-03-28 18:30:00+00:00,1.4134,1.42,1.4109,1.415,1711.0,pullback,weak,neutral,0.9285714285714299,hold,hold,0,0,
1047,2025-03-28 18:45:00+00:00,1.415,1.42,1.41,1.415,2621.0,pullback,weak,neutral,0.9285714285714299,hold,hold,0,0,
1048,2025-03-28 19:00:00+00:00,1.42,1.4899,1.4163,1.4899,38255.0,pullback,weak,neutral,1.0,hold,hold,0,0,
1049,2025-03-28 19:15:00+00:00,1.49,1.5,1.47,1.485,27151.0,pullback,weak,neutral,0.9000000000000006,hold,hold,0,0,
1050,2025-03-28 19:30:00+00:00,1.4792,1.485,1.435,1.445,79943.0,pullback,weak,neutral,0.6333333333333335,hold,hold,0,0,
1051,2025-03-28 19:45:00+00:00,1.44,1.44,1.4099,1.41,40188.0,pullback,weak,neutral,0.39999999999999913,hold,hold,0,0,
1052,2025-03-28 20:00:00+00:00,1.4135,1.42,1.39,1.42,43432.0,pullback,weak,neutral,0.4666666666666659,hold,hold,0,0,
1053,2025-03-31 13:30:00+00:00,1.49,1.49,1.45,1.45,23512.0,pullback,weak,neutral,0.6655518394648826,hold,hold,0,0,
1054,2025-03-31 13:45:00+00:00,1.45,1.45,1.31,1.3295,31793.0,trend_late,weak,neutral,0.10263157894736766,reduce,hold,0,0,
1055,2025-03-31 14:00:00+00:00,1.32,1.37,1.32,1.37,8075.0,trend_late,weak,neutral,0.3157894736842109,hold,hold,0,0,
1056,2025-03-31 14:15:00+00:00,1.37,1.43,1.36,1.41,14036.0,trend_late,weak,neutral,0.5263157894736836,hold,hold,0,0,
1057,2025-03-31 14:30:00+00:00,1.41,1.48,1.4,1.47,72262.0,pullback,weak,neutral,0.8421052631578946,hold,hold,0,0,
1058,2025-03-31 14:45:00+00:00,1.47,1.515,1.47,1.505,102670.0,pullback,weak,neutral,0.9512195121951219,hold,hold,0,0,
1059,2025-03-31 15:00:00+00:00,1.505,1.55,1.5,1.525,101462.0,pullback,weak,neutral,0.8958333333333328,hold,hold,0,0,
1060,2025-03-31 15:15:00+00:00,1.525,1.55,1.5007,1.53,49911.0,pullback,weak,neutral,0.9166666666666666,hold,hold,0,0,
1061,2025-03-31 15:30:00+00:00,1.525,1.63,1.525,1.63,118738.0,pullback,weak,neutral,1.0,hold,hold,0,0,
1062,2025-03-31 15:45:00+00:00,1.6309,1.66,1.61,1.6398,104609.0,pullback,weak,neutral,0.9422857142857143,hold,hold,0,0,
1063,2025-03-31 16:00:00+00:00,1.62,1.6399,1.57,1.575,60713.0,pullback,weak,neutral,0.7571428571428571,hold,hold,0,0,
1064,2025-03-31 16:15:00+00:00,1.575,1.6,1.565,1.58,54807.0,pullback,weak,neutral,0.7714285714285718,hold,hold,0,0,
1065,2025-03-31 16:30:00+00:00,1.5706,1.635,1.5706,1.63,76007.0,pullback,weak,neutral,0.9142857142857141,hold,hold,0,0,
1066,2025-03-31 16:45:00+00:00,1.64,1.68,1.6101,1.6101,74110.0,pullback,weak,neutral,0.8110810810810815,buy,buy,200,200,1.6101
1067,2025-03-31 17:00:00+00:00,1.6156,1.6156,1.49,1.495,68553.0,pullback,weak,neutral,0.5000000000000003,hold,hold,0,200,
1068,2025-03-31 17:15:00+00:00,1.49,1.5,1.445,1.4463,40273.0,trend_late,weak,neutral,0.3683783783783781,hold,hold,0,200,
1069,2025-03-31 17:30:00+00:00,1.45,1.4705,1.445,1.47,25521.0,trend_late,weak,neutral,0.43243243243243235,hold,hold,0,200,
1070,2025-03-31 17:45:00+00:00,1.4644,1.47,1.44,1.44,13819.0,trend_late,weak,neutral,0.35135135135135115,hold,hold,0,200,
1071,2025-03-31 18:00:00+00:00,1.44,1.4556,1.435,1.445,26896.0,trend_late,weak,neutral,0.364864864864865,hold,hold,0,200,
1072,2025-03-31 18:15:00+00:00,1.445,1.4697,1.445,1.4697,7723.0,trend_late,weak,neutral,0.43162162162162165,hold,hold,0,200,
1073,2025-03-31 18:30:00+00:00,1.4697,1.4697,1.43,1.435,34202.0,trend_late,weak,neutral,0.33783783783783794,hold,hold,0,200,
1074,2025-03-31 18:45:00+00:00,1.435,1.4499,1.43,1.44,6321.0,risk_rising,weak,neutral,0.33333333333333315,hold,hold,0,200,
1075,2025-03-31 19:00:00+00:00,1.44,1.45,1.44,1.4406,2411.0,risk_rising,weak,neutral,0.2518750000000001,hold,hold,0,200,
1076,2025-03-31 19:15:00+00:00,1.4406,1.48,1.4406,1.445,24856.0,risk_rising,weak,neutral,0.16071428571428623,hold,hold,0,200,
1077,2025-03-31 19:30:00+00:00,1.445,1.45,1.42,1.42,17616.0,risk_rising,weak,neutral,0.0,hold,hold,0,200,
1078,2025-03-31 19:45:00+00:00,1.4201,1.43,1.37,1.39,119489.0,risk_rising,weak,neutral,0.06451612903225744,reduce,hold,0,200,
1079,2025-03-31 20:00:00+00:00,1.3909,1.4,1.378,1.385,28760.0,risk_rising,weak,neutral,0.04838709677419326,hold,hold,0,200,
1080,2025-04-01 13:30:00+00:00,1.34,1.365,1.32,1.32,16539.0,risk_rising,weak,neutral,0.0,hold,hold,0,200,
1081,2025-04-01 13:45:00+00:00,1.32,1.3251,1.27,1.28,102582.0,risk_rising,weak,neutral,0.02439024390243905,hold,hold,0,200,
1082,2025-04-01 14:00:00+00:00,1.28,1.3,1.27,1.27,23222.0,risk_rising,weak,neutral,0.0,hold,hold,0,200,
1083,2025-04-01 14:15:00+00:00,1.2742,1.2799,1.2511,1.26,46913.0,risk_rising,weak,neutral,0.020750757752389628,hold,hold,0,200,
1084,2025-04-01 14:30:00+00:00,1.265,1.3,1.26,1.29,21406.0,risk_rising,weak,neutral,0.09069713219864758,hold,hold,0,200,
1085,2025-04-01 14:45:00+00:00,1.29,1.3072,1.275,1.3,15374.0,risk_rising,weak,neutral,0.11401259034740024,hold,hold,0,200,
1086,2025-04-01 15:00:00+00:00,1.295,1.31,1.295,1.3063,3723.0,risk_rising,weak,neutral,0.15144032921810685,hold,hold,0,200,
1087,2025-04-01 15:15:00+00:00,1.31,1.3483,1.31,1.3483,8153.0,risk_rising,weak,neutral,0.3905182804339092,hold,hold,0,200,
1088,2025-04-01 15:30:00+00:00,1.345,1.35,1.32,1.335,31276.0,risk_rising,weak,neutral,0.36653560506771476,hold,hold,0,200,
1089,2025-04-01 15:45:00+00:00,1.335,1.375,1.325,1.375,22936.0,risk_rising,weak,neutral,0.5412844036697246,hold,hold,0,200,
1090,2025-04-01 16:00:00+00:00,1.38,1.38,1.36,1.375,7365.0,range_neutral,weak,neutral,0.5412844036697246,hold,hold,0,200,
1091,2025-04-01 16:15:00+00:00,1.38,1.3892,1.37,1.37,13830.0,range_neutral,weak,neutral,0.5194408038444739,hold,hold,0,200,
1092,2025-04-01 16:30:00+00:00,1.37,1.38,1.37,1.375,11535.0,range_neutral,weak,neutral,0.5412844036697246,hold,hold,0,200,
1093,2025-04-01 16:45:00+00:00,1.375,1.4,1.37,1.4,19145.0,range_distribution,weak,neutral,0.6505024027959803,hold,hold,0,200,
1094,2025-04-01 17:00:00+00:00,1.39,1.415,1.38,1.405,33918.0,pullback,weak,neutral,0.672346002621232,buy,hold,0,200,
1095,2025-04-01 17:15:00+00:00,1.4,1.405,1.385,1.395,15908.0,pullback,weak,neutral,0.6286588029707295,hold,hold,0,200,
1096,2025-04-01 17:30:00+00:00,1.39,1.4,1.39,1.395,8114.0,pullback,weak,neutral,0.7234791352438412,hold,hold,0,200,
1097,2025-04-01 17:45:00+00:00,1.395,1.4,1.38,1.38,10800.0,pullback,weak,neutral,0.7205142537730571,hold,hold,0,200,
1098,2025-04-01 18:00:00+00:00,1.38,1.41,1.38,1.395,17561.0,pullback,weak,neutral,0.8779743746186698,hold,hold,0,200,
1099,2025-04-01 18:15:00+00:00,1.39,1.4,1.38,1.4,9459.0,pullback,weak,neutral,0.9084807809640016,hold,hold,0,200,
1100,2025-04-01 18:30:00+00:00,1.4,1.41,1.39,1.405,3850.0,pullback,weak,neutral,0.9389871873093348,hold,hold,0,200,
1101,2025-04-01 18:45:00+00:00,1.41,1.42,1.4,1.4,18532.0,pullback,weak,neutral,0.8815867377146238,hold,hold,0,200,
1102,2025-04-01 19:00:00+00:00,1.405,1.41,1.4,1.41,4996.0,pullback,weak,neutral,0.9407933688573119,hold,hold,0,200,
1103,2025-04-01 19:15:00+00:00,1.41,1.415,1.4,1.415,12811.0,pullback,weak,neutral,0.9687500000000007,hold,hold,0,200,
1104,2025-04-01 19:30:00+00:00,1.415,1.425,1.41,1.4221,4958.0,pullback,weak,neutral,0.9806666666666658,hold,hold,0,200,
1105,2025-04-01 19:45:00+00:00,1.4221,1.435,1.42,1.425,12802.0,pullback,weak,neutral,0.9285714285714286,hold,hold,0,200,
1106,2025-04-01 20:00:00+00:00,1.425,1.43,1.4,1.41,54210.0,pullback,weak,neutral,0.7999999999999989,hold,hold,0,200,
1107,2025-04-02 13:30:00+00:00,1.38,1.38,1.36,1.36,17096.0,trend_late,weak,neutral,0.34782608695652206,reduce,hold,0,200,
1108,2025-04-02 13:45:00+00:00,1.36,1.41,1.35,1.3837,12430.0,trend_late,weak,neutral,0.5336363636363629,hold,hold,0,200,
1109,2025-04-02 14:00:00+00:00,1.3837,1.415,1.3837,1.4,1669.0,trend_late,weak,neutral,0.5882352941176452,hold,hold,0,200,
1110,2025-04-02 14:15:00+00:00,1.4,1.43,1.4,1.43,8991.0,pullback,weak,neutral,0.941176470588234,hold,hold,0,200,
1111,2025-04-02 14:30:00+00:00,1.435,1.52,1.4211,1.49,23151.0,pullback,weak,neutral,0.8235294117647056,hold,hold,0,200,
1112,2025-04-02 14:45:00+00:00,1.49,1.53,1.49,1.5,18216.0,pullback,weak,neutral,0.8333333333333331,hold,hold,0,200,
1113,2025-04-02 15:00:00+00:00,1.5,1.54,1.5,1.53,6358.0,pullback,weak,neutral,0.9473684210526315,hold,hold,0,200,
1114,2025-04-02 15:15:00+00:00,1.53,1.55,1.5067,1.525,35231.0,pullback,weak,neutral,0.8749999999999993,hold,hold,0,200,
1115,2025-04-02 15:30:00+00:00,1.52,1.55,1.52,1.5498,11224.0,pullback,weak,neutral,0.9990000000000001,hold,hold,0,200,
1116,2025-04-02 15:45:00+00:00,1.542,1.56,1.5201,1.548,54700.0,pullback,weak,neutral,0.9428571428571428,hold,hold,0,200,
1117,2025-04-02 16:00:00+00:00,1.545,1.6,1.54,1.595,32895.0,pullback,weak,neutral,0.9799999999999995,hold,hold,0,200,
1118,2025-04-02 16:15:00+00:00,1.5901,1.64,1.57,1.6288,43410.0,pullback,weak,neutral,0.961379310344828,hold,hold,0,200,
1119,2025-04-02 16:30:00+00:00,1.6288,1.63,1.605,1.62,20855.0,pullback,weak,neutral,0.9310344827586213,buy,hold,0,200,
1120,2025-04-02 16:45:00+00:00,1.625,1.635,1.6,1.6,52674.0,pullback,weak,neutral,0.8620689655172419,hold,hold,0,200,
1121,2025-04-02 17:00:00+00:00,1.6,1.62,1.595,1.62,12165.0,pullback,weak,neutral,0.9310344827586213,hold,hold,0,200,
1122,2025-04-02 17:15:00+00:00,1.615,1.64,1.61,1.63,11930.0,pullback,weak,neutral,0.9655172413793103,hold,hold,0,200,
1123,2025-04-02 17:30:00+00:00,1.63,1.635,1.61,1.61,14939.0,pullback,weak,neutral,0.8965517241379316,hold,hold,0,200,
1124,2025-04-02 17:45:00+00:00,1.61,1.62,1.6,1.615,4800.0,pullback,weak,neutral,0.9137931034482761,hold,hold,0,200,
1125,2025-04-02 18:00:00+00:00,1.615,1.65,1.61,1.65,26001.0,pullback,weak,neutral,1.0,hold,hold,0,200,
1126,2025-04-02 18:15:00+00:00,1.6451,1.66,1.64,1.64,27525.0,pullback,weak,neutral,0.9354838709677419,hold,hold,0,200,
1127,2025-04-02 18:30:00+00:00,1.645,1.65,1.62,1.625,13172.0,pullback,weak,neutral,0.8870967741935486,hold,hold,0,200,
1128,2025-04-02 18:45:00+00:00,1.62,1.64,1.61,1.62,10956.0,trend_late,weak,neutral,0.8552298226565335,hold,hold,0,200,
1129,2025-04-02 19:00:00+00:00,1.62,1.62,1.6,1.61,18074.0,trend_late,weak,neutral,0.8076923076923084,hold,hold,0,200,
1130,2025-04-02 19:15:00+00:00,1.61,1.64,1.61,1.62,14164.0,pullback,weak,neutral,0.832565927166179,hold,hold,0,200,
1131,2025-04-02 19:30:00+00:00,1.63,1.64,1.62,1.635,10339.0,pullback,weak,neutral,0.8529411764705886,hold,hold,0,200,
1132,2025-04-02 19:45:00+00:00,1.63,1.655,1.63,1.655,28182.0,pullback,weak,neutral,0.9687500000000007,hold,hold,0,200,
1133,2025-04-02 20:00:00+00:00,1.655,1.69,1.64,1.68,91736.0,pullback,weak,neutral,0.94544462629569,hold,hold,0,200,
1134,2025-04-03 13:30:00+00:00,1.48,1.525,1.48,1.525,7945.0,trend_late,weak,risk_off,0.214285714285714,sell,sell,-200,0,1.525
1135,2025-04-03 13:45:00+00:00,1.52,1.61,1.49,1.61,22555.0,trend_late,weak,risk_off,0.6190476190476197,hold,hold,0,0,
1136,2025-04-03 14:00:00+00:00,1.615,1.66,1.615,1.6308,17671.0,trend_late,weak,risk_off,0.7180952380952385,hold,hold,0,0,
1137,2025-04-03 14:15:00+00:00,1.635,1.67,1.6338,1.6338,7733.0,range_distribution,weak,risk_off,0.7323809523809522,hold,hold,0,0,
1138,2025-04-03 14:30:00+00:00,1.63,1.64,1.62,1.63,10747.0,range_distribution,weak,risk_off,0.714285714285714,hold,hold,0,0,
1139,2025-04-03 14:45:00+00:00,1.6275,1.6585,1.605,1.6494,10485.0,pullback,weak,risk_off,0.8066666666666668,avoid,avoid,0,0,
1140,2025-04-03 15:00:00+00:00,1.6494,1.6494,1.6,1.6072,18193.0,trend_late,weak,risk_off,0.6057142857142858,sell,hold,0,0,
1141,2025-04-03 15:15:00+00:00,1.6072,1.6199,1.59,1.6199,11935.0,risk_rising,weak,risk_off,0.6661904761904759,reduce,hold,0,0,
1142,2025-04-03 15:30:00+00:00,1.6199,1.64,1.61,1.64,5151.0,risk_rising,weak,risk_off,0.7619047619047616,hold,hold,0,0,
1143,2025-04-03 15:45:00+00:00,1.64,1.64,1.605,1.62,13831.0,risk_rising,weak,risk_off,0.6666666666666674,hold,hold,0,0,
1144,2025-04-03 16:00:00+00:00,1.62,1.63,1.605,1.605,20162.0,range_neutral,weak,risk_off,0.5952380952380953,avoid,avoid,0,0,
1145,2025-04-03 16:15:00+00:00,1.605,1.61,1.575,1.575,15191.0,risk_rising,weak,risk_off,0.45238095238095233,reduce,hold,0,0,
1146,2025-04-03 16:30:00+00:00,1.575,1.58,1.56,1.56,4803.0,risk_rising,weak,risk_off,0.3809523809523814,hold,hold,0,0,
1147,2025-04-03 16:45:00+00:00,1.56,1.56,1.53,1.53,2700.0,risk_rising,weak,risk_off,0.23809523809523836,hold,hold,0,0,
1148,2025-04-03 17:00:00+00:00,1.53,1.54,1.515,1.53,19514.0,risk_rising,weak,risk_off,0.23809523809523836,hold,hold,0,0,
1149,2025-04-03 17:15:00+00:00,1.53,1.54,1.5206,1.525,7285.0,risk_rising,weak,risk_off,0.214285714285714,hold,hold,0,0,
1150,2025-04-03 17:30:00+00:00,1.525,1.53,1.525,1.53,1228.0,risk_rising,weak,risk_off,0.23809523809523836,hold,hold,0,0,
1151,2025-04-03 17:45:00+00:00,1.53,1.53,1.525,1.53,2151.0,risk_rising,weak,risk_off,0.23809523809523836,hold,hold,0,0,
1152,2025-04-03 18:00:00+00:00,1.53,1.55,1.525,1.55,9057.0,risk_rising,weak,risk_off,0.3333333333333337,hold,hold,0,0,
1153,2025-04-03 18:15:00+00:00,1.55,1.5501,1.52,1.525,35041.0,risk_rising,weak,risk_off,0.23684210526315758,hold,hold,0,0,
1154,2025-04-03 18:30:00+00:00,1.5275,1.55,1.5275,1.55,6604.0,risk_rising,weak,risk_off,0.33333333333333376,hold,hold,0,0,
1155,2025-04-03 18:45:00+00:00,1.54,1.55,1.5399,1.545,5210.0,risk_rising,weak,risk_off,0.19354838709677433,hold,hold,0,0,
1156,2025-04-03 19:00:00+00:00,1.5401,1.61,1.54,1.59,18170.0,range_neutral,weak,risk_off,0.48387096774193655,avoid,avoid,0,0,
1157,2025-04-03 19:15:00+00:00,1.61,1.61,1.565,1.565,8330.0,range_accumulation,weak,risk_off,0.3484320557491288,hold,hold,0,0,
1158,2025-04-03 19:30:00+00:00,1.5779,1.59,1.55,1.57,14875.0,range_neutral,weak,risk_off,0.38327526132404244,hold,hold,0,0,
1159,2025-04-03 19:45:00+00:00,1.57,1.58,1.57,1.58,11454.0,range_neutral,weak,risk_off,0.4836309523809534,hold,hold,0,0,
1160,2025-04-03 20:00:00+00:00,1.575,1.59,1.575,1.585,9728.0,range_neutral,weak,risk_off,0.5600000000000005,hold,hold,0,0,
1161,2025-04-04 13:30:00+00:00,1.73,1.82,1.69,1.79,38730.0,pullback,weak,risk_off,0.9016393442622951,hold,hold,0,0,
1162,2025-04-04 13:45:00+00:00,1.75,1.81,1.72,1.7663,144890.0,pullback,weak,risk_off,0.8239344262295081,hold,hold,0,0,
1163,2025-04-04 14:00:00+00:00,1.786,1.79,1.72,1.7376,82509.0,pullback,weak,risk_off,0.7298360655737706,hold,hold,0,0,
1164,2025-04-04 14:15:00+00:00,1.76,1.77,1.72,1.75,43638.0,pullback,weak,risk_off,0.7704918032786885,hold,hold,0,0,
1165,2025-04-04 14:30:00+00:00,1.75,1.79,1.7401,1.76,64969.0,pullback,weak,risk_off,0.8032786885245901,hold,hold,0,0,
1166,2025-04-04 14:45:00+00:00,1.75,1.75,1.72,1.725,57296.0,pullback,weak,risk_off,0.6885245901639346,hold,hold,0,0,
1167,2025-04-04 15:00:00+00:00,1.72,1.73,1.63,1.7114,72951.0,pullback,weak,risk_off,0.6439344262295082,hold,hold,0,0,
1168,2025-04-04 15:15:00+00:00,1.73,1.79,1.73,1.77,57319.0,pullback,weak,risk_off,0.8333333333333333,hold,hold,0,0,
1169,2025-04-04 15:30:00+00:00,1.765,1.78,1.7401,1.7401,17711.0,pullback,weak,risk_off,0.7336666666666665,hold,hold,0,0,
1170,2025-04-04 15:45:00+00:00,1.7421,1.7421,1.675,1.68,16543.0,pullback,weak,risk_off,0.533333333333333,hold,hold,0,0,
1171,2025-04-04 16:00:00+00:00,1.68,1.71,1.65,1.65,20028.0,trend_late,weak,risk_off,0.4333333333333329,sell,hold,0,0,
1172,2025-04-04 16:15:00+00:00,1.65,1.69,1.64,1.64,4305.0,trend_late,weak,risk_off,0.3999999999999996,hold,hold,0,0,
1173,2025-04-04 16:30:00+00:00,1.645,1.72,1.64,1.7158,23855.0,trend_late,weak,risk_off,0.6437606837606835,hold,hold,0,0,
1174,2025-04-04 16:45:00+00:00,1.6975,1.7253,1.64,1.64,16428.0,trend_late,weak,risk_off,0.357372367011781,hold,hold,0,0,
1175,2025-04-04 17:00:00+00:00,1.64,1.659,1.64,1.65,14301.0,trend_late,weak,risk_off,0.39285714285714235,hold,hold,0,0,
1176,2025-04-04 17:15:00+00:00,1.65,1.6583,1.64,1.64,3966.0,trend_late,weak,risk_off,0.33333333333333276,hold,hold,0,0,
1177,2025-04-04 17:30:00+00:00,1.64,1.648,1.63,1.635,11571.0,risk_rising,weak,risk_off,0.31481481481481466,reduce,hold,0,0,
1178,2025-04-04 17:45:00+00:00,1.635,1.64,1.63,1.635,10099.0,risk_rising,weak,risk_off,0.2599999999999998,hold,hold,0,0,
1179,2025-04-04 18:00:00+00:00,1.6301,1.66,1.63,1.6501,21851.0,risk_rising,weak,risk_off,0.3065306122448976,hold,hold,0,0,
1180,2025-04-04 18:15:00+00:00,1.67,1.68,1.63,1.63,20008.0,risk_rising,weak,risk_off,0.0,hold,hold,0,0,
1181,2025-04-04 18:30:00+00:00,1.645,1.6559,1.58,1.59,45298.0,risk_rising,weak,risk_off,0.04347826086956526,hold,hold,0,0,
1182,2025-04-04 18:45:00+00:00,1.59,1.595,1.56,1.56,23052.0,risk_rising,weak,risk_off,0.0,hold,hold,0,0,
1183,2025-04-04 19:00:00+00:00,1.55,1.559,1.52,1.52,9127.0,risk_rising,weak,risk_off,0.0,hold,hold,0,0,
1184,2025-04-04 19:15:00+00:00,1.5348,1.54,1.5201,1.53,8595.0,risk_rising,weak,risk_off,0.03703703703703707,hold,hold,0,0,
1185,2025-04-04 19:30:00+00:00,1.53,1.55,1.52,1.52,137085.0,risk_rising,weak,risk_off,0.0,hold,hold,0,0,
1186,2025-04-04 19:45:00+00:00,1.52,1.52,1.32,1.33,198919.0,risk_rising,weak,risk_off,0.02127659574468087,hold,hold,0,0,
1187,2025-04-04 20:00:00+00:00,1.3201,1.5,1.23,1.49,204923.0,risk_rising,weak,risk_off,0.46428571428571425,hold,hold,0,0,
1188,2025-04-07 13:30:00+00:00,1.43,1.43,1.38,1.38,7826.0,risk_rising,weak,risk_off,0.27272727272727254,hold,hold,0,0,
1189,2025-04-07 13:45:00+00:00,1.395,1.47,1.281,1.281,81303.0,risk_rising,weak,risk_off,0.09958992384299929,hold,hold,0,0,
1190,2025-04-07 14:00:00+00:00,1.28,1.43,1.28,1.42,144805.0,risk_rising,weak,risk_off,0.38360589541691886,hold,hold,0,0,
1191,2025-04-07 14:15:00+00:00,1.425,1.5688,1.42,1.56,20935.0,risk_rising,weak,risk_off,0.6662628709872804,hold,hold,0,0,
1192,2025-04-07 14:30:00+00:00,1.55,1.59,1.42,1.435,66262.0,risk_rising,weak,risk_off,0.4138905713708864,hold,hold,0,0,
1193,2025-04-07 14:45:00+00:00,1.435,1.46,1.4101,1.45,21080.0,risk_rising,weak,risk_off,0.44417524732485353,hold,hold,0,0,
1194,2025-04-07 15:00:00+00:00,1.45,1.46,1.425,1.459,14450.0,risk_rising,weak,risk_off,0.5088888888888892,hold,hold,0,0,
1195,2025-04-07 15:15:00+00:00,1.459,1.4653,1.41,1.41,14489.0,risk_rising,weak,risk_off,0.3999999999999999,hold,hold,0,0,
1196,2025-04-07 15:30:00+00:00,1.41,1.42,1.41,1.4148,869.0,range_neutral,weak,risk_off,0.4106666666666669,avoid,avoid,0,0,
1197,2025-04-07 15:45:00+00:00,1.4148,1.4598,1.405,1.4595,8235.0,risk_rising,weak,risk_off,0.5100000000000001,reduce,hold,0,0,
1198,2025-04-07 16:00:00+00:00,1.4598,1.46,1.45,1.46,5798.0,range_neutral,weak,risk_off,0.5111111111111111,avoid,avoid,0,0,
1199,2025-04-07 16:15:00+00:00,1.4595,1.4595,1.4349,1.4349,739.0,range_neutral,weak,risk_off,0.45533333333333353,hold,hold,0,0,
1200,2025-04-07 16:30:00+00:00,1.4349,1.45,1.4305,1.45,943.0,range_neutral,weak,risk_off,0.5165531814980042,hold,hold,0,0,
1201,2025-04-07 16:45:00+00:00,1.45,1.51,1.45,1.48,4838.0,risk_rising,weak,risk_off,0.684931506849315,reduce,hold,0,0,
1202,2025-04-07 17:00:00+00:00,1.48,1.4825,1.445,1.4501,4745.0,pullback,weak,risk_off,0.6113888888888886,avoid,avoid,0,0,
1203,2025-04-07 17:15:00+00:00,1.4501,1.5184,1.4501,1.5184,3782.0,pullback,weak,risk_off,0.8011111111111109,hold,hold,0,0,
1204,2025-04-07 17:30:00+00:00,1.5184,1.57,1.51,1.57,1081.0,pullback,weak,risk_off,0.9444444444444444,hold,hold,0,0,
1205,2025-04-07 17:45:00+00:00,1.555,1.59,1.555,1.59,7000.0,pullback,weak,risk_off,1.0,hold,hold,0,0,
1206,2025-04-07 18:00:00+00:00,1.58,1.58,1.575,1.575,400.0,pullback,weak,risk_off,0.958333333333333,hold,hold,0,0,
1207,2025-04-07 18:15:00+00:00,1.57,1.585,1.55,1.57,12911.0,pullback,weak,risk_off,0.9354838709677419,hold,hold,0,0,
1208,2025-04-07 18:30:00+00:00,1.575,1.61,1.57,1.59,19085.0,pullback,weak,risk_off,0.9393939393939393,hold,hold,0,0,
1209,2025-04-07 18:45:00+00:00,1.59,1.6,1.5601,1.58,9903.0,pullback,weak,risk_off,0.9090909090909091,hold,hold,0,0,
1210,2025-04-07 19:00:00+00:00,1.58,1.598,1.57,1.58,6800.0,pullback,weak,risk_off,0.8536585365853657,hold,hold,0,0,
1211,2025-04-07 19:15:00+00:00,1.58,1.585,1.57,1.57,1941.0,pullback,weak,risk_off,0.8048780487804877,hold,hold,0,0,
1212,2025-04-07 19:30:00+00:00,1.57,1.63,1.57,1.605,14256.0,pullback,weak,risk_off,0.8888888888888892,hold,hold,0,0,
1213,2025-04-07 19:45:00+00:00,1.6106,1.67,1.6106,1.64,30263.0,pullback,weak,risk_off,0.8867924528301885,hold,hold,0,0,
1214,2025-04-07 20:00:00+00:00,1.63,1.65,1.62,1.635,29891.0,pullback,weak,risk_off,0.867924528301887,hold,hold,0,0,
1215,2025-04-08 13:30:00+00:00,1.7,1.7098,1.68,1.68,15087.0,pullback,weak,risk_off,0.9022309711286087,hold,hold,0,0,
1216,2025-04-08 13:45:00+00:00,1.68,1.6897,1.571,1.6352,45129.0,pullback,weak,risk_off,0.7552493438320209,hold,hold,0,0,
1217,2025-04-08 14:00:00+00:00,1.6352,1.6499,1.6,1.62,13220.0,pullback,weak,risk_off,0.6784819190834231,hold,hold,0,0,
1218,2025-04-08 14:15:00+00:00,1.62,1.649,1.61,1.63,21833.0,pullback,weak,risk_off,0.7142857142857139,hold,hold,0,0,
1219,2025-04-08 14:30:00+00:00,1.635,1.645,1.63,1.645,9289.0,pullback,weak,risk_off,0.7679914070891515,hold,hold,0,0,
1220,2025-04-08 14:45:00+00:00,1.645,1.645,1.63,1.6336,1652.0,pullback,weak,risk_off,0.7122356495468275,hold,hold,0,0,
1221,2025-04-08 15:00:00+00:00,1.6336,1.6537,1.63,1.635,5986.0,pullback,weak,risk_off,0.7175226586102719,hold,hold,0,0,
1222,2025-04-08 15:15:00+00:00,1.635,1.64,1.6301,1.635,3800.0,pullback,weak,risk_off,0.711975356180208,hold,hold,0,0,
1223,2025-04-08 15:30:00+00:00,1.63,1.65,1.62,1.635,17883.0,trend_late,weak,risk_off,0.6256256256256257,sell,hold,0,0,
1224,2025-04-08 15:45:00+00:00,1.64,1.67,1.64,1.65,2918.0,pullback,weak,risk_off,0.6257822277847304,avoid,avoid,0,0,
1225,2025-04-08 16:00:00+00:00,1.65,1.67,1.63,1.63,4523.0,trend_late,weak,risk_off,0.500625782227784,sell,hold,0,0,
1226,2025-04-08 16:15:00+00:00,1.63,1.64,1.62,1.62,941.0,trend_late,weak,risk_off,0.4380475594493122,hold,hold,0,0,
1227,2025-04-08 16:30:00+00:00,1.61,1.6101,1.6001,1.61,1185.0,trend_late,weak,risk_off,0.3333333333333338,hold,hold,0,0,
1228,2025-04-08 16:45:00+00:00,1.61,1.61,1.6,1.6,7523.0,trend_late,weak,risk_off,0.26653306613226496,hold,hold,0,0,
1229,2025-04-08 17:00:00+00:00,1.6,1.61,1.57,1.571,19243.0,risk_rising,weak,risk_off,0.0071530758226029355,reduce,hold,0,0,
1230,2025-04-08 17:15:00+00:00,1.575,1.575,1.536,1.55,18043.0,risk_rising,weak,risk_off,0.08055235903337178,hold,hold,0,0,
1231,2025-04-08 17:30:00+00:00,1.5489,1.55,1.54,1.54,5222.0,risk_rising,weak,risk_off,0.02301495972382051,hold,hold,0,0,
1232,2025-04-08 17:45:00+00:00,1.54,1.555,1.53,1.555,4152.0,risk_rising,weak,risk_off,0.13904338153503848,hold,hold,0,0,
1233,2025-04-08 18:00:00+00:00,1.57,1.57,1.5449,1.545,5350.0,risk_rising,weak,risk_off,0.08342602892102284,hold,hold,0,0,
1234,2025-04-08 18:15:00+00:00,1.55,1.55,1.531,1.54,1371.0,risk_rising,weak,risk_off,0.05561735261401563,hold,hold,0,0,
1235,2025-04-08 18:30:00+00:00,1.54,1.5501,1.54,1.55,2900.0,risk_rising,weak,risk_off,0.1252348152786476,hold,hold,0,0,
1236,2025-04-08 18:45:00+00:00,1.55,1.55,1.54,1.5486,1599.0,risk_rising,weak,risk_off,0.1328571428571426,hold,hold,0,0,
1237,2025-04-08 19:00:00+00:00,1.5486,1.549,1.525,1.54,1730.0,risk_rising,weak,risk_off,0.10344827586206981,hold,hold,0,0,
1238,2025-04-08 19:15:00+00:00,1.54,1.54,1.5201,1.5201,460.0,risk_rising,weak,risk_off,0.0,hold,hold,0,0,
1239,2025-04-08 19:30:00+00:00,1.54,1.54,1.51,1.52,3495.0,risk_rising,weak,risk_off,0.06250000000000008,hold,hold,0,0,
1240,2025-04-08 19:45:00+00:00,1.52,1.535,1.52,1.53,4682.0,risk_rising,weak,risk_off,0.12500000000000017,hold,hold,0,0,
1241,2025-04-08 20:00:00+00:00,1.52,1.54,1.52,1.53,23776.0,risk_rising,weak,risk_off,0.12500000000000017,hold,hold,0,0,
1242,2025-04-09 13:30:00+00:00,1.55,1.55,1.55,1.55,5852.0,risk_rising,weak,neutral,0.25000000000000033,hold,hold,0,0,
1243,2025-04-09 13:45:00+00:00,1.55,1.63,1.52,1.6,36209.0,range_neutral,weak,neutral,0.5625000000000008,hold,hold,0,0,
1244,2025-04-09 14:00:00+00:00,1.6,1.64,1.57,1.625,27344.0,range_distribution,weak,neutral,0.7187500000000003,hold,hold,0,0,
1245,2025-04-09 14:15:00+00:00,1.65,1.65,1.59,1.6,27879.0,range_neutral,weak,neutral,0.6428571428571439,hold,hold,0,0,
1246,2025-04-09 14:30:00+00:00,1.6001,1.63,1.6,1.6042,11999.0,pullback,weak,neutral,0.6728571428571438,buy,hold,0,0,
1247,2025-04-09 14:45:00+00:00,1.63,1.64,1.61,1.62,3791.0,pullback,weak,neutral,0.7857142857142869,hold,hold,0,0,
1248,2025-04-09 15:00:00+00:00,1.62,1.62,1.5612,1.57,1622.0,pullback,weak,neutral,0.42857142857142927,hold,hold,0,0,
1249,2025-04-09 15:15:00+00:00,1.58,1.595,1.56,1.59,13910.0,pullback,weak,neutral,0.5714285714285723,hold,hold,0,0,
1250,2025-04-09 15:30:00+00:00,1.59,1.625,1.585,1.615,25166.0,pullback,weak,neutral,0.7500000000000004,hold,hold,0,0,
1251,2025-04-09 15:45:00+00:00,1.615,1.615,1.58,1.5971,4600.0,pullback,weak,neutral,0.6221428571428572,hold,hold,0,0,
1252,2025-04-09 16:00:00+00:00,1.5971,1.5971,1.55,1.55,22493.0,pullback,weak,neutral,0.28571428571428614,hold,hold,0,0,
1253,2025-04-09 16:15:00+00:00,1.55,1.55,1.53,1.53,10838.0,trend_late,weak,neutral,0.14285714285714307,hold,hold,0,0,
1254,2025-04-09 16:30:00+00:00,1.53,1.547,1.53,1.54,16453.0,trend_late,weak,neutral,0.21428571428571463,hold,hold,0,0,
1255,2025-04-09 16:45:00+00:00,1.53,1.545,1.53,1.545,6709.0,trend_late,weak,neutral,0.2499999999999996,hold,hold,0,0,
1256,2025-04-09 17:00:00+00:00,1.545,1.56,1.542,1.56,571.0,trend_late,weak,neutral,0.3571428571428577,hold,hold,0,0,
1257,2025-04-09 17:15:00+00:00,1.5659,1.5659,1.532,1.54,2805.0,risk_rising,weak,neutral,0.21428571428571463,hold,hold,0,0,
1258,2025-04-09 17:30:00+00:00,1.55,1.65,1.52,1.61,38447.0,range_distribution,weak,neutral,0.7142857142857154,reduce,hold,0,0,
1259,2025-04-09 17:45:00+00:00,1.6,1.65,1.6,1.625,31587.0,range_distribution,weak,neutral,0.8076923076923083,hold,hold,0,0,
1260,2025-04-09 18:00:00+00:00,1.62,1.67,1.61,1.67,36370.0,range_distribution,weak,neutral,1.0,hold,hold,0,0,
1261,2025-04-09 18:15:00+00:00,1.665,1.6771,1.58,1.58,24680.0,risk_rising,weak,neutral,0.38192234245703405,hold,hold,0,0,
1262,2025-04-09 18:30:00+00:00,1.5701,1.5983,1.57,1.59,22980.0,range_neutral,weak,neutral,0.44557606619987306,hold,hold,0,0,
1263,2025-04-09 18:45:00+00:00,1.59,1.6234,1.54,1.54,22222.0,range_accumulation,weak,neutral,0.12730744748567802,hold,hold,0,0,
1264,2025-04-09 19:00:00+00:00,1.55,1.6,1.55,1.58,22685.0,pullback,weak,neutral,0.38192234245703405,hold,hold,0,0,
1265,2025-04-09 19:15:00+00:00,1.58,1.6156,1.57,1.6156,21931.0,pullback,weak,neutral,0.6085295989815398,hold,hold,0,0,
1266,2025-04-09 19:30:00+00:00,1.605,1.625,1.605,1.615,6062.0,pullback,weak,neutral,0.6047103755569698,hold,hold,0,0,
1267,2025-04-09 19:45:00+00:00,1.62,1.6311,1.6,1.6311,18256.0,pullback,weak,neutral,0.7071928707829406,hold,hold,0,0,
1268,2025-04-09 20:00:00+00:00,1.63,1.64,1.59,1.59,45186.0,trend_late,weak,neutral,0.44557606619987306,hold,hold,0,0,
1269,2025-04-10 13:30:00+00:00,1.58,1.64,1.553,1.553,5503.0,trend_late,weak,risk_off,0.210057288351368,sell,hold,0,0,
1270,2025-04-10 13:45:00+00:00,1.6,1.6,1.54,1.56,25964.0,trend_late,weak,risk_off,0.25461489497135603,hold,hold,0,0,
1271,2025-04-10 14:00:00+00:00,1.56,1.56,1.535,1.5408,7124.0,trend_late,weak,risk_off,0.13239974538510457,hold,hold,0,0,
1272,2025-04-10 14:15:00+00:00,1.54,1.58,1.54,1.5667,5453.0,trend_late,weak,risk_off,0.29726288987905763,hold,hold,0,0,
1273,2025-04-10 14:30:00+00:00,1.5667,1.5983,1.5667,1.5801,2631.0,pullback,weak,risk_off,0.38255887969446234,avoid,avoid,0,0,
1274,2025-04-10 14:45:00+00:00,1.59,1.6292,1.58,1.605,18377.0,pullback,weak,risk_off,0.5410566518141309,hold,hold,0,0,
1275,2025-04-10 15:00:00+00:00,1.61,1.625,1.61,1.625,1228.0,range_distribution,weak,risk_off,0.6683640992998089,sell,hold,0,0,
1276,2025-04-10 15:15:00+00:00,1.625,1.6399,1.62,1.62,21570.0,range_neutral,weak,risk_off,0.6365372374283901,avoid,avoid,0,0,
1277,2025-04-10 15:30:00+00:00,1.62,1.62,1.56,1.57,30306.0,risk_rising,weak,risk_off,0.31826861871419504,reduce,hold,0,0,
1278,2025-04-10 15:45:00+00:00,1.57,1.585,1.56,1.585,7685.0,risk_rising,weak,risk_off,0.35186488388458836,hold,hold,0,0,
1279,2025-04-10 16:00:00+00:00,1.585,1.585,1.54,1.54,7089.0,risk_rising,weak,risk_off,0.035186488388459614,hold,hold,0,0,
1280,2025-04-10 16:15:00+00:00,1.54,1.5577,1.53,1.55,7191.0,risk_rising,weak,risk_off,0.13596193065941548,hold,hold,0,0,
1281,2025-04-10 16:30:00+00:00,1.545,1.565,1.535,1.565,18480.0,range_accumulation,weak,risk_off,0.3181818181818178,avoid,avoid,0,0,
1282,2025-04-10 16:45:00+00:00,1.565,1.585,1.56,1.57,2798.0,pullback,weak,risk_off,0.36363636363636437,hold,hold,0,0,
1283,2025-04-10 17:00:00+00:00,1.5805,1.6,1.57,1.58,31926.0,risk_rising,weak,risk_off,0.4545454545454555,reduce,hold,0,0,
1284,2025-04-10 17:15:00+00:00,1.58,1.61,1.57,1.575,14154.0,risk_rising,weak,risk_off,0.4090909090909089,hold,hold,0,0,
1285,2025-04-10 17:30:00+00:00,1.575,1.5784,1.56,1.57,3312.0,risk_rising,weak,risk_off,0.36363636363636437,hold,hold,0,0,
1286,2025-04-10 17:45:00+00:00,1.57,1.57,1.57,1.57,200.0,risk_rising,weak,risk_off,0.36363636363636437,hold,hold,0,0,
1287,2025-04-10 18:00:00+00:00,1.57,1.62,1.57,1.6001,7121.0,range_neutral,weak,risk_off,0.6372727272727284,avoid,avoid,0,0,
1288,2025-04-10 18:15:00+00:00,1.6001,1.62,1.59,1.59,22264.0,range_neutral,weak,risk_off,0.5454545454545465,hold,hold,0,0,
1289,2025-04-10 18:30:00+00:00,1.59,1.62,1.59,1.62,3330.0,range_distribution,weak,risk_off,0.8189262966333046,sell,hold,0,0,
1290,2025-04-10 18:45:00+00:00,1.62,1.62,1.59,1.61,1208.0,pullback,weak,risk_off,0.7279344858962707,avoid,avoid,0,0,
1291,2025-04-10 19:00:00+00:00,1.595,1.62,1.58,1.59,2811.0,pullback,weak,risk_off,0.5459508644222031,hold,hold,0,0,
1292,2025-04-10 19:15:00+00:00,1.595,1.605,1.58,1.585,6192.0,pullback,weak,risk_off,0.5004549590536851,hold,hold,0,0,
1293,2025-04-10 19:30:00+00:00,1.585,1.6,1.585,1.6,6277.0,pullback,weak,risk_off,0.6369426751592369,hold,hold,0,0,
1294,2025-04-10 19:45:00+00:00,1.595,1.605,1.55,1.565,53687.0,trend_late,weak,risk_off,0.31847133757961743,sell,hold,0,0,
1295,2025-04-10 20:00:00+00:00,1.57,1.5714,1.54,1.54,22897.0,trend_late,weak,risk_off,0.09099181073703384,hold,hold,0,0,
1296,2025-04-11 13:30:00+00:00,1.57,1.58,1.55,1.58,4192.0,pullback,weak,neutral,0.5555555555555556,buy,hold,0,0,
1297,2025-04-11 13:45:00+00:00,1.58,1.63,1.54,1.6,16527.0,trend_late,weak,neutral,0.7000000000000015,hold,hold,0,0,
1298,2025-04-11 14:00:00+00:00,1.6,1.6,1.54,1.57,8312.0,trend_late,weak,neutral,0.4000000000000009,hold,hold,0,0,
1299,2025-04-11 14:15:00+00:00,1.55,1.55,1.5,1.52,29326.0,risk_rising,weak,neutral,0.1538461538461541,hold,hold,0,0,
1300,2025-04-11 14:30:00+00:00,1.52,1.53,1.48,1.48,13544.0,risk_rising,weak,neutral,0.0,hold,hold,0,0,
1301,2025-04-11 14:45:00+00:00,1.48,1.84,1.48,1.7696,685776.0,range_distribution,weak,neutral,0.8044444444444444,hold,hold,0,0,
1302,2025-04-11 15:00:00+00:00,1.73,1.93,1.65,1.8807,373987.0,pullback,weak,neutral,0.8904444444444447,hold,hold,0,0,
1303,2025-04-11 15:15:00+00:00,1.8807,1.9,1.74,1.77,437383.0,pullback,weak,neutral,0.6444444444444446,hold,hold,0,0,
1304,2025-04-11 15:30:00+00:00,1.78,1.845,1.76,1.76,96749.0,pullback,weak,neutral,0.6222222222222223,hold,hold,0,0,
1305,2025-04-11 15:45:00+00:00,1.755,1.84,1.75,1.77,108653.0,pullback,weak,neutral,0.6444444444444446,hold,hold,0,0,
1306,2025-04-11 16:00:00+00:00,1.79,1.81,1.77,1.8,47422.0,pullback,weak,neutral,0.7111111111111114,hold,hold,0,0,
1307,2025-04-11 16:15:00+00:00,1.7907,1.81,1.76,1.79,64223.0,pullback,weak,neutral,0.6888888888888891,hold,hold,0,0,
1308,2025-04-11 16:30:00+00:00,1.795,1.84,1.788,1.83,161046.0,pullback,weak,neutral,0.777777777777778,hold,hold,0,0,
1309,2025-04-11 16:45:00+00:00,1.825,1.9296,1.8,1.88,100314.0,pullback,weak,neutral,0.8888888888888887,hold,hold,0,0,
1310,2025-04-11 17:00:00+00:00,1.885,2.03,1.88,1.955,822175.0,pullback,weak,neutral,0.8636363636363641,hold,hold,0,0,
1311,2025-04-11 17:15:00+00:00,1.95,1.9507,1.84,1.88,206619.0,pullback,weak,neutral,0.7272727272727273,hold,hold,0,0,
1312,2025-04-11 17:30:00+00:00,1.88,1.96,1.84,1.91,136504.0,pullback,weak,neutral,0.781818181818182,hold,hold,0,0,
1313,2025-04-11 17:45:00+00:00,1.91,1.96,1.8926,1.95,71264.0,pullback,weak,neutral,0.8545454545454547,hold,hold,0,0,
1314,2025-04-11 18:00:00+00:00,1.95,2.0,1.93,1.97,290856.0,pullback,weak,neutral,0.8909090909090912,hold,hold,0,0,
1315,2025-04-11 18:15:00+00:00,1.9709,2.0,1.96,1.99,104177.0,pullback,weak,neutral,0.9272727272727276,hold,hold,0,0,
1316,2025-04-11 18:30:00+00:00,1.9907,2.0,1.95,2.0,123339.0,pullback,weak,neutral,0.9454545454545458,hold,hold,0,0,
1317,2025-04-11 18:45:00+00:00,1.99,2.05,1.96,2.0308,283719.0,pullback,weak,neutral,0.9663157894736848,hold,hold,0,0,
1318,2025-04-11 19:00:00+00:00,2.035,2.05,2.0,2.01,152233.0,pullback,weak,neutral,0.9298245614035087,hold,hold,0,0,
1319,2025-04-11 19:15:00+00:00,2.01,2.02,1.96,1.99,79027.0,pullback,weak,neutral,0.8947368421052634,hold,hold,0,0,
1320,2025-04-11 19:30:00+00:00,1.99,2.06,1.98,2.01,151591.0,pullback,weak,neutral,0.9137931034482755,hold,hold,0,0,
1321,2025-04-11 19:45:00+00:00,2.015,2.235,2.01,2.175,594024.0,pullback,weak,neutral,0.8974358974358974,hold,hold,0,0,
1322,2025-04-11 20:00:00+00:00,2.17,2.18,2.11,2.17,258302.0,pullback,weak,neutral,0.8686868686868687,hold,hold,0,0,
1323,2025-04-14 13:30:00+00:00,2.41,2.41,2.33,2.34,162853.0,breakout,leading,risk_on,0.8939393939393935,hold,hold,0,0,
1324,2025-04-14 13:45:00+00:00,2.342,2.3499,2.1,2.27,797085.0,pullback,leading,risk_on,0.7878787878787877,hold,hold,0,0,
1325,2025-04-14 14:00:00+00:00,2.27,2.2792,2.16,2.2,298860.0,pullback,leading,risk_on,0.6769230769230771,hold,hold,0,0,
1326,2025-04-14 14:15:00+00:00,2.2,2.345,2.18,2.2506,324108.0,pullback,leading,risk_on,0.7547692307692305,hold,hold,0,0,
1327,2025-04-14 14:30:00+00:00,2.255,2.29,2.215,2.27,180226.0,pullback,leading,risk_on,0.7749196141479098,hold,hold,0,0,
1328,2025-04-14 14:45:00+00:00,2.265,2.46,2.235,2.4,470304.0,breakout_setup,leading,risk_on,0.909090909090909,hold,hold,0,0,
1329,2025-04-14 15:00:00+00:00,2.405,2.45,2.35,2.4205,250916.0,breakout_setup,leading,risk_on,0.9362903225806454,hold,hold,0,0,
1330,2025-04-14 15:15:00+00:00,2.436,2.55,2.4224,2.49,279014.0,breakout_setup,leading,risk_on,0.9154929577464794,hold,hold,0,0,
1331,2025-04-14 15:30:00+00:00,2.49,2.68,2.4899,2.67,708795.0,breakout,leading,risk_on,0.9880952380952378,hold,hold,0,0,
1332,2025-04-14 15:45:00+00:00,2.65,2.7,2.43,2.45,897515.0,pullback,leading,risk_on,0.6903641317810255,hold,hold,0,0,
1333,2025-04-14 16:00:00+00:00,2.46,2.57,2.41,2.51,247380.0,breakout_setup,leading,risk_on,0.7532467532467528,hold,hold,0,0,
1334,2025-04-14 16:15:00+00:00,2.51,2.6,2.5007,2.52,221404.0,breakout_setup,leading,risk_on,0.7599999999999999,hold,hold,0,0,
1335,2025-04-14 16:30:00+00:00,2.52,2.68,2.5199,2.669,291236.0,breakout,leading,risk_on,0.9586666666666664,hold,hold,0,0,
1336,2025-04-14 16:45:00+00:00,2.68,2.8114,2.64,2.72,648154.0,breakout,leading,risk_on,0.8926474042753116,hold,hold,0,0,
1337,2025-04-14 17:00:00+00:00,2.7149,2.8,2.66,2.67,331004.0,breakout_setup,leading,risk_on,0.8339206013624618,hold,hold,0,0,
1338,2025-04-14 17:15:00+00:00,2.665,2.71,2.5,2.68,468963.0,breakout_setup,leading,risk_on,0.845665961945032,hold,hold,0,0,
1339,2025-04-14 17:30:00+00:00,2.68,2.74,2.66,2.7001,128434.0,breakout,leading,risk_on,0.8661294202549916,hold,hold,0,0,
1340,2025-04-14 17:45:00+00:00,2.7001,2.74,2.64,2.68,107999.0,breakout_setup,leading,risk_on,0.8360369353631149,hold,hold,0,0,
1341,2025-04-14 18:00:00+00:00,2.68,2.77,2.68,2.76,129659.0,breakout,leading,risk_on,0.9277481023334269,hold,hold,0,0,
1342,2025-04-14 18:15:00+00:00,2.76,2.78,2.7,2.72,99616.0,breakout,leading,risk_on,0.8715209446162501,hold,hold,0,0,
1343,2025-04-14 18:30:00+00:00,2.72,2.75,2.65,2.66,125978.0,breakout_setup,leading,risk_on,0.7871802080404838,hold,hold,0,0,
1344,2025-04-14 18:45:00+00:00,2.67,2.68,2.62,2.65,85259.0,breakout_setup,leading,risk_on,0.7522259748234571,hold,hold,0,0,
1345,2025-04-14 19:00:00+00:00,2.655,2.66,2.53,2.58,138220.0,trend_late,leading,risk_on,0.63351282863478,reduce,hold,0,0,
1346,2025-04-14 19:15:00+00:00,2.585,2.61,2.54,2.56,71268.0,trend_late,leading,risk_on,0.5784708249496985,hold,hold,0,0,
1347,2025-04-14 19:30:00+00:00,2.56,2.58,2.47,2.49,190761.0,trend_late,leading,risk_on,0.4424011103400422,hold,hold,0,0,
1348,2025-04-14 19:45:00+00:00,2.49,2.56,2.49,2.525,104931.0,trend_late,leading,risk_on,0.37928045080190703,hold,hold,0,0,
1349,2025-04-14 20:00:00+00:00,2.525,2.55,2.47,2.54,183576.0,trend_late,leading,risk_on,0.32386646736422514,hold,hold,0,0,
1350,2025-04-15 13:30:00+00:00,2.675,2.675,2.5,2.51,141912.0,risk_rising,weak,neutral,0.24912805181863404,hold,hold,0,0,
1351,2025-04-15 13:45:00+00:00,2.51,2.5238,2.28,2.295,685281.0,risk_rising,weak,neutral,0.02822732404968032,hold,hold,0,0,
1352,2025-04-15 14:00:00+00:00,2.2993,2.35,2.1,2.2291,1056897.0,risk_rising,weak,neutral,0.18147315153218976,hold,hold,0,0,
1353,2025-04-15 14:15:00+00:00,2.2201,2.24,2.13,2.1792,253177.0,risk_rising,weak,neutral,0.11132977228001087,hold,hold,0,0,
1354,2025-04-15 14:30:00+00:00,2.1751,2.21,2.13,2.14,287779.0,risk_rising,weak,neutral,0.05622715771717746,hold,hold,0,0,
1355,2025-04-15 14:45:00+00:00,2.1309,2.15,2.06,2.1109,266444.0,risk_rising,weak,neutral,0.06774021825924935,hold,hold,0,0,
1356,2025-04-15 15:00:00+00:00,2.1109,2.1302,2.0709,2.085,126159.0,risk_rising,weak,neutral,0.033783783783783675,hold,hold,0,0,
1357,2025-04-15 15:15:00+00:00,2.089,2.09,2.0601,2.0664,73717.0,risk_rising,weak,neutral,0.00888888888888853,hold,hold,0,0,
1358,2025-04-15 15:30:00+00:00,2.0601,2.16,2.06,2.1372,117317.0,risk_rising,weak,neutral,0.10722222222222216,hold,hold,0,0,
1359,2025-04-15 15:45:00+00:00,2.1301,2.155,2.1,2.125,100084.0,risk_rising,weak,neutral,0.09027777777777773,hold,hold,0,0,
1360,2025-04-15 16:00:00+00:00,2.1235,2.24,2.1201,2.2329,175152.0,risk_rising,weak,neutral,0.24013888888888874,hold,hold,0,0,
1361,2025-04-15 16:15:00+00:00,2.2308,2.2899,2.22,2.232,98241.0,risk_rising,weak,neutral,0.23888888888888918,hold,hold,0,0,
1362,2025-04-15 16:30:00+00:00,2.225,2.26,2.2,2.205,63615.0,risk_rising,weak,neutral,0.21014492753623193,hold,hold,0,0,
1363,2025-04-15 16:45:00+00:00,2.209,2.23,2.2001,2.225,48956.0,range_accumulation,weak,neutral,0.2661290322580645,hold,hold,0,0,
1364,2025-04-15 17:00:00+00:00,2.23,2.23,2.17,2.215,44921.0,range_accumulation,weak,neutral,0.252032520325203,hold,hold,0,0,
1365,2025-04-15 17:15:00+00:00,2.2107,2.23,2.2001,2.215,30732.0,range_accumulation,weak,neutral,0.252032520325203,hold,hold,0,0,
1366,2025-04-15 17:30:00+00:00,2.2192,2.2301,2.21,2.2275,48085.0,range_accumulation,weak,neutral,0.27235772357723587,hold,hold,0,0,
1367,2025-04-15 17:45:00+00:00,2.2275,2.23,2.15,2.185,95684.0,range_accumulation,weak,neutral,0.20325203252032528,hold,hold,0,0,
1368,2025-04-15 18:00:00+00:00,2.185,2.2,2.1508,2.17,29555.0,range_accumulation,weak,neutral,0.17886178861788604,hold,hold,0,0,
1369,2025-04-15 18:15:00+00:00,2.164,2.19,2.13,2.13,95798.0,pullback,weak,neutral,0.1138211382113819,buy,buy,200,200,2.13
1370,2025-04-15 18:30:00+00:00,2.135,2.15,2.08,2.0834,109617.0,trend_late,weak,neutral,0.05045278137128091,hold,hold,0,200,
1371,2025-04-15 18:45:00+00:00,2.0899,2.14,2.0708,2.125,36790.0,trend_late,weak,neutral,0.22413793103448254,hold,hold,0,200,
1372,2025-04-15 19:00:00+00:00,2.125,2.15,2.1201,2.135,27746.0,trend_late,weak,neutral,0.3262287951283158,hold,hold,0,200,
1373,2025-04-15 19:15:00+00:00,2.135,2.16,2.12,2.142,58007.0,trend_late,weak,neutral,0.3566768160069593,hold,hold,0,200,
1374,2025-04-15 19:30:00+00:00,2.142,2.1465,2.07,2.095,70484.0,risk_rising,weak,neutral,0.1522401043932152,hold,hold,0,200,
1375,2025-04-15 19:45:00+00:00,2.0901,2.13,2.0901,2.125,26800.0,risk_rising,weak,neutral,0.28273162244454114,hold,hold,0,200,
1376,2025-04-15 20:00:00+00:00,2.1201,2.15,2.09,2.15,105077.0,risk_rising,weak,neutral,0.39147455415397975,hold,hold,0,200,
1377,2025-04-16 13:30:00+00:00,2.13,2.14,2.12,2.1204,28341.0,risk_rising,leading,neutral,0.26272292301000466,reduce,reduce,-200,0,2.1204
1378,2025-04-16 13:45:00+00:00,2.1201,2.32,2.12,2.28,318155.0,range_distribution,leading,neutral,0.8399999999999999,hold,hold,0,0,
1379,2025-04-16 14:00:00+00:00,2.29,2.5,2.2,2.28,710705.0,range_neutral,leading,neutral,0.48837209302325557,hold,hold,0,0,
1380,2025-04-16 14:15:00+00:00,2.2701,2.31,2.2301,2.28,285420.0,range_neutral,leading,neutral,0.48837209302325557,hold,hold,0,0,
1381,2025-04-16 14:30:00+00:00,2.2808,2.29,2.2401,2.2799,137557.0,pullback,leading,neutral,0.4881395348837212,hold,hold,0,0,
1382,2025-04-16 14:45:00+00:00,2.275,2.35,2.275,2.35,216451.0,pullback,leading,neutral,0.6511627906976748,hold,hold,0,0,
1383,2025-04-16 15:00:00+00:00,2.3492,2.38,2.21,2.23,354570.0,pullback,leading,neutral,0.37209302325581417,hold,hold,0,0,
1384,2025-04-16 15:15:00+00:00,2.24,2.25,2.13,2.1608,259400.0,pullback,leading,neutral,0.21116279069767482,hold,hold,0,0,
1385,2025-04-16 15:30:00+00:00,2.163,2.27,2.1501,2.25,80387.0,pullback,leading,neutral,0.4186046511627909,hold,hold,0,0,
1386,2025-04-16 15:45:00+00:00,2.2499,2.31,2.245,2.27,97724.0,pullback,leading,neutral,0.46511627906976766,hold,hold,0,0,
1387,2025-04-16 16:00:00+00:00,2.2669,2.34,2.26,2.3169,105705.0,pullback,leading,neutral,0.574186046511628,hold,hold,0,0,
1388,2025-04-16 16:15:00+00:00,2.315,2.32,2.25,2.275,105096.0,trend_late,leading,neutral,0.47674418604651164,hold,hold,0,0,
1389,2025-04-16 16:30:00+00:00,2.273,2.34,2.2701,2.3098,74826.0,pullback,leading,neutral,0.5576744186046515,buy,buy,200,200,2.3098
1390,2025-04-16 16:45:00+00:00,2.31,2.39,2.3,2.3499,195936.0,pullback,leading,neutral,0.6509302325581394,hold,hold,0,200,
1391,2025-04-16 17:00:00+00:00,2.335,2.3899,2.3208,2.38,48151.0,pullback,leading,neutral,0.7209302325581394,hold,hold,0,200,
1392,2025-04-16 17:15:00+00:00,2.3794,2.47,2.37,2.4491,249226.0,breakout_setup,leading,neutral,0.8816279069767443,hold,hold,0,200,
1393,2025-04-16 17:30:00+00:00,2.45,2.5,2.39,2.41,312138.0,pullback,leading,neutral,0.7906976744186051,hold,hold,0,200,
1394,2025-04-16 17:45:00+00:00,2.41,2.42,2.26,2.2794,146841.0,pullback,leading,neutral,0.461951219512195,hold,hold,0,200,
1395,2025-04-16 18:00:00+00:00,2.275,2.28,2.23,2.23,166529.0,trend_late,leading,neutral,0.34146341463414653,hold,hold,0,200,
1396,2025-04-16 18:15:00+00:00,2.2308,2.24,2.23,2.235,53408.0,trend_late,leading,neutral,0.3026315789473679,hold,hold,0,200,
1397,2025-04-16 18:30:00+00:00,2.235,2.235,2.1,2.1,226255.0,trend_late,leading,neutral,0.0,hold,hold,0,200,
1398,2025-04-16 18:45:00+00:00,2.1,2.11,2.07,2.0702,120230.0,trend_late,leading,neutral,0.000465116279069716,hold,hold,0,200,
1399,2025-04-16 19:00:00+00:00,2.0793,2.08,2.04,2.0799,131780.0,risk_rising,leading,neutral,0.08673913043478224,hold,hold,0,200,
1400,2025-04-16 19:15:00+00:00,2.0701,2.19,2.0701,2.175,123444.0,risk_rising,leading,neutral,0.2934782608695648,hold,hold,0,200,
1401,2025-04-16 19:30:00+00:00,2.175,2.19,2.13,2.15,68486.0,risk_rising,leading,neutral,0.23913043478260845,reduce,hold,0,200,
1402,2025-04-16 19:45:00+00:00,2.1402,2.195,2.13,2.157,55936.0,risk_rising,leading,neutral,0.25434782608695655,hold,hold,0,200,
1403,2025-04-16 20:00:00+00:00,2.1592,2.25,2.13,2.245,153077.0,risk_rising,leading,neutral,0.4456521739130437,hold,hold,0,200,
1404,2025-04-17 13:30:00+00:00,2.3,2.34,2.18,2.25,158219.0,risk_rising,mixed,neutral,0.45652173913043476,hold,hold,0,200,
1405,2025-04-17 13:45:00+00:00,2.274,2.3,2.16,2.2108,164629.0,risk_rising,mixed,neutral,0.3713043478260866,hold,hold,0,200,
1406,2025-04-17 14:00:00+00:00,2.23,2.38,2.22,2.25,197313.0,range_neutral,mixed,neutral,0.45652173913043476,hold,hold,0,200,
1407,2025-04-17 14:15:00+00:00,2.25,2.29,2.18,2.19,167041.0,range_accumulation,mixed,neutral,0.32608695652173897,hold,hold,0,200,
1408,2025-04-17 14:30:00+00:00,2.2,2.255,2.18,2.23,89790.0,range_neutral,mixed,neutral,0.41304347826086946,hold,hold,0,200,
1409,2025-04-17 14:45:00+00:00,2.23,2.24,2.19,2.2,58587.0,range_accumulation,mixed,neutral,0.34782608695652206,hold,hold,0,200,
1410,2025-04-17 15:00:00+00:00,2.201,2.25,2.2008,2.25,47293.0,range_neutral,mixed,neutral,0.45652173913043476,hold,hold,0,200,
1411,2025-04-17 15:15:00+00:00,2.25,2.3392,2.25,2.28,98527.0,pullback,mixed,neutral,0.5217391304347822,buy,hold,0,200,
1412,2025-04-17 15:30:00+00:00,2.28,2.28,2.22,2.2201,42376.0,pullback,mixed,neutral,0.39152173913043464,hold,hold,0,200,
1413,2025-04-17 15:45:00+00:00,2.221,2.25,2.2,2.205,51083.0,trend_late,mixed,neutral,0.4342105263157897,hold,hold,0,200,
1414,2025-04-17 16:00:00+00:00,2.205,2.22,2.16,2.1604,61589.0,trend_late,mixed,neutral,0.35411764705882387,hold,hold,0,200,
1415,2025-04-17 16:15:00+00:00,2.18,2.18,2.12,2.15,106462.0,trend_late,mixed,neutral,0.3235294117647057,hold,hold,0,200,
1416,2025-04-17 16:30:00+00:00,2.1614,2.2,2.1614,2.19,35257.0,trend_late,mixed,neutral,0.4411764705882352,hold,hold,0,200,
1417,2025-04-17 16:45:00+00:00,2.19,2.21,2.17,2.18,23584.0,trend_late,mixed,neutral,0.4117647058823535,hold,hold,0,200,
1418,2025-04-17 17:00:00+00:00,2.1708,2.235,2.17,2.23,24863.0,pullback,mixed,neutral,0.5588235294117648,hold,hold,0,200,
1419,2025-04-17 17:15:00+00:00,2.2302,2.25,2.21,2.215,37646.0,pullback,mixed,neutral,0.4675701839302997,hold,hold,0,200,
1420,2025-04-17 17:30:00+00:00,2.215,2.2294,2.2,2.2008,10736.0,risk_rising,mixed,neutral,0.31076923076923096,hold,hold,0,200,
1421,2025-04-17 17:45:00+00:00,2.2,2.23,2.2,2.23,13941.0,risk_rising,mixed,neutral,0.42307692307692296,hold,hold,0,200,
1422,2025-04-17 18:00:00+00:00,2.23,2.26,2.23,2.24,28679.0,range_neutral,mixed,neutral,0.46153846153846234,hold,hold,0,200,
1423,2025-04-17 18:15:00+00:00,2.24,2.295,2.24,2.2809,57217.0,range_neutral,mixed,neutral,0.6188461538461537,hold,hold,0,200,
1424,2025-04-17 18:30:00+00:00,2.2899,2.39,2.2899,2.375,159451.0,pullback,mixed,neutral,0.944444444444444,hold,hold,0,200,
1425,2025-04-17 18:45:00+00:00,2.375,2.4883,2.375,2.4699,225601.0,breakout_setup,mixed,neutral,0.9500407276676617,hold,hold,0,200,
1426,2025-04-17 19:00:00+00:00,2.475,2.49,2.43,2.4491,92370.0,breakout_setup,mixed,neutral,0.889459459459459,hold,hold,0,200,
1427,2025-04-17 19:15:00+00:00,2.45,2.48,2.39,2.4085,143474.0,pullback,mixed,neutral,0.7797297297297294,hold,hold,0,200,
1428,2025-04-17 19:30:00+00:00,2.42,2.46,2.36,2.46,76126.0,breakout_setup,mixed,neutral,0.9189189189189183,hold,hold,0,200,
1429,2025-04-17 19:45:00+00:00,2.4698,2.5368,2.44,2.53,224281.0,breakout_setup,mixed,neutral,0.9836852207293663,hold,hold,0,200,
1430,2025-04-17 20:00:00+00:00,2.53,2.559,2.47,2.485,304648.0,breakout_setup,mixed,neutral,0.8314350797266509,hold,hold,0,200,
1431,2025-04-21 13:30:00+00:00,2.49,2.49,2.47,2.49,45194.0,breakout_setup,leading,neutral,0.8428246013667428,hold,hold,0,200,
1432,2025-04-21 13:45:00+00:00,2.4991,2.7,2.48,2.5716,418582.0,breakout_setup,leading,neutral,0.7786206896551723,hold,hold,0,200,
1433,2025-04-21 14:00:00+00:00,2.585,2.6,2.44,2.46,276939.0,pullback,leading,neutral,0.5862068965517239,hold,hold,0,200,
1434,2025-04-21 14:15:00+00:00,2.46,2.47,2.25,2.3094,298333.0,trend_late,leading,neutral,0.32655172413793104,reduce,reduce,-200,0,2.3094
1435,2025-04-21 14:30:00+00:00,2.3077,2.34,2.29,2.3243,51190.0,trend_late,leading,neutral,0.3024507983661344,hold,hold,0,0,
1436,2025-04-21 14:45:00+00:00,2.325,2.325,2.24,2.2792,125406.0,trend_late,leading,neutral,0.20603773584905644,hold,hold,0,0,
1437,2025-04-21 15:00:00+00:00,2.2792,2.28,2.23,2.235,85719.0,trend_late,leading,neutral,0.12264150943396211,hold,hold,0,0,
1438,2025-04-21 15:15:00+00:00,2.235,2.26,2.22,2.2208,72493.0,trend_late,leading,neutral,0.04159999999999986,hold,hold,0,0,
1439,2025-04-21 15:30:00+00:00,2.225,2.27,2.2201,2.25,45192.0,risk_rising,leading,neutral,0.09999999999999964,hold,hold,0,0,
1440,2025-04-21 15:45:00+00:00,2.24,2.25,2.22,2.22,24965.0,risk_rising,leading,neutral,0.040000000000000036,hold,hold,0,0,
1441,2025-04-21 16:00:00+00:00,2.22,2.25,2.21,2.2401,21017.0,risk_rising,leading,neutral,0.06142857142857144,hold,hold,0,0,
1442,2025-04-21 16:15:00+00:00,2.25,2.31,2.25,2.305,54747.0,risk_rising,leading,neutral,0.1938775510204085,hold,hold,0,0,
1443,2025-04-21 16:30:00+00:00,2.305,2.31,2.25,2.255,40528.0,risk_rising,leading,neutral,0.09183673469387736,hold,hold,0,0,
1444,2025-04-21 16:45:00+00:00,2.255,2.27,2.24,2.245,18060.0,risk_rising,leading,neutral,0.07142857142857169,hold,hold,0,0,
1445,2025-04-21 17:00:00+00:00,2.245,2.25,2.23,2.235,40124.0,risk_rising,leading,neutral,0.051020408163265106,hold,hold,0,0,
1446,2025-04-21 17:15:00+00:00,2.235,2.25,2.22,2.248,14762.0,risk_rising,leading,neutral,0.07755102040816375,hold,hold,0,0,
1447,2025-04-21 17:30:00+00:00,2.24,2.25,2.23,2.23,17880.0,risk_rising,leading,neutral,0.04081632653061226,hold,hold,0,0,
1448,2025-04-21 17:45:00+00:00,2.23,2.26,2.2201,2.26,40387.0,range_accumulation,leading,neutral,0.10204081632653021,buy,buy,200,200,2.26
1449,2025-04-21 18:00:00+00:00,2.24,2.24,2.22,2.225,14779.0,risk_rising,leading,neutral,0.030612244897959426,hold,hold,0,200,
1450,2025-04-21 18:15:00+00:00,2.2209,2.245,2.2201,2.235,45460.0,range_accumulation,leading,neutral,0.051020408163265106,hold,hold,0,200,
1451,2025-04-21 18:30:00+00:00,2.235,2.265,2.2301,2.255,24107.0,range_accumulation,leading,neutral,0.09183673469387736,hold,hold,0,200,
1452,2025-04-21 18:45:00+00:00,2.255,2.265,2.235,2.255,40798.0,risk_rising,leading,neutral,0.11538461538461517,hold,hold,0,200,
1453,2025-04-21 19:00:00+00:00,2.255,2.27,2.25,2.255,12510.0,range_accumulation,leading,neutral,0.17307692307692266,hold,hold,0,200,
1454,2025-04-21 19:15:00+00:00,2.26,2.3,2.26,2.29,32491.0,range_neutral,leading,neutral,0.6153846153846164,hold,hold,0,200,
1455,2025-04-21 19:30:00+00:00,2.295,2.3056,2.27,2.275,44220.0,pullback,leading,neutral,0.5652173913043463,hold,hold,0,200,
1456,2025-04-21 19:45:00+00:00,2.2708,2.285,2.27,2.27,32289.0,pullback,leading,neutral,0.6,hold,hold,0,200,
1457,2025-04-21 20:00:00+00:00,2.275,2.305,2.25,2.29,142408.0,pullback,leading,neutral,0.8,hold,hold,0,200,
1458,2025-04-22 13:30:00+00:00,2.28,2.285,2.25,2.25,19597.0,trend_late,weak,risk_on,0.4,reduce,reduce,-200,0,2.25
1459,2025-04-22 13:45:00+00:00,2.25,2.3075,2.15,2.16,114650.0,trend_late,weak,risk_on,0.06250000000000139,hold,hold,0,0,
1460,2025-04-22 14:00:00+00:00,2.1638,2.1638,1.86,1.9244,700070.0,risk_rising,weak,risk_on,0.14311111111111116,hold,hold,0,0,
1461,2025-04-22 14:15:00+00:00,1.925,2.03,1.9201,2.025,201391.0,risk_rising,weak,risk_on,0.3666666666666663,hold,hold,0,0,
1462,2025-04-22 14:30:00+00:00,2.03,2.11,2.0276,2.045,58455.0,risk_rising,weak,risk_on,0.41111111111111076,hold,hold,0,0,
1463,2025-04-22 14:45:00+00:00,2.0492,2.0492,2.03,2.035,95129.0,risk_rising,weak,risk_on,0.39106145251396657,hold,hold,0,0,
1464,2025-04-22 15:00:00+00:00,2.0394,2.05,1.99,1.9901,94058.0,risk_rising,weak,risk_on,0.29072625698323995,hold,hold,0,0,
1465,2025-04-22 15:15:00+00:00,1.9909,2.03,1.9502,2.0294,69276.0,risk_rising,weak,risk_on,0.37854748603351906,hold,hold,0,0,
1466,2025-04-22 15:30:00+00:00,2.025,2.045,2.01,2.03,56336.0,risk_rising,weak,risk_on,0.3798882681564239,hold,hold,0,0,
1467,2025-04-22 15:45:00+00:00,2.025,2.0352,1.98,1.9801,83632.0,risk_rising,weak,risk_on,0.2683798882681561,hold,hold,0,0,
1468,2025-04-22 16:00:00+00:00,1.9801,1.985,1.96,1.96,124172.0,risk_rising,weak,risk_on,0.2234636871508377,hold,hold,0,0,
1469,2025-04-22 16:15:00+00:00,1.9612,1.97,1.95,1.9593,47326.0,risk_rising,weak,risk_on,0.221899441340782,hold,hold,0,0,
1470,2025-04-22 16:30:00+00:00,1.9593,1.96,1.92,1.939,93253.0,range_accumulation,weak,risk_on,0.1765363128491619,hold,hold,0,0,
1471,2025-04-22 16:45:00+00:00,1.925,1.9299,1.89,1.9,176895.0,risk_rising,weak,risk_on,0.08938547486033478,hold,hold,0,0,
1472,2025-04-22 17:00:00+00:00,1.8901,1.91,1.88,1.8894,77550.0,risk_rising,weak,risk_on,0.06569832402234607,hold,hold,0,0,
1473,2025-04-22 17:15:00+00:00,1.8849,1.92,1.8849,1.9,34146.0,risk_rising,weak,risk_on,0.08938547486033478,hold,hold,0,0,
1474,2025-04-22 17:30:00+00:00,1.9,1.915,1.8801,1.9127,50313.0,risk_rising,weak,risk_on,0.11776536312849155,hold,hold,0,0,
1475,2025-04-22 17:45:00+00:00,1.915,1.94,1.9001,1.925,30681.0,risk_rising,weak,risk_on,0.14525139664804457,hold,hold,0,0,
1476,2025-04-22 18:00:00+00:00,1.9208,1.9299,1.91,1.915,16708.0,risk_rising,weak,risk_on,0.12290502793296075,hold,hold,0,0,
1477,2025-04-22 18:15:00+00:00,1.9153,1.94,1.9103,1.935,38147.0,risk_rising,weak,risk_on,0.1675977653631284,hold,hold,0,0,
1478,2025-04-22 18:30:00+00:00,1.935,1.95,1.93,1.9301,21955.0,risk_rising,weak,risk_on,0.15664804469273705,hold,hold,0,0,
1479,2025-04-22 18:45:00+00:00,1.935,1.94,1.91,1.919,11442.0,risk_rising,weak,risk_on,0.1942067149440419,hold,hold,0,0,
1480,2025-04-22 19:00:00+00:00,1.915,1.9199,1.91,1.915,8012.0,risk_rising,weak,risk_on,0.15217391304347888,hold,hold,0,0,
1481,2025-04-22 19:15:00+00:00,1.915,1.94,1.9107,1.935,25932.0,range_accumulation,weak,risk_on,0.2391304347826094,hold,hold,0,0,
1482,2025-04-22 19:30:00+00:00,1.935,1.94,1.91,1.91,44984.0,range_accumulation,weak,risk_on,0.17647058823529435,hold,hold,0,0,
1483,2025-04-22 19:45:00+00:00,1.915,1.93,1.915,1.925,33119.0,range_accumulation,weak,risk_on,0.2647058823529422,hold,hold,0,0,
1484,2025-04-22 20:00:00+00:00,1.925,1.93,1.91,1.92,81247.0,range_accumulation,weak,risk_on,0.2424242424242426,hold,hold,0,0,
1485,2025-04-23 13:30:00+00:00,1.82,1.83,1.79,1.8281,60316.0,risk_rising,weak,risk_on,0.1494117647058825,hold,hold,0,0,
1486,2025-04-23 13:45:00+00:00,1.825,1.84,1.6801,1.715,369430.0,risk_rising,weak,risk_on,0.09828217403548334,hold,hold,0,0,
1487,2025-04-23 14:00:00+00:00,1.715,1.73,1.69,1.705,168222.0,risk_rising,weak,risk_on,0.0816661200393576,hold,hold,0,0,
1488,2025-04-23 14:15:00+00:00,1.7008,1.71,1.6601,1.665,175167.0,risk_rising,weak,risk_on,0.015811552113585432,hold,hold,0,0,
1489,2025-04-23 14:30:00+00:00,1.66,1.7,1.6225,1.655,326795.0,risk_rising,weak,risk_on,0.09629629629629624,hold,hold,0,0,
1490,2025-04-23 14:45:00+00:00,1.655,1.69,1.65,1.6706,104643.0,risk_rising,weak,risk_on,0.14687022900763372,hold,hold,0,0,
1491,2025-04-23 15:00:00+00:00,1.67,1.69,1.65,1.65,102587.0,risk_rising,weak,risk_on,0.08396946564885455,hold,hold,0,0,
1492,2025-04-23 15:15:00+00:00,1.65,1.66,1.63,1.6365,80405.0,risk_rising,weak,risk_on,0.042748091603053484,hold,hold,0,0,
1493,2025-04-23 15:30:00+00:00,1.635,1.65,1.6,1.6199,112766.0,risk_rising,weak,risk_on,0.05685714285714233,hold,hold,0,0,
1494,2025-04-23 15:45:00+00:00,1.615,1.65,1.615,1.6399,104987.0,risk_rising,weak,risk_on,0.11399999999999955,hold,hold,0,0,
1495,2025-04-23 16:00:00+00:00,1.6399,1.64,1.62,1.6201,26112.0,risk_rising,weak,risk_on,0.05742857142857147,hold,hold,0,0,
1496,2025-04-23 16:15:00+00:00,1.6297,1.64,1.61,1.6301,74919.0,risk_rising,weak,risk_on,0.08600000000000008,hold,hold,0,0,
1497,2025-04-23 16:30:00+00:00,1.64,1.645,1.6301,1.6348,21322.0,risk_rising,weak,risk_on,0.0994285714285713,hold,hold,0,0,
1498,2025-04-23 16:45:00+00:00,1.6348,1.64,1.63,1.64,37251.0,risk_rising,weak,risk_on,0.11764705882352891,hold,hold,0,0,
1499,2025-04-23 17:00:00+00:00,1.64,1.64,1.61,1.64,84983.0,risk_rising,weak,risk_on,0.11764705882352891,hold,hold,0,0,
1500,2025-04-23 17:15:00+00:00,1.64,1.64,1.63,1.635,26240.0,risk_rising,weak,risk_on,0.10294117647058805,hold,hold,0,0,
1501,2025-04-23 17:30:00+00:00,1.64,1.67,1.64,1.6544,92655.0,range_accumulation,weak,risk_on,0.1600000000000001,hold,hold,0,0,
1502,2025-04-23 17:45:00+00:00,1.655,1.655,1.62,1.6257,68804.0,risk_rising,weak,risk_on,0.07787878787878741,hold,hold,0,0,
1503,2025-04-23 18:00:00+00:00,1.625,1.66,1.625,1.6531,62597.0,range_accumulation,weak,risk_on,0.16090909090909075,hold,hold,0,0,
1504,2025-04-23 18:15:00+00:00,1.6547,1.6547,1.64,1.645,17901.0,range_accumulation,weak,risk_on,0.18749999999999972,hold,hold,0,0,
1505,2025-04-23 18:30:00+00:00,1.6448,1.65,1.64,1.64,10341.0,range_accumulation,weak,risk_on,0.1666666666666659,hold,hold,0,0,
1506,2025-04-23 18:45:00+00:00,1.645,1.65,1.64,1.645,21943.0,range_accumulation,weak,risk_on,0.34615384615384587,hold,hold,0,0,
1507,2025-04-23 19:00:00+00:00,1.645,1.6499,1.64,1.6491,27513.0,pullback,weak,risk_on,0.44636363636363613,buy,buy,200,200,1.6491
1508,2025-04-23 19:15:00+00:00,1.645,1.65,1.64,1.64,58606.0,trend_late,weak,risk_on,0.3999999999999987,hold,hold,0,200,
1509,2025-04-23 19:30:00+00:00,1.645,1.645,1.6201,1.625,45087.0,trend_late,weak,risk_on,0.27777777777777724,hold,hold,0,200,
1510,2025-04-23 19:45:00+00:00,1.63,1.63,1.6,1.615,117401.0,trend_late,weak,risk_on,0.16666666666666585,hold,hold,0,200,
1511,2025-04-23 20:00:00+00:00,1.62,1.63,1.6,1.6071,88638.0,risk_rising,weak,risk_on,0.10142857142857001,hold,hold,0,200,
1512,2025-04-24 13:30:00+00:00,1.64,1.64,1.62,1.625,25107.0,trend_late,leading,risk_on,0.3571428571428567,reduce,reduce,-200,0,1.625
1513,2025-04-24 13:45:00+00:00,1.6221,1.65,1.62,1.645,58028.0,risk_rising,leading,risk_on,0.6428571428571433,hold,hold,0,0,
1514,2025-04-24 14:00:00+00:00,1.65,1.65,1.58,1.59,91134.0,risk_rising,leading,risk_on,0.11111111111111138,hold,hold,0,0,
1515,2025-04-24 14:15:00+00:00,1.585,1.585,1.515,1.555,215459.0,risk_rising,leading,risk_on,0.2580645161290324,hold,hold,0,0,
1516,2025-04-24 14:30:00+00:00,1.555,1.587,1.55,1.575,99665.0,risk_rising,leading,risk_on,0.38709677419354865,hold,hold,0,0,
1517,2025-04-24 14:45:00+00:00,1.575,1.6,1.5601,1.565,107408.0,risk_rising,leading,risk_on,0.32258064516129054,hold,hold,0,0,
1518,2025-04-24 15:00:00+00:00,1.565,1.63,1.56,1.625,145398.0,risk_rising,leading,risk_on,0.7096774193548392,hold,hold,0,0,
1519,2025-04-24 15:15:00+00:00,1.615,1.7,1.6,1.635,388187.0,range_neutral,leading,risk_on,0.648648648648649,hold,hold,0,0,
1520,2025-04-24 15:30:00+00:00,1.635,1.65,1.58,1.585,82527.0,risk_rising,leading,risk_on,0.3783783783783786,hold,hold,0,0,
1521,2025-04-24 15:45:00+00:00,1.5894,1.61,1.58,1.605,51898.0,risk_rising,leading,risk_on,0.4864864864864868,hold,hold,0,0,
1522,2025-04-24 16:00:00+00:00,1.605,1.62,1.6045,1.615,58359.0,risk_rising,leading,risk_on,0.5405405405405409,hold,hold,0,0,
1523,2025-04-24 16:15:00+00:00,1.615,1.6198,1.585,1.605,39414.0,risk_rising,leading,risk_on,0.4864864864864868,hold,hold,0,0,
1524,2025-04-24 16:30:00+00:00,1.605,1.61,1.59,1.591,60729.0,range_neutral,leading,risk_on,0.41081081081081106,hold,hold,0,0,
1525,2025-04-24 16:45:00+00:00,1.595,1.6,1.59,1.6,23123.0,range_neutral,leading,risk_on,0.4594594594594603,hold,hold,0,0,
1526,2025-04-24 17:00:00+00:00,1.6,1.61,1.595,1.61,19738.0,range_neutral,leading,risk_on,0.5135135135135144,hold,hold,0,0,
1527,2025-04-24 17:15:00+00:00,1.605,1.64,1.605,1.635,64330.0,pullback,leading,risk_on,0.648648648648649,buy,hold,0,0,
1528,2025-04-24 17:30:00+00:00,1.635,1.6393,1.61,1.62,36262.0,trend_late,leading,risk_on,0.5675675675675685,hold,hold,0,0,
1529,2025-04-24 17:45:00+00:00,1.625,1.625,1.5935,1.5935,30806.0,trend_late,leading,risk_on,0.42432432432432426,hold,hold,0,0,
1530,2025-04-24 18:00:00+00:00,1.5901,1.605,1.59,1.595,63102.0,pullback,leading,risk_on,0.4324324324324327,hold,hold,0,0,
1531,2025-04-24 18:15:00+00:00,1.595,1.595,1.57,1.58,44135.0,trend_late,leading,risk_on,0.35135135135135215,hold,hold,0,0,
1532,2025-04-24 18:30:00+00:00,1.585,1.6,1.585,1.5991,42481.0,trend_late,leading,risk_on,0.4545945945945948,hold,hold,0,0,
1533,2025-04-24 18:45:00+00:00,1.595,1.5978,1.57,1.575,45029.0,trend_late,leading,risk_on,0.3243243243243245,hold,hold,0,0,
1534,2025-04-24 19:00:00+00:00,1.5745,1.5899,1.57,1.585,45000.0,trend_late,leading,risk_on,0.3783783783783786,hold,hold,0,0,
1535,2025-04-24 19:15:00+00:00,1.585,1.64,1.585,1.635,101854.0,pullback,leading,risk_on,0.5666666666666668,hold,hold,0,0,
1536,2025-04-24 19:30:00+00:00,1.635,1.67,1.63,1.67,146388.0,pullback,leading,risk_on,0.7857142857142854,hold,hold,0,0,
1537,2025-04-24 19:45:00+00:00,1.68,1.82,1.68,1.6896,683759.0,pullback,leading,risk_on,0.4984615384615382,hold,hold,0,0,
1538,2025-04-24 20:00:00+00:00,1.685,1.69,1.6601,1.675,131306.0,pullback,leading,risk_on,0.41999999999999993,hold,hold,0,0,
1539,2025-04-25 13:30:00+00:00,1.685,1.69,1.615,1.6194,60208.0,pullback,weak,risk_on,0.19759999999999955,hold,hold,0,0,
1540,2025-04-25 13:45:00+00:00,1.6102,1.67,1.6102,1.655,98046.0,pullback,weak,risk_on,0.33999999999999986,hold,hold,0,0,
1541,2025-04-25 14:00:00+00:00,1.671,1.68,1.58,1.58,216723.0,pullback,weak,risk_on,0.040000000000000036,hold,hold,0,0,
1542,2025-04-25 14:15:00+00:00,1.59,1.6094,1.58,1.6094,75807.0,pullback,weak,risk_on,0.15759999999999952,hold,hold,0,0,
1543,2025-04-25 14:30:00+00:00,1.6093,1.61,1.56,1.5601,132372.0,trend_late,weak,risk_on,0.0003846153846153422,reduce,hold,0,0,
1544,2025-04-25 14:45:00+00:00,1.56,1.56,1.53,1.535,164493.0,trend_late,weak,risk_on,0.01724137931034446,hold,hold,0,0,
1545,2025-04-25 15:00:00+00:00,1.54,1.54,1.53,1.535,47958.0,trend_late,weak,risk_on,0.01724137931034446,hold,hold,0,0,
1546,2025-04-25 15:15:00+00:00,1.53,1.55,1.53,1.535,54663.0,risk_rising,weak,risk_on,0.01724137931034446,hold,hold,0,0,
1547,2025-04-25 15:30:00+00:00,1.5332,1.5355,1.51,1.531,62140.0,risk_rising,weak,risk_on,0.06774193548387065,hold,hold,0,0,
1548,2025-04-25 15:45:00+00:00,1.5368,1.549,1.5301,1.54,35882.0,risk_rising,weak,risk_on,0.09677419354838716,hold,hold,0,0,
1549,2025-04-25 16:00:00+00:00,1.54,1.54,1.53,1.5391,17509.0,risk_rising,weak,risk_on,0.09387096774193515,hold,hold,0,0,
1550,2025-04-25 16:15:00+00:00,1.54,1.55,1.5301,1.5497,12730.0,risk_rising,weak,risk_on,0.12806451612903247,hold,hold,0,0,
1551,2025-04-25 16:30:00+00:00,1.5492,1.56,1.5492,1.555,26780.0,risk_rising,weak,risk_on,0.14516129032258038,hold,hold,0,0,
1552,2025-04-25 16:45:00+00:00,1.5565,1.559,1.54,1.5406,7231.0,risk_rising,weak,risk_on,0.0987096774193547,hold,hold,0,0,
1553,2025-04-25 17:00:00+00:00,1.5401,1.55,1.54,1.545,19199.0,risk_rising,weak,risk_on,0.11290322580645133,hold,hold,0,0,
1554,2025-04-25 17:15:00+00:00,1.545,1.56,1.545,1.555,13565.0,range_accumulation,weak,risk_on,0.14516129032258038,hold,hold,0,0,
1555,2025-04-25 17:30:00+00:00,1.555,1.56,1.52,1.535,87923.0,risk_rising,weak,risk_on,0.08064516129032229,hold,hold,0,0,
1556,2025-04-25 17:45:00+00:00,1.5365,1.5391,1.52,1.5264,38421.0,risk_rising,weak,risk_on,0.05290322580645151,hold,hold,0,0,
1557,2025-04-25 18:00:00+00:00,1.5287,1.55,1.5201,1.5395,40987.0,range_accumulation,weak,risk_on,0.1638888888888894,hold,hold,0,0,
1558,2025-04-25 18:15:00+00:00,1.53,1.555,1.53,1.5487,43925.0,range_accumulation,weak,risk_on,0.21499999999999983,hold,hold,0,0,
1559,2025-04-25 18:30:00+00:00,1.545,1.5591,1.545,1.5548,10857.0,range_accumulation,weak,risk_on,0.2635294117647057,hold,hold,0,0,
1560,2025-04-25 18:45:00+00:00,1.5548,1.5591,1.55,1.555,6254.0,range_accumulation,weak,risk_on,0.26470588235294085,hold,hold,0,0,
1561,2025-04-25 19:00:00+00:00,1.555,1.575,1.55,1.575,49493.0,range_neutral,weak,risk_on,0.6499999999999989,hold,hold,0,0,
1562,2025-04-25 19:15:00+00:00,1.575,1.579,1.5601,1.5693,47156.0,pullback,weak,risk_on,0.5929999999999985,buy,buy,200,200,1.5693
1563,2025-04-25 19:30:00+00:00,1.565,1.575,1.555,1.56,40560.0,pullback,weak,risk_on,0.7246376811594215,hold,hold,0,200,
1564,2025-04-25 19:45:00+00:00,1.5592,1.56,1.54,1.555,53143.0,trend_late,weak,risk_on,0.6521739130434777,hold,hold,0,200,
1565,2025-04-25 20:00:00+00:00,1.555,1.57,1.55,1.5599,66409.0,pullback,weak,risk_on,0.7231884057971028,hold,hold,0,200,
1566,2025-04-28 13:30:00+00:00,1.58,1.58,1.565,1.565,31461.0,pullback,mixed,neutral,0.7857142857142841,hold,hold,0,200,
1567,2025-04-28 13:45:00+00:00,1.565,1.566,1.5,1.5,183802.0,trend_late,mixed,neutral,0.0,reduce,reduce,-200,0,1.5
1568,2025-04-28 14:00:00+00:00,1.5,1.51,1.475,1.4794,160806.0,trend_late,mixed,neutral,0.04190476190476153,hold,hold,0,0,
1569,2025-04-28 14:15:00+00:00,1.4774,1.49,1.45,1.465,100094.0,risk_rising,mixed,neutral,0.11538461538461624,hold,hold,0,0,
1570,2025-04-28 14:30:00+00:00,1.47,1.5,1.4695,1.475,46103.0,risk_rising,mixed,neutral,0.19230769230769315,hold,hold,0,0,
1571,2025-04-28 14:45:00+00:00,1.4711,1.49,1.4711,1.4891,40993.0,risk_rising,mixed,neutral,0.3007692307692315,hold,hold,0,0,
1572,2025-04-28 15:00:00+00:00,1.4835,1.49,1.47,1.47,20673.0,risk_rising,mixed,neutral,0.15384615384615385,hold,hold,0,0,
1573,2025-04-28 15:15:00+00:00,1.4709,1.4794,1.43,1.44,113411.0,risk_rising,mixed,neutral,0.06666666666666667,hold,hold,0,0,
1574,2025-04-28 15:30:00+00:00,1.4387,1.4499,1.39,1.399,174969.0,risk_rising,mixed,neutral,0.04736842105263216,hold,hold,0,0,
1575,2025-04-28 15:45:00+00:00,1.3964,1.42,1.3901,1.405,69763.0,risk_rising,mixed,neutral,0.07894736842105321,hold,hold,0,0,
1576,2025-04-28 16:00:00+00:00,1.4091,1.4099,1.4,1.4099,14344.0,risk_rising,mixed,neutral,0.10473684210526321,hold,hold,0,0,
1577,2025-04-28 16:15:00+00:00,1.405,1.4099,1.38,1.39,65819.0,risk_rising,mixed,neutral,0.05,hold,hold,0,0,
1578,2025-04-28 16:30:00+00:00,1.3999,1.4,1.39,1.395,10090.0,risk_rising,mixed,neutral,0.07500000000000055,hold,hold,0,0,
1579,2025-04-28 16:45:00+00:00,1.4,1.4,1.39,1.395,14194.0,risk_rising,mixed,neutral,0.07500000000000055,hold,hold,0,0,
1580,2025-04-28 17:00:00+00:00,1.3944,1.4,1.39,1.395,23465.0,risk_rising,mixed,neutral,0.07500000000000055,hold,hold,0,0,
1581,2025-04-28 17:15:00+00:00,1.3997,1.4,1.39,1.395,44045.0,risk_rising,mixed,neutral,0.07500000000000055,hold,hold,0,0,
1582,2025-04-28 17:30:00+00:00,1.3983,1.4,1.38,1.385,59034.0,risk_rising,mixed,neutral,0.025000000000000556,hold,hold,0,0,
1583,2025-04-28 17:45:00+00:00,1.385,1.395,1.36,1.375,97479.0,risk_rising,mixed,neutral,0.06818181818181775,hold,hold,0,0,
1584,2025-04-28 18:00:00+00:00,1.375,1.375,1.36,1.365,20712.0,risk_rising,mixed,neutral,0.022727272727272246,hold,hold,0,0,
1585,2025-04-28 18:15:00+00:00,1.365,1.37,1.35,1.355,32379.0,risk_rising,mixed,neutral,0.021739130434782147,hold,hold,0,0,
1586,2025-04-28 18:30:00+00:00,1.355,1.36,1.35,1.36,50420.0,risk_rising,mixed,neutral,0.04629629629629634,hold,hold,0,0,
1587,2025-04-28 18:45:00+00:00,1.3509,1.36,1.35,1.3569,47535.0,risk_rising,mixed,neutral,0.043124999999999435,hold,hold,0,0,
1588,2025-04-28 19:00:00+00:00,1.355,1.36,1.34,1.355,77496.0,risk_rising,mixed,neutral,0.09374999999999943,hold,hold,0,0,
1589,2025-04-28 19:15:00+00:00,1.355,1.37,1.35,1.355,39588.0,risk_rising,mixed,neutral,0.09374999999999943,hold,hold,0,0,
1590,2025-04-28 19:30:00+00:00,1.355,1.37,1.35,1.37,63825.0,risk_rising,mixed,neutral,0.2000000000000003,hold,hold,0,0,
1591,2025-04-28 19:45:00+00:00,1.365,1.38,1.365,1.3752,56246.0,risk_rising,mixed,neutral,0.23466666666666613,hold,hold,0,0,
1592,2025-04-28 20:00:00+00:00,1.375,1.375,1.36,1.37,107632.0,risk_rising,mixed,neutral,0.21520803443328576,hold,hold,0,0,
1593,2025-04-29 13:30:00+00:00,1.395,1.395,1.38,1.38,23225.0,range_neutral,mixed,neutral,0.3639672429481334,hold,hold,0,0,
1594,2025-04-29 13:45:00+00:00,1.38,1.47,1.38,1.445,169650.0,range_distribution,mixed,neutral,0.8076923076923083,hold,hold,0,0,
1595,2025-04-29 14:00:00+00:00,1.44,1.44,1.405,1.405,38772.0,range_neutral,mixed,neutral,0.5,hold,hold,0,0,
1596,2025-04-29 14:15:00+00:00,1.405,1.48,1.405,1.445,76353.0,pullback,mixed,neutral,0.7500000000000004,buy,buy,200,200,1.445
1597,2025-04-29 14:30:00+00:00,1.45,1.4599,1.4205,1.4205,60952.0,pullback,mixed,neutral,0.5750000000000005,hold,hold,0,200,
1598,2025-04-29 14:45:00+00:00,1.425,1.45,1.42,1.445,48390.0,pullback,mixed,neutral,0.7500000000000004,hold,hold,0,200,
1599,2025-04-29 15:00:00+00:00,1.4475,1.45,1.44,1.4436,16086.0,pullback,mixed,neutral,0.7399999999999999,hold,hold,0,200,
1600,2025-04-29 15:15:00+00:00,1.4436,1.45,1.44,1.4401,46238.0,pullback,mixed,neutral,0.7149999999999994,hold,hold,0,200,
1601,2025-04-29 15:30:00+00:00,1.445,1.45,1.4401,1.445,9087.0,pullback,mixed,neutral,0.7500000000000004,hold,hold,0,200,
1602,2025-04-29 15:45:00+00:00,1.445,1.49,1.4409,1.49,120939.0,pullback,mixed,neutral,1.0,hold,hold,0,200,
1603,2025-04-29 16:00:00+00:00,1.48,1.5,1.4705,1.485,80356.0,pullback,mixed,neutral,0.9062500000000006,hold,hold,0,200,
1604,2025-04-29 16:15:00+00:00,1.485,1.5,1.48,1.495,43553.0,pullback,mixed,neutral,0.9687500000000007,hold,hold,0,200,
1605,2025-04-29 16:30:00+00:00,1.49,1.495,1.445,1.4605,59900.0,pullback,mixed,neutral,0.7531249999999993,hold,hold,0,200,
1606,2025-04-29 16:45:00+00:00,1.47,1.48,1.4699,1.48,15632.0,pullback,mixed,neutral,0.8749999999999998,hold,hold,0,200,
1607,2025-04-29 17:00:00+00:00,1.48,1.49,1.47,1.47,12515.0,pullback,mixed,neutral,0.8124999999999998,hold,hold,0,200,
1608,2025-04-29 17:15:00+00:00,1.47,1.5,1.465,1.4935,44138.0,pullback,mixed,neutral,0.956666666666667,hold,hold,0,200,
1609,2025-04-29 17:30:00+00:00,1.4935,1.51,1.4901,1.5081,22997.0,pullback,mixed,neutral,0.9881249999999999,hold,hold,0,200,
1610,2025-04-29 17:45:00+00:00,1.5081,1.51,1.5,1.501,12562.0,pullback,mixed,neutral,0.9399999999999992,hold,hold,0,200,
1611,2025-04-29 18:00:00+00:00,1.505,1.51,1.4501,1.4635,85922.0,pullback,mixed,neutral,0.69,hold,hold,0,200,
1612,2025-04-29 18:15:00+00:00,1.465,1.49,1.465,1.485,8359.0,trend_late,mixed,neutral,0.8076923076923086,reduce,hold,0,200,
1613,2025-04-29 18:30:00+00:00,1.4895,1.4895,1.46,1.465,17677.0,trend_late,mixed,neutral,0.6538461538461547,hold,hold,0,200,
1614,2025-04-29 18:45:00+00:00,1.46,1.4652,1.43,1.43,35226.0,trend_late,mixed,neutral,0.23809523809523728,hold,hold,0,200,
1615,2025-04-29 19:00:00+00:00,1.43,1.435,1.42,1.42,22626.0,trend_late,mixed,neutral,0.14285714285714196,hold,hold,0,200,
1616,2025-04-29 19:15:00+00:00,1.42,1.44,1.42,1.425,48644.0,trend_late,mixed,neutral,0.05555555555555679,hold,hold,0,200,
1617,2025-04-29 19:30:00+00:00,1.425,1.45,1.425,1.445,52053.0,risk_rising,mixed,neutral,0.277777777777779,hold,hold,0,200,
1618,2025-04-29 19:45:00+00:00,1.445,1.45,1.44,1.44,41390.0,risk_rising,mixed,neutral,0.2222222222222222,hold,hold,0,200,
1619,2025-04-29 20:00:00+00:00,1.445,1.45,1.44,1.44,42736.0,risk_rising,mixed,neutral,0.2222222222222222,hold,hold,0,200,
1620,2025-04-30 13:30:00+00:00,1.41,1.43,1.4,1.41,44135.0,risk_rising,weak,neutral,0.09090909090909091,hold,hold,0,200,
1621,2025-04-30 13:45:00+00:00,1.415,1.43,1.38,1.42,310084.0,risk_rising,weak,neutral,0.3076923076923077,hold,hold,0,200,
1622,2025-04-30 14:00:00+00:00,1.42,1.5,1.4,1.49,254210.0,range_distribution,weak,neutral,0.8461538461538461,hold,hold,0,200,
1623,2025-04-30 14:15:00+00:00,1.4899,1.54,1.4624,1.5334,313496.0,range_distribution,weak,neutral,0.9587500000000004,hold,hold,0,200,
1624,2025-04-30 14:30:00+00:00,1.535,1.62,1.52,1.5911,535765.0,range_distribution,weak,neutral,0.8795833333333328,hold,hold,0,200,
1625,2025-04-30 14:45:00+00:00,1.6,1.61,1.56,1.6,232873.0,pullback,weak,neutral,0.9166666666666666,buy,buy,200,400,1.6
1626,2025-04-30 15:00:00+00:00,1.6,1.6,1.56,1.6,171537.0,pullback,weak,neutral,0.9166666666666666,hold,hold,0,400,
1627,2025-04-30 15:15:00+00:00,1.595,1.61,1.59,1.6099,104929.0,pullback,weak,neutral,0.9579166666666667,hold,hold,0,400,
1628,2025-04-30 15:30:00+00:00,1.605,1.62,1.6,1.6032,68856.0,pullback,weak,neutral,0.9299999999999995,hold,hold,0,400,
1629,2025-04-30 15:45:00+00:00,1.6067,1.62,1.59,1.61,41246.0,pullback,weak,neutral,0.9583333333333334,hold,hold,0,400,
1630,2025-04-30 16:00:00+00:00,1.6122,1.63,1.5931,1.6006,58495.0,pullback,weak,neutral,0.8824000000000005,hold,hold,0,400,
1631,2025-04-30 16:15:00+00:00,1.6,1.605,1.59,1.6,132625.0,pullback,weak,neutral,0.8800000000000008,hold,hold,0,400,
1632,2025-04-30 16:30:00+00:00,1.595,1.6,1.58,1.59,88601.0,pullback,weak,neutral,0.8400000000000007,hold,hold,0,400,
1633,2025-04-30 16:45:00+00:00,1.595,1.6167,1.59,1.6,69880.0,pullback,weak,neutral,0.8800000000000008,hold,hold,0,400,
1634,2025-04-30 17:00:00+00:00,1.6,1.64,1.5604,1.6096,491510.0,pullback,weak,neutral,0.8830769230769231,hold,hold,0,400,
1635,2025-04-30 17:15:00+00:00,1.6096,1.61,1.59,1.6,60216.0,pullback,weak,neutral,0.8461538461538469,hold,hold,0,400,
1636,2025-04-30 17:30:00+00:00,1.59,1.6099,1.59,1.5994,23500.0,trend_late,weak,neutral,0.843846153846154,hold,hold,0,400,
1637,2025-04-30 17:45:00+00:00,1.6,1.64,1.59,1.64,189103.0,pullback,weak,neutral,1.0,hold,hold,0,400,
1638,2025-04-30 18:00:00+00:00,1.635,1.64,1.595,1.6,126847.0,trend_late,weak,neutral,0.8461538461538469,reduce,reduce,-200,200,1.6
1639,2025-04-30 18:15:00+00:00,1.595,1.605,1.59,1.6,150194.0,trend_late,weak,neutral,0.8461538461538469,hold,hold,0,200,
1640,2025-04-30 18:30:00+00:00,1.6,1.61,1.59,1.6,74327.0,trend_late,weak,neutral,0.8461538461538469,hold,hold,0,200,
1641,2025-04-30 18:45:00+00:00,1.598,1.605,1.5762,1.6,82882.0,pullback,weak,neutral,0.8333333333333341,hold,hold,0,200,
1642,2025-04-30 19:00:00+00:00,1.6,1.61,1.5911,1.6,32113.0,pullback,weak,neutral,0.7747747747747759,hold,hold,0,200,
1643,2025-04-30 19:15:00+00:00,1.6,1.61,1.595,1.6,62417.0,pullback,weak,neutral,0.6666666666666679,hold,hold,0,200,
1644,2025-04-30 19:30:00+00:00,1.6,1.61,1.5903,1.6,97760.0,trend_late,weak,neutral,0.5000000000000014,hold,hold,0,200,
1645,2025-04-30 19:45:00+00:00,1.6,1.61,1.5906,1.6005,89795.0,pullback,weak,neutral,0.5062500000000008,hold,hold,0,200,
1646,2025-04-30 20:00:00+00:00,1.6036,1.615,1.595,1.6034,186985.0,pullback,weak,neutral,0.5402010050251255,hold,hold,0,200,
1647,2025-05-01 13:30:00+00:00,1.57,1.6,1.53,1.55,109534.0,risk_rising,weak,risk_on,0.18181818181818218,hold,hold,0,200,
1648,2025-05-01 13:45:00+00:00,1.55,1.61,1.5301,1.5999,312378.0,risk_rising,weak,risk_on,0.6354545454545468,hold,hold,0,200,
1649,2025-05-01 14:00:00+00:00,1.58,1.6,1.53,1.54,51955.0,risk_rising,weak,risk_on,0.09090909090909109,hold,hold,0,200,
1650,2025-05-01 14:15:00+00:00,1.54,1.54,1.51,1.535,58024.0,risk_rising,weak,risk_on,0.1923076923076918,hold,hold,0,200,
1651,2025-05-01 14:30:00+00:00,1.535,1.5894,1.525,1.565,110497.0,risk_rising,weak,risk_on,0.42307692307692296,hold,hold,0,200,
1652,2025-05-01 14:45:00+00:00,1.57,1.59,1.57,1.575,66606.0,risk_rising,weak,risk_on,0.5,hold,hold,0,200,
1653,2025-05-01 15:00:00+00:00,1.58,1.618,1.575,1.605,145485.0,range_distribution,weak,risk_on,0.7307692307692312,hold,hold,0,200,
1654,2025-05-01 15:15:00+00:00,1.605,1.605,1.58,1.595,49809.0,risk_rising,weak,risk_on,0.6538461538461541,hold,hold,0,200,
1655,2025-05-01 15:30:00+00:00,1.595,1.61,1.5906,1.6091,71013.0,range_distribution,weak,risk_on,0.7623076923076927,hold,hold,0,200,
1656,2025-05-01 15:45:00+00:00,1.6094,1.6094,1.6,1.6009,29423.0,risk_rising,weak,risk_on,0.6992307692307697,hold,hold,0,200,
1657,2025-05-01 16:00:00+00:00,1.6,1.6069,1.59,1.59,38721.0,range_neutral,weak,risk_on,0.6153846153846164,hold,hold,0,200,
1658,2025-05-01 16:15:00+00:00,1.5899,1.6,1.585,1.6,77151.0,range_distribution,weak,risk_on,0.8333333333333334,hold,hold,0,200,
1659,2025-05-01 16:30:00+00:00,1.595,1.6,1.59,1.595,54100.0,range_distribution,weak,risk_on,0.787037037037036,hold,hold,0,200,
1660,2025-05-01 16:45:00+00:00,1.595,1.6066,1.59,1.595,45289.0,pullback,weak,risk_on,0.787037037037036,buy,hold,0,200,
1661,2025-05-01 17:00:00+00:00,1.595,1.6,1.59,1.5903,22101.0,pullback,weak,risk_on,0.7435185185185182,hold,hold,0,200,
1662,2025-05-01 17:15:00+00:00,1.595,1.5997,1.59,1.595,28135.0,pullback,weak,risk_on,0.787037037037036,hold,hold,0,200,
1663,2025-05-01 17:30:00+00:00,1.595,1.595,1.57,1.58,66084.0,trend_late,weak,risk_on,0.6481481481481481,hold,hold,0,200,
1664,2025-05-01 17:45:00+00:00,1.585,1.595,1.585,1.59,34193.0,trend_late,weak,risk_on,0.7407407407407407,hold,hold,0,200,
1665,2025-05-01 18:00:00+00:00,1.59,1.595,1.5802,1.59,20618.0,trend_late,weak,risk_on,0.7407407407407407,hold,hold,0,200,
1666,2025-05-01 18:15:00+00:00,1.59,1.595,1.58,1.585,39991.0,trend_late,weak,risk_on,0.6944444444444434,hold,hold,0,200,
1667,2025-05-01 18:30:00+00:00,1.585,1.59,1.58,1.5808,47795.0,trend_late,weak,risk_on,0.6555555555555548,hold,hold,0,200,
1668,2025-05-01 18:45:00+00:00,1.58,1.58,1.54,1.54,87958.0,trend_late,weak,risk_on,0.2777777777777778,hold,hold,0,200,
1669,2025-05-01 19:00:00+00:00,1.5401,1.5595,1.54,1.5445,26213.0,risk_rising,weak,risk_on,0.3194444444444439,hold,hold,0,200,
1670,2025-05-01 19:15:00+00:00,1.5492,1.55,1.54,1.5494,10411.0,risk_rising,weak,risk_on,0.26236559139785104,hold,hold,0,200,
1671,2025-05-01 19:30:00+00:00,1.5445,1.5699,1.54,1.565,22085.0,risk_rising,weak,risk_on,0.3205128205128191,hold,hold,0,200,
1672,2025-05-01 19:45:00+00:00,1.565,1.57,1.56,1.5645,20562.0,risk_rising,weak,risk_on,0.3141025641025634,reduce,reduce,-200,0,1.5645
1673,2025-05-01 20:00:00+00:00,1.5667,1.5667,1.545,1.545,58057.0,risk_rising,weak,risk_on,0.07142857142856984,hold,hold,0,0,
1674,2025-05-02 13:30:00+00:00,1.55,1.55,1.55,1.55,16598.0,risk_rising,mixed,risk_on,0.14285714285714285,hold,hold,0,0,
1675,2025-05-02 13:45:00+00:00,1.5413,1.6,1.54,1.5455,81846.0,risk_rising,mixed,risk_on,0.07925072046109607,hold,hold,0,0,
1676,2025-05-02 14:00:00+00:00,1.54,1.555,1.52,1.54,88112.0,risk_rising,mixed,risk_on,0.2301495972382051,hold,hold,0,0,
1677,2025-05-02 14:15:00+00:00,1.545,1.5589,1.54,1.55,19219.0,risk_rising,mixed,risk_on,0.3464203233256354,hold,hold,0,0,
1678,2025-05-02 14:30:00+00:00,1.5541,1.57,1.54,1.555,24264.0,range_neutral,mixed,risk_on,0.40415704387990664,hold,hold,0,0,
1679,2025-05-02 14:45:00+00:00,1.55,1.5999,1.55,1.595,71748.0,range_distribution,mixed,risk_on,0.8660508083140871,hold,hold,0,0,
1680,2025-05-02 15:00:00+00:00,1.595,1.62,1.58,1.6,104616.0,range_distribution,mixed,risk_on,0.8,hold,hold,0,0,
1681,2025-05-02 15:15:00+00:00,1.61,1.645,1.6,1.645,161358.0,range_distribution,mixed,risk_on,1.0,hold,hold,0,0,
1682,2025-05-02 15:30:00+00:00,1.648,1.655,1.62,1.625,137773.0,pullback,mixed,risk_on,0.7777777777777776,buy,hold,0,0,
1683,2025-05-02 15:45:00+00:00,1.625,1.63,1.6106,1.615,83937.0,pullback,mixed,risk_on,0.7037037037037035,hold,hold,0,0,
1684,2025-05-02 16:00:00+00:00,1.615,1.625,1.61,1.615,64160.0,pullback,mixed,risk_on,0.7037037037037035,hold,hold,0,0,
1685,2025-05-02 16:15:00+00:00,1.615,1.63,1.615,1.62,67427.0,pullback,mixed,risk_on,0.7407407407407414,hold,hold,0,0,
1686,2025-05-02 16:30:00+00:00,1.62,1.64,1.61,1.63,79375.0,pullback,mixed,risk_on,0.8148148148148139,hold,hold,0,0,
1687,2025-05-02 16:45:00+00:00,1.63,1.685,1.63,1.675,106779.0,pullback,mixed,risk_on,0.9393939393939393,hold,hold,0,0,
1688,2025-05-02 17:00:00+00:00,1.675,1.68,1.66,1.66,50193.0,pullback,mixed,risk_on,0.8484848484848477,hold,hold,0,0,
1689,2025-05-02 17:15:00+00:00,1.66,1.6698,1.64,1.6698,54272.0,pullback,mixed,risk_on,0.9078787878787873,hold,hold,0,0,
1690,2025-05-02 17:30:00+00:00,1.6698,1.67,1.65,1.65,67487.0,pullback,mixed,risk_on,0.7878787878787871,hold,hold,0,0,
1691,2025-05-02 17:45:00+00:00,1.65,1.67,1.64,1.6647,59975.0,pullback,mixed,risk_on,0.8769696969696971,hold,hold,0,0,
1692,2025-05-02 18:00:00+00:00,1.66,1.675,1.65,1.675,47981.0,pullback,mixed,risk_on,0.9393939393939393,hold,hold,0,0,
1693,2025-05-02 18:15:00+00:00,1.6706,1.69,1.66,1.67,260560.0,pullback,mixed,risk_on,0.8823529411764705,hold,hold,0,0,
1694,2025-05-02 18:30:00+00:00,1.67,1.7095,1.665,1.7095,187594.0,pullback,mixed,risk_on,1.0,hold,hold,0,0,
1695,2025-05-02 18:45:00+00:00,1.705,1.735,1.705,1.7104,143270.0,pullback,mixed,risk_on,0.8855813953488364,hold,hold,0,0,
1696,2025-05-02 19:00:00+00:00,1.715,1.72,1.68,1.685,52888.0,pullback,mixed,risk_on,0.7435897435897434,hold,hold,0,0,
1697,2025-05-02 19:15:00+00:00,1.685,1.69,1.67,1.6807,103587.0,pullback,mixed,risk_on,0.7215384615384616,hold,hold,0,0,
1698,2025-05-02 19:30:00+00:00,1.69,1.69,1.67,1.68,65560.0,pullback,mixed,risk_on,0.702702702702702,hold,hold,0,0,
1699,2025-05-02 19:45:00+00:00,1.68,1.68,1.65,1.665,69331.0,trend_late,mixed,risk_on,0.5483870967741932,reduce,hold,0,0,
1700,2025-05-02 20:00:00+00:00,1.665,1.69,1.66,1.68,72298.0,pullback,mixed,risk_on,0.5925925925925914,hold,hold,0,0,
1701,2025-05-05 13:30:00+00:00,1.67,1.72,1.66,1.68,63287.0,pullback,mixed,neutral,0.5599999999999987,buy,buy,200,200,1.68
1702,2025-05-05 13:45:00+00:00,1.718,1.77,1.68,1.7649,251995.0,pullback,mixed,neutral,0.9681249999999993,hold,hold,0,200,
1703,2025-05-05 14:00:00+00:00,1.765,1.81,1.7645,1.7893,368998.0,pullback,mixed,neutral,0.8964999999999992,hold,hold,0,200,
1704,2025-05-05 14:15:00+00:00,1.7852,1.86,1.78,1.855,323808.0,pullback,mixed,neutral,0.9799999999999995,hold,hold,0,200,
1705,2025-05-05 14:30:00+00:00,1.855,1.86,1.82,1.8301,180278.0,pullback,mixed,neutral,0.8803999999999998,hold,hold,0,200,
1706,2025-05-05 14:45:00+00:00,1.835,1.87,1.83,1.87,171311.0,pullback,mixed,neutral,1.0,hold,hold,0,200,
1707,2025-05-05 15:00:00+00:00,1.865,1.88,1.84,1.875,139768.0,pullback,mixed,neutral,0.9791666666666671,hold,hold,0,200,
1708,2025-05-05 15:15:00+00:00,1.875,1.88,1.85,1.865,101932.0,pullback,mixed,neutral,0.9375000000000004,hold,hold,0,200,
1709,2025-05-05 15:30:00+00:00,1.87,1.8754,1.83,1.83,80023.0,pullback,mixed,neutral,0.7916666666666674,hold,hold,0,200,
1710,2025-05-05 15:45:00+00:00,1.83,1.94,1.812,1.9027,345625.0,pullback,mixed,neutral,0.875666666666667,hold,hold,0,200,
1711,2025-05-05 16:00:00+00:00,1.905,1.99,1.905,1.96,408194.0,pullback,mixed,neutral,0.9117647058823529,hold,hold,0,200,
1712,2025-05-05 16:15:00+00:00,1.96,1.9838,1.93,1.95,214554.0,pullback,mixed,neutral,0.8823529411764706,hold,hold,0,200,
1713,2025-05-05 16:30:00+00:00,1.95,1.965,1.93,1.9509,169061.0,pullback,mixed,neutral,0.8850000000000002,hold,hold,0,200,
1714,2025-05-05 16:45:00+00:00,1.96,1.99,1.96,1.9693,175055.0,pullback,mixed,neutral,0.9391176470588237,hold,hold,0,200,
1715,2025-05-05 17:00:00+00:00,1.965,1.965,1.93,1.93,67175.0,pullback,mixed,neutral,0.8235294117647057,hold,hold,0,200,
1716,2025-05-05 17:15:00+00:00,1.93,1.9393,1.91,1.915,40913.0,pullback,mixed,neutral,0.7794117647058826,hold,hold,0,200,
1717,2025-05-05 17:30:00+00:00,1.915,1.93,1.8803,1.89,130461.0,pullback,mixed,neutral,0.7058823529411763,hold,hold,0,200,
1718,2025-05-05 17:45:00+00:00,1.89,1.9,1.845,1.891,85281.0,pullback,mixed,neutral,0.7088235294117649,hold,hold,0,200,
1719,2025-05-05 18:00:00+00:00,1.891,1.9,1.88,1.89,17059.0,pullback,mixed,neutral,0.6969696969696968,hold,hold,0,200,
1720,2025-05-05 18:15:00+00:00,1.89,1.895,1.8749,1.885,48603.0,trend_late,mixed,neutral,0.681818181818182,reduce,reduce,-200,0,1.885
1721,2025-05-05 18:30:00+00:00,1.885,1.91,1.84,1.845,140130.0,trend_late,mixed,neutral,0.532258064516129,hold,hold,0,0,
1722,2025-05-05 18:45:00+00:00,1.845,1.8455,1.78,1.79,208238.0,trend_late,mixed,neutral,0.11308203991130854,hold,hold,0,0,
1723,2025-05-05 19:00:00+00:00,1.785,1.81,1.77,1.79,114012.0,risk_rising,mixed,neutral,0.090909090909091,hold,hold,0,0,
1724,2025-05-05 19:15:00+00:00,1.79,1.815,1.7856,1.805,52912.0,risk_rising,mixed,neutral,0.15909090909090876,hold,hold,0,0,
1725,2025-05-05 19:30:00+00:00,1.805,1.845,1.805,1.8293,105077.0,risk_rising,mixed,neutral,0.26954545454545414,hold,hold,0,0,
1726,2025-05-05 19:45:00+00:00,1.8297,1.8369,1.821,1.835,20855.0,risk_rising,mixed,neutral,0.29545454545454525,hold,hold,0,0,
1727,2025-05-05 20:00:00+00:00,1.835,1.85,1.785,1.79,201319.0,risk_rising,mixed,neutral,0.090909090909091,hold,hold,0,0,
1728,2025-05-06 13:30:00+00:00,1.75,1.8,1.75,1.7703,29791.0,risk_rising,leading,neutral,0.08458333333333327,hold,hold,0,0,
1729,2025-05-06 13:45:00+00:00,1.79,1.89,1.79,1.89,171512.0,range_neutral,leading,neutral,0.5833333333333329,hold,hold,0,0,
1730,2025-05-06 14:00:00+00:00,1.89,1.9,1.85,1.9,106765.0,range_neutral,leading,neutral,0.6249999999999997,hold,hold,0,0,
1731,2025-05-06 14:15:00+00:00,1.9,1.9,1.87,1.875,33585.0,range_neutral,leading,neutral,0.5208333333333334,hold,hold,0,0,
1732,2025-05-06 14:30:00+00:00,1.875,1.9,1.87,1.88,72589.0,range_neutral,leading,neutral,0.5416666666666663,hold,hold,0,0,
1733,2025-05-06 14:45:00+00:00,1.878,1.8899,1.87,1.8751,56081.0,range_neutral,leading,neutral,0.52125,hold,hold,0,0,
1734,2025-05-06 15:00:00+00:00,1.875,1.88,1.85,1.86,48999.0,range_neutral,leading,neutral,0.5116279069767444,hold,hold,0,0,
1735,2025-05-06 15:15:00+00:00,1.8507,1.865,1.84,1.8593,113909.0,pullback,leading,neutral,0.5773903856312728,buy,buy,200,200,1.8593
1736,2025-05-06 15:30:00+00:00,1.8501,1.8599,1.72,1.76,333151.0,trend_late,leading,neutral,0.1904761904761907,hold,hold,0,200,
1737,2025-05-06 15:45:00+00:00,1.7594,1.775,1.7305,1.745,70498.0,trend_late,leading,neutral,0.1315789473684218,hold,hold,0,200,
1738,2025-05-06 16:00:00+00:00,1.7495,1.7499,1.71,1.7299,99520.0,trend_late,leading,neutral,0.09950000000000017,hold,hold,0,200,
1739,2025-05-06 16:15:00+00:00,1.725,1.7331,1.71,1.71,35030.0,risk_rising,leading,neutral,0.0,hold,hold,0,200,
1740,2025-05-06 16:30:00+00:00,1.71,1.715,1.68,1.7047,106431.0,risk_rising,leading,neutral,0.10739130434782682,hold,hold,0,200,
1741,2025-05-06 16:45:00+00:00,1.705,1.72,1.69,1.7,52594.0,risk_rising,leading,neutral,0.090909090909091,hold,hold,0,200,
1742,2025-05-06 17:00:00+00:00,1.7,1.7,1.6449,1.65,105407.0,risk_rising,leading,neutral,0.019992159937279045,hold,hold,0,200,
1743,2025-05-06 17:15:00+00:00,1.645,1.6507,1.62,1.6352,111444.0,risk_rising,leading,neutral,0.054285714285713896,hold,hold,0,200,
1744,2025-05-06 17:30:00+00:00,1.635,1.6599,1.6349,1.6592,60820.0,risk_rising,leading,neutral,0.13999999999999974,hold,hold,0,200,
1745,2025-05-06 17:45:00+00:00,1.6514,1.66,1.6401,1.655,21896.0,risk_rising,leading,neutral,0.1249999999999998,hold,hold,0,200,
1746,2025-05-06 18:00:00+00:00,1.66,1.66,1.6391,1.6391,16943.0,risk_rising,leading,neutral,0.06821428571428538,hold,hold,0,200,
1747,2025-05-06 18:15:00+00:00,1.635,1.65,1.635,1.65,21218.0,risk_rising,leading,neutral,0.10714285714285653,reduce,reduce,-200,0,1.65
1748,2025-05-06 18:30:00+00:00,1.65,1.67,1.64,1.6564,27161.0,risk_rising,leading,neutral,0.13000000000000006,hold,hold,0,0,
1749,2025-05-06 18:45:00+00:00,1.6564,1.6564,1.64,1.6455,23210.0,risk_rising,leading,neutral,0.09107142857142812,hold,hold,0,0,
1750,2025-05-06 19:00:00+00:00,1.6455,1.66,1.64,1.655,34873.0,risk_rising,leading,neutral,0.1249999999999998,hold,hold,0,0,
1751,2025-05-06 19:15:00+00:00,1.655,1.66,1.65,1.6549,10362.0,risk_rising,leading,neutral,0.12464285714285699,hold,hold,0,0,
1752,2025-05-06 19:30:00+00:00,1.6501,1.655,1.64,1.6452,44827.0,risk_rising,leading,neutral,0.09336791404223752,hold,hold,0,0,
1753,2025-05-06 19:45:00+00:00,1.645,1.66,1.64,1.6466,84299.0,range_accumulation,leading,neutral,0.10230769230769222,hold,hold,0,0,
1754,2025-05-06 20:00:00+00:00,1.645,1.655,1.63,1.64,174651.0,risk_rising,leading,neutral,0.08163265306122369,hold,hold,0,0,
1755,2025-05-07 13:30:00+00:00,1.665,1.665,1.64,1.6534,11139.0,risk_rising,weak,neutral,0.13922467694872812,hold,hold,0,0,
1756,2025-05-07 13:45:00+00:00,1.655,1.68,1.62,1.66,76401.0,range_accumulation,weak,neutral,0.25806451612903136,hold,hold,0,0,
1757,2025-05-07 14:00:00+00:00,1.65,1.7198,1.645,1.68,83236.0,range_neutral,weak,neutral,0.4618937644341792,hold,hold,0,0,
1758,2025-05-07 14:15:00+00:00,1.6823,1.685,1.6399,1.6399,104184.0,risk_rising,weak,neutral,0.1759504862953122,hold,hold,0,0,
1759,2025-05-07 14:30:00+00:00,1.635,1.64,1.591,1.6091,133532.0,risk_rising,weak,neutral,0.14031007751937988,hold,hold,0,0,
1760,2025-05-07 14:45:00+00:00,1.61,1.61,1.56,1.5693,175442.0,risk_rising,weak,neutral,0.05812499999999918,hold,hold,0,0,
1761,2025-05-07 15:00:00+00:00,1.57,1.59,1.548,1.55,243286.0,risk_rising,weak,neutral,0.011641443538998849,hold,hold,0,0,
1762,2025-05-07 15:15:00+00:00,1.555,1.56,1.5401,1.5494,157762.0,risk_rising,weak,neutral,0.05175292153589364,hold,hold,0,0,
1763,2025-05-07 15:30:00+00:00,1.5494,1.5594,1.5432,1.555,74506.0,risk_rising,weak,neutral,0.08291597106288211,hold,hold,0,0,
1764,2025-05-07 15:45:00+00:00,1.5598,1.58,1.55,1.58,31213.0,risk_rising,weak,neutral,0.22203672787979997,hold,hold,0,0,
1765,2025-05-07 16:00:00+00:00,1.5799,1.58,1.57,1.575,24601.0,risk_rising,weak,neutral,0.1942125765164159,hold,hold,0,0,
1766,2025-05-07 16:15:00+00:00,1.575,1.6,1.57,1.6,32215.0,risk_rising,weak,neutral,0.33333333333333376,hold,hold,0,0,
1767,2025-05-07 16:30:00+00:00,1.6,1.6,1.5705,1.5705,10579.0,risk_rising,weak,neutral,0.1691708402893711,hold,hold,0,0,
1768,2025-05-07 16:45:00+00:00,1.5705,1.5794,1.57,1.5794,5904.0,risk_rising,weak,neutral,0.2186978297161931,hold,hold,0,0,
1769,2025-05-07 17:00:00+00:00,1.575,1.59,1.565,1.585,10375.0,risk_rising,weak,neutral,0.2498608792431828,hold,hold,0,0,
1770,2025-05-07 17:15:00+00:00,1.59,1.59,1.5894,1.5894,750.0,range_accumulation,weak,neutral,0.27434613244295997,hold,hold,0,0,
1771,2025-05-07 17:30:00+00:00,1.5894,1.5899,1.585,1.5891,1550.0,range_accumulation,weak,neutral,0.27267668336115714,hold,hold,0,0,
1772,2025-05-07 17:45:00+00:00,1.5891,1.5895,1.5701,1.5702,6870.0,range_accumulation,weak,neutral,0.1675013912075683,hold,hold,0,0,
1773,2025-05-07 18:00:00+00:00,1.5702,1.5893,1.56,1.57,119038.0,range_accumulation,weak,neutral,0.16638842515303306,hold,hold,0,0,
1774,2025-05-07 18:15:00+00:00,1.5764,1.5799,1.565,1.565,22737.0,risk_rising,weak,neutral,0.138564273789649,hold,hold,0,0,
1775,2025-05-07 18:30:00+00:00,1.56,1.57,1.56,1.5694,35472.0,risk_rising,weak,neutral,0.16304952698942618,hold,hold,0,0,
1776,2025-05-07 18:45:00+00:00,1.56,1.5667,1.56,1.565,6077.0,risk_rising,weak,neutral,0.138564273789649,hold,hold,0,0,
1777,2025-05-07 19:00:00+00:00,1.5601,1.5671,1.56,1.56,9574.0,risk_rising,weak,neutral,0.13733609385783316,hold,hold,0,0,
1778,2025-05-07 19:15:00+00:00,1.565,1.585,1.56,1.565,51733.0,risk_rising,weak,neutral,0.24924924924924877,hold,hold,0,0,
1779,2025-05-07 19:30:00+00:00,1.565,1.58,1.5634,1.565,56947.0,risk_rising,weak,neutral,0.3562231759656638,hold,hold,0,0,
1780,2025-05-07 19:45:00+00:00,1.565,1.57,1.555,1.5601,57292.0,risk_rising,weak,neutral,0.33388981636060094,hold,hold,0,0,
1781,2025-05-07 20:00:00+00:00,1.5692,1.58,1.56,1.565,199049.0,risk_rising,weak,neutral,0.4156928213689465,hold,hold,0,0,
1782,2025-05-08 13:30:00+00:00,1.56,1.585,1.52,1.53,37412.0,risk_rising,weak,risk_on,0.125,hold,hold,0,0,
1783,2025-05-08 13:45:00+00:00,1.54,1.56,1.51,1.52,136676.0,risk_rising,weak,risk_on,0.1111111111111111,hold,hold,0,0,
1784,2025-05-08 14:00:00+00:00,1.51,1.5292,1.49,1.515,127608.0,risk_rising,weak,risk_on,0.22727272727272627,hold,hold,0,0,
1785,2025-05-08 14:15:00+00:00,1.5165,1.52,1.495,1.5,118590.0,risk_rising,weak,risk_on,0.09090909090909091,hold,hold,0,0,
1786,2025-05-08 14:30:00+00:00,1.5049,1.52,1.5,1.51,84193.0,risk_rising,weak,risk_on,0.18181818181818182,hold,hold,0,0,
1787,2025-05-08 14:45:00+00:00,1.51,1.5208,1.51,1.515,39246.0,risk_rising,weak,risk_on,0.2499999999999989,hold,hold,0,0,
1788,2025-05-08 15:00:00+00:00,1.5194,1.52,1.5,1.515,76131.0,risk_rising,weak,risk_on,0.2499999999999989,hold,hold,0,0,
1789,2025-05-08 15:15:00+00:00,1.515,1.5595,1.515,1.551,48211.0,risk_rising,weak,risk_on,0.6099999999999989,hold,hold,0,0,
1790,2025-05-08 15:30:00+00:00,1.555,1.615,1.555,1.585,177390.0,range_distribution,weak,risk_on,0.7599999999999998,hold,hold,0,0,
1791,2025-05-08 15:45:00+00:00,1.585,1.63,1.58,1.625,67128.0,range_distribution,weak,risk_on,0.964285714285715,hold,hold,0,0,
1792,2025-05-08 16:00:00+00:00,1.625,1.625,1.57,1.59,137738.0,range_distribution,weak,risk_on,0.7142857142857154,hold,hold,0,0,
1793,2025-05-08 16:15:00+00:00,1.6,1.61,1.585,1.585,60592.0,range_distribution,weak,risk_on,0.6785714285714288,hold,hold,0,0,
1794,2025-05-08 16:30:00+00:00,1.5854,1.5854,1.565,1.565,6564.0,pullback,weak,risk_on,0.5357142857142858,buy,buy,200,200,1.565
1795,2025-05-08 16:45:00+00:00,1.565,1.575,1.5607,1.57,26228.0,pullback,weak,risk_on,0.5714285714285723,hold,hold,0,200,
1796,2025-05-08 17:00:00+00:00,1.57,1.57,1.5601,1.57,5050.0,pullback,weak,risk_on,0.5714285714285723,hold,hold,0,200,
1797,2025-05-08 17:15:00+00:00,1.57,1.57,1.56,1.57,14621.0,pullback,weak,risk_on,0.5714285714285723,hold,hold,0,200,
1798,2025-05-08 17:30:00+00:00,1.57,1.57,1.56,1.57,5440.0,pullback,weak,risk_on,0.5714285714285723,hold,hold,0,200,
1799,2025-05-08 17:45:00+00:00,1.57,1.57,1.555,1.5601,81126.0,pullback,weak,risk_on,0.5007142857142864,hold,hold,0,200,
1800,2025-05-08 18:00:00+00:00,1.5601,1.5691,1.5508,1.5567,30764.0,trend_late,weak,risk_on,0.47642857142857165,hold,hold,0,200,
1801,2025-05-08 18:15:00+00:00,1.5567,1.5668,1.5501,1.5666,8582.0,trend_late,weak,risk_on,0.5471428571428575,hold,hold,0,200,
1802,2025-05-08 18:30:00+00:00,1.565,1.565,1.555,1.5601,12112.0,trend_late,weak,risk_on,0.5007142857142864,hold,hold,0,200,
1803,2025-05-08 18:45:00+00:00,1.5601,1.57,1.56,1.565,2564.0,trend_late,weak,risk_on,0.5357142857142858,hold,hold,0,200,
1804,2025-05-08 19:00:00+00:00,1.57,1.57,1.55,1.56,39444.0,trend_late,weak,risk_on,0.48148148148148184,hold,hold,0,200,
1805,2025-05-08 19:15:00+00:00,1.56,1.57,1.555,1.565,115522.0,trend_late,weak,risk_on,0.5,hold,hold,0,200,
1806,2025-05-08 19:30:00+00:00,1.565,1.58,1.545,1.545,167736.0,risk_rising,weak,risk_on,0.34615384615384587,reduce,reduce,-200,0,1.545
1807,2025-05-08 19:45:00+00:00,1.545,1.559,1.54,1.55,35768.0,risk_rising,weak,risk_on,0.38461538461538525,hold,hold,0,0,
1808,2025-05-08 20:00:00+00:00,1.55,1.565,1.54,1.55,171049.0,risk_rising,weak,risk_on,0.30434782608695776,hold,hold,0,0,
1809,2025-05-09 13:30:00+00:00,1.58,1.62,1.56,1.5899,44195.0,range_neutral,weak,neutral,0.554444444444446,hold,hold,0,0,
1810,2025-05-09 13:45:00+00:00,1.5899,1.64,1.5899,1.61,156782.0,range_distribution,weak,neutral,0.7000000000000015,hold,hold,0,0,
1811,2025-05-09 14:00:00+00:00,1.615,1.65,1.61,1.635,79105.0,pullback,weak,neutral,0.8636363636363644,buy,buy,200,200,1.635
1812,2025-05-09 14:15:00+00:00,1.632,1.66,1.61,1.61,104743.0,pullback,weak,neutral,0.5833333333333344,hold,hold,0,200,
1813,2025-05-09 14:30:00+00:00,1.615,1.62,1.59,1.5982,57118.0,pullback,weak,neutral,0.4850000000000007,hold,hold,0,200,
1814,2025-05-09 14:45:00+00:00,1.595,1.6398,1.59,1.635,143587.0,pullback,weak,neutral,0.7916666666666672,hold,hold,0,200,
1815,2025-05-09 15:00:00+00:00,1.64,1.705,1.6301,1.695,267255.0,pullback,weak,neutral,0.9393939393939393,hold,hold,0,200,
1816,2025-05-09 15:15:00+00:00,1.695,1.73,1.68,1.71,229641.0,pullback,weak,neutral,0.894736842105263,hold,hold,0,200,
1817,2025-05-09 15:30:00+00:00,1.71,1.75,1.709,1.7318,143913.0,pullback,weak,neutral,0.9133333333333333,hold,hold,0,200,
1818,2025-05-09 15:45:00+00:00,1.7313,1.755,1.7,1.73,185675.0,pullback,weak,neutral,0.8837209302325585,hold,hold,0,200,
1819,2025-05-09 16:00:00+00:00,1.73,1.74,1.705,1.71,48382.0,pullback,weak,neutral,0.7906976744186048,hold,hold,0,200,
1820,2025-05-09 16:15:00+00:00,1.711,1.735,1.71,1.725,42605.0,pullback,weak,neutral,0.8604651162790706,hold,hold,0,200,
1821,2025-05-09 16:30:00+00:00,1.72,1.7406,1.72,1.735,52473.0,pullback,weak,neutral,0.9069767441860473,hold,hold,0,200,
1822,2025-05-09 16:45:00+00:00,1.735,1.7394,1.7,1.705,62480.0,pullback,weak,neutral,0.767441860465117,hold,hold,0,200,
1823,2025-05-09 17:00:00+00:00,1.7097,1.715,1.68,1.6802,56915.0,pullback,weak,neutral,0.6520930232558139,hold,hold,0,200,
1824,2025-05-09 17:15:00+00:00,1.69,1.73,1.69,1.715,95528.0,pullback,weak,neutral,0.8139534883720938,hold,hold,0,200,
1825,2025-05-09 17:30:00+00:00,1.718,1.718,1.69,1.6908,20052.0,trend_late,weak,neutral,0.70139534883721,reduce,reduce,-200,0,1.6908
1826,2025-05-09 17:45:00+00:00,1.695,1.75,1.69,1.745,207382.0,pullback,weak,neutral,0.9534883720930242,hold,hold,0,0,
1827,2025-05-09 18:00:00+00:00,1.745,1.87,1.7,1.765,893108.0,pullback,weak,neutral,0.6818181818181812,hold,hold,0,0,
1828,2025-05-09 18:15:00+00:00,1.765,1.81,1.71,1.715,260784.0,trend_late,weak,neutral,0.5,hold,hold,0,0,
1829,2025-05-09 18:30:00+00:00,1.71,1.72,1.675,1.702,69089.0,trend_late,weak,neutral,0.4002142092109956,hold,hold,0,0,
1830,2025-05-09 18:45:00+00:00,1.705,1.73,1.7,1.7152,121220.0,trend_late,weak,neutral,0.447142857142857,hold,hold,0,0,
1831,2025-05-09 19:00:00+00:00,1.715,1.79,1.71,1.78,108905.0,pullback,weak,neutral,0.6785714285714283,hold,hold,0,0,
1832,2025-05-09 19:15:00+00:00,1.7873,1.79,1.74,1.745,58169.0,pullback,weak,neutral,0.5535714285714286,hold,hold,0,0,
1833,2025-05-09 19:30:00+00:00,1.745,1.75,1.735,1.75,29312.0,pullback,weak,neutral,0.5714285714285711,hold,hold,0,0,
1834,2025-05-09 19:45:00+00:00,1.745,1.755,1.715,1.728,114120.0,pullback,weak,neutral,0.4080867027928298,hold,hold,0,0,
1835,2025-05-09 20:00:00+00:00,1.7247,1.74,1.7,1.715,161621.0,pullback,weak,neutral,0.20512820512820523,hold,hold,0,0,
1836,2025-05-12 13:30:00+00:00,1.71,1.71,1.56,1.6142,136195.0,trend_late,weak,risk_on,0.1748387096774194,hold,hold,0,0,
1837,2025-05-12 13:45:00+00:00,1.61,1.64,1.59,1.6325,365859.0,risk_rising,weak,risk_on,0.23387096774193547,hold,hold,0,0,
1838,2025-05-12 14:00:00+00:00,1.63,1.66,1.59,1.6,316675.0,risk_rising,weak,risk_on,0.1290322580645162,hold,hold,0,0,
1839,2025-05-12 14:15:00+00:00,1.61,1.615,1.56,1.5895,332796.0,risk_rising,weak,risk_on,0.09516129032258018,hold,hold,0,0,
1840,2025-05-12 14:30:00+00:00,1.585,1.65,1.585,1.6147,173545.0,risk_rising,weak,risk_on,0.17645161290322567,hold,hold,0,0,
1841,2025-05-12 14:45:00+00:00,1.6243,1.63,1.6,1.6001,182364.0,risk_rising,weak,risk_on,0.12935483870967748,hold,hold,0,0,
1842,2025-05-12 15:00:00+00:00,1.61,1.6186,1.59,1.595,109157.0,risk_rising,weak,risk_on,0.11290322580645133,hold,hold,0,0,
1843,2025-05-12 15:15:00+00:00,1.595,1.61,1.57,1.585,133797.0,risk_rising,weak,risk_on,0.08064516129032229,hold,hold,0,0,
1844,2025-05-12 15:30:00+00:00,1.5894,1.59,1.56,1.575,114622.0,risk_rising,weak,risk_on,0.04838709677419323,hold,hold,0,0,
1845,2025-05-12 15:45:00+00:00,1.575,1.58,1.54,1.555,186752.0,risk_rising,weak,risk_on,0.04545454545454515,hold,hold,0,0,
1846,2025-05-12 16:00:00+00:00,1.555,1.555,1.535,1.54,82168.0,risk_rising,weak,risk_on,0.014925373134328694,hold,hold,0,0,
1847,2025-05-12 16:15:00+00:00,1.5361,1.57,1.535,1.565,130307.0,risk_rising,weak,risk_on,0.10909090909090914,hold,hold,0,0,
1848,2025-05-12 16:30:00+00:00,1.56,1.57,1.5501,1.555,47914.0,risk_rising,weak,risk_on,0.07843137254901965,hold,hold,0,0,
1849,2025-05-12 16:45:00+00:00,1.56,1.57,1.56,1.56,44989.0,risk_rising,weak,risk_on,0.098039215686275,hold,hold,0,0,
1850,2025-05-12 17:00:00+00:00,1.56,1.5699,1.5512,1.5669,10194.0,risk_rising,weak,risk_on,0.12509803921568638,hold,hold,0,0,
1851,2025-05-12 17:15:00+00:00,1.5669,1.5699,1.5601,1.5694,24357.0,risk_rising,weak,risk_on,0.1349019607843136,hold,hold,0,0,
1852,2025-05-12 17:30:00+00:00,1.565,1.57,1.5507,1.5599,8883.0,risk_rising,weak,risk_on,0.11318181818181886,hold,hold,0,0,
1853,2025-05-12 17:45:00+00:00,1.56,1.585,1.56,1.585,14959.0,range_accumulation,weak,risk_on,0.22727272727272751,hold,hold,0,0,
1854,2025-05-12 18:00:00+00:00,1.585,1.59,1.57,1.585,70819.0,range_accumulation,weak,risk_on,0.24390243902439038,hold,hold,0,0,
1855,2025-05-12 18:15:00+00:00,1.585,1.585,1.56,1.565,24673.0,range_accumulation,weak,risk_on,0.17142857142857154,hold,hold,0,0,
1856,2025-05-12 18:30:00+00:00,1.5666,1.57,1.5533,1.5533,19055.0,range_accumulation,weak,risk_on,0.14639999999999986,hold,hold,0,0,
1857,2025-05-12 18:45:00+00:00,1.555,1.58,1.5512,1.5795,37306.0,range_neutral,weak,risk_on,0.35599999999999987,hold,hold,0,0,
1858,2025-05-12 19:00:00+00:00,1.575,1.575,1.57,1.575,5650.0,range_accumulation,weak,risk_on,0.34782608695652206,hold,hold,0,0,
1859,2025-05-12 19:15:00+00:00,1.575,1.575,1.56,1.565,31945.0,range_accumulation,weak,risk_on,0.2608695652173916,hold,hold,0,0,
1860,2025-05-12 19:30:00+00:00,1.565,1.57,1.56,1.57,17325.0,pullback,weak,risk_on,0.36842105263158054,buy,buy,200,200,1.57
1861,2025-05-12 19:45:00+00:00,1.5749,1.58,1.57,1.575,25896.0,pullback,weak,risk_on,0.4784688995215308,hold,hold,0,200,
1862,2025-05-12 20:00:00+00:00,1.575,1.58,1.551,1.565,101189.0,pullback,weak,risk_on,0.3999999999999994,hold,hold,0,200,
1863,2025-05-13 13:30:00+00:00,1.57,1.58,1.56,1.56,13004.0,trend_late,weak,neutral,0.45454545454545564,reduce,reduce,-200,0,1.56
1864,2025-05-13 13:45:00+00:00,1.5598,1.5806,1.555,1.5806,23321.0,trend_late,weak,neutral,0.8290909090909082,hold,hold,0,0,
1865,2025-05-13 14:00:00+00:00,1.5894,1.59,1.55,1.5501,85223.0,trend_late,weak,neutral,0.2745454545454558,hold,hold,0,0,
1866,2025-05-13 14:15:00+00:00,1.5501,1.575,1.545,1.545,68751.0,trend_late,weak,neutral,0.18181818181818146,hold,hold,0,0,
1867,2025-05-13 14:30:00+00:00,1.5446,1.5674,1.53,1.56,159839.0,risk_rising,weak,neutral,0.5,hold,hold,0,0,
1868,2025-05-13 14:45:00+00:00,1.5593,1.5596,1.54,1.5467,17362.0,risk_rising,weak,neutral,0.27833333333333204,hold,hold,0,0,
1869,2025-05-13 15:00:00+00:00,1.5467,1.5467,1.53,1.54,17779.0,risk_rising,weak,neutral,0.16666666666666666,hold,hold,0,0,
1870,2025-05-13 15:15:00+00:00,1.54,1.54,1.53,1.535,65038.0,risk_rising,weak,neutral,0.08333333333333148,hold,hold,0,0,
1871,2025-05-13 15:30:00+00:00,1.5312,1.545,1.53,1.535,33914.0,risk_rising,weak,neutral,0.08333333333333148,hold,hold,0,0,
1872,2025-05-13 15:45:00+00:00,1.535,1.539,1.53,1.535,9166.0,risk_rising,weak,neutral,0.08333333333333148,hold,hold,0,0,
1873,2025-05-13 16:00:00+00:00,1.5399,1.54,1.52,1.525,64692.0,risk_rising,weak,neutral,0.07142857142856984,hold,hold,0,0,
1874,2025-05-13 16:15:00+00:00,1.52,1.5247,1.48,1.51,251180.0,risk_rising,weak,neutral,0.2727272727272727,hold,hold,0,0,
1875,2025-05-13 16:30:00+00:00,1.5166,1.5166,1.5,1.505,37054.0,risk_rising,weak,neutral,0.22727272727272627,hold,hold,0,0,
1876,2025-05-13 16:45:00+00:00,1.505,1.51,1.49,1.5092,44225.0,risk_rising,weak,neutral,0.2654545454545463,hold,hold,0,0,
1877,2025-05-13 17:00:00+00:00,1.505,1.53,1.5,1.52,36505.0,risk_rising,weak,neutral,0.36363636363636365,hold,hold,0,0,
1878,2025-05-13 17:15:00+00:00,1.52,1.52,1.51,1.515,8574.0,risk_rising,weak,neutral,0.3181818181818172,hold,hold,0,0,
1879,2025-05-13 17:30:00+00:00,1.5151,1.5199,1.51,1.515,14189.0,risk_rising,weak,neutral,0.3181818181818172,hold,hold,0,0,
1880,2025-05-13 17:45:00+00:00,1.515,1.52,1.5101,1.515,29071.0,risk_rising,weak,neutral,0.3181818181818172,hold,hold,0,0,
1881,2025-05-13 18:00:00+00:00,1.515,1.519,1.51,1.515,5158.0,risk_rising,weak,neutral,0.3181818181818172,hold,hold,0,0,
1882,2025-05-13 18:15:00+00:00,1.515,1.52,1.515,1.519,11403.0,risk_rising,weak,neutral,0.35454545454545355,hold,hold,0,0,
1883,2025-05-13 18:30:00+00:00,1.511,1.52,1.5101,1.515,6474.0,risk_rising,weak,neutral,0.3181818181818172,hold,hold,0,0,
1884,2025-05-13 18:45:00+00:00,1.515,1.52,1.5101,1.515,5051.0,range_accumulation,weak,neutral,0.3181818181818172,hold,hold,0,0,
1885,2025-05-13 19:00:00+00:00,1.515,1.52,1.51,1.52,12030.0,range_neutral,weak,neutral,0.42105263157894784,hold,hold,0,0,
1886,2025-05-13 19:15:00+00:00,1.515,1.52,1.51,1.518,15576.0,range_neutral,weak,neutral,0.43478260869565294,hold,hold,0,0,
1887,2025-05-13 19:30:00+00:00,1.515,1.54,1.515,1.5251,55338.0,range_neutral,weak,neutral,0.5665829145728625,hold,hold,0,0,
1888,2025-05-13 19:45:00+00:00,1.5251,1.53,1.52,1.5201,28034.0,range_neutral,weak,neutral,0.6011994002998506,hold,hold,0,0,
1889,2025-05-13 20:00:00+00:00,1.5201,1.54,1.52,1.525,35641.0,range_distribution,weak,neutral,0.6923076923076917,hold,hold,0,0,
1890,2025-05-14 13:30:00+00:00,1.53,1.55,1.53,1.55,21227.0,pullback,weak,neutral,1.0,buy,hold,0,0,
1891,2025-05-14 13:45:00+00:00,1.55,1.55,1.46,1.4682,159151.0,trend_late,weak,neutral,0.09111111111111087,hold,hold,0,0,
1892,2025-05-14 14:00:00+00:00,1.4646,1.4758,1.43,1.44,262958.0,risk_rising,weak,neutral,0.08333333333333333,hold,hold,0,0,
1893,2025-05-14 14:15:00+00:00,1.445,1.4669,1.42,1.44,227680.0,risk_rising,weak,neutral,0.15384615384615385,hold,hold,0,0,
1894,2025-05-14 14:30:00+00:00,1.43,1.445,1.415,1.425,160627.0,risk_rising,weak,neutral,0.07407407407407414,hold,hold,0,0,
1895,2025-05-14 14:45:00+00:00,1.4299,1.4301,1.4149,1.4295,51983.0,risk_rising,weak,neutral,0.10806809770540302,hold,hold,0,0,
1896,2025-05-14 15:00:00+00:00,1.43,1.44,1.42,1.43,70738.0,risk_rising,weak,neutral,0.11176905995558765,hold,hold,0,0,
1897,2025-05-14 15:15:00+00:00,1.42,1.43,1.42,1.425,23168.0,risk_rising,weak,neutral,0.07475943745373796,hold,hold,0,0,
1898,2025-05-14 15:30:00+00:00,1.4271,1.4395,1.42,1.435,38793.0,risk_rising,weak,neutral,0.148778682457439,hold,hold,0,0,
1899,2025-05-14 15:45:00+00:00,1.435,1.445,1.43,1.435,35993.0,risk_rising,weak,neutral,0.148778682457439,hold,hold,0,0,
1900,2025-05-14 16:00:00+00:00,1.43,1.4369,1.43,1.435,6106.0,risk_rising,weak,neutral,0.148778682457439,hold,hold,0,0,
1901,2025-05-14 16:15:00+00:00,1.435,1.44,1.42,1.425,97130.0,risk_rising,weak,neutral,0.07475943745373796,hold,hold,0,0,
1902,2025-05-14 16:30:00+00:00,1.425,1.4369,1.42,1.42,17059.0,risk_rising,weak,neutral,0.03774981495188662,reduce,hold,0,0,
1903,2025-05-14 16:45:00+00:00,1.42,1.43,1.42,1.423,36611.0,risk_rising,weak,neutral,0.059955588452997755,hold,hold,0,0,
1904,2025-05-14 17:00:00+00:00,1.43,1.4676,1.42,1.44,223836.0,range_accumulation,weak,neutral,0.1857883049592887,hold,hold,0,0,
1905,2025-05-14 17:15:00+00:00,1.44,1.44,1.42,1.4252,125078.0,risk_rising,weak,neutral,0.07623982235381181,hold,hold,0,0,
1906,2025-05-14 17:30:00+00:00,1.4252,1.4252,1.38,1.3899,252985.0,risk_rising,weak,neutral,0.05823529411764712,hold,hold,0,0,
1907,2025-05-14 17:45:00+00:00,1.3899,1.3999,1.38,1.385,30009.0,risk_rising,weak,neutral,0.029411764705883005,hold,hold,0,0,
1908,2025-05-14 18:00:00+00:00,1.38,1.4094,1.38,1.4094,22458.0,risk_rising,weak,neutral,0.17294117647058863,hold,hold,0,0,
1909,2025-05-14 18:15:00+00:00,1.4078,1.4095,1.4,1.4075,9694.0,risk_rising,weak,neutral,0.16176470588235325,hold,hold,0,0,
1910,2025-05-14 18:30:00+00:00,1.41,1.41,1.4,1.4,6602.0,risk_rising,weak,neutral,0.11764705882352941,hold,hold,0,0,
1911,2025-05-14 18:45:00+00:00,1.4,1.42,1.4,1.41,8048.0,risk_rising,weak,neutral,0.313152400835073,hold,hold,0,0,
1912,2025-05-14 19:00:00+00:00,1.4192,1.4197,1.41,1.415,2440.0,risk_rising,weak,neutral,0.39954337899543485,hold,hold,0,0,
1913,2025-05-14 19:15:00+00:00,1.415,1.42,1.41,1.415,13420.0,risk_rising,weak,neutral,0.39954337899543485,hold,hold,0,0,
1914,2025-05-14 19:30:00+00:00,1.415,1.42,1.41,1.41,18978.0,risk_rising,weak,neutral,0.34246575342465735,hold,hold,0,0,
1915,2025-05-14 19:45:00+00:00,1.41,1.425,1.405,1.405,50618.0,risk_rising,weak,neutral,0.2853881278538824,hold,hold,0,0,
1916,2025-05-14 20:00:00+00:00,1.405,1.42,1.38,1.395,112621.0,range_accumulation,weak,neutral,0.17123287671232995,hold,hold,0,0,
1917,2025-05-15 13:30:00+00:00,1.38,1.391,1.38,1.3901,26599.0,range_accumulation,weak,neutral,0.11529680365296785,hold,hold,0,0,
1918,2025-05-15 13:45:00+00:00,1.39,1.3912,1.35,1.37,135561.0,risk_rising,weak,neutral,0.1700680272108846,hold,hold,0,0,
1919,2025-05-15 14:00:00+00:00,1.36,1.3642,1.34,1.3493,129369.0,risk_rising,weak,neutral,0.07288401253918392,hold,hold,0,0,
1920,2025-05-15 14:15:00+00:00,1.35,1.37,1.3409,1.36,68736.0,risk_rising,weak,neutral,0.1567398119122259,hold,hold,0,0,
1921,2025-05-15 14:30:00+00:00,1.37,1.38,1.36,1.3698,23192.0,risk_rising,weak,neutral,0.23354231974921505,hold,hold,0,0,
1922,2025-05-15 14:45:00+00:00,1.365,1.38,1.36,1.3768,83745.0,risk_rising,weak,neutral,0.288401253918495,hold,hold,0,0,
1923,2025-05-15 15:00:00+00:00,1.375,1.38,1.365,1.375,54922.0,risk_rising,weak,neutral,0.2742946708463945,hold,hold,0,0,
1924,2025-05-15 15:15:00+00:00,1.3706,1.38,1.35,1.362,113534.0,risk_rising,weak,neutral,0.2200000000000005,hold,hold,0,0,
1925,2025-05-15 15:30:00+00:00,1.37,1.39,1.36,1.385,49763.0,risk_rising,weak,neutral,0.5281690140845066,hold,hold,0,0,
1926,2025-05-15 15:45:00+00:00,1.385,1.39,1.38,1.385,9234.0,risk_rising,weak,neutral,0.5294117647058817,hold,hold,0,0,
1927,2025-05-15 16:00:00+00:00,1.385,1.39,1.3846,1.385,7341.0,risk_rising,weak,neutral,0.5294117647058817,hold,hold,0,0,
1928,2025-05-15 16:15:00+00:00,1.38,1.39,1.38,1.39,3144.0,range_neutral,weak,neutral,0.5882352941176452,hold,hold,0,0,
1929,2025-05-15 16:30:00+00:00,1.3897,1.4099,1.38,1.4,19472.0,range_distribution,weak,neutral,0.7058823529411747,hold,hold,0,0,
1930,2025-05-15 16:45:00+00:00,1.405,1.405,1.39,1.395,18254.0,range_neutral,weak,neutral,0.6470588235294114,hold,hold,0,0,
1931,2025-05-15 17:00:00+00:00,1.391,1.395,1.39,1.395,4394.0,range_neutral,weak,neutral,0.6470588235294114,hold,hold,0,0,
1932,2025-05-15 17:15:00+00:00,1.395,1.41,1.3901,1.41,14251.0,pullback,weak,neutral,0.8235294117647044,buy,buy,200,200,1.41
1933,2025-05-15 17:30:00+00:00,1.41,1.415,1.4,1.405,13925.0,pullback,weak,neutral,0.7647058823529409,hold,hold,0,200,
1934,2025-05-15 17:45:00+00:00,1.4,1.4,1.38,1.3861,73314.0,pullback,weak,neutral,0.5423529411764711,hold,hold,0,200,
1935,2025-05-15 18:00:00+00:00,1.39,1.42,1.385,1.42,14363.0,pullback,weak,neutral,1.0,hold,hold,0,200,
1936,2025-05-15 18:15:00+00:00,1.415,1.435,1.4113,1.425,63657.0,pullback,weak,neutral,0.894736842105263,hold,hold,0,200,
1937,2025-05-15 18:30:00+00:00,1.425,1.43,1.415,1.425,11555.0,pullback,weak,neutral,0.894736842105263,hold,hold,0,200,
1938,2025-05-15 18:45:00+00:00,1.43,1.43,1.4246,1.43,10092.0,pullback,weak,neutral,0.9473684210526303,hold,hold,0,200,
1939,2025-05-15 19:00:00+00:00,1.43,1.438,1.42,1.425,9404.0,pullback,weak,neutral,0.8661174047373851,hold,hold,0,200,
1940,2025-05-15 19:15:00+00:00,1.425,1.45,1.4209,1.45,56711.0,pullback,weak,neutral,1.0,hold,hold,0,200,
1941,2025-05-15 19:30:00+00:00,1.4401,1.46,1.44,1.455,41442.0,pullback,weak,neutral,0.9545454545454555,hold,hold,0,200,
1942,2025-05-15 19:45:00+00:00,1.455,1.47,1.45,1.45,35808.0,pullback,weak,neutral,0.833333333333333,hold,hold,0,200,
1943,2025-05-15 20:00:00+00:00,1.46,1.47,1.45,1.465,56154.0,pullback,weak,neutral,0.9583333333333341,hold,hold,0,200,
1944,2025-05-16 13:30:00+00:00,1.44,1.4591,1.4301,1.4498,14273.0,pullback,weak,neutral,0.8163636363636362,hold,hold,0,200,
1945,2025-05-16 13:45:00+00:00,1.44,1.44,1.4,1.43,122190.0,pullback,weak,neutral,0.5555555555555556,hold,hold,0,200,
1946,2025-05-16 14:00:00+00:00,1.4218,1.46,1.42,1.4364,70105.0,pullback,weak,neutral,0.6266666666666662,hold,hold,0,200,
1947,2025-05-16 14:15:00+00:00,1.4364,1.4364,1.395,1.41,146291.0,trend_late,weak,neutral,0.3333333333333333,reduce,reduce,-200,0,1.41
1948,2025-05-16 14:30:00+00:00,1.41,1.4295,1.41,1.41,84379.0,trend_late,weak,neutral,0.3333333333333333,hold,hold,0,0,
1949,2025-05-16 14:45:00+00:00,1.4146,1.42,1.4146,1.42,18400.0,trend_late,weak,neutral,0.4444444444444444,hold,hold,0,0,
1950,2025-05-16 15:00:00+00:00,1.42,1.43,1.415,1.43,13473.0,trend_late,weak,neutral,0.5555555555555556,hold,hold,0,0,
1951,2025-05-16 15:15:00+00:00,1.43,1.4338,1.4,1.405,26749.0,trend_late,weak,neutral,0.277777777777779,hold,hold,0,0,
1952,2025-05-16 15:30:00+00:00,1.4046,1.42,1.4,1.42,45247.0,trend_late,weak,neutral,0.4444444444444444,hold,hold,0,0,
1953,2025-05-16 15:45:00+00:00,1.4199,1.42,1.395,1.395,54895.0,risk_rising,weak,neutral,0.1666666666666679,hold,hold,0,0,
1954,2025-05-16 16:00:00+00:00,1.395,1.4,1.39,1.395,30297.0,risk_rising,weak,neutral,0.11764705882352956,hold,hold,0,0,
1955,2025-05-16 16:15:00+00:00,1.4,1.4,1.385,1.395,72201.0,risk_rising,weak,neutral,0.11764705882352956,hold,hold,0,0,
1956,2025-05-16 16:30:00+00:00,1.4,1.405,1.39,1.3901,15871.0,risk_rising,weak,neutral,0.059999999999998645,hold,hold,0,0,
1957,2025-05-16 16:45:00+00:00,1.395,1.395,1.38,1.385,37179.0,risk_rising,weak,neutral,0.05555555555555679,hold,hold,0,0,
1958,2025-05-16 17:00:00+00:00,1.3899,1.415,1.3801,1.405,74440.0,risk_rising,weak,neutral,0.277777777777779,hold,hold,0,0,
1959,2025-05-16 17:15:00+00:00,1.405,1.4099,1.37,1.3998,102426.0,risk_rising,weak,neutral,0.29799999999999865,hold,hold,0,0,
1960,2025-05-16 17:30:00+00:00,1.395,1.41,1.395,1.4005,11255.0,risk_rising,weak,neutral,0.3050000000000001,hold,hold,0,0,
1961,2025-05-16 17:45:00+00:00,1.4005,1.4199,1.4,1.41,11863.0,range_neutral,weak,neutral,0.3999999999999987,hold,hold,0,0,
1962,2025-05-16 18:00:00+00:00,1.4198,1.42,1.41,1.414,10283.0,risk_rising,weak,neutral,0.4399999999999988,hold,hold,0,0,
1963,2025-05-16 18:15:00+00:00,1.415,1.415,1.38,1.395,158612.0,range_accumulation,weak,neutral,0.27777777777777724,hold,hold,0,0,
1964,2025-05-16 18:30:00+00:00,1.395,1.4,1.395,1.395,4050.0,range_accumulation,weak,neutral,0.27777777777777724,hold,hold,0,0,
1965,2025-05-16 18:45:00+00:00,1.395,1.411,1.39,1.4,62691.0,range_accumulation,weak,neutral,0.3333333333333317,hold,hold,0,0,
1966,2025-05-16 19:00:00+00:00,1.4,1.405,1.395,1.395,9995.0,range_neutral,weak,neutral,0.3765060240963854,hold,hold,0,0,
1967,2025-05-16 19:15:00+00:00,1.4,1.41,1.4,1.405,15272.0,range_neutral,weak,neutral,0.54858934169279,hold,hold,0,0,
1968,2025-05-16 19:30:00+00:00,1.41,1.42,1.405,1.415,19611.0,range_distribution,weak,neutral,0.7053291536050161,hold,hold,0,0,
1969,2025-05-16 19:45:00+00:00,1.415,1.43,1.415,1.43,35847.0,pullback,weak,neutral,0.9404388714733537,buy,hold,0,0,
1970,2025-05-16 20:00:00+00:00,1.425,1.435,1.39,1.41,236545.0,pullback,weak,neutral,0.615384615384613,hold,hold,0,0,
1971,2025-05-19 13:30:00+00:00,1.36,1.38,1.34,1.36,42878.0,trend_late,weak,neutral,0.21052631578947392,reduce,hold,0,0,
1972,2025-05-19 13:45:00+00:00,1.36,1.37,1.2909,1.34,306738.0,risk_rising,weak,neutral,0.3407356002775857,hold,hold,0,0,
1973,2025-05-19 14:00:00+00:00,1.34,1.3641,1.32,1.345,142095.0,risk_rising,weak,neutral,0.3754337265787647,hold,hold,0,0,
1974,2025-05-19 14:15:00+00:00,1.34,1.37,1.34,1.365,49829.0,risk_rising,weak,neutral,0.5142262317834837,hold,hold,0,0,
1975,2025-05-19 14:30:00+00:00,1.365,1.4,1.365,1.39,98503.0,risk_rising,weak,neutral,0.6877168632893815,hold,hold,0,0,
1976,2025-05-19 14:45:00+00:00,1.4,1.41,1.39,1.405,46448.0,range_distribution,weak,neutral,0.7918112421929215,hold,hold,0,0,
1977,2025-05-19 15:00:00+00:00,1.405,1.4301,1.4,1.4105,23579.0,range_distribution,weak,neutral,0.8299791811242196,hold,hold,0,0,
1978,2025-05-19 15:15:00+00:00,1.42,1.48,1.42,1.47,138871.0,range_distribution,weak,neutral,0.9471179270227392,hold,hold,0,0,
1979,2025-05-19 15:30:00+00:00,1.46,1.47,1.445,1.45,86812.0,range_distribution,weak,neutral,0.8413537810682178,hold,hold,0,0,
1980,2025-05-19 15:45:00+00:00,1.45,1.465,1.45,1.455,17030.0,range_distribution,weak,neutral,0.8677948175568487,hold,hold,0,0,
1981,2025-05-19 16:00:00+00:00,1.4501,1.4554,1.445,1.45,32175.0,pullback,weak,neutral,0.8413537810682178,hold,hold,0,0,
1982,2025-05-19 16:15:00+00:00,1.445,1.4531,1.44,1.4531,20649.0,pullback,weak,neutral,0.8577472236911692,hold,hold,0,0,
1983,2025-05-19 16:30:00+00:00,1.46,1.47,1.453,1.46,30179.0,pullback,weak,neutral,0.8942358540454786,buy,buy,200,200,1.46
1984,2025-05-19 16:45:00+00:00,1.4605,1.47,1.44,1.455,54147.0,pullback,weak,neutral,0.8677948175568487,hold,hold,0,200,
1985,2025-05-19 17:00:00+00:00,1.455,1.4598,1.4517,1.455,7296.0,pullback,weak,neutral,0.8677948175568487,hold,hold,0,200,
1986,2025-05-19 17:15:00+00:00,1.455,1.47,1.45,1.465,12963.0,pullback,weak,neutral,0.9206768905341095,hold,hold,0,200,
1987,2025-05-19 17:30:00+00:00,1.465,1.47,1.445,1.445,8881.0,pullback,weak,neutral,0.814912744579588,hold,hold,0,200,
1988,2025-05-19 17:45:00+00:00,1.445,1.455,1.44,1.44,3988.0,trend_late,weak,neutral,0.788471708090957,hold,hold,0,200,
1989,2025-05-19 18:00:00+00:00,1.44,1.4454,1.44,1.445,11256.0,trend_late,weak,neutral,0.814912744579588,hold,hold,0,200,
1990,2025-05-19 18:15:00+00:00,1.445,1.4454,1.4406,1.445,4538.0,trend_late,weak,neutral,0.814912744579588,hold,hold,0,200,
1991,2025-05-19 18:30:00+00:00,1.445,1.445,1.425,1.435,86876.0,trend_late,weak,neutral,0.7620306716023273,hold,hold,0,200,
1992,2025-05-19 18:45:00+00:00,1.435,1.455,1.435,1.455,6796.0,pullback,weak,neutral,0.8437500000000004,hold,hold,0,200,
1993,2025-05-19 19:00:00+00:00,1.455,1.455,1.445,1.445,8058.0,trend_late,weak,neutral,0.7500000000000004,hold,hold,0,200,
1994,2025-05-19 19:15:00+00:00,1.445,1.445,1.44,1.445,3800.0,trend_late,weak,neutral,0.6956521739130441,hold,hold,0,200,
1995,2025-05-19 19:30:00+00:00,1.445,1.445,1.42,1.445,17615.0,trend_late,weak,neutral,0.6111111111111124,reduce,reduce,-200,0,1.445
1996,2025-05-19 19:45:00+00:00,1.4401,1.45,1.435,1.445,15822.0,risk_rising,weak,neutral,0.5625000000000013,hold,hold,0,0,
1997,2025-05-19 20:00:00+00:00,1.4406,1.46,1.435,1.46,63868.0,range_distribution,weak,neutral,0.6666666666666666,hold,hold,0,0,
1998,2025-05-20 13:30:00+00:00,1.47,1.47,1.43,1.43,65831.0,risk_rising,weak,neutral,0.2,hold,hold,0,0,
1999,2025-05-20 13:45:00+00:00,1.43,1.44,1.41,1.4306,103400.0,risk_rising,weak,neutral,0.34333333333333593,hold,hold,0,0,
2000,2025-05-20 14:00:00+00:00,1.43,1.4477,1.41,1.435,25725.0,risk_rising,weak,neutral,0.4166666666666685,hold,hold,0,0,
2001,2025-05-20 14:15:00+00:00,1.435,1.44,1.42,1.43,17593.0,risk_rising,weak,neutral,0.3333333333333333,hold,hold,0,0,
2002,2025-05-20 14:30:00+00:00,1.43,1.4399,1.4,1.425,29081.0,risk_rising,weak,neutral,0.3571428571428587,hold,hold,0,0,
2003,2025-05-20 14:45:00+00:00,1.425,1.48,1.425,1.47,60457.0,range_distribution,weak,neutral,0.875,hold,hold,0,0,
2004,2025-05-20 15:00:00+00:00,1.47,1.48,1.46,1.48,11760.0,range_distribution,weak,neutral,1.0,hold,hold,0,0,
2005,2025-05-20 15:15:00+00:00,1.485,1.4868,1.45,1.45,34638.0,range_neutral,weak,neutral,0.5760368663594476,hold,hold,0,0,
2006,2025-05-20 15:30:00+00:00,1.45,1.46,1.45,1.455,9750.0,pullback,weak,neutral,0.6336405529953937,buy,hold,0,0,
2007,2025-05-20 15:45:00+00:00,1.455,1.455,1.43,1.44,23361.0,risk_rising,weak,neutral,0.46082949308755805,hold,hold,0,0,
2008,2025-05-20 16:00:00+00:00,1.4499,1.455,1.4499,1.455,15684.0,pullback,weak,neutral,0.6336405529953937,hold,hold,0,0,
2009,2025-05-20 16:15:00+00:00,1.455,1.46,1.455,1.455,1614.0,pullback,weak,neutral,0.6336405529953937,hold,hold,0,0,
2010,2025-05-20 16:30:00+00:00,1.45,1.4578,1.45,1.455,1081.0,pullback,weak,neutral,0.6336405529953937,hold,hold,0,0,
2011,2025-05-20 16:45:00+00:00,1.455,1.46,1.45,1.455,8913.0,pullback,weak,neutral,0.6336405529953937,hold,hold,0,0,
2012,2025-05-20 17:00:00+00:00,1.455,1.47,1.44,1.445,64596.0,pullback,weak,neutral,0.5184331797235041,hold,hold,0,0,
2013,2025-05-20 17:15:00+00:00,1.445,1.4493,1.44,1.44,5915.0,trend_late,weak,neutral,0.46082949308755805,hold,hold,0,0,
2014,2025-05-20 17:30:00+00:00,1.445,1.46,1.445,1.455,8937.0,trend_late,weak,neutral,0.6336405529953937,hold,hold,0,0,
2015,2025-05-20 17:45:00+00:00,1.455,1.46,1.45,1.455,6491.0,pullback,weak,neutral,0.6336405529953937,hold,hold,0,0,
2016,2025-05-20 18:00:00+00:00,1.455,1.46,1.44,1.44,11470.0,trend_late,weak,neutral,0.46082949308755805,hold,hold,0,0,
2017,2025-05-20 18:15:00+00:00,1.4497,1.45,1.43,1.43,21862.0,trend_late,weak,neutral,0.34562211981566854,hold,hold,0,0,
2018,2025-05-20 18:30:00+00:00,1.43,1.44,1.43,1.435,5701.0,risk_rising,weak,neutral,0.4032258064516146,reduce,hold,0,0,
2019,2025-05-20 18:45:00+00:00,1.4394,1.4394,1.4031,1.4195,102816.0,risk_rising,weak,neutral,0.2246543778801852,hold,hold,0,0,
2020,2025-05-20 19:00:00+00:00,1.4195,1.4195,1.415,1.415,200.0,risk_rising,weak,neutral,0.17281105990783555,hold,hold,0,0,
2021,2025-05-20 19:15:00+00:00,1.415,1.42,1.41,1.415,7497.0,risk_rising,weak,neutral,0.17281105990783555,hold,hold,0,0,
2022,2025-05-20 19:30:00+00:00,1.415,1.43,1.41,1.415,4121.0,risk_rising,weak,neutral,0.1421744324970136,hold,hold,0,0,
2023,2025-05-20 19:45:00+00:00,1.4195,1.4294,1.4195,1.425,14920.0,risk_rising,weak,neutral,0.261648745519714,hold,hold,0,0,
2024,2025-05-20 20:00:00+00:00,1.425,1.43,1.41,1.415,28258.0,risk_rising,weak,neutral,0.1421744324970136,hold,hold,0,0,
2025,2025-05-21 13:30:00+00:00,1.4,1.405,1.4,1.405,16490.0,risk_rising,weak,neutral,0.07142857142857302,hold,hold,0,0,
2026,2025-05-21 13:45:00+00:00,1.41,1.43,1.39,1.41,39975.0,risk_rising,weak,neutral,0.25,hold,hold,0,0,
2027,2025-05-21 14:00:00+00:00,1.4106,1.43,1.41,1.41,12226.0,risk_rising,weak,neutral,0.25,hold,hold,0,0,
2028,2025-05-21 14:15:00+00:00,1.41,1.43,1.4058,1.4102,31562.0,risk_rising,weak,neutral,0.2524999999999997,hold,hold,0,0,
2029,2025-05-21 14:30:00+00:00,1.42,1.42,1.4,1.4,17896.0,risk_rising,weak,neutral,0.125,hold,hold,0,0,
2030,2025-05-21 14:45:00+00:00,1.4,1.4,1.38,1.3819,55092.0,risk_rising,weak,neutral,0.021111111111111233,hold,hold,0,0,
2031,2025-05-21 15:00:00+00:00,1.39,1.4,1.39,1.4,22333.0,risk_rising,weak,neutral,0.2222222222222222,hold,hold,0,0,
2032,2025-05-21 15:15:00+00:00,1.395,1.4,1.385,1.4,28443.0,risk_rising,weak,neutral,0.25,hold,hold,0,0,
2033,2025-05-21 15:30:00+00:00,1.4,1.42,1.38,1.4,97422.0,risk_rising,weak,neutral,0.25,hold,hold,0,0,
2034,2025-05-21 15:45:00+00:00,1.3946,1.4298,1.39,1.415,123214.0,range_neutral,weak,neutral,0.4375000000000014,hold,hold,0,0,
2035,2025-05-21 16:00:00+00:00,1.4105,1.42,1.405,1.41,13199.0,range_neutral,weak,neutral,0.375,hold,hold,0,0,
2036,2025-05-21 16:15:00+00:00,1.41,1.42,1.405,1.415,86164.0,range_neutral,weak,neutral,0.5000000000000016,hold,hold,0,0,
2037,2025-05-21 16:30:00+00:00,1.415,1.4501,1.405,1.44,201799.0,range_distribution,weak,neutral,0.855920114122682,hold,hold,0,0,
2038,2025-05-21 16:45:00+00:00,1.44,1.53,1.44,1.495,485431.0,pullback,weak,neutral,0.7666666666666674,buy,buy,200,200,1.495
2039,2025-05-21 17:00:00+00:00,1.495,1.59,1.475,1.54,335247.0,pullback,weak,neutral,0.7619047619047619,hold,hold,0,200,
2040,2025-05-21 17:15:00+00:00,1.5508,1.575,1.49,1.5,199545.0,pullback,weak,neutral,0.5714285714285714,hold,hold,0,200,
2041,2025-05-21 17:30:00+00:00,1.491,1.5,1.45,1.46,122678.0,pullback,weak,neutral,0.38095238095238093,hold,hold,0,200,
2042,2025-05-21 17:45:00+00:00,1.46,1.47,1.45,1.455,61522.0,pullback,weak,neutral,0.35714285714285765,hold,hold,0,200,
2043,2025-05-21 18:00:00+00:00,1.4699,1.4799,1.45,1.47,68428.0,pullback,weak,neutral,0.42857142857142855,hold,hold,0,200,
2044,2025-05-21 18:15:00+00:00,1.475,1.49,1.47,1.47,40680.0,pullback,weak,neutral,0.42857142857142855,hold,hold,0,200,
2045,2025-05-21 18:30:00+00:00,1.47,1.4883,1.465,1.48,34392.0,pullback,weak,neutral,0.47619047619047616,hold,hold,0,200,
2046,2025-05-21 18:45:00+00:00,1.485,1.51,1.485,1.4998,88979.0,pullback,weak,neutral,0.5704761904761906,hold,hold,0,200,
2047,2025-05-21 19:00:00+00:00,1.5,1.51,1.49,1.505,61151.0,pullback,weak,neutral,0.5952380952380947,hold,hold,0,200,
2048,2025-05-21 19:15:00+00:00,1.5,1.51,1.49,1.49,28127.0,trend_late,weak,neutral,0.5238095238095238,hold,hold,0,200,
2049,2025-05-21 19:30:00+00:00,1.49,1.495,1.47,1.485,63937.0,trend_late,weak,neutral,0.5000000000000006,hold,hold,0,200,
2050,2025-05-21 19:45:00+00:00,1.485,1.5,1.48,1.49,16741.0,trend_late,weak,neutral,0.5238095238095238,reduce,reduce,-200,0,1.49
2051,2025-05-21 20:00:00+00:00,1.49,1.5,1.48,1.5,62202.0,pullback,weak,neutral,0.5714285714285714,hold,hold,0,0,
2052,2025-05-22 13:30:00+00:00,1.51,1.51,1.45,1.47,63306.0,pullback,weak,neutral,0.42857142857142855,buy,hold,0,0,
2053,2025-05-22 13:45:00+00:00,1.48,1.5099,1.46,1.49,73430.0,pullback,weak,neutral,0.5,hold,hold,0,0,
2054,2025-05-22 14:00:00+00:00,1.4913,1.52,1.48,1.495,39951.0,pullback,weak,neutral,0.4864864864864868,hold,hold,0,0,
2055,2025-05-22 14:15:00+00:00,1.4806,1.51,1.47,1.47,96151.0,trend_late,weak,neutral,0.351351351351351,hold,hold,0,0,
2056,2025-05-22 14:30:00+00:00,1.4799,1.5,1.46,1.46,121285.0,trend_late,weak,neutral,0.29729729729729687,hold,hold,0,0,
2057,2025-05-22 14:45:00+00:00,1.46,1.49,1.45,1.48,71606.0,risk_rising,weak,neutral,0.26666666666666666,hold,hold,0,0,
2058,2025-05-22 15:00:00+00:00,1.48,1.48,1.4521,1.46,96158.0,risk_rising,weak,neutral,0.07142857142857142,hold,hold,0,0,
2059,2025-05-22 15:15:00+00:00,1.46,1.47,1.43,1.4493,135977.0,risk_rising,weak,neutral,0.1331034482758627,hold,hold,0,0,
2060,2025-05-22 15:30:00+00:00,1.4493,1.45,1.435,1.445,38778.0,risk_rising,weak,neutral,0.1666666666666679,hold,hold,0,0,
2061,2025-05-22 15:45:00+00:00,1.445,1.46,1.435,1.455,29166.0,risk_rising,weak,neutral,0.277777777777779,hold,hold,0,0,
2062,2025-05-22 16:00:00+00:00,1.46,1.46,1.45,1.455,15421.0,risk_rising,weak,neutral,0.277777777777779,hold,hold,0,0,
2063,2025-05-22 16:15:00+00:00,1.455,1.48,1.455,1.465,77727.0,risk_rising,weak,neutral,0.3888888888888901,hold,hold,0,0,
2064,2025-05-22 16:30:00+00:00,1.465,1.47,1.46,1.47,6445.0,risk_rising,weak,neutral,0.4444444444444444,reduce,hold,0,0,
2065,2025-05-22 16:45:00+00:00,1.47,1.48,1.46,1.46,37999.0,risk_rising,weak,neutral,0.3333333333333333,hold,hold,0,0,
2066,2025-05-22 17:00:00+00:00,1.46,1.53,1.46,1.525,203895.0,range_distribution,weak,neutral,0.9499999999999988,hold,hold,0,0,
2067,2025-05-22 17:15:00+00:00,1.525,1.57,1.5201,1.57,270026.0,range_distribution,weak,neutral,1.0,hold,hold,0,0,
2068,2025-05-22 17:30:00+00:00,1.565,1.58,1.52,1.525,203961.0,pullback,weak,neutral,0.6333333333333326,hold,hold,0,0,
2069,2025-05-22 17:45:00+00:00,1.5211,1.54,1.48,1.525,241319.0,pullback,weak,neutral,0.6333333333333326,hold,hold,0,0,
2070,2025-05-22 18:00:00+00:00,1.52,1.6303,1.505,1.605,478200.0,pullback,weak,neutral,0.8736894658012977,hold,hold,0,0,
2071,2025-05-22 18:15:00+00:00,1.61,1.64,1.58,1.6,277738.0,pullback,weak,neutral,0.8095238095238104,hold,hold,0,0,
2072,2025-05-22 18:30:00+00:00,1.5901,1.6,1.54,1.575,191565.0,pullback,weak,neutral,0.6904761904761907,hold,hold,0,0,
2073,2025-05-22 18:45:00+00:00,1.575,1.59,1.57,1.57,12500.0,pullback,weak,neutral,0.6666666666666674,hold,hold,0,0,
2074,2025-05-22 19:00:00+00:00,1.575,1.58,1.55,1.5506,42216.0,pullback,weak,neutral,0.5742857142857146,hold,hold,0,0,
2075,2025-05-22 19:15:00+00:00,1.5592,1.59,1.555,1.575,185196.0,pullback,weak,neutral,0.6904761904761907,hold,hold,0,0,
2076,2025-05-22 19:30:00+00:00,1.575,1.58,1.565,1.565,44995.0,pullback,weak,neutral,0.642857142857143,buy,buy,200,200,1.565
2077,2025-05-22 19:45:00+00:00,1.57,1.57,1.56,1.565,24437.0,trend_late,weak,neutral,0.642857142857143,hold,hold,0,200,
2078,2025-05-22 20:00:00+00:00,1.565,1.57,1.54,1.555,62742.0,pullback,weak,neutral,0.5952380952380953,hold,hold,0,200,
2079,2025-05-23 13:30:00+00:00,1.52,1.53,1.46,1.48,84979.0,trend_late,weak,neutral,0.21951219512195103,reduce,hold,0,200,
2080,2025-05-23 13:45:00+00:00,1.47,1.53,1.47,1.505,249481.0,trend_late,weak,neutral,0.3414634146341458,hold,hold,0,200,
2081,2025-05-23 14:00:00+00:00,1.505,1.52,1.5,1.51,44312.0,trend_late,weak,neutral,0.3157894736842109,hold,hold,0,200,
2082,2025-05-23 14:15:00+00:00,1.5002,1.51,1.47,1.5089,152114.0,trend_late,weak,neutral,0.29135135135135076,hold,hold,0,200,
2083,2025-05-23 14:30:00+00:00,1.505,1.5299,1.49,1.5228,57248.0,risk_rising,weak,neutral,0.3488888888888888,hold,hold,0,200,
2084,2025-05-23 14:45:00+00:00,1.5399,1.55,1.525,1.5409,102991.0,risk_rising,weak,neutral,0.4494444444444444,hold,hold,0,200,
2085,2025-05-23 15:00:00+00:00,1.541,1.55,1.52,1.5212,79356.0,risk_rising,weak,neutral,0.3400000000000009,hold,hold,0,200,
2086,2025-05-23 15:15:00+00:00,1.525,1.525,1.51,1.5111,38602.0,risk_rising,weak,neutral,0.2838888888888898,hold,hold,0,200,
2087,2025-05-23 15:30:00+00:00,1.515,1.53,1.51,1.525,30644.0,risk_rising,weak,neutral,0.36111111111111094,hold,hold,0,200,
2088,2025-05-23 15:45:00+00:00,1.525,1.54,1.52,1.535,35063.0,risk_rising,weak,neutral,0.4166666666666666,hold,hold,0,200,
2089,2025-05-23 16:00:00+00:00,1.535,1.5378,1.52,1.5201,6752.0,range_accumulation,weak,neutral,0.33388888888888923,hold,hold,0,200,
2090,2025-05-23 16:15:00+00:00,1.53,1.54,1.49,1.49,109071.0,risk_rising,weak,neutral,0.16666666666666688,hold,hold,0,200,
2091,2025-05-23 16:30:00+00:00,1.4909,1.56,1.4909,1.5497,201498.0,range_neutral,weak,neutral,0.6407142857142859,hold,hold,0,200,
2092,2025-05-23 16:45:00+00:00,1.5497,1.56,1.54,1.5599,28665.0,range_distribution,weak,neutral,0.7684615384615385,hold,hold,0,200,
2093,2025-05-23 17:00:00+00:00,1.5598,1.58,1.55,1.555,39360.0,range_distribution,weak,neutral,0.73076923076923,hold,hold,0,200,
2094,2025-05-23 17:15:00+00:00,1.555,1.565,1.55,1.565,35641.0,pullback,weak,neutral,0.8076923076923068,buy,hold,0,200,
2095,2025-05-23 17:30:00+00:00,1.565,1.57,1.54,1.55,125722.0,pullback,weak,neutral,0.75,hold,hold,0,200,
2096,2025-05-23 17:45:00+00:00,1.555,1.58,1.555,1.5798,34493.0,pullback,weak,neutral,0.9983333333333335,hold,hold,0,200,
2097,2025-05-23 18:00:00+00:00,1.5798,1.6,1.5791,1.595,36698.0,pullback,weak,neutral,0.9642857142857135,hold,hold,0,200,
2098,2025-05-23 18:15:00+00:00,1.595,1.6,1.59,1.5901,31665.0,pullback,weak,neutral,0.9292857142857142,hold,hold,0,200,
2099,2025-05-23 18:30:00+00:00,1.591,1.595,1.57,1.575,48771.0,pullback,weak,neutral,0.8076923076923068,hold,hold,0,200,
2100,2025-05-23 18:45:00+00:00,1.575,1.5799,1.57,1.57,24367.0,pullback,weak,neutral,0.7692307692307693,hold,hold,0,200,
2101,2025-05-23 19:00:00+00:00,1.5601,1.57,1.55,1.555,48755.0,pullback,weak,neutral,0.653846153846153,hold,hold,0,200,
2102,2025-05-23 19:15:00+00:00,1.56,1.57,1.5501,1.5672,28233.0,pullback,weak,neutral,0.7018181818181806,hold,hold,0,200,
2103,2025-05-23 19:30:00+00:00,1.5691,1.57,1.561,1.565,16967.0,pullback,weak,neutral,0.6818181818181808,hold,hold,0,200,
2104,2025-05-23 19:45:00+00:00,1.565,1.565,1.56,1.565,16838.0,pullback,weak,neutral,0.6818181818181808,hold,hold,0,200,
2105,2025-05-23 20:00:00+00:00,1.565,1.57,1.53,1.535,265279.0,trend_late,weak,neutral,0.40909090909090806,hold,hold,0,200,
2106,2025-05-27 13:30:00+00:00,1.53,1.58,1.52,1.58,18648.0,pullback,weak,risk_on,0.8181818181818182,hold,hold,0,200,
2107,2025-05-27 13:45:00+00:00,1.58,1.58,1.535,1.5498,139028.0,trend_late,weak,risk_on,0.5436363636363638,reduce,reduce,-200,0,1.5498
2108,2025-05-27 14:00:00+00:00,1.545,1.56,1.52,1.555,146250.0,trend_late,weak,risk_on,0.5909090909090899,hold,hold,0,0,
2109,2025-05-27 14:15:00+00:00,1.555,1.58,1.55,1.5535,50777.0,risk_rising,weak,risk_on,0.5772727272727278,hold,hold,0,0,
2110,2025-05-27 14:30:00+00:00,1.555,1.565,1.5506,1.565,32265.0,risk_rising,weak,risk_on,0.6791934005499535,hold,hold,0,0,
2111,2025-05-27 14:45:00+00:00,1.56,1.56,1.53,1.545,50709.0,risk_rising,weak,risk_on,0.3124999999999986,hold,hold,0,0,
2112,2025-05-27 15:00:00+00:00,1.545,1.5498,1.5201,1.535,46683.0,risk_rising,weak,risk_on,0.1874999999999986,hold,hold,0,0,
2113,2025-05-27 15:15:00+00:00,1.535,1.54,1.4901,1.505,94994.0,risk_rising,weak,risk_on,0.13557779799817923,hold,hold,0,0,
2114,2025-05-27 15:30:00+00:00,1.5071,1.52,1.49,1.49,64214.0,risk_rising,weak,risk_on,0.0,hold,hold,0,0,
2115,2025-05-27 15:45:00+00:00,1.49,1.5,1.49,1.495,29719.0,risk_rising,weak,risk_on,0.04545454545454646,hold,hold,0,0,
2116,2025-05-27 16:00:00+00:00,1.495,1.4999,1.49,1.495,18010.0,risk_rising,weak,risk_on,0.04545454545454646,hold,hold,0,0,
2117,2025-05-27 16:15:00+00:00,1.495,1.495,1.47,1.485,62580.0,risk_rising,weak,risk_on,0.11538461538461624,hold,hold,0,0,
2118,2025-05-27 16:30:00+00:00,1.485,1.4881,1.47,1.475,37949.0,risk_rising,weak,risk_on,0.040000000000000924,hold,hold,0,0,
2119,2025-05-27 16:45:00+00:00,1.475,1.5,1.47,1.49,24088.0,risk_rising,weak,risk_on,0.18181818181818182,hold,hold,0,0,
2120,2025-05-27 17:00:00+00:00,1.48,1.4898,1.475,1.4898,14185.0,risk_rising,weak,risk_on,0.18000000000000022,hold,hold,0,0,
2121,2025-05-27 17:15:00+00:00,1.485,1.49,1.48,1.485,2128.0,risk_rising,weak,risk_on,0.13636363636363738,hold,hold,0,0,
2122,2025-05-27 17:30:00+00:00,1.485,1.49,1.475,1.475,50349.0,risk_rising,weak,risk_on,0.04545454545454646,hold,hold,0,0,
2123,2025-05-27 17:45:00+00:00,1.475,1.5,1.47,1.5,29879.0,risk_rising,weak,risk_on,0.2727272727272727,hold,hold,0,0,
2124,2025-05-27 18:00:00+00:00,1.5,1.505,1.4945,1.5001,21159.0,range_accumulation,weak,risk_on,0.2736363636363635,hold,hold,0,0,
2125,2025-05-27 18:15:00+00:00,1.5,1.505,1.48,1.485,27063.0,risk_rising,weak,risk_on,0.13636363636363738,hold,hold,0,0,
2126,2025-05-27 18:30:00+00:00,1.485,1.4871,1.475,1.475,23367.0,risk_rising,weak,risk_on,0.04545454545454646,hold,hold,0,0,
2127,2025-05-27 18:45:00+00:00,1.475,1.48,1.4646,1.465,38883.0,risk_rising,weak,risk_on,0.003466204506067395,hold,hold,0,0,
2128,2025-05-27 19:00:00+00:00,1.4601,1.47,1.46,1.465,31336.0,risk_rising,weak,risk_on,0.041666666666667594,hold,hold,0,0,
2129,2025-05-27 19:15:00+00:00,1.465,1.47,1.46,1.47,15610.0,risk_rising,weak,risk_on,0.09523809523809534,hold,hold,0,0,
2130,2025-05-27 19:30:00+00:00,1.465,1.48,1.465,1.48,29412.0,risk_rising,weak,risk_on,0.2,hold,hold,0,0,
2131,2025-05-27 19:45:00+00:00,1.48,1.4999,1.4708,1.495,79905.0,range_neutral,weak,risk_on,0.3897550111358586,hold,hold,0,0,
2132,2025-05-27 20:00:00+00:00,1.495,1.52,1.49,1.5,115309.0,range_neutral,weak,risk_on,0.5,hold,hold,0,0,
2133,2025-05-28 13:30:00+00:00,1.52,1.52,1.48,1.49,32444.0,risk_rising,weak,neutral,0.5,hold,hold,0,0,
2134,2025-05-28 13:45:00+00:00,1.48,1.49,1.41,1.44,391542.0,risk_rising,weak,neutral,0.2727272727272727,hold,hold,0,0,
2135,2025-05-28 14:00:00+00:00,1.45,1.455,1.43,1.4501,36228.0,risk_rising,weak,neutral,0.36454545454545445,hold,hold,0,0,
2136,2025-05-28 14:15:00+00:00,1.45,1.4548,1.42,1.425,75632.0,risk_rising,weak,neutral,0.13636363636363738,hold,hold,0,0,
2137,2025-05-28 14:30:00+00:00,1.425,1.44,1.4113,1.42,116998.0,risk_rising,weak,neutral,0.09090909090909091,hold,hold,0,0,
2138,2025-05-28 14:45:00+00:00,1.425,1.435,1.41,1.42,89579.0,risk_rising,weak,neutral,0.09090909090909091,hold,hold,0,0,
2139,2025-05-28 15:00:00+00:00,1.425,1.4299,1.42,1.425,32664.0,risk_rising,weak,neutral,0.13636363636363738,hold,hold,0,0,
2140,2025-05-28 15:15:00+00:00,1.428,1.4383,1.39,1.397,234417.0,risk_rising,weak,neutral,0.0538461538461547,hold,hold,0,0,
2141,2025-05-28 15:30:00+00:00,1.39,1.4089,1.39,1.4088,90897.0,risk_rising,weak,neutral,0.14461538461538564,hold,hold,0,0,
2142,2025-05-28 15:45:00+00:00,1.4088,1.415,1.4,1.415,43487.0,risk_rising,weak,neutral,0.19230769230769315,hold,hold,0,0,
2143,2025-05-28 16:00:00+00:00,1.415,1.4179,1.4103,1.415,15432.0,risk_rising,weak,neutral,0.19230769230769315,hold,hold,0,0,
2144,2025-05-28 16:15:00+00:00,1.415,1.43,1.41,1.4246,22686.0,risk_rising,weak,neutral,0.26615384615384735,hold,hold,0,0,
2145,2025-05-28 16:30:00+00:00,1.4246,1.4298,1.42,1.4253,14538.0,risk_rising,weak,neutral,0.2715384615384621,hold,hold,0,0,
2146,2025-05-28 16:45:00+00:00,1.4253,1.44,1.415,1.43,81518.0,range_accumulation,weak,neutral,0.3076923076923077,hold,hold,0,0,
2147,2025-05-28 17:00:00+00:00,1.4399,1.445,1.42,1.42,123400.0,range_accumulation,weak,neutral,0.23076923076923078,hold,hold,0,0,
2148,2025-05-28 17:15:00+00:00,1.4103,1.42,1.41,1.4164,48761.0,risk_rising,weak,neutral,0.20307692307692443,hold,hold,0,0,
2149,2025-05-28 17:30:00+00:00,1.415,1.4265,1.415,1.42,17897.0,risk_rising,weak,neutral,0.23076923076923078,hold,hold,0,0,
2150,2025-05-28 17:45:00+00:00,1.42,1.43,1.42,1.423,15487.0,range_accumulation,weak,neutral,0.2538461538461547,hold,hold,0,0,
2151,2025-05-28 18:00:00+00:00,1.423,1.43,1.42,1.425,3809.0,range_accumulation,weak,neutral,0.2692307692307701,hold,hold,0,0,
2152,2025-05-28 18:15:00+00:00,1.425,1.4298,1.425,1.425,2101.0,range_accumulation,weak,neutral,0.2692307692307701,hold,hold,0,0,
2153,2025-05-28 18:30:00+00:00,1.425,1.43,1.42,1.42,4422.0,pullback,weak,neutral,0.3,buy,buy,200,200,1.42
2154,2025-05-28 18:45:00+00:00,1.42,1.43,1.42,1.425,7709.0,pullback,weak,neutral,0.5384615384615392,hold,hold,0,200,
2155,2025-05-28 19:00:00+00:00,1.425,1.43,1.39,1.397,218746.0,trend_late,weak,neutral,0.10802469135802618,hold,hold,0,200,
2156,2025-05-28 19:15:00+00:00,1.395,1.4078,1.39,1.3972,17426.0,risk_rising,weak,neutral,0.13090909090909225,hold,hold,0,200,
2157,2025-05-28 19:30:00+00:00,1.4,1.4,1.39,1.395,37981.0,risk_rising,weak,neutral,0.09090909090909274,hold,hold,0,200,
2158,2025-05-28 19:45:00+00:00,1.4,1.42,1.39,1.4099,28530.0,risk_rising,weak,neutral,0.3618181818181813,hold,hold,0,200,
2159,2025-05-28 20:00:00+00:00,1.41,1.42,1.4,1.41,60281.0,risk_rising,weak,neutral,0.3636363636363629,hold,hold,0,200,
2160,2025-05-29 13:30:00+00:00,1.43,1.44,1.41,1.41,29951.0,risk_rising,weak,neutral,0.3636363636363629,reduce,reduce,-200,0,1.41
2161,2025-05-29 13:45:00+00:00,1.41,1.415,1.37,1.405,201028.0,risk_rising,weak,neutral,0.4666666666666659,hold,hold,0,0,
2162,2025-05-29 14:00:00+00:00,1.4001,1.42,1.4,1.4054,64054.0,risk_rising,weak,neutral,0.47199999999999864,hold,hold,0,0,
2163,2025-05-29 14:15:00+00:00,1.4099,1.41,1.4,1.405,9225.0,risk_rising,weak,neutral,0.4666666666666659,hold,hold,0,0,
2164,2025-05-29 14:30:00+00:00,1.4,1.43,1.4,1.415,115904.0,risk_rising,weak,neutral,0.5999999999999994,hold,hold,0,0,
2165,2025-05-29 14:45:00+00:00,1.415,1.415,1.4,1.405,25066.0,range_neutral,weak,neutral,0.4666666666666659,hold,hold,0,0,
2166,2025-05-29 15:00:00+00:00,1.405,1.41,1.4,1.4,36289.0,range_neutral,weak,neutral,0.39999999999999764,hold,hold,0,0,
2167,2025-05-29 15:15:00+00:00,1.4001,1.41,1.4,1.4099,38166.0,range_neutral,weak,neutral,0.5699999999999988,hold,hold,0,0,
2168,2025-05-29 15:30:00+00:00,1.4099,1.4198,1.405,1.415,13033.0,range_neutral,weak,neutral,0.6428571428571433,hold,hold,0,0,
2169,2025-05-29 15:45:00+00:00,1.42,1.42,1.41,1.4105,8500.0,range_neutral,weak,neutral,0.5785714285714296,hold,hold,0,0,
2170,2025-05-29 16:00:00+00:00,1.4105,1.42,1.41,1.41,16248.0,range_neutral,weak,neutral,0.5714285714285701,hold,hold,0,0,
2171,2025-05-29 16:15:00+00:00,1.4117,1.43,1.41,1.4284,32837.0,pullback,weak,neutral,0.8342857142857131,hold,hold,0,0,
2172,2025-05-29 16:30:00+00:00,1.425,1.43,1.4101,1.415,18279.0,pullback,weak,neutral,0.6428571428571433,buy,hold,0,0,
2173,2025-05-29 16:45:00+00:00,1.415,1.42,1.4,1.405,46892.0,pullback,weak,neutral,0.5,hold,hold,0,0,
2174,2025-05-29 17:00:00+00:00,1.405,1.41,1.4,1.4013,22709.0,trend_late,weak,neutral,0.4471428571428565,hold,hold,0,0,
2175,2025-05-29 17:15:00+00:00,1.405,1.41,1.4,1.4089,6700.0,pullback,weak,neutral,0.555714285714286,hold,hold,0,0,
2176,2025-05-29 17:30:00+00:00,1.4089,1.41,1.4,1.41,5865.0,pullback,weak,neutral,0.5714285714285701,hold,hold,0,0,
2177,2025-05-29 17:45:00+00:00,1.41,1.41,1.4,1.405,8817.0,trend_late,weak,neutral,0.5,hold,hold,0,0,
2178,2025-05-29 18:00:00+00:00,1.405,1.41,1.4,1.4,35253.0,trend_late,weak,neutral,0.42857142857142677,hold,hold,0,0,
2179,2025-05-29 18:15:00+00:00,1.405,1.405,1.38,1.3899,104430.0,risk_rising,weak,neutral,0.2842857142857122,hold,hold,0,0,
2180,2025-05-29 18:30:00+00:00,1.385,1.3999,1.385,1.39,76539.0,risk_rising,weak,neutral,0.3333333333333309,hold,hold,0,0,
2181,2025-05-29 18:45:00+00:00,1.39,1.397,1.39,1.39,3300.0,risk_rising,weak,neutral,0.2,hold,hold,0,0,
2182,2025-05-29 19:00:00+00:00,1.395,1.3971,1.39,1.39,16866.0,risk_rising,weak,neutral,0.2,hold,hold,0,0,
2183,2025-05-29 19:15:00+00:00,1.39,1.398,1.39,1.395,18254.0,risk_rising,weak,neutral,0.3000000000000022,hold,hold,0,0,
2184,2025-05-29 19:30:00+00:00,1.39,1.4,1.39,1.395,13293.0,risk_rising,weak,neutral,0.3000000000000022,reduce,hold,0,0,
2185,2025-05-29 19:45:00+00:00,1.395,1.4,1.39,1.39,9200.0,risk_rising,weak,neutral,0.2,hold,hold,0,0,
2186,2025-05-29 20:00:00+00:00,1.39,1.4,1.38,1.4,131486.0,risk_rising,weak,neutral,0.4,hold,hold,0,0,
2187,2025-05-30 13:30:00+00:00,1.38,1.39,1.35,1.3581,26129.0,risk_rising,weak,neutral,0.10125000000000015,hold,hold,0,0,
2188,2025-05-30 13:45:00+00:00,1.37,1.37,1.33,1.36,178164.0,risk_rising,weak,neutral,0.30000000000000066,hold,hold,0,0,
2189,2025-05-30 14:00:00+00:00,1.365,1.37,1.35,1.355,61664.0,risk_rising,weak,neutral,0.24999999999999944,hold,hold,0,0,
2190,2025-05-30 14:15:00+00:00,1.357,1.37,1.357,1.365,9164.0,risk_rising,weak,neutral,0.34999999999999964,hold,hold,0,0,
2191,2025-05-30 14:30:00+00:00,1.365,1.37,1.36,1.37,6006.0,risk_rising,weak,neutral,0.4000000000000009,hold,hold,0,0,
2192,2025-05-30 14:45:00+00:00,1.37,1.38,1.36,1.37,13217.0,risk_rising,weak,neutral,0.44444444444444553,hold,hold,0,0,
2193,2025-05-30 15:00:00+00:00,1.37,1.3799,1.365,1.375,11536.0,risk_rising,weak,neutral,0.5625000000000002,hold,hold,0,0,
2194,2025-05-30 15:15:00+00:00,1.375,1.378,1.3629,1.37,6664.0,risk_rising,weak,neutral,0.5000000000000014,hold,hold,0,0,
2195,2025-05-30 15:30:00+00:00,1.37,1.37,1.36,1.3601,6531.0,risk_rising,weak,neutral,0.3762500000000009,hold,hold,0,0,
2196,2025-05-30 15:45:00+00:00,1.3601,1.38,1.3601,1.37,15022.0,risk_rising,weak,neutral,0.5000000000000014,hold,hold,0,0,
2197,2025-05-30 16:00:00+00:00,1.3798,1.38,1.37,1.37,14656.0,range_neutral,weak,neutral,0.5000000000000014,hold,hold,0,0,
2198,2025-05-30 16:15:00+00:00,1.37,1.38,1.37,1.38,10900.0,range_distribution,weak,neutral,0.6666666666666647,hold,hold,0,0,
2199,2025-05-30 16:30:00+00:00,1.375,1.38,1.3618,1.37,14950.0,range_neutral,weak,neutral,0.5714285714285733,hold,hold,0,0,
2200,2025-05-30 16:45:00+00:00,1.365,1.37,1.34,1.34,124576.0,risk_rising,weak,neutral,0.14285714285714332,hold,hold,0,0,
2201,2025-05-30 17:00:00+00:00,1.34,1.35,1.33,1.335,43904.0,risk_rising,weak,neutral,0.07142857142857006,hold,hold,0,0,
2202,2025-05-30 17:15:00+00:00,1.335,1.345,1.33,1.3346,41949.0,risk_rising,weak,neutral,0.06571428571428498,hold,hold,0,0,
2203,2025-05-30 17:30:00+00:00,1.337,1.3497,1.33,1.345,22532.0,risk_rising,weak,neutral,0.21428571428571339,hold,hold,0,0,
2204,2025-05-30 17:45:00+00:00,1.345,1.36,1.34,1.355,22212.0,risk_rising,weak,neutral,0.3571428571428567,hold,hold,0,0,
2205,2025-05-30 18:00:00+00:00,1.355,1.36,1.35,1.355,48431.0,risk_rising,weak,neutral,0.3571428571428567,hold,hold,0,0,
2206,2025-05-30 18:15:00+00:00,1.355,1.3565,1.3515,1.3515,2700.0,risk_rising,weak,neutral,0.3583333333333319,hold,hold,0,0,
2207,2025-05-30 18:30:00+00:00,1.355,1.36,1.355,1.355,1375.0,risk_rising,weak,neutral,0.5,hold,hold,0,0,
2208,2025-05-30 18:45:00+00:00,1.355,1.37,1.3535,1.36,68835.0,risk_rising,weak,neutral,0.6000000000000026,hold,hold,0,0,
2209,2025-05-30 19:00:00+00:00,1.3595,1.36,1.35,1.355,60178.0,risk_rising,weak,neutral,0.5,hold,hold,0,0,
2210,2025-05-30 19:15:00+00:00,1.355,1.37,1.355,1.37,24411.0,range_distribution,weak,neutral,0.8000000000000036,hold,hold,0,0,
2211,2025-05-30 19:30:00+00:00,1.37,1.39,1.36,1.3811,91717.0,range_distribution,weak,neutral,0.8516666666666678,hold,hold,0,0,
2212,2025-05-30 19:45:00+00:00,1.3818,1.4,1.3805,1.395,124374.0,pullback,weak,neutral,0.9285714285714299,buy,hold,0,0,
2213,2025-05-30 20:00:00+00:00,1.39,1.4,1.38,1.39,43650.0,pullback,weak,neutral,0.8571428571428567,hold,hold,0,0,
2214,2025-06-02 13:30:00+00:00,1.39,1.408,1.39,1.4,22386.0,pullback,weak,risk_on,0.8974358974358971,hold,hold,0,0,
2215,2025-06-02 13:45:00+00:00,1.3892,1.43,1.37,1.42,142241.0,pullback,weak,risk_on,0.8999999999999998,hold,hold,0,0,
2216,2025-06-02 14:00:00+00:00,1.41,1.4299,1.41,1.4299,27167.0,pullback,weak,risk_on,0.9990000000000001,hold,hold,0,0,
2217,2025-06-02 14:15:00+00:00,1.4272,1.4279,1.395,1.395,36194.0,pullback,weak,risk_on,0.6500000000000004,hold,hold,0,0,
2218,2025-06-02 14:30:00+00:00,1.3901,1.44,1.39,1.43,88322.0,pullback,weak,risk_on,0.909090909090909,hold,hold,0,0,
2219,2025-06-02 14:45:00+00:00,1.425,1.4599,1.42,1.4586,62651.0,pullback,weak,risk_on,0.9899923017705922,hold,hold,0,0,
2220,2025-06-02 15:00:00+00:00,1.45,1.46,1.432,1.435,86010.0,pullback,weak,risk_on,0.8076923076923083,hold,hold,0,0,
2221,2025-06-02 15:15:00+00:00,1.44,1.4498,1.43,1.4317,79219.0,pullback,weak,risk_on,0.7823076923076921,hold,hold,0,0,
2222,2025-06-02 15:30:00+00:00,1.435,1.47,1.43,1.465,48984.0,pullback,weak,risk_on,0.964285714285715,hold,hold,0,0,
2223,2025-06-02 15:45:00+00:00,1.465,1.47,1.44,1.44,31432.0,pullback,weak,risk_on,0.7692307692307688,hold,hold,0,0,
2224,2025-06-02 16:00:00+00:00,1.4421,1.4499,1.44,1.445,20078.0,pullback,weak,risk_on,0.7916666666666672,hold,hold,0,0,
2225,2025-06-02 16:15:00+00:00,1.445,1.45,1.4201,1.43,58702.0,pullback,weak,risk_on,0.6666666666666661,hold,hold,0,0,
2226,2025-06-02 16:30:00+00:00,1.4215,1.43,1.42,1.4215,5910.0,trend_late,weak,risk_on,0.595833333333333,reduce,hold,0,0,
2227,2025-06-02 16:45:00+00:00,1.4215,1.4354,1.4215,1.4309,12288.0,pullback,weak,risk_on,0.6741666666666671,hold,hold,0,0,
2228,2025-06-02 17:00:00+00:00,1.4309,1.435,1.422,1.4299,15249.0,trend_late,weak,risk_on,0.6658333333333328,hold,hold,0,0,
2229,2025-06-02 17:15:00+00:00,1.42,1.43,1.42,1.425,14735.0,trend_late,weak,risk_on,0.6086956521739136,hold,hold,0,0,
2230,2025-06-02 17:30:00+00:00,1.42,1.42,1.4108,1.415,18876.0,trend_late,weak,risk_on,0.5,hold,hold,0,0,
2231,2025-06-02 17:45:00+00:00,1.4199,1.4293,1.4199,1.42,12950.0,trend_late,weak,risk_on,0.4999999999999989,hold,hold,0,0,
2232,2025-06-02 18:00:00+00:00,1.42,1.43,1.4102,1.4201,23844.0,trend_late,weak,risk_on,0.5009999999999988,hold,hold,0,0,
2233,2025-06-02 18:15:00+00:00,1.43,1.43,1.42,1.4223,12046.0,risk_rising,weak,risk_on,0.5229999999999986,hold,hold,0,0,
2234,2025-06-02 18:30:00+00:00,1.4223,1.43,1.4201,1.43,21380.0,risk_rising,weak,risk_on,0.5999999999999991,hold,hold,0,0,
2235,2025-06-02 18:45:00+00:00,1.425,1.43,1.425,1.43,7262.0,range_neutral,weak,risk_on,0.5,hold,hold,0,0,
2236,2025-06-02 19:00:00+00:00,1.43,1.43,1.42,1.43,31655.0,range_neutral,weak,risk_on,0.5,hold,hold,0,0,
2237,2025-06-02 19:15:00+00:00,1.425,1.43,1.42,1.4221,6841.0,risk_rising,weak,risk_on,0.4012499999999999,hold,hold,0,0,
2238,2025-06-02 19:30:00+00:00,1.4221,1.4299,1.4201,1.4246,10087.0,risk_rising,weak,risk_on,0.24080267558528717,hold,hold,0,0,
2239,2025-06-02 19:45:00+00:00,1.425,1.4279,1.42,1.42,27398.0,risk_rising,weak,risk_on,0.16387959866220767,hold,hold,0,0,
2240,2025-06-02 20:00:00+00:00,1.42,1.45,1.4,1.44,82454.0,range_neutral,weak,risk_on,0.5714285714285714,hold,hold,0,0,
2241,2025-06-03 13:30:00+00:00,1.39,1.415,1.39,1.415,6320.0,risk_rising,weak,risk_on,0.3125000000000014,hold,hold,0,0,
2242,2025-06-03 13:45:00+00:00,1.41,1.43,1.4,1.425,57131.0,range_neutral,weak,risk_on,0.4375000000000014,hold,hold,0,0,
2243,2025-06-03 14:00:00+00:00,1.425,1.4254,1.415,1.425,17581.0,pullback,weak,risk_on,0.5833333333333351,buy,hold,0,0,
2244,2025-06-03 14:15:00+00:00,1.425,1.425,1.4112,1.415,4611.0,trend_late,weak,risk_on,0.4166666666666685,hold,hold,0,0,
2245,2025-06-03 14:30:00+00:00,1.42,1.44,1.4101,1.4399,30711.0,pullback,weak,risk_on,0.8316666666666669,hold,hold,0,0,
2246,2025-06-03 14:45:00+00:00,1.435,1.46,1.43,1.4513,94229.0,pullback,weak,risk_on,0.8757142857142868,hold,hold,0,0,
2247,2025-06-03 15:00:00+00:00,1.455,1.46,1.41,1.415,172910.0,trend_late,weak,risk_on,0.3571428571428587,hold,hold,0,0,
2248,2025-06-03 15:15:00+00:00,1.415,1.425,1.38,1.385,180614.0,risk_rising,weak,risk_on,0.06250000000000139,hold,hold,0,0,
2249,2025-06-03 15:30:00+00:00,1.385,1.39,1.37,1.375,70731.0,risk_rising,weak,risk_on,0.055555555555554456,hold,hold,0,0,
2250,2025-06-03 15:45:00+00:00,1.3799,1.4,1.375,1.395,46911.0,risk_rising,weak,risk_on,0.27777777777777724,hold,hold,0,0,
2251,2025-06-03 16:00:00+00:00,1.395,1.4,1.39,1.39,34743.0,risk_rising,weak,risk_on,0.2222222222222203,hold,hold,0,0,
2252,2025-06-03 16:15:00+00:00,1.39,1.4,1.39,1.395,14214.0,risk_rising,weak,risk_on,0.27777777777777724,hold,hold,0,0,
2253,2025-06-03 16:30:00+00:00,1.3972,1.42,1.39,1.415,30257.0,risk_rising,weak,risk_on,0.5,hold,hold,0,0,
2254,2025-06-03 16:45:00+00:00,1.415,1.42,1.4,1.405,19712.0,risk_rising,weak,risk_on,0.3888888888888886,hold,hold,0,0,
2255,2025-06-03 17:00:00+00:00,1.405,1.415,1.405,1.415,4485.0,risk_rising,weak,risk_on,0.5,reduce,hold,0,0,
2256,2025-06-03 17:15:00+00:00,1.415,1.4199,1.4001,1.405,16598.0,risk_rising,weak,risk_on,0.3888888888888886,hold,hold,0,0,
2257,2025-06-03 17:30:00+00:00,1.405,1.405,1.4,1.4047,7999.0,risk_rising,weak,risk_on,0.38555555555555565,hold,hold,0,0,
2258,2025-06-03 17:45:00+00:00,1.4,1.415,1.4,1.405,30153.0,range_neutral,weak,risk_on,0.3888888888888886,hold,hold,0,0,
2259,2025-06-03 18:00:00+00:00,1.405,1.41,1.4,1.41,17400.0,range_neutral,weak,risk_on,0.4444444444444431,hold,hold,0,0,
2260,2025-06-03 18:15:00+00:00,1.41,1.41,1.39,1.405,18419.0,range_neutral,weak,risk_on,0.3888888888888886,hold,hold,0,0,
2261,2025-06-03 18:30:00+00:00,1.405,1.41,1.4,1.41,2664.0,range_neutral,weak,risk_on,0.4444444444444431,hold,hold,0,0,
2262,2025-06-03 18:45:00+00:00,1.415,1.415,1.4019,1.4019,13297.0,range_neutral,weak,risk_on,0.35444444444444295,hold,hold,0,0,
2263,2025-06-03 19:00:00+00:00,1.4019,1.42,1.4019,1.415,10787.0,trend_late,weak,risk_on,0.5,hold,hold,0,0,
2264,2025-06-03 19:15:00+00:00,1.415,1.42,1.4,1.405,6086.0,pullback,weak,risk_on,0.3888888888888886,hold,hold,0,0,
2265,2025-06-03 19:30:00+00:00,1.405,1.4098,1.4001,1.405,2963.0,trend_late,weak,risk_on,0.3888888888888886,hold,hold,0,0,
2266,2025-06-03 19:45:00+00:00,1.4085,1.43,1.4,1.43,50386.0,pullback,weak,risk_on,0.6666666666666659,hold,hold,0,0,
2267,2025-06-03 20:00:00+00:00,1.4289,1.43,1.4,1.42,132469.0,pullback,weak,risk_on,0.8333333333333327,buy,hold,0,0,
2268,2025-06-04 13:30:00+00:00,1.42,1.44,1.41,1.42,43135.0,pullback,leading,neutral,0.7142857142857134,hold,hold,0,0,
2269,2025-06-04 13:45:00+00:00,1.4103,1.455,1.41,1.4105,106375.0,pullback,leading,neutral,0.4437500000000007,hold,hold,0,0,
2270,2025-06-04 14:00:00+00:00,1.41,1.41,1.38,1.395,91996.0,trend_late,leading,neutral,0.20000000000000118,reduce,hold,0,0,
2271,2025-06-04 14:15:00+00:00,1.39,1.405,1.39,1.4,18514.0,trend_late,leading,neutral,0.2666666666666663,hold,hold,0,0,
2272,2025-06-04 14:30:00+00:00,1.4,1.4099,1.39,1.4,76301.0,trend_late,leading,neutral,0.2666666666666663,hold,hold,0,0,
2273,2025-06-04 14:45:00+00:00,1.4013,1.42,1.4,1.42,36593.0,pullback,leading,neutral,0.5333333333333325,hold,hold,0,0,
2274,2025-06-04 15:00:00+00:00,1.4114,1.43,1.4114,1.415,66878.0,pullback,leading,neutral,0.46666666666666745,hold,hold,0,0,
2275,2025-06-04 15:15:00+00:00,1.415,1.43,1.415,1.425,23672.0,pullback,leading,neutral,0.6000000000000006,hold,hold,0,0,
2276,2025-06-04 15:30:00+00:00,1.42,1.42,1.4,1.4,32388.0,trend_late,leading,neutral,0.2666666666666663,hold,hold,0,0,
2277,2025-06-04 15:45:00+00:00,1.4,1.4082,1.4,1.4,13839.0,risk_rising,leading,neutral,0.2666666666666663,hold,hold,0,0,
2278,2025-06-04 16:00:00+00:00,1.4,1.4098,1.39,1.395,63560.0,risk_rising,leading,neutral,0.20000000000000118,hold,hold,0,0,
2279,2025-06-04 16:15:00+00:00,1.395,1.4,1.38,1.3901,30581.0,risk_rising,leading,neutral,0.13466666666666632,hold,hold,0,0,
2280,2025-06-04 16:30:00+00:00,1.395,1.41,1.395,1.405,65026.0,range_accumulation,leading,neutral,0.3333333333333343,hold,hold,0,0,
2281,2025-06-04 16:45:00+00:00,1.405,1.41,1.402,1.405,6506.0,range_accumulation,leading,neutral,0.3333333333333343,hold,hold,0,0,
2282,2025-06-04 17:00:00+00:00,1.405,1.41,1.4005,1.41,7127.0,range_neutral,leading,neutral,0.3999999999999994,hold,hold,0,0,
2283,2025-06-04 17:15:00+00:00,1.41,1.42,1.4021,1.415,20847.0,risk_rising,leading,neutral,0.46666666666666745,hold,hold,0,0,
2284,2025-06-04 17:30:00+00:00,1.4199,1.4199,1.4008,1.405,26229.0,risk_rising,leading,neutral,0.3333333333333343,hold,hold,0,0,
2285,2025-06-04 17:45:00+00:00,1.405,1.415,1.395,1.395,34770.0,risk_rising,leading,neutral,0.20000000000000118,hold,hold,0,0,
2286,2025-06-04 18:00:00+00:00,1.4,1.41,1.4,1.41,15202.0,range_neutral,leading,neutral,0.3999999999999994,hold,hold,0,0,
2287,2025-06-04 18:15:00+00:00,1.405,1.415,1.4,1.415,17829.0,range_neutral,leading,neutral,0.46666666666666745,hold,hold,0,0,
2288,2025-06-04 18:30:00+00:00,1.415,1.4179,1.4001,1.405,21199.0,range_accumulation,leading,neutral,0.3333333333333343,hold,hold,0,0,
2289,2025-06-04 18:45:00+00:00,1.4,1.4098,1.4,1.405,13314.0,pullback,leading,neutral,0.5000000000000022,buy,hold,0,0,
2290,2025-06-04 19:00:00+00:00,1.4,1.49,1.3901,1.485,1057893.0,pullback,leading,neutral,0.9545454545454556,hold,hold,0,0,
2291,2025-06-04 19:15:00+00:00,1.4899,1.55,1.46,1.47,1071176.0,pullback,leading,neutral,0.5294117647058824,hold,hold,0,0,
2292,2025-06-04 19:30:00+00:00,1.4638,1.48,1.4401,1.445,186076.0,pullback,leading,neutral,0.38235294117647123,hold,hold,0,0,
2293,2025-06-04 19:45:00+00:00,1.445,1.4499,1.42,1.44,139607.0,pullback,leading,neutral,0.35294117647058826,hold,hold,0,0,
2294,2025-06-04 20:00:00+00:00,1.445,1.47,1.44,1.455,192731.0,pullback,leading,neutral,0.44117647058823595,hold,hold,0,0,
2295,2025-06-05 13:30:00+00:00,1.46,1.5,1.46,1.4936,84756.0,pullback,leading,neutral,0.6682352941176474,hold,hold,0,0,
2296,2025-06-05 13:45:00+00:00,1.485,1.505,1.46,1.46,196583.0,pullback,leading,neutral,0.47058823529411764,hold,hold,0,0,
2297,2025-06-05 14:00:00+00:00,1.465,1.4699,1.42,1.43,238656.0,pullback,leading,neutral,0.29411764705882354,hold,hold,0,0,
2298,2025-06-05 14:15:00+00:00,1.425,1.44,1.42,1.435,77648.0,pullback,leading,neutral,0.3235294117647065,hold,hold,0,0,
2299,2025-06-05 14:30:00+00:00,1.4387,1.45,1.43,1.44,40212.0,pullback,leading,neutral,0.3120700437773609,hold,hold,0,0,
2300,2025-06-05 14:45:00+00:00,1.44,1.45,1.41,1.45,48648.0,trend_late,leading,neutral,0.3746091307066917,reduce,hold,0,0,
2301,2025-06-05 15:00:00+00:00,1.445,1.45,1.415,1.435,112061.0,trend_late,leading,neutral,0.28080050031269616,hold,hold,0,0,
2302,2025-06-05 15:15:00+00:00,1.435,1.44,1.421,1.425,32950.0,trend_late,leading,neutral,0.21826141338336535,hold,hold,0,0,
2303,2025-06-05 15:30:00+00:00,1.425,1.43,1.42,1.425,21247.0,trend_late,leading,neutral,0.21826141338336535,hold,hold,0,0,
2304,2025-06-05 15:45:00+00:00,1.42,1.43,1.42,1.43,21304.0,trend_late,leading,neutral,0.24953095684803006,hold,hold,0,0,
2305,2025-06-05 16:00:00+00:00,1.4295,1.43,1.41,1.425,78854.0,risk_rising,leading,neutral,0.21826141338336535,hold,hold,0,0,
2306,2025-06-05 16:15:00+00:00,1.4201,1.43,1.42,1.43,11628.0,risk_rising,leading,neutral,0.24953095684803006,hold,hold,0,0,
2307,2025-06-05 16:30:00+00:00,1.43,1.43,1.41,1.43,17881.0,range_accumulation,leading,neutral,0.24953095684803006,hold,hold,0,0,
2308,2025-06-05 16:45:00+00:00,1.43,1.43,1.4121,1.415,22222.0,risk_rising,leading,neutral,0.15572232645403453,hold,hold,0,0,
2309,2025-06-05 17:00:00+00:00,1.41,1.4163,1.4,1.41,134977.0,risk_rising,leading,neutral,0.12445278298936842,hold,hold,0,0,
2310,2025-06-05 17:15:00+00:00,1.4199,1.45,1.41,1.45,36608.0,range_accumulation,leading,neutral,0.3333333333333333,hold,hold,0,0,
2311,2025-06-05 17:30:00+00:00,1.45,1.45,1.4315,1.4315,50316.0,risk_rising,leading,neutral,0.3000000000000008,hold,hold,0,0,
2312,2025-06-05 17:45:00+00:00,1.4315,1.435,1.4315,1.435,10800.0,range_accumulation,leading,neutral,0.33333333333333476,hold,hold,0,0,
2313,2025-06-05 18:00:00+00:00,1.435,1.455,1.4301,1.44,69709.0,range_neutral,leading,neutral,0.3809523809523814,hold,hold,0,0,
2314,2025-06-05 18:15:00+00:00,1.44,1.4465,1.43,1.445,13108.0,range_neutral,leading,neutral,0.4285714285714301,hold,hold,0,0,
2315,2025-06-05 18:30:00+00:00,1.445,1.45,1.44,1.45,17680.0,range_neutral,leading,neutral,0.4761904761904767,hold,hold,0,0,
2316,2025-06-05 18:45:00+00:00,1.44,1.46,1.435,1.435,89513.0,pullback,leading,neutral,0.5007153075822619,buy,hold,0,0,
2317,2025-06-05 19:00:00+00:00,1.44,1.45,1.43,1.435,52441.0,pullback,leading,neutral,0.5833333333333351,hold,hold,0,0,
2318,2025-06-05 19:15:00+00:00,1.435,1.4399,1.4201,1.4201,26093.0,pullback,leading,neutral,0.3349999999999998,hold,hold,0,0,
2319,2025-06-05 19:30:00+00:00,1.4201,1.43,1.4,1.405,171337.0,trend_late,leading,neutral,0.08333333333333519,hold,hold,0,0,
2320,2025-06-05 19:45:00+00:00,1.405,1.42,1.4,1.415,50508.0,trend_late,leading,neutral,0.25000000000000183,hold,hold,0,0,
2321,2025-06-05 20:00:00+00:00,1.415,1.43,1.4,1.42,185995.0,trend_late,leading,neutral,0.3333333333333333,hold,hold,0,0,
2322,2025-06-06 13:30:00+00:00,1.39,1.405,1.39,1.4,25361.0,risk_rising,weak,risk_on,0.14285714285714285,reduce,hold,0,0,
2323,2025-06-06 13:45:00+00:00,1.405,1.42,1.38,1.395,189744.0,risk_rising,weak,risk_on,0.1875000000000014,hold,hold,0,0,
2324,2025-06-06 14:00:00+00:00,1.3946,1.4,1.38,1.39,55177.0,risk_rising,weak,risk_on,0.125,hold,hold,0,0,
2325,2025-06-06 14:15:00+00:00,1.39,1.41,1.385,1.401,48497.0,risk_rising,weak,risk_on,0.2625000000000014,hold,hold,0,0,
2326,2025-06-06 14:30:00+00:00,1.405,1.41,1.39,1.39,22580.0,risk_rising,weak,risk_on,0.125,hold,hold,0,0,
2327,2025-06-06 14:45:00+00:00,1.395,1.4099,1.39,1.4,31780.0,risk_rising,weak,risk_on,0.25,hold,hold,0,0,
2328,2025-06-06 15:00:00+00:00,1.4,1.4,1.39,1.39,64020.0,risk_rising,weak,risk_on,0.125,hold,hold,0,0,
2329,2025-06-06 15:15:00+00:00,1.395,1.41,1.39,1.405,27325.0,range_accumulation,weak,risk_on,0.3125000000000014,hold,hold,0,0,
2330,2025-06-06 15:30:00+00:00,1.405,1.4097,1.38,1.405,60913.0,risk_rising,weak,risk_on,0.3125000000000014,hold,hold,0,0,
2331,2025-06-06 15:45:00+00:00,1.405,1.41,1.4,1.405,5974.0,risk_rising,weak,risk_on,0.3125000000000014,hold,hold,0,0,
2332,2025-06-06 16:00:00+00:00,1.405,1.41,1.4013,1.405,23328.0,range_accumulation,weak,risk_on,0.3125000000000014,hold,hold,0,0,
2333,2025-06-06 16:15:00+00:00,1.405,1.41,1.4,1.41,10668.0,range_neutral,weak,risk_on,0.375,hold,hold,0,0,
2334,2025-06-06 16:30:00+00:00,1.405,1.41,1.4046,1.405,2700.0,range_accumulation,weak,risk_on,0.3125000000000014,hold,hold,0,0,
2335,2025-06-06 16:45:00+00:00,1.4,1.41,1.4,1.4099,14946.0,range_neutral,weak,risk_on,0.37375000000000014,hold,hold,0,0,
2336,2025-06-06 17:00:00+00:00,1.4015,1.41,1.4015,1.405,12725.0,range_neutral,weak,risk_on,0.3571428571428587,hold,hold,0,0,
2337,2025-06-06 17:15:00+00:00,1.405,1.41,1.4046,1.4046,4764.0,pullback,weak,risk_on,0.41068447412354175,buy,hold,0,0,
2338,2025-06-06 17:30:00+00:00,1.4046,1.42,1.4046,1.4199,10100.0,pullback,weak,risk_on,0.7980000000000003,hold,hold,0,0,
2339,2025-06-06 17:45:00+00:00,1.4165,1.42,1.41,1.415,6550.0,pullback,weak,risk_on,0.7000000000000022,hold,hold,0,0,
2340,2025-06-06 18:00:00+00:00,1.42,1.42,1.41,1.415,10800.0,pullback,weak,risk_on,0.7000000000000022,hold,hold,0,0,
2341,2025-06-06 18:15:00+00:00,1.415,1.42,1.41,1.41,14639.0,pullback,weak,risk_on,0.75,hold,hold,0,0,
2342,2025-06-06 18:30:00+00:00,1.41,1.415,1.4,1.405,19534.0,pullback,weak,risk_on,0.6250000000000028,hold,hold,0,0,
2343,2025-06-06 18:45:00+00:00,1.405,1.405,1.395,1.4,19420.0,trend_late,weak,risk_on,0.5,hold,hold,0,0,
2344,2025-06-06 19:00:00+00:00,1.4,1.4,1.39,1.395,6168.0,trend_late,weak,risk_on,0.3750000000000028,hold,hold,0,0,
2345,2025-06-06 19:15:00+00:00,1.395,1.4,1.39,1.395,11223.0,trend_late,weak,risk_on,0.3750000000000028,hold,hold,0,0,
2346,2025-06-06 19:30:00+00:00,1.395,1.4,1.38,1.38,136268.0,risk_rising,weak,risk_on,0.0,hold,hold,0,0,
2347,2025-06-06 19:45:00+00:00,1.38,1.39,1.375,1.385,67656.0,risk_rising,weak,risk_on,0.22222222222222276,hold,hold,0,0,
2348,2025-06-06 20:00:00+00:00,1.385,1.39,1.37,1.38,92352.0,risk_rising,weak,risk_on,0.19999999999999646,hold,hold,0,0,
2349,2025-06-09 13:30:00+00:00,1.37,1.39,1.34,1.3413,84549.0,risk_rising,leading,neutral,0.01624999999999824,reduce,hold,0,0,
2350,2025-06-09 13:45:00+00:00,1.345,1.35,1.32,1.3499,298883.0,risk_rising,leading,neutral,0.29900000000000077,hold,hold,0,0,
2351,2025-06-09 14:00:00+00:00,1.34,1.35,1.33,1.3488,63416.0,risk_rising,leading,neutral,0.28799999999999976,hold,hold,0,0,
2352,2025-06-09 14:15:00+00:00,1.3499,1.35,1.32,1.3402,117131.0,risk_rising,leading,neutral,0.20200000000000023,hold,hold,0,0,
2353,2025-06-09 14:30:00+00:00,1.3482,1.36,1.34,1.3501,23124.0,risk_rising,leading,neutral,0.30100000000000054,hold,hold,0,0,
2354,2025-06-09 14:45:00+00:00,1.3581,1.36,1.3401,1.345,37488.0,risk_rising,leading,neutral,0.24999999999999944,hold,hold,0,0,
2355,2025-06-09 15:00:00+00:00,1.34,1.34,1.33,1.33,46713.0,risk_rising,leading,neutral,0.10000000000000023,hold,hold,0,0,
2356,2025-06-09 15:15:00+00:00,1.3389,1.34,1.33,1.335,19914.0,risk_rising,leading,neutral,0.14999999999999922,hold,hold,0,0,
2357,2025-06-09 15:30:00+00:00,1.34,1.3599,1.3302,1.3535,43397.0,risk_rising,leading,neutral,0.3349999999999991,hold,hold,0,0,
2358,2025-06-09 15:45:00+00:00,1.351,1.365,1.345,1.36,74271.0,risk_rising,leading,neutral,0.4000000000000009,hold,hold,0,0,
2359,2025-06-09 16:00:00+00:00,1.36,1.3691,1.35,1.365,33084.0,range_neutral,leading,neutral,0.4499999999999999,hold,hold,0,0,
2360,2025-06-09 16:15:00+00:00,1.3648,1.37,1.36,1.37,10970.0,range_neutral,leading,neutral,0.5000000000000011,hold,hold,0,0,
2361,2025-06-09 16:30:00+00:00,1.365,1.38,1.36,1.37,35017.0,range_neutral,leading,neutral,0.5263157894736848,hold,hold,0,0,
2362,2025-06-09 16:45:00+00:00,1.37,1.38,1.37,1.375,28574.0,range_neutral,leading,neutral,0.6470588235294114,hold,hold,0,0,
2363,2025-06-09 17:00:00+00:00,1.375,1.385,1.37,1.3799,16740.0,range_distribution,leading,neutral,0.7487499999999995,hold,hold,0,0,
2364,2025-06-09 17:15:00+00:00,1.3799,1.39,1.375,1.39,4400.0,pullback,leading,neutral,0.8749999999999997,buy,buy,200,200,1.39
2365,2025-06-09 17:30:00+00:00,1.39,1.39,1.38,1.39,19613.0,pullback,leading,neutral,0.8749999999999997,hold,hold,0,200,
2366,2025-06-09 17:45:00+00:00,1.39,1.39,1.3803,1.385,6143.0,pullback,leading,neutral,0.9285714285714299,hold,hold,0,200,
2367,2025-06-09 18:00:00+00:00,1.385,1.4,1.385,1.389,23929.0,pullback,leading,neutral,0.862500000000001,hold,hold,0,200,
2368,2025-06-09 18:15:00+00:00,1.385,1.41,1.38,1.4071,172630.0,pullback,leading,neutral,0.9677777777777788,hold,hold,0,200,
2369,2025-06-09 18:30:00+00:00,1.41,1.41,1.4,1.405,51132.0,pullback,leading,neutral,0.9444444444444455,hold,hold,0,200,
2370,2025-06-09 18:45:00+00:00,1.405,1.41,1.39,1.395,127256.0,pullback,leading,neutral,0.8333333333333341,hold,hold,0,200,
2371,2025-06-09 19:00:00+00:00,1.395,1.42,1.395,1.4101,71801.0,pullback,leading,neutral,0.9009999999999997,hold,hold,0,200,
2372,2025-06-09 19:15:00+00:00,1.4148,1.43,1.4116,1.42,26572.0,pullback,leading,neutral,0.8999999999999998,hold,hold,0,200,
2373,2025-06-09 19:30:00+00:00,1.4254,1.47,1.42,1.455,121926.0,pullback,leading,neutral,0.8928571428571435,hold,hold,0,200,
2374,2025-06-09 19:45:00+00:00,1.455,1.46,1.4401,1.455,70279.0,pullback,leading,neutral,0.8928571428571435,hold,hold,0,200,
2375,2025-06-09 20:00:00+00:00,1.4501,1.47,1.44,1.455,267535.0,pullback,leading,neutral,0.8928571428571435,hold,hold,0,200,
2376,2025-06-10 13:30:00+00:00,1.45,1.45,1.445,1.445,19879.0,pullback,mixed,risk_on,0.8211731044349075,hold,hold,0,200,
2377,2025-06-10 13:45:00+00:00,1.45,1.52,1.4414,1.4613,312975.0,pullback,mixed,risk_on,0.6645714285714288,hold,hold,0,200,
2378,2025-06-10 14:00:00+00:00,1.46,1.49,1.46,1.485,60040.0,pullback,mixed,risk_on,0.7941176470588239,hold,hold,0,200,
2379,2025-06-10 14:15:00+00:00,1.4887,1.52,1.485,1.5,163629.0,pullback,mixed,risk_on,0.8749999999999998,hold,hold,0,200,
2380,2025-06-10 14:30:00+00:00,1.495,1.4999,1.46,1.4699,72988.0,pullback,mixed,risk_on,0.6868749999999997,hold,hold,0,200,
2381,2025-06-10 14:45:00+00:00,1.465,1.47,1.45,1.47,78201.0,pullback,mixed,risk_on,0.6666666666666662,hold,hold,0,200,
2382,2025-06-10 15:00:00+00:00,1.47,1.4789,1.4521,1.465,54303.0,pullback,mixed,risk_on,0.6333333333333335,hold,hold,0,200,
2383,2025-06-10 15:15:00+00:00,1.4692,1.47,1.45,1.455,32677.0,pullback,mixed,risk_on,0.5517241379310349,hold,hold,0,200,
2384,2025-06-10 15:30:00+00:00,1.455,1.465,1.45,1.465,33542.0,pullback,mixed,risk_on,0.607142857142858,hold,hold,0,200,
2385,2025-06-10 15:45:00+00:00,1.4699,1.47,1.44,1.4499,140439.0,trend_late,mixed,risk_on,0.4992857142857144,reduce,reduce,-200,0,1.4499
2386,2025-06-10 16:00:00+00:00,1.445,1.4668,1.445,1.455,21627.0,pullback,mixed,risk_on,0.5357142857142865,hold,hold,0,0,
2387,2025-06-10 16:15:00+00:00,1.455,1.46,1.45,1.455,17281.0,trend_late,mixed,risk_on,0.5357142857142865,hold,hold,0,0,
2388,2025-06-10 16:30:00+00:00,1.455,1.47,1.4548,1.465,37692.0,trend_late,mixed,risk_on,0.5769230769230778,hold,hold,0,0,
2389,2025-06-10 16:45:00+00:00,1.465,1.47,1.46,1.465,3300.0,trend_late,mixed,risk_on,0.5769230769230778,hold,hold,0,0,
2390,2025-06-10 17:00:00+00:00,1.465,1.4789,1.46,1.465,13083.0,trend_late,mixed,risk_on,0.5600000000000005,hold,hold,0,0,
2391,2025-06-10 17:15:00+00:00,1.4608,1.4665,1.46,1.465,36945.0,risk_rising,mixed,risk_on,0.4926199261992628,hold,hold,0,0,
2392,2025-06-10 17:30:00+00:00,1.465,1.475,1.46,1.46,40665.0,risk_rising,mixed,risk_on,0.4,hold,hold,0,0,
2393,2025-06-10 17:45:00+00:00,1.46,1.485,1.46,1.475,98840.0,range_neutral,mixed,risk_on,0.4375000000000014,hold,hold,0,0,
2394,2025-06-10 18:00:00+00:00,1.475,1.48,1.465,1.465,10987.0,range_accumulation,mixed,risk_on,0.3125000000000014,hold,hold,0,0,
2395,2025-06-10 18:15:00+00:00,1.46,1.465,1.45,1.455,22715.0,range_accumulation,mixed,risk_on,0.1875000000000014,hold,hold,0,0,
2396,2025-06-10 18:30:00+00:00,1.46,1.47,1.455,1.465,24059.0,range_accumulation,mixed,risk_on,0.3125000000000014,hold,hold,0,0,
2397,2025-06-10 18:45:00+00:00,1.4665,1.47,1.46,1.46,7110.0,range_accumulation,mixed,risk_on,0.25,buy,buy,200,200,1.46
2398,2025-06-10 19:00:00+00:00,1.465,1.47,1.46,1.46,16222.0,risk_rising,mixed,risk_on,0.25,hold,hold,0,200,
2399,2025-06-10 19:15:00+00:00,1.465,1.47,1.46,1.465,23476.0,pullback,mixed,risk_on,0.417362270450753,hold,hold,0,200,
2400,2025-06-10 19:30:00+00:00,1.465,1.468,1.46,1.465,12375.0,pullback,mixed,risk_on,0.5555555555555567,hold,hold,0,200,
2401,2025-06-10 19:45:00+00:00,1.4611,1.4698,1.45,1.4599,16201.0,trend_late,mixed,risk_on,0.44222222222222135,hold,hold,0,200,
2402,2025-06-10 20:00:00+00:00,1.455,1.47,1.45,1.47,29614.0,pullback,mixed,risk_on,0.6666666666666651,hold,hold,0,200,
2403,2025-06-11 13:30:00+00:00,1.44,1.44,1.41,1.435,87561.0,risk_rising,leading,neutral,0.3333333333333343,reduce,hold,0,200,
2404,2025-06-11 13:45:00+00:00,1.4301,1.4446,1.41,1.415,64024.0,risk_rising,leading,neutral,0.06666666666666805,hold,hold,0,200,
2405,2025-06-11 14:00:00+00:00,1.4101,1.42,1.39,1.415,87954.0,risk_rising,leading,neutral,0.263157894736843,hold,hold,0,200,
2406,2025-06-11 14:15:00+00:00,1.4191,1.42,1.4,1.4175,86198.0,risk_rising,leading,neutral,0.28947368421052655,hold,hold,0,200,
2407,2025-06-11 14:30:00+00:00,1.415,1.42,1.41,1.415,53393.0,risk_rising,leading,neutral,0.263157894736843,hold,hold,0,200,
2408,2025-06-11 14:45:00+00:00,1.41,1.42,1.41,1.415,16914.0,risk_rising,leading,neutral,0.263157894736843,hold,hold,0,200,
2409,2025-06-11 15:00:00+00:00,1.415,1.42,1.41,1.415,19334.0,risk_rising,leading,neutral,0.263157894736843,hold,hold,0,200,
2410,2025-06-11 15:15:00+00:00,1.415,1.43,1.4105,1.4285,31101.0,risk_rising,leading,neutral,0.4052631578947381,hold,hold,0,200,
2411,2025-06-11 15:30:00+00:00,1.425,1.44,1.42,1.43,19409.0,risk_rising,leading,neutral,0.4210526315789469,hold,hold,0,200,
2412,2025-06-11 15:45:00+00:00,1.432,1.44,1.43,1.4328,8322.0,risk_rising,leading,neutral,0.45052631578947455,hold,hold,0,200,
2413,2025-06-11 16:00:00+00:00,1.435,1.4399,1.425,1.4347,10245.0,risk_rising,leading,neutral,0.49666666666666826,hold,hold,0,200,
2414,2025-06-11 16:15:00+00:00,1.4347,1.44,1.43,1.435,4526.0,range_neutral,leading,neutral,0.5625000000000013,hold,hold,0,200,
2415,2025-06-11 16:30:00+00:00,1.435,1.435,1.4219,1.425,10972.0,range_neutral,leading,neutral,0.4375000000000014,hold,hold,0,200,
2416,2025-06-11 16:45:00+00:00,1.43,1.43,1.4205,1.43,17181.0,range_neutral,leading,neutral,0.5,hold,hold,0,200,
2417,2025-06-11 17:00:00+00:00,1.43,1.45,1.4223,1.44,76612.0,range_neutral,leading,neutral,0.625,hold,hold,0,200,
2418,2025-06-11 17:15:00+00:00,1.45,1.455,1.4402,1.45,14590.0,range_distribution,leading,neutral,0.75,hold,hold,0,200,
2419,2025-06-11 17:30:00+00:00,1.45,1.46,1.44,1.46,30795.0,pullback,leading,neutral,0.875,buy,hold,0,200,
2420,2025-06-11 17:45:00+00:00,1.46,1.46,1.45,1.455,18928.0,pullback,leading,neutral,0.8125000000000013,hold,hold,0,200,
2421,2025-06-11 18:00:00+00:00,1.455,1.455,1.44,1.445,6302.0,pullback,leading,neutral,0.6875000000000013,hold,hold,0,200,
2422,2025-06-11 18:15:00+00:00,1.445,1.445,1.41,1.415,136207.0,trend_late,leading,neutral,0.3571428571428587,hold,hold,0,200,
2423,2025-06-11 18:30:00+00:00,1.415,1.425,1.41,1.425,11154.0,trend_late,leading,neutral,0.5000000000000016,hold,hold,0,200,
2424,2025-06-11 18:45:00+00:00,1.425,1.43,1.42,1.43,5114.0,trend_late,leading,neutral,0.5714285714285714,hold,hold,0,200,
2425,2025-06-11 19:00:00+00:00,1.43,1.43,1.4213,1.425,10192.0,pullback,leading,neutral,0.4166666666666685,hold,hold,0,200,
2426,2025-06-11 19:15:00+00:00,1.425,1.4297,1.42,1.4297,2518.0,trend_late,leading,neutral,0.3940000000000007,hold,hold,0,200,
2427,2025-06-11 19:30:00+00:00,1.425,1.43,1.4241,1.425,5254.0,trend_late,leading,neutral,0.3000000000000022,hold,hold,0,200,
2428,2025-06-11 19:45:00+00:00,1.425,1.425,1.4115,1.415,27340.0,trend_late,leading,neutral,0.10000000000000223,hold,hold,0,200,
2429,2025-06-11 20:00:00+00:00,1.415,1.42,1.41,1.42,19391.0,risk_rising,leading,neutral,0.2,hold,hold,0,200,
2430,2025-06-12 13:30:00+00:00,1.4,1.415,1.4,1.41,14271.0,risk_rising,mixed,risk_off,0.16666666666666666,reduce,reduce,-200,0,1.41
2431,2025-06-12 13:45:00+00:00,1.41,1.4193,1.4,1.41,30727.0,risk_rising,mixed,risk_off,0.16666666666666666,hold,hold,0,0,
2432,2025-06-12 14:00:00+00:00,1.41,1.415,1.4001,1.41,22750.0,risk_rising,mixed,risk_off,0.16666666666666666,hold,hold,0,0,
2433,2025-06-12 14:15:00+00:00,1.41,1.42,1.4,1.41,11325.0,risk_rising,mixed,risk_off,0.16666666666666666,hold,hold,0,0,
2434,2025-06-12 14:30:00+00:00,1.405,1.415,1.4028,1.415,6165.0,risk_rising,mixed,risk_off,0.25000000000000183,hold,hold,0,0,
2435,2025-06-12 14:45:00+00:00,1.4189,1.44,1.415,1.435,17514.0,range_neutral,mixed,risk_off,0.5833333333333351,hold,hold,0,0,
2436,2025-06-12 15:00:00+00:00,1.4301,1.44,1.43,1.4398,19085.0,range_distribution,mixed,risk_off,0.6633333333333337,hold,hold,0,0,
2437,2025-06-12 15:15:00+00:00,1.435,1.44,1.42,1.425,50125.0,range_neutral,mixed,risk_off,0.4166666666666685,hold,hold,0,0,
2438,2025-06-12 15:30:00+00:00,1.4299,1.4299,1.4101,1.4117,8650.0,risk_rising,mixed,risk_off,0.19500000000000056,hold,hold,0,0,
2439,2025-06-12 15:45:00+00:00,1.4113,1.415,1.4,1.4089,13655.0,risk_rising,mixed,risk_off,0.14833333333333537,hold,hold,0,0,
2440,2025-06-12 16:00:00+00:00,1.4089,1.41,1.4001,1.4001,11550.0,risk_rising,mixed,risk_off,0.0018181818181816126,hold,hold,0,0,
2441,2025-06-12 16:15:00+00:00,1.4001,1.41,1.4001,1.405,7900.0,risk_rising,mixed,risk_off,0.1111111111111133,hold,hold,0,0,
2442,2025-06-12 16:30:00+00:00,1.405,1.41,1.4,1.4,3851.0,risk_rising,mixed,risk_off,0.0,hold,hold,0,0,
2443,2025-06-12 16:45:00+00:00,1.4,1.4361,1.4,1.43,36293.0,range_distribution,mixed,risk_off,0.75,hold,hold,0,0,
2444,2025-06-12 17:00:00+00:00,1.435,1.44,1.431,1.435,1790.0,pullback,mixed,risk_off,0.8750000000000028,hold,hold,0,0,
2445,2025-06-12 17:15:00+00:00,1.4302,1.4392,1.43,1.435,49707.0,pullback,mixed,risk_off,0.8750000000000028,hold,hold,0,0,
2446,2025-06-12 17:30:00+00:00,1.433,1.44,1.43,1.435,4299.0,risk_rising,mixed,risk_off,0.8750000000000028,hold,hold,0,0,
2447,2025-06-12 17:45:00+00:00,1.44,1.44,1.43,1.435,4904.0,pullback,mixed,risk_off,0.8750000000000028,hold,hold,0,0,
2448,2025-06-12 18:00:00+00:00,1.435,1.44,1.431,1.44,4389.0,pullback,mixed,risk_off,1.0,hold,hold,0,0,
2449,2025-06-12 18:15:00+00:00,1.43,1.49,1.43,1.485,271491.0,pullback,mixed,risk_off,0.9444444444444456,hold,hold,0,0,
2450,2025-06-12 18:30:00+00:00,1.485,1.53,1.475,1.5005,366085.0,pullback,mixed,risk_off,0.7730769230769227,hold,hold,0,0,
2451,2025-06-12 18:45:00+00:00,1.51,1.555,1.5,1.525,165424.0,pullback,mixed,risk_off,0.8064516129032256,hold,hold,0,0,
2452,2025-06-12 19:00:00+00:00,1.525,1.5399,1.51,1.5191,107547.0,pullback,mixed,risk_off,0.7683870967741933,hold,hold,0,0,
2453,2025-06-12 19:15:00+00:00,1.5101,1.515,1.4701,1.475,190406.0,pullback,mixed,risk_off,0.48387096774193655,hold,hold,0,0,
2454,2025-06-12 19:30:00+00:00,1.475,1.48,1.47,1.48,35015.0,pullback,mixed,risk_off,0.5161290322580648,hold,hold,0,0,
2455,2025-06-12 19:45:00+00:00,1.4746,1.5399,1.4746,1.535,204539.0,pullback,mixed,risk_off,0.8709677419354838,hold,hold,0,0,
2456,2025-06-12 20:00:00+00:00,1.54,1.63,1.51,1.625,573249.0,pullback,mixed,risk_off,0.9782608695652178,hold,hold,0,0,
2457,2025-06-13 13:30:00+00:00,1.56,1.57,1.49,1.5003,62774.0,pullback,mixed,risk_off,0.4360869565217394,hold,hold,0,0,
2458,2025-06-13 13:45:00+00:00,1.51,1.57,1.5,1.505,227979.0,pullback,mixed,risk_off,0.45652173913043476,hold,hold,0,0,
2459,2025-06-13 14:00:00+00:00,1.5,1.535,1.4801,1.49,189680.0,pullback,mixed,risk_off,0.39130434782608736,hold,hold,0,0,
2460,2025-06-13 14:15:00+00:00,1.485,1.52,1.485,1.505,104010.0,pullback,mixed,risk_off,0.45652173913043476,hold,hold,0,0,
2461,2025-06-13 14:30:00+00:00,1.505,1.51,1.475,1.4811,53144.0,trend_late,mixed,risk_off,0.3526086956521747,hold,hold,0,0,
2462,2025-06-13 14:45:00+00:00,1.4846,1.5188,1.4846,1.515,44900.0,trend_late,mixed,risk_off,0.5,hold,hold,0,0,
2463,2025-06-13 15:00:00+00:00,1.515,1.65,1.5112,1.625,747103.0,pullback,mixed,risk_off,0.8863636363636368,hold,hold,0,0,
2464,2025-06-13 15:15:00+00:00,1.6278,1.6799,1.62,1.66,426142.0,pullback,mixed,risk_off,0.9203681472589035,hold,hold,0,0,
2465,2025-06-13 15:30:00+00:00,1.6675,1.6771,1.63,1.66,292520.0,pullback,mixed,risk_off,0.9203681472589035,hold,hold,0,0,
2466,2025-06-13 15:45:00+00:00,1.6501,1.745,1.64,1.73,428383.0,pullback,mixed,risk_off,0.952380952380952,hold,hold,0,0,
2467,2025-06-13 16:00:00+00:00,1.7306,1.778,1.71,1.715,557918.0,pullback,mixed,risk_off,0.8189655172413796,hold,hold,0,0,
2468,2025-06-13 16:15:00+00:00,1.715,1.76,1.7,1.7564,241262.0,pullback,mixed,risk_off,0.9379310344827585,hold,hold,0,0,
2469,2025-06-13 16:30:00+00:00,1.755,1.76,1.73,1.7492,128829.0,pullback,mixed,risk_off,0.9064935064935067,hold,hold,0,0,
2470,2025-06-13 16:45:00+00:00,1.75,1.79,1.74,1.79,252297.0,pullback,mixed,risk_off,1.0,hold,hold,0,0,
2471,2025-06-13 17:00:00+00:00,1.79,1.868,1.781,1.8577,884208.0,pullback,mixed,risk_off,0.9741206030150749,hold,hold,0,0,
2472,2025-06-13 17:15:00+00:00,1.8581,1.9475,1.85,1.8816,791637.0,pullback,mixed,risk_off,0.8619895287958114,hold,hold,0,0,
2473,2025-06-13 17:30:00+00:00,1.885,2.06,1.87,1.9,1199639.0,pullback,mixed,risk_off,0.7288135593220337,hold,hold,0,0,
2474,2025-06-13 17:45:00+00:00,1.91,1.94,1.85,1.9373,429433.0,pullback,mixed,risk_off,0.7903997266826102,hold,hold,0,0,
2475,2025-06-13 18:00:00+00:00,1.9383,1.95,1.89,1.935,187156.0,pullback,mixed,risk_off,0.7863247863247863,hold,hold,0,0,
2476,2025-06-13 18:15:00+00:00,1.935,2.05,1.912,1.95,525157.0,pullback,mixed,risk_off,0.8119658119658117,hold,hold,0,0,
2477,2025-06-13 18:30:00+00:00,1.94,2.0,1.92,1.9756,365966.0,pullback,mixed,risk_off,0.8557264957264956,hold,hold,0,0,
2478,2025-06-13 18:45:00+00:00,1.97,1.98,1.925,1.965,216241.0,pullback,mixed,risk_off,0.8376068376068376,hold,hold,0,0,
2479,2025-06-13 19:00:00+00:00,1.9689,2.03,1.96,1.995,214332.0,breakout_setup,mixed,risk_off,0.888888888888889,hold,hold,0,0,
2480,2025-06-13 19:15:00+00:00,1.995,2.085,1.98,2.025,468590.0,breakout_setup,mixed,risk_off,0.901639344262295,hold,hold,0,0,
2481,2025-06-13 19:30:00+00:00,2.025,2.13,1.99,2.079,967795.0,breakout_setup,mixed,risk_off,0.920979237682058,hold,hold,0,0,
2482,2025-06-13 19:45:00+00:00,2.08,2.1,2.01,2.01,794973.0,breakout_setup,mixed,risk_off,0.8060762766645118,hold,hold,0,0,
2483,2025-06-13 20:00:00+00:00,2.01,2.08,2.01,2.04,707787.0,breakout_setup,mixed,risk_off,0.8235294117647061,hold,hold,0,0,
2484,2025-06-16 13:30:00+00:00,2.3,2.3,2.1501,2.2,382683.0,breakout,mixed,risk_on,0.850746268656717,buy,buy,200,200,2.2
2485,2025-06-16 13:45:00+00:00,2.2,2.42,2.05,2.235,2457475.0,breakout_setup,mixed,risk_on,0.7628205128205128,hold,hold,0,200,
2486,2025-06-16 14:00:00+00:00,2.235,2.38,2.235,2.35,1056217.0,breakout,mixed,risk_on,0.902777777777778,hold,hold,0,200,
2487,2025-06-16 14:15:00+00:00,2.34,2.53,2.335,2.44,1245507.0,breakout,mixed,risk_on,0.8915662650602412,hold,hold,0,200,
2488,2025-06-16 14:30:00+00:00,2.435,2.47,2.36,2.415,612124.0,breakout,mixed,risk_on,0.8562500000000003,hold,hold,0,200,
2489,2025-06-16 14:45:00+00:00,2.415,2.47,2.37,2.47,603436.0,breakout,mixed,risk_on,0.9240506329113929,hold,hold,0,200,
2490,2025-06-16 15:00:00+00:00,2.47,2.52,2.47,2.4898,888768.0,breakout,mixed,risk_on,0.946328437917223,hold,hold,0,200,
2491,2025-06-16 15:15:00+00:00,2.4878,2.5,2.4,2.46,400127.0,breakout,mixed,risk_on,0.8970588235294119,hold,hold,0,200,
2492,2025-06-16 15:30:00+00:00,2.4646,2.5,2.44,2.49,346357.0,breakout,mixed,risk_on,0.9411764705882358,hold,hold,0,200,
2493,2025-06-16 15:45:00+00:00,2.4921,2.5,2.44,2.4846,138895.0,breakout,mixed,risk_on,0.9332352941176472,hold,hold,0,200,
2494,2025-06-16 16:00:00+00:00,2.48,2.5,2.4464,2.46,237541.0,breakout,mixed,risk_on,0.8906250000000002,hold,hold,0,200,
2495,2025-06-16 16:15:00+00:00,2.465,2.5,2.455,2.465,417185.0,breakout,mixed,risk_on,0.894822006472492,hold,hold,0,200,
2496,2025-06-16 16:30:00+00:00,2.465,2.51,2.43,2.495,367068.0,breakout,mixed,risk_on,0.9426229508196726,hold,hold,0,200,
2497,2025-06-16 16:45:00+00:00,2.495,2.51,2.46,2.4615,217517.0,breakout,mixed,risk_on,0.8867768595041325,hold,hold,0,200,
2498,2025-06-16 17:00:00+00:00,2.46,2.515,2.46,2.4909,165759.0,breakout,mixed,risk_on,0.93140350877193,hold,hold,0,200,
2499,2025-06-16 17:15:00+00:00,2.5,2.73,2.5,2.681,1505738.0,breakout,mixed,risk_on,0.9346666666666668,hold,hold,0,200,
2500,2025-06-16 17:30:00+00:00,2.685,2.86,2.67,2.8482,1620602.0,breakout,mixed,risk_on,0.9864367816091953,hold,hold,0,200,
2501,2025-06-16 17:45:00+00:00,2.842,2.87,2.745,2.7803,862006.0,breakout,mixed,risk_on,0.8956976744186046,hold,hold,0,200,
2502,2025-06-16 18:00:00+00:00,2.7803,2.785,2.67,2.745,775941.0,breakout,mixed,risk_on,0.8546511627906977,hold,hold,0,200,
2503,2025-06-16 18:15:00+00:00,2.745,2.88,2.74,2.8498,706341.0,breakout,mixed,risk_on,0.9636144578313256,hold,hold,0,200,
2504,2025-06-16 18:30:00+00:00,2.8499,3.02,2.81,2.98,1377849.0,breakout,mixed,risk_on,0.9587628865979381,hold,hold,0,200,
2505,2025-06-16 18:45:00+00:00,2.9798,3.04,2.88,3.0,1708371.0,breakout,mixed,risk_on,0.9503105590062112,hold,hold,0,200,
2506,2025-06-16 19:00:00+00:00,2.9999,3.38,2.9999,3.3399,4573433.0,breakout,mixed,risk_on,0.9616267942583734,hold,hold,0,200,
2507,2025-06-16 19:15:00+00:00,3.3386,3.58,3.29,3.4388,5491163.0,breakout,mixed,risk_on,0.8842622950819672,hold,hold,0,200,
2508,2025-06-16 19:30:00+00:00,3.4388,3.46,3.07,3.105,3016052.0,pullback,mixed,risk_on,0.6074380165289255,hold,hold,0,200,
2509,2025-06-16 19:45:00+00:00,3.11,3.3,3.07,3.1,2129367.0,pullback,mixed,risk_on,0.5932203389830509,hold,hold,0,200,
2510,2025-06-16 20:00:00+00:00,3.11,3.15,2.97,3.03,2374661.0,pullback,mixed,risk_on,0.5338983050847456,hold,hold,0,200,
2511,2025-06-17 13:30:00+00:00,2.72,2.76,2.7,2.7,203875.0,trend_late,mixed,risk_off,0.2347826086956522,reduce,reduce,-200,0,2.7
2512,2025-06-17 13:45:00+00:00,2.69,2.95,2.58,2.835,1420171.0,pullback,mixed,risk_off,0.3521739130434781,hold,hold,0,0,
2513,2025-06-17 14:00:00+00:00,2.832,2.85,2.55,2.709,1405755.0,trend_late,mixed,risk_off,0.24260869565217386,hold,hold,0,0,
2514,2025-06-17 14:15:00+00:00,2.7087,2.8267,2.7,2.745,343237.0,trend_late,mixed,risk_off,0.27391304347826084,hold,hold,0,0,
2515,2025-06-17 14:30:00+00:00,2.7471,2.777,2.6101,2.681,341944.0,trend_late,mixed,risk_off,0.2182608695652173,hold,hold,0,0,
2516,2025-06-17 14:45:00+00:00,2.699,2.699,2.61,2.65,278341.0,trend_late,mixed,risk_off,0.16964285714285707,hold,hold,0,0,
2517,2025-06-17 15:00:00+00:00,2.6583,2.8,2.64,2.73,291228.0,risk_rising,mixed,risk_off,0.24107142857142858,hold,hold,0,0,
2518,2025-06-17 15:15:00+00:00,2.7208,2.84,2.7208,2.8215,367938.0,risk_rising,mixed,risk_off,0.29768518518518505,hold,hold,0,0,
2519,2025-06-17 15:30:00+00:00,2.8201,2.84,2.77,2.803,117289.0,risk_rising,mixed,risk_off,0.2456310679611651,hold,hold,0,0,
2520,2025-06-17 15:45:00+00:00,2.8001,2.81,2.78,2.785,104598.0,risk_rising,mixed,risk_off,0.2281553398058255,hold,hold,0,0,
2521,2025-06-17 16:00:00+00:00,2.7822,2.8,2.771,2.795,35108.0,range_accumulation,mixed,risk_off,0.23786407766990295,hold,hold,0,0,
2522,2025-06-17 16:15:00+00:00,2.795,2.9299,2.795,2.855,385784.0,range_accumulation,mixed,risk_off,0.296116504854369,hold,hold,0,0,
2523,2025-06-17 16:30:00+00:00,2.855,2.8779,2.79,2.79,177782.0,range_accumulation,mixed,risk_off,0.23300970873786422,hold,hold,0,0,
2524,2025-06-17 16:45:00+00:00,2.791,2.86,2.78,2.81,101426.0,range_accumulation,mixed,risk_off,0.2524271844660196,hold,hold,0,0,
2525,2025-06-17 17:00:00+00:00,2.815,2.815,2.74,2.75,229919.0,range_accumulation,mixed,risk_off,0.19417475728155353,hold,hold,0,0,
2526,2025-06-17 17:15:00+00:00,2.75,2.75,2.65,2.6623,265862.0,range_accumulation,mixed,risk_off,0.10902912621359248,hold,hold,0,0,
2527,2025-06-17 17:30:00+00:00,2.665,2.7,2.64,2.6811,193295.0,risk_rising,mixed,risk_off,0.14406593406593404,hold,hold,0,0,
2528,2025-06-17 17:45:00+00:00,2.685,2.77,2.685,2.7129,85887.0,risk_rising,mixed,risk_off,0.21720000000000006,hold,hold,0,0,
2529,2025-06-17 18:00:00+00:00,2.7101,2.73,2.6928,2.715,74435.0,risk_rising,mixed,risk_off,0.275,hold,hold,0,0,
2530,2025-06-17 18:15:00+00:00,2.7187,2.7399,2.71,2.72,62684.0,trend_late,mixed,risk_off,0.42500000000000054,hold,hold,0,0,
2531,2025-06-17 18:30:00+00:00,2.73,2.73,2.695,2.7,116330.0,risk_rising,mixed,risk_off,0.37500000000000056,hold,hold,0,0,
2532,2025-06-17 18:45:00+00:00,2.705,2.73,2.68,2.6925,110709.0,risk_rising,mixed,risk_off,0.37509871018689134,hold,hold,0,0,
2533,2025-06-17 19:00:00+00:00,2.6901,2.7,2.65,2.655,119228.0,risk_rising,mixed,risk_off,0.14066895904970278,hold,hold,0,0,
2534,2025-06-17 19:15:00+00:00,2.655,2.7,2.6425,2.6735,129472.0,risk_rising,mixed,risk_off,0.19849953110347082,hold,hold,0,0,
2535,2025-06-17 19:30:00+00:00,2.67,2.72,2.67,2.72,144718.0,risk_rising,mixed,risk_off,0.34385745545483054,hold,hold,0,0,
2536,2025-06-17 19:45:00+00:00,2.72,2.72,2.6801,2.705,120183.0,range_accumulation,mixed,risk_off,0.22421524663677125,hold,hold,0,0,
2537,2025-06-17 20:00:00+00:00,2.7035,2.72,2.675,2.7,276605.0,range_accumulation,mixed,risk_off,0.20696791997240457,hold,hold,0,0,
2538,2025-06-18 13:30:00+00:00,2.695,2.71,2.68,2.71,84119.0,risk_rising,mixed,risk_off,0.2414625733011379,hold,hold,0,0,
2539,2025-06-18 13:45:00+00:00,2.7,2.9163,2.6,2.8899,710029.0,range_distribution,mixed,risk_off,0.8787511367080932,hold,hold,0,0,
2540,2025-06-18 14:00:00+00:00,2.89,2.98,2.8401,2.865,1310040.0,range_distribution,mixed,risk_off,0.6973684210526321,hold,hold,0,0,
2541,2025-06-18 14:15:00+00:00,2.86,2.92,2.69,2.7282,1104185.0,range_accumulation,mixed,risk_off,0.33736842105263193,hold,hold,0,0,
2542,2025-06-18 14:30:00+00:00,2.7299,2.73,2.64,2.685,523908.0,trend_late,mixed,risk_off,0.22368421052631576,hold,hold,0,0,
2543,2025-06-18 14:45:00+00:00,2.6845,2.705,2.65,2.675,211125.0,pullback,mixed,risk_off,0.19736842105263094,hold,hold,0,0,
2544,2025-06-18 15:00:00+00:00,2.675,2.6988,2.65,2.655,206708.0,trend_late,mixed,risk_off,0.14473684210526244,hold,hold,0,0,
2545,2025-06-18 15:15:00+00:00,2.655,2.665,2.5,2.565,962908.0,trend_late,mixed,risk_off,0.13541666666666657,hold,hold,0,0,
2546,2025-06-18 15:30:00+00:00,2.565,2.59,2.52,2.5884,205747.0,trend_late,mixed,risk_off,0.18416666666666676,hold,hold,0,0,
2547,2025-06-18 15:45:00+00:00,2.589,2.59,2.545,2.575,164237.0,risk_rising,mixed,risk_off,0.1562500000000004,hold,hold,0,0,
2548,2025-06-18 16:00:00+00:00,2.5752,2.59,2.55,2.55,127996.0,risk_rising,mixed,risk_off,0.1041666666666663,hold,hold,0,0,
2549,2025-06-18 16:15:00+00:00,2.555,2.56,2.36,2.391,920605.0,risk_rising,mixed,risk_off,0.05000000000000022,hold,hold,0,0,
2550,2025-06-18 16:30:00+00:00,2.3989,2.44,2.38,2.385,341376.0,risk_rising,mixed,risk_off,0.040322580645161143,hold,hold,0,0,
2551,2025-06-18 16:45:00+00:00,2.3817,2.3899,2.3114,2.365,337079.0,risk_rising,mixed,risk_off,0.08016751420879495,hold,hold,0,0,
2552,2025-06-18 17:00:00+00:00,2.36,2.37,2.33,2.3613,204768.0,risk_rising,mixed,risk_off,0.07463356266826211,hold,hold,0,0,
2553,2025-06-18 17:15:00+00:00,2.365,2.41,2.35,2.395,125528.0,risk_rising,mixed,risk_off,0.12503739156446322,hold,hold,0,0,
2554,2025-06-18 17:30:00+00:00,2.39,2.42,2.39,2.4001,152566.0,risk_rising,mixed,risk_off,0.13266527071492704,hold,hold,0,0,
2555,2025-06-18 17:45:00+00:00,2.4011,2.42,2.3901,2.415,92898.0,risk_rising,mixed,risk_off,0.15495064313490894,hold,hold,0,0,
2556,2025-06-18 18:00:00+00:00,2.415,2.43,2.41,2.4216,49533.0,risk_rising,mixed,risk_off,0.16482201615315628,hold,hold,0,0,
2557,2025-06-18 18:15:00+00:00,2.42,2.43,2.4,2.41,62833.0,risk_rising,mixed,risk_off,0.1474723302422977,hold,hold,0,0,
2558,2025-06-18 18:30:00+00:00,2.4,2.42,2.39,2.395,85243.0,risk_rising,mixed,risk_off,0.12503739156446322,hold,hold,0,0,
2559,2025-06-18 18:45:00+00:00,2.39,2.395,2.22,2.2498,735530.0,risk_rising,mixed,risk_off,0.03921052631578926,hold,hold,0,0,
2560,2025-06-18 19:00:00+00:00,2.25,2.25,2.14,2.1479,641384.0,risk_rising,mixed,risk_off,0.01012820512820487,hold,hold,0,0,
2561,2025-06-18 19:15:00+00:00,2.15,2.19,2.14,2.1642,287952.0,risk_rising,mixed,risk_off,0.04101694915254238,hold,hold,0,0,
2562,2025-06-18 19:30:00+00:00,2.1679,2.2,2.1001,2.19,549397.0,risk_rising,mixed,risk_off,0.14861960654653672,hold,hold,0,0,
2563,2025-06-18 19:45:00+00:00,2.185,2.2,2.16,2.182,246890.0,risk_rising,mixed,risk_off,0.13679639218306344,hold,hold,0,0,
2564,2025-06-18 20:00:00+00:00,2.185,2.21,2.16,2.19,376484.0,risk_rising,mixed,risk_off,0.15914321118782096,hold,hold,0,0,
2565,2025-06-20 13:30:00+00:00,2.345,2.38,2.3256,2.3499,138661.0,risk_rising,weak,risk_off,0.509899979587671,hold,hold,0,0,
2566,2025-06-20 13:45:00+00:00,2.3468,2.52,2.31,2.47,813085.0,range_distribution,weak,risk_off,0.7550520514390698,sell,hold,0,0,
2567,2025-06-20 14:00:00+00:00,2.47,2.47,2.34,2.395,324108.0,risk_rising,weak,risk_off,0.6019595835884878,reduce,hold,0,0,
2568,2025-06-20 14:15:00+00:00,2.4,2.44,2.33,2.365,275428.0,risk_rising,weak,risk_off,0.5759947814742341,hold,hold,0,0,
2569,2025-06-20 14:30:00+00:00,2.37,2.41,2.3,2.3213,302992.0,range_neutral,weak,risk_off,0.5267920933555608,avoid,avoid,0,0,
2570,2025-06-20 14:45:00+00:00,2.325,2.34,2.21,2.2665,423481.0,range_neutral,weak,risk_off,0.39628482972136286,hold,hold,0,0,
2571,2025-06-20 15:00:00+00:00,2.2679,2.285,2.22,2.255,201634.0,range_neutral,weak,risk_off,0.3688973565134555,hold,hold,0,0,
2572,2025-06-20 15:15:00+00:00,2.255,2.27,2.245,2.25,72996.0,range_neutral,weak,risk_off,0.3569897594665399,hold,hold,0,0,
2573,2025-06-20 15:30:00+00:00,2.245,2.26,2.2,2.245,199128.0,pullback,weak,risk_off,0.3450821624196242,hold,hold,0,0,
2574,2025-06-20 15:45:00+00:00,2.24,2.32,2.24,2.305,198812.0,pullback,weak,risk_off,0.4879733269826154,hold,hold,0,0,
2575,2025-06-20 16:00:00+00:00,2.305,2.33,2.29,2.296,110084.0,trend_late,weak,risk_off,0.46653965229816596,sell,hold,0,0,
2576,2025-06-20 16:15:00+00:00,2.2917,2.3299,2.2917,2.305,54109.0,trend_late,weak,risk_off,0.4879733269826154,hold,hold,0,0,
2577,2025-06-20 16:30:00+00:00,2.305,2.32,2.3001,2.3152,29291.0,trend_late,weak,risk_off,0.5122648249583234,hold,hold,0,0,
2578,2025-06-20 16:45:00+00:00,2.32,2.355,2.28,2.3403,203915.0,trend_late,weak,risk_off,0.5720409621338416,hold,hold,0,0,
2579,2025-06-20 17:00:00+00:00,2.3453,2.38,2.315,2.365,136626.0,pullback,weak,risk_off,0.6308644915456068,avoid,avoid,0,0,
2580,2025-06-20 17:15:00+00:00,2.3614,2.37,2.34,2.345,35280.0,pullback,weak,risk_off,0.5832341033579429,hold,hold,0,0,
2581,2025-06-20 17:30:00+00:00,2.345,2.35,2.3,2.3124,100839.0,pullback,weak,risk_off,0.5055965706120501,hold,hold,0,0,
2582,2025-06-20 17:45:00+00:00,2.315,2.35,2.31,2.33,50497.0,pullback,weak,risk_off,0.4722222222222222,hold,hold,0,0,
2583,2025-06-20 18:00:00+00:00,2.34,2.37,2.33,2.3612,194916.0,pullback,weak,risk_off,0.5588888888888892,hold,hold,0,0,
2584,2025-06-20 18:15:00+00:00,2.365,2.45,2.355,2.4301,271034.0,pullback,weak,risk_off,0.7190624999999996,hold,hold,0,0,
2585,2025-06-20 18:30:00+00:00,2.43,2.5,2.4104,2.4516,353941.0,breakout_setup,weak,risk_off,0.7862499999999999,hold,hold,0,0,
2586,2025-06-20 18:45:00+00:00,2.455,2.53,2.45,2.53,275554.0,breakout,weak,risk_off,1.0,hold,hold,0,0,
2587,2025-06-20 19:00:00+00:00,2.54,2.57,2.48,2.56,347328.0,breakout,weak,risk_off,0.9729729729729735,hold,hold,0,0,
2588,2025-06-20 19:15:00+00:00,2.555,2.57,2.51,2.53,218126.0,breakout,weak,risk_off,0.8918918918918917,hold,hold,0,0,
2589,2025-06-20 19:30:00+00:00,2.5246,2.5299,2.41,2.4565,464531.0,pullback,weak,risk_off,0.6932432432432437,hold,hold,0,0,
2590,2025-06-20 19:45:00+00:00,2.455,2.485,2.4,2.4554,207873.0,pullback,weak,risk_off,0.6902702702702705,hold,hold,0,0,
2591,2025-06-20 20:00:00+00:00,2.4519,2.49,2.43,2.4883,385188.0,breakout_setup,weak,risk_off,0.7791891891891899,hold,hold,0,0,
2592,2025-06-23 13:30:00+00:00,2.48,2.51,2.42,2.4208,69268.0,pullback,mixed,risk_off,0.5967567567567564,hold,hold,0,0,
2593,2025-06-23 13:45:00+00:00,2.44,2.46,2.35,2.4376,260497.0,pullback,mixed,risk_off,0.5987878787878794,hold,hold,0,0,
2594,2025-06-23 14:00:00+00:00,2.435,2.49,2.4017,2.4509,126477.0,pullback,mixed,risk_off,0.5893103448275863,hold,hold,0,0,
2595,2025-06-23 14:15:00+00:00,2.455,2.4884,2.42,2.47,120001.0,pullback,mixed,risk_off,0.6551724137931048,hold,hold,0,0,
2596,2025-06-23 14:30:00+00:00,2.478,2.64,2.475,2.565,439019.0,breakout_setup,mixed,risk_off,0.7916666666666664,hold,hold,0,0,
2597,2025-06-23 14:45:00+00:00,2.565,2.57,2.51,2.555,176981.0,trend_late,mixed,risk_off,0.7638888888888892,reduce,hold,0,0,
2598,2025-06-23 15:00:00+00:00,2.56,2.6,2.54,2.545,199681.0,pullback,mixed,risk_off,0.7205882352941173,hold,hold,0,0,
2599,2025-06-23 15:15:00+00:00,2.55,2.58,2.49,2.53,111877.0,pullback,mixed,risk_off,0.6764705882352935,hold,hold,0,0,
2600,2025-06-23 15:30:00+00:00,2.52,2.53,2.46,2.48,146950.0,pullback,mixed,risk_off,0.5294117647058824,hold,hold,0,0,
2601,2025-06-23 15:45:00+00:00,2.485,2.5,2.45,2.45,47426.0,trend_late,mixed,risk_off,0.42424242424242453,hold,hold,0,0,
2602,2025-06-23 16:00:00+00:00,2.4573,2.46,2.4001,2.404,96766.0,trend_late,mixed,risk_off,0.23870967741935428,hold,hold,0,0,
2603,2025-06-23 16:15:00+00:00,2.405,2.46,2.4,2.445,138206.0,pullback,mixed,risk_off,0.3275862068965508,hold,hold,0,0,
2604,2025-06-23 16:30:00+00:00,2.445,2.445,2.38,2.38,138362.0,trend_late,mixed,risk_off,0.10344827586206828,hold,hold,0,0,
2605,2025-06-23 16:45:00+00:00,2.38,2.3999,2.3416,2.385,339184.0,risk_rising,mixed,risk_off,0.14544235924932863,hold,hold,0,0,
2606,2025-06-23 17:00:00+00:00,2.39,2.4056,2.365,2.37,92780.0,risk_rising,mixed,risk_off,0.09517426273458439,hold,hold,0,0,
2607,2025-06-23 17:15:00+00:00,2.375,2.41,2.3748,2.3824,57227.0,risk_rising,mixed,risk_off,0.13672922252010705,hold,hold,0,0,
2608,2025-06-23 17:30:00+00:00,2.3824,2.395,2.37,2.3801,44033.0,risk_rising,mixed,risk_off,0.12902144772117954,hold,hold,0,0,
2609,2025-06-23 17:45:00+00:00,2.39,2.45,2.385,2.425,98530.0,risk_rising,mixed,risk_off,0.2794906166219829,hold,hold,0,0,
2610,2025-06-23 18:00:00+00:00,2.425,2.47,2.425,2.46,75724.0,risk_rising,mixed,risk_off,0.3967828418230558,hold,hold,0,0,
2611,2025-06-23 18:15:00+00:00,2.46,2.46,2.43,2.44,24893.0,risk_rising,mixed,risk_off,0.3297587131367286,hold,hold,0,0,
2612,2025-06-23 18:30:00+00:00,2.435,2.45,2.38,2.385,73416.0,risk_rising,mixed,risk_off,0.14544235924932863,hold,hold,0,0,
2613,2025-06-23 18:45:00+00:00,2.385,2.43,2.38,2.405,89724.0,risk_rising,mixed,risk_off,0.21246648793565576,hold,hold,0,0,
2614,2025-06-23 19:00:00+00:00,2.405,2.42,2.3811,2.385,75114.0,range_accumulation,mixed,risk_off,0.14544235924932863,hold,hold,0,0,
2615,2025-06-23 19:15:00+00:00,2.39,2.415,2.39,2.39,58495.0,range_accumulation,mixed,risk_off,0.16219839142091153,hold,hold,0,0,
2616,2025-06-23 19:30:00+00:00,2.3957,2.4099,2.39,2.4,27769.0,range_accumulation,mixed,risk_off,0.2260061919504636,hold,hold,0,0,
2617,2025-06-23 19:45:00+00:00,2.405,2.405,2.37,2.375,72216.0,risk_rising,mixed,risk_off,0.12925696594427197,hold,hold,0,0,
2618,2025-06-23 20:00:00+00:00,2.3701,2.44,2.37,2.44,291102.0,range_neutral,mixed,risk_off,0.41275167785234834,hold,hold,0,0,
2619,2025-06-24 13:30:00+00:00,2.42,2.46,2.42,2.44,53537.0,pullback,leading,risk_off,0.5222929936305732,hold,hold,0,0,
2620,2025-06-24 13:45:00+00:00,2.435,2.4599,2.35,2.4229,194709.0,trend_late,leading,risk_off,0.5132575757575744,hold,hold,0,0,
2621,2025-06-24 14:00:00+00:00,2.43,2.5,2.4036,2.49,155443.0,breakout,leading,risk_off,0.9368686868686882,hold,hold,0,0,
2622,2025-06-24 14:15:00+00:00,2.49,2.62,2.4809,2.5846,434353.0,breakout,leading,risk_off,0.8728448275862065,hold,hold,0,0,
2623,2025-06-24 14:30:00+00:00,2.585,2.63,2.48,2.515,465415.0,pullback,leading,risk_off,0.6012482662968105,hold,hold,0,0,
2624,2025-06-24 14:45:00+00:00,2.52,2.53,2.48,2.4801,74352.0,pullback,leading,risk_off,0.4802357836338425,hold,hold,0,0,
2625,2025-06-24 15:00:00+00:00,2.49,2.49,2.4,2.405,140837.0,pullback,leading,risk_off,0.19642857142857056,hold,hold,0,0,
2626,2025-06-24 15:15:00+00:00,2.4045,2.415,2.38,2.41,114317.0,pullback,leading,risk_off,0.21428571428571463,hold,hold,0,0,
2627,2025-06-24 15:30:00+00:00,2.42,2.43,2.4046,2.4269,46427.0,pullback,leading,risk_off,0.2746428571428564,hold,hold,0,0,
2628,2025-06-24 15:45:00+00:00,2.4269,2.43,2.41,2.42,10572.0,trend_late,leading,risk_off,0.2499999999999996,hold,hold,0,0,
2629,2025-06-24 16:00:00+00:00,2.43,2.435,2.4,2.41,82424.0,trend_late,leading,risk_off,0.21428571428571463,hold,hold,0,0,
2630,2025-06-24 16:15:00+00:00,2.4,2.4,2.37,2.39,101342.0,trend_late,leading,risk_off,0.14285714285714307,hold,hold,0,0,
2631,2025-06-24 16:30:00+00:00,2.395,2.4076,2.39,2.395,50289.0,trend_late,leading,risk_off,0.16071428571428556,hold,hold,0,0,
2632,2025-06-24 16:45:00+00:00,2.395,2.445,2.39,2.42,97744.0,risk_rising,leading,risk_off,0.2499999999999996,hold,hold,0,0,
2633,2025-06-24 17:00:00+00:00,2.415,2.4467,2.4107,2.4317,25393.0,risk_rising,leading,risk_off,0.29178571428571487,hold,hold,0,0,
2634,2025-06-24 17:15:00+00:00,2.4304,2.44,2.41,2.42,22275.0,risk_rising,leading,risk_off,0.2499999999999996,hold,hold,0,0,
2635,2025-06-24 17:30:00+00:00,2.42,2.4266,2.41,2.42,13300.0,range_accumulation,leading,risk_off,0.2499999999999996,hold,hold,0,0,
2636,2025-06-24 17:45:00+00:00,2.425,2.43,2.42,2.42,12800.0,range_accumulation,leading,risk_off,0.2499999999999996,hold,hold,0,0,
2637,2025-06-24 18:00:00+00:00,2.42,2.47,2.42,2.4697,107625.0,range_neutral,leading,risk_off,0.4275,hold,hold,0,0,
2638,2025-06-24 18:15:00+00:00,2.465,2.52,2.465,2.4995,151928.0,range_neutral,leading,risk_off,0.5339285714285709,hold,hold,0,0,
2639,2025-06-24 18:30:00+00:00,2.4924,2.5072,2.49,2.5,41749.0,range_neutral,leading,risk_off,0.5357142857142858,hold,hold,0,0,
2640,2025-06-24 18:45:00+00:00,2.5,2.55,2.49,2.54,55139.0,range_distribution,leading,risk_off,0.6538461538461541,hold,hold,0,0,
2641,2025-06-24 19:00:00+00:00,2.5411,2.58,2.5411,2.5609,103639.0,pullback,leading,risk_off,0.7342307692307701,hold,hold,0,0,
2642,2025-06-24 19:15:00+00:00,2.5616,2.57,2.54,2.54,105263.0,pullback,leading,risk_off,0.6538461538461541,hold,hold,0,0,
2643,2025-06-24 19:30:00+00:00,2.54,2.55,2.5201,2.54,34180.0,breakout_setup,leading,risk_off,0.8095238095238093,hold,hold,0,0,
2644,2025-06-24 19:45:00+00:00,2.54,2.54,2.525,2.53,31493.0,breakout_setup,leading,risk_off,0.7619047619047606,hold,hold,0,0,
2645,2025-06-24 20:00:00+00:00,2.535,2.55,2.525,2.55,105501.0,breakout,leading,risk_off,0.857142857142856,hold,hold,0,0,
2646,2025-06-25 13:30:00+00:00,2.53,2.599,2.53,2.595,40703.0,breakout,mixed,risk_off,0.982532751091703,hold,hold,0,0,
2647,2025-06-25 13:45:00+00:00,2.6,2.95,2.5774,2.89,1656040.0,breakout,mixed,risk_off,0.8965517241379309,hold,hold,0,0,
2648,2025-06-25 14:00:00+00:00,2.88,2.97,2.8202,2.8992,627689.0,breakout,mixed,risk_off,0.8819999999999997,hold,hold,0,0,
2649,2025-06-25 14:15:00+00:00,2.8996,2.91,2.73,2.75,519808.0,pullback,mixed,risk_off,0.6333333333333331,hold,hold,0,0,
2650,2025-06-25 14:30:00+00:00,2.7432,2.77,2.65,2.675,309485.0,pullback,mixed,risk_off,0.491379310344827,hold,hold,0,0,
2651,2025-06-25 14:45:00+00:00,2.68,2.86,2.6799,2.805,305619.0,pullback,mixed,risk_off,0.7155172413793103,hold,hold,0,0,
2652,2025-06-25 15:00:00+00:00,2.8054,2.81,2.75,2.755,119389.0,pullback,mixed,risk_off,0.616071428571428,hold,hold,0,0,
2653,2025-06-25 15:15:00+00:00,2.7527,2.77,2.68,2.77,219227.0,pullback,mixed,risk_off,0.6428571428571426,hold,hold,0,0,
2654,2025-06-25 15:30:00+00:00,2.76,2.76,2.68,2.69,107445.0,pullback,mixed,risk_off,0.4999999999999996,hold,hold,0,0,
2655,2025-06-25 15:45:00+00:00,2.7,2.7,2.61,2.64,165947.0,pullback,mixed,risk_off,0.4000000000000002,hold,hold,0,0,
2656,2025-06-25 16:00:00+00:00,2.64,2.6487,2.6,2.6002,62659.0,pullback,mixed,risk_off,0.3276363636363637,hold,hold,0,0,
2657,2025-06-25 16:15:00+00:00,2.605,2.61,2.5401,2.6,85900.0,trend_late,mixed,risk_off,0.2673267326732676,hold,hold,0,0,
2658,2025-06-25 16:30:00+00:00,2.6,2.605,2.55,2.56,110890.0,trend_late,mixed,risk_off,0.145833333333333,hold,hold,0,0,
2659,2025-06-25 16:45:00+00:00,2.57,2.61,2.565,2.605,193854.0,trend_late,mixed,risk_off,0.23958333333333287,hold,hold,0,0,
2660,2025-06-25 17:00:00+00:00,2.605,2.75,2.6,2.71,257748.0,pullback,mixed,risk_off,0.422093798621916,hold,hold,0,0,
2661,2025-06-25 17:15:00+00:00,2.7108,2.7699,2.71,2.73,134811.0,risk_rising,mixed,risk_off,0.46654812180484556,hold,hold,0,0,
2662,2025-06-25 17:30:00+00:00,2.73,2.78,2.7292,2.7548,200133.0,risk_rising,mixed,risk_off,0.521671482551678,hold,hold,0,0,
2663,2025-06-25 17:45:00+00:00,2.755,2.7554,2.705,2.72,86925.0,risk_rising,mixed,risk_off,0.4382022471910116,hold,hold,0,0,
2664,2025-06-25 18:00:00+00:00,2.725,2.735,2.71,2.73,45452.0,range_neutral,mixed,risk_off,0.46067415730337063,hold,hold,0,0,
2665,2025-06-25 18:15:00+00:00,2.7297,2.74,2.72,2.729,19235.0,range_neutral,mixed,risk_off,0.45227272727272755,hold,hold,0,0,
2666,2025-06-25 18:30:00+00:00,2.72,2.74,2.71,2.735,79857.0,range_neutral,mixed,risk_off,0.4533612468015815,hold,hold,0,0,
2667,2025-06-25 18:45:00+00:00,2.735,2.77,2.715,2.73,62726.0,range_neutral,mixed,risk_off,0.44173063503140264,hold,hold,0,0,
2668,2025-06-25 19:00:00+00:00,2.721,2.76,2.7,2.733,96689.0,pullback,mixed,risk_off,0.5214922952149232,hold,hold,0,0,
2669,2025-06-25 19:15:00+00:00,2.733,2.75,2.73,2.735,19374.0,pullback,mixed,risk_off,0.6092528915286027,hold,hold,0,0,
2670,2025-06-25 19:30:00+00:00,2.735,2.7672,2.73,2.735,61891.0,pullback,mixed,risk_off,0.6092528915286027,hold,hold,0,0,
2671,2025-06-25 19:45:00+00:00,2.74,2.775,2.73,2.765,109226.0,breakout_setup,mixed,risk_off,0.8332715820674328,hold,hold,0,0,
2672,2025-06-25 20:00:00+00:00,2.7687,2.78,2.75,2.78,421613.0,breakout,mixed,risk_off,1.0,hold,hold,0,0,
2673,2025-06-26 13:30:00+00:00,2.84,2.85,2.75,2.79,286332.0,breakout_setup,leading,risk_off,0.8063891577928364,hold,hold,0,0,
2674,2025-06-26 13:45:00+00:00,2.81,2.89,2.7604,2.87,263254.0,breakout,leading,risk_off,0.9428408116604744,hold,hold,0,0,
2675,2025-06-26 14:00:00+00:00,2.89,3.05,2.8327,3.04,666530.0,breakout,leading,risk_off,0.9803883114336148,hold,hold,0,0,
2676,2025-06-26 14:15:00+00:00,3.035,3.09,2.98,3.07,931444.0,breakout,leading,risk_off,0.9636297508637934,hold,hold,0,0,
2677,2025-06-26 14:30:00+00:00,3.06,3.29,3.05,3.26,1119776.0,breakout,leading,risk_off,0.9594594594594591,hold,hold,0,0,
2678,2025-06-26 14:45:00+00:00,3.27,3.3688,3.14,3.3336,759238.0,breakout,leading,risk_off,0.9562080119432699,hold,hold,0,0,
2679,2025-06-26 15:00:00+00:00,3.335,3.4,3.2201,3.265,646794.0,breakout_setup,leading,risk_off,0.8312500000000003,hold,hold,0,0,
2680,2025-06-26 15:15:00+00:00,3.26,3.33,3.24,3.3098,283118.0,breakout,leading,risk_off,0.8711428571428573,hold,hold,0,0,
2681,2025-06-26 15:30:00+00:00,3.2941,3.41,3.29,3.3573,307927.0,breakout,leading,risk_off,0.9257746478873237,hold,hold,0,0,
2682,2025-06-26 15:45:00+00:00,3.3492,3.47,3.316,3.365,387189.0,breakout,leading,risk_off,0.8636363636363636,hold,hold,0,0,
2683,2025-06-26 16:00:00+00:00,3.3799,3.47,3.3612,3.43,256377.0,breakout,leading,risk_off,0.948051948051948,hold,hold,0,0,
2684,2025-06-26 16:15:00+00:00,3.43,3.54,3.36,3.48,649645.0,breakout,leading,risk_off,0.9285714285714285,hold,hold,0,0,
2685,2025-06-26 16:30:00+00:00,3.483,3.63,3.48,3.57,483547.0,breakout,leading,risk_off,0.9354838709677419,hold,hold,0,0,
2686,2025-06-26 16:45:00+00:00,3.58,3.645,3.54,3.59,422159.0,breakout,leading,risk_off,0.9417989417989416,hold,hold,0,0,
2687,2025-06-26 17:00:00+00:00,3.58,3.8499,3.57,3.67,1469576.0,breakout_setup,leading,risk_off,0.8435516131837552,hold,hold,0,0,
2688,2025-06-26 17:15:00+00:00,3.67,3.7,3.58,3.6565,506916.0,breakout_setup,leading,risk_off,0.8273060094651308,hold,hold,0,0,
2689,2025-06-26 17:30:00+00:00,3.66,3.66,3.48,3.5,622952.0,pullback,leading,risk_off,0.6875613894097689,hold,hold,0,0,
2690,2025-06-26 17:45:00+00:00,3.492,3.521,3.45,3.5,333186.0,pullback,leading,risk_off,0.6875613894097689,hold,hold,0,0,
2691,2025-06-26 18:00:00+00:00,3.5,3.63,3.49,3.63,175826.0,breakout_setup,leading,risk_off,0.8000727338848986,hold,hold,0,0,
2692,2025-06-26 18:15:00+00:00,3.625,3.64,3.48,3.51,334825.0,pullback,leading,risk_off,0.6909719065369578,hold,hold,0,0,
2693,2025-06-26 18:30:00+00:00,3.51,3.54,3.48,3.5082,111030.0,pullback,leading,risk_off,0.686369894446994,hold,hold,0,0,
2694,2025-06-26 18:45:00+00:00,3.505,3.51,3.45,3.46,99195.0,trend_late,leading,risk_off,0.6166928824223359,hold,hold,0,0,
2695,2025-06-26 19:00:00+00:00,3.46,3.659,3.39,3.5498,370112.0,trend_late,leading,risk_off,0.655017818140016,hold,hold,0,0,
2696,2025-06-26 19:15:00+00:00,3.54,3.61,3.52,3.55,141450.0,trend_late,leading,risk_off,0.6250781347668458,hold,hold,0,0,
2697,2025-06-26 19:30:00+00:00,3.55,3.5599,3.4501,3.52,232491.0,trend_late,leading,risk_off,0.5352866600929709,hold,hold,0,0,
2698,2025-06-26 19:45:00+00:00,3.52,3.645,3.42,3.62,598447.0,trend_late,leading,risk_off,0.6349634804699907,hold,hold,0,0,
2699,2025-06-26 20:00:00+00:00,3.6101,3.71,3.59,3.68,395151.0,pullback,leading,risk_off,0.7214297425807512,hold,hold,0,0,
2700,2025-06-27 13:30:00+00:00,3.2,3.24,3.12,3.1599,267572.0,trend_late,weak,neutral,0.054665022605836194,hold,hold,0,0,
2701,2025-06-27 13:45:00+00:00,3.155,3.28,2.98,3.21,934889.0,risk_rising,weak,neutral,0.2643982066904242,hold,hold,0,0,
2702,2025-06-27 14:00:00+00:00,3.22,3.44,3.18,3.3787,612327.0,risk_rising,weak,neutral,0.4583285435107482,hold,hold,0,0,
2703,2025-06-27 14:15:00+00:00,3.375,3.3799,3.23,3.2328,306191.0,risk_rising,weak,neutral,0.29060811587538815,hold,hold,0,0,
2704,2025-06-27 14:30:00+00:00,3.2399,3.38,3.225,3.3585,256008.0,risk_rising,weak,neutral,0.43510748361880663,hold,hold,0,0,
2705,2025-06-27 14:45:00+00:00,3.3576,3.42,3.34,3.37,150221.0,risk_rising,weak,neutral,0.44832739395332816,hold,hold,0,0,
2706,2025-06-27 15:00:00+00:00,3.37,3.4,3.35,3.3821,134793.0,risk_rising,weak,neutral,0.46223703874008504,hold,hold,0,0,
2707,2025-06-27 15:15:00+00:00,3.39,3.4299,3.37,3.4203,168163.0,risk_rising,weak,neutral,0.603150684931507,hold,hold,0,0,
2708,2025-06-27 15:30:00+00:00,3.425,3.51,3.42,3.4289,244390.0,risk_rising,weak,neutral,0.6149315068493152,hold,hold,0,0,
2709,2025-06-27 15:45:00+00:00,3.4285,3.44,3.3,3.32,131418.0,risk_rising,weak,neutral,0.46575342465753405,hold,hold,0,0,
2710,2025-06-27 16:00:00+00:00,3.31,3.34,3.25,3.34,180226.0,range_neutral,weak,neutral,0.4931506849315067,hold,hold,0,0,
2711,2025-06-27 16:15:00+00:00,3.34,3.35,3.23,3.24,91753.0,range_neutral,weak,neutral,0.35616438356164415,hold,hold,0,0,
2712,2025-06-27 16:30:00+00:00,3.2331,3.25,3.2,3.22,80919.0,risk_rising,weak,neutral,0.32876712328767155,hold,hold,0,0,
2713,2025-06-27 16:45:00+00:00,3.2044,3.245,3.16,3.17,70860.0,risk_rising,weak,neutral,0.26027397260273966,hold,hold,0,0,
2714,2025-06-27 17:00:00+00:00,3.1766,3.21,3.1661,3.195,52777.0,risk_rising,weak,neutral,0.29452054794520527,hold,hold,0,0,
2715,2025-06-27 17:15:00+00:00,3.195,3.215,3.15,3.205,65424.0,risk_rising,weak,neutral,0.3082191780821919,hold,hold,0,0,
2716,2025-06-27 17:30:00+00:00,3.205,3.2481,3.1884,3.24,69186.0,risk_rising,weak,neutral,0.35616438356164415,hold,hold,0,0,
2717,2025-06-27 17:45:00+00:00,3.24,3.27,3.21,3.21,52167.0,risk_rising,weak,neutral,0.3150684931506849,hold,hold,0,0,
2718,2025-06-27 18:00:00+00:00,3.21,3.22,3.13,3.165,259850.0,risk_rising,weak,neutral,0.25342465753424664,hold,hold,0,0,
2719,2025-06-27 18:15:00+00:00,3.1679,3.198,3.1433,3.1599,34894.0,risk_rising,weak,neutral,0.33943396226415096,hold,hold,0,0,
2720,2025-06-27 18:30:00+00:00,3.155,3.16,3.095,3.155,301645.0,risk_rising,weak,neutral,0.3301886792452828,hold,hold,0,0,
2721,2025-06-27 18:45:00+00:00,3.155,3.19,3.05,3.1101,312721.0,risk_rising,weak,neutral,0.13065217391304407,hold,hold,0,0,
2722,2025-06-27 19:00:00+00:00,3.1101,3.13,3.09,3.115,201332.0,risk_rising,weak,neutral,0.1413043478260878,hold,hold,0,0,
2723,2025-06-27 19:15:00+00:00,3.115,3.17,3.11,3.1653,124476.0,risk_rising,weak,neutral,0.2506521739130434,hold,hold,0,0,
2724,2025-06-27 19:30:00+00:00,3.1687,3.22,3.113,3.13,251269.0,risk_rising,weak,neutral,0.17391304347826103,hold,hold,0,0,
2725,2025-06-27 19:45:00+00:00,3.13,3.13,3.09,3.1,121675.0,risk_rising,weak,neutral,0.10869565217391364,hold,hold,0,0,
2726,2025-06-27 20:00:00+00:00,3.1088,3.2399,3.09,3.1,566977.0,risk_rising,weak,neutral,0.10869565217391364,hold,hold,0,0,
2727,2025-06-30 13:30:00+00:00,3.17,3.17,3.11,3.115,72446.0,risk_rising,weak,risk_off,0.1413043478260878,hold,hold,0,0,
2728,2025-06-30 13:45:00+00:00,3.11,3.12,3.0,3.01,276534.0,risk_rising,weak,risk_off,0.022727272727272246,hold,hold,0,0,
2729,2025-06-30 14:00:00+00:00,3.02,3.106,3.0,3.035,217629.0,risk_rising,weak,risk_off,0.10000000000000038,hold,hold,0,0,
2730,2025-06-30 14:15:00+00:00,3.035,3.0729,3.01,3.065,139328.0,risk_rising,weak,risk_off,0.18571428571428553,hold,hold,0,0,
2731,2025-06-30 14:30:00+00:00,3.065,3.08,3.01,3.035,121353.0,risk_rising,weak,risk_off,0.12962962962963015,hold,hold,0,0,
2732,2025-06-30 14:45:00+00:00,3.035,3.09,3.015,3.065,58956.0,risk_rising,weak,risk_off,0.24074074074074053,hold,hold,0,0,
2733,2025-06-30 15:00:00+00:00,3.06,3.14,3.06,3.11,63303.0,risk_rising,weak,risk_off,0.40740740740740694,hold,hold,0,0,
2734,2025-06-30 15:15:00+00:00,3.11,3.2,3.11,3.18,111318.0,range_distribution,weak,risk_off,0.6666666666666672,sell,hold,0,0,
2735,2025-06-30 15:30:00+00:00,3.1778,3.18,3.085,3.145,110693.0,range_neutral,weak,risk_off,0.5370370370370371,avoid,avoid,0,0,
2736,2025-06-30 15:45:00+00:00,3.15,3.15,3.12,3.13,37809.0,range_neutral,weak,risk_off,0.48148148148148107,hold,hold,0,0,
2737,2025-06-30 16:00:00+00:00,3.1298,3.1298,3.08,3.095,51691.0,risk_rising,weak,risk_off,0.39599833263860024,reduce,hold,0,0,
2738,2025-06-30 16:15:00+00:00,3.085,3.19,3.085,3.1785,104023.0,range_distribution,weak,risk_off,0.7440600250104215,sell,hold,0,0,
2739,2025-06-30 16:30:00+00:00,3.1785,3.1885,3.135,3.1616,141071.0,pullback,weak,risk_off,0.6736140058357648,avoid,avoid,0,0,
2740,2025-06-30 16:45:00+00:00,3.16,3.19,3.155,3.175,51156.0,pullback,weak,risk_off,0.729470612755314,hold,hold,0,0,
2741,2025-06-30 17:00:00+00:00,3.18,3.19,3.16,3.16,40467.0,pullback,weak,risk_off,0.6669445602334312,hold,hold,0,0,
2742,2025-06-30 17:15:00+00:00,3.16,3.18,3.1096,3.1096,34297.0,pullback,weak,risk_off,0.4568570237598996,hold,hold,0,0,
2743,2025-06-30 17:30:00+00:00,3.11,3.175,3.1,3.175,108767.0,pullback,weak,risk_off,0.729470612755314,hold,hold,0,0,
2744,2025-06-30 17:45:00+00:00,3.1767,3.23,3.165,3.23,207310.0,breakout,weak,risk_off,0.9587328053355564,hold,hold,0,0,
2745,2025-06-30 18:00:00+00:00,3.23,3.6,3.23,3.4201,2392407.0,pullback,weak,risk_off,0.7001666666666668,hold,hold,0,0,
2746,2025-06-30 18:15:00+00:00,3.4227,3.54,3.4201,3.535,803042.0,breakout,weak,risk_off,0.8916666666666667,hold,hold,0,0,
2747,2025-06-30 18:30:00+00:00,3.5397,3.58,3.47,3.55,301176.0,breakout,weak,risk_off,0.9166666666666662,hold,hold,0,0,
2748,2025-06-30 18:45:00+00:00,3.56,3.61,3.48,3.53,274651.0,breakout,weak,risk_off,0.8688524590163933,hold,hold,0,0,
2749,2025-06-30 19:00:00+00:00,3.53,3.605,3.4901,3.58,399821.0,breakout,weak,risk_off,0.9500000000000003,hold,hold,0,0,
2750,2025-06-30 19:15:00+00:00,3.579,3.64,3.53,3.545,635254.0,breakout_setup,weak,risk_off,0.849206349206349,hold,hold,0,0,
2751,2025-06-30 19:30:00+00:00,3.545,3.57,3.47,3.47,393422.0,pullback,weak,risk_off,0.7280000000000001,hold,hold,0,0,
2752,2025-06-30 19:45:00+00:00,3.47,3.5,3.37,3.465,367189.0,pullback,weak,risk_off,0.6982758620689651,hold,hold,0,0,
2753,2025-06-30 20:00:00+00:00,3.46,3.59,3.44,3.59,473409.0,breakout,weak,risk_off,0.9107142857142853,hold,hold,0,0,
2754,2025-07-02 13:30:00+00:00,3.31,3.35,3.3001,3.33,15738.0,pullback,leading,neutral,0.4464285714285714,buy,buy,200,200,3.33
2755,2025-07-02 13:45:00+00:00,3.35,3.4599,3.32,3.4401,198705.0,pullback,leading,neutral,0.6430357142857144,hold,hold,0,200,
2756,2025-07-02 14:00:00+00:00,3.44,3.45,3.4,3.42,97674.0,trend_late,leading,neutral,0.6071428571428569,hold,hold,0,200,
2757,2025-07-02 14:15:00+00:00,3.4101,3.63,3.38,3.6104,378928.0,breakout,leading,neutral,0.9466666666666661,hold,hold,0,200,
2758,2025-07-02 14:30:00+00:00,3.61,3.6899,3.54,3.6767,494232.0,breakout,leading,neutral,0.9776233259874549,hold,hold,0,200,
2759,2025-07-02 14:45:00+00:00,3.68,3.69,3.6,3.66,378868.0,breakout,leading,neutral,0.9491525423728817,hold,hold,0,200,
2760,2025-07-02 15:00:00+00:00,3.66,3.74,3.62,3.7197,383887.0,breakout,leading,neutral,0.9682812499999996,hold,hold,0,200,
2761,2025-07-02 15:15:00+00:00,3.72,3.755,3.6102,3.6202,251136.0,breakout_setup,leading,neutral,0.794198473282443,hold,hold,0,200,
2762,2025-07-02 15:30:00+00:00,3.625,3.63,3.52,3.555,220820.0,pullback,leading,neutral,0.6946564885496186,hold,hold,0,200,
2763,2025-07-02 15:45:00+00:00,3.56,3.57,3.47,3.47,96029.0,trend_late,leading,neutral,0.5169491525423733,hold,hold,0,200,
2764,2025-07-02 16:00:00+00:00,3.5,3.5053,3.47,3.48,33525.0,pullback,leading,neutral,0.4761904761904763,hold,hold,0,200,
2765,2025-07-02 16:15:00+00:00,3.48,3.6,3.465,3.565,136814.0,pullback,leading,neutral,0.5823257858870081,hold,hold,0,200,
2766,2025-07-02 16:30:00+00:00,3.5699,3.63,3.555,3.6283,136771.0,pullback,leading,neutral,0.7214772477467574,hold,hold,0,200,
2767,2025-07-02 16:45:00+00:00,3.63,3.64,3.61,3.6299,128040.0,pullback,leading,neutral,0.7249945042866568,hold,hold,0,200,
2768,2025-07-02 17:00:00+00:00,3.63,3.67,3.625,3.6612,86978.0,trend_late,leading,neutral,0.7938008353484284,reduce,reduce,-200,0,3.6612
2769,2025-07-02 17:15:00+00:00,3.665,3.72,3.63,3.645,178376.0,trend_late,leading,neutral,0.7581886128819523,hold,hold,0,0,
2770,2025-07-02 17:30:00+00:00,3.67,3.6909,3.64,3.6608,91855.0,trend_late,leading,neutral,0.7929215212134538,hold,hold,0,0,
2771,2025-07-02 17:45:00+00:00,3.665,3.875,3.665,3.705,339654.0,pullback,leading,neutral,0.7042963993738043,hold,hold,0,0,
2772,2025-07-02 18:00:00+00:00,3.705,3.72,3.64,3.675,135275.0,pullback,leading,neutral,0.6521134110280046,hold,hold,0,0,
2773,2025-07-02 18:15:00+00:00,3.6744,3.6999,3.63,3.6513,85255.0,pullback,leading,neutral,0.6108888502348234,hold,hold,0,0,
2774,2025-07-02 18:30:00+00:00,3.6599,3.67,3.64,3.66,94694.0,pullback,leading,neutral,0.612612612612613,hold,hold,0,0,
2775,2025-07-02 18:45:00+00:00,3.66,3.67,3.58,3.61,138914.0,pullback,leading,neutral,0.46464646464646453,hold,hold,0,0,
2776,2025-07-02 19:00:00+00:00,3.6,3.6385,3.6,3.62,33606.0,trend_late,leading,neutral,0.4848484848484852,hold,hold,0,0,
2777,2025-07-02 19:15:00+00:00,3.63,3.66,3.57,3.6,97108.0,trend_late,leading,neutral,0.3292682926829273,hold,hold,0,0,
2778,2025-07-02 19:30:00+00:00,3.6,3.619,3.5399,3.55,236768.0,trend_late,leading,neutral,0.20731707317073156,hold,hold,0,0,
2779,2025-07-02 19:45:00+00:00,3.56,3.64,3.56,3.6201,111435.0,trend_late,leading,neutral,0.37829268292682916,hold,hold,0,0,
2780,2025-07-02 20:00:00+00:00,3.63,3.645,3.6,3.62,101177.0,trend_late,leading,neutral,0.3780487804878054,hold,hold,0,0,
2781,2025-07-03 13:30:00+00:00,3.55,3.55,3.4612,3.505,134380.0,trend_late,weak,risk_on,0.10584823586273573,hold,hold,0,0,
2782,2025-07-03 13:45:00+00:00,3.52,3.67,3.5101,3.58,341644.0,risk_rising,weak,risk_on,0.2870952150797491,hold,hold,0,0,
2783,2025-07-03 14:00:00+00:00,3.5916,3.5916,3.52,3.56,92502.0,risk_rising,weak,risk_on,0.23876268728854563,hold,hold,0,0,
2784,2025-07-03 14:15:00+00:00,3.57,3.61,3.52,3.6,136286.0,risk_rising,weak,risk_on,0.3354277428709526,hold,hold,0,0,
2785,2025-07-03 14:30:00+00:00,3.5989,3.61,3.525,3.525,86567.0,risk_rising,weak,risk_on,0.15418076365393923,hold,hold,0,0,
2786,2025-07-03 14:45:00+00:00,3.525,3.53,3.46,3.5135,246326.0,risk_rising,weak,risk_on,0.12891566265060264,hold,hold,0,0,
2787,2025-07-03 15:00:00+00:00,3.515,3.515,3.46,3.475,117017.0,risk_rising,weak,risk_on,0.03614457831325331,hold,hold,0,0,
2788,2025-07-03 15:15:00+00:00,3.475,3.51,3.42,3.5099,181770.0,risk_rising,weak,risk_on,0.19758241758241776,hold,hold,0,0,
2789,2025-07-03 15:30:00+00:00,3.4852,3.5,3.45,3.475,24714.0,risk_rising,weak,risk_on,0.12087912087912121,hold,hold,0,0,
2790,2025-07-03 15:45:00+00:00,3.48,3.56,3.4711,3.542,76743.0,risk_rising,weak,risk_on,0.26813186813186785,hold,hold,0,0,
2791,2025-07-03 16:00:00+00:00,3.545,3.61,3.5416,3.57,161785.0,range_neutral,weak,risk_on,0.4999999999999993,hold,hold,0,0,
2792,2025-07-03 16:15:00+00:00,3.575,3.585,3.5101,3.53,176382.0,risk_rising,weak,risk_on,0.39299749910682336,hold,hold,0,0,
2793,2025-07-03 16:30:00+00:00,3.53,3.533,3.38,3.39,348227.0,risk_rising,weak,risk_on,0.034482758620690446,hold,hold,0,0,
2794,2025-07-03 16:45:00+00:00,3.4,3.41,3.28,3.36,387437.0,risk_rising,weak,risk_on,0.20512820512820523,hold,hold,0,0,
2795,2025-07-03 17:00:00+00:00,3.36,3.485,3.35,3.48,348283.0,risk_rising,weak,risk_on,0.5128205128205131,hold,hold,0,0,
2796,2025-07-07 13:30:00+00:00,3.45,3.45,3.41,3.445,38862.0,risk_rising,weak,neutral,0.423076923076923,hold,hold,0,0,
2797,2025-07-07 13:45:00+00:00,3.4456,3.4456,3.27,3.306,215864.0,risk_rising,weak,neutral,0.0900000000000001,hold,hold,0,0,
2798,2025-07-07 14:00:00+00:00,3.3,3.37,3.24,3.34,177847.0,risk_rising,weak,neutral,0.23255813953488305,hold,hold,0,0,
2799,2025-07-07 14:15:00+00:00,3.34,3.3629,3.28,3.3099,121640.0,risk_rising,weak,neutral,0.16255813953488296,hold,hold,0,0,
2800,2025-07-07 14:30:00+00:00,3.295,3.37,3.2412,3.25,204778.0,risk_rising,weak,neutral,0.023255813953487893,hold,hold,0,0,
2801,2025-07-07 14:45:00+00:00,3.25,3.27,3.19,3.2508,182221.0,risk_rising,weak,neutral,0.1266666666666666,hold,hold,0,0,
2802,2025-07-07 15:00:00+00:00,3.26,3.2677,3.14,3.145,179590.0,risk_rising,weak,neutral,0.010638297872340205,hold,hold,0,0,
2803,2025-07-07 15:15:00+00:00,3.15,3.1804,3.14,3.1795,149554.0,risk_rising,weak,neutral,0.08404255319148912,hold,hold,0,0,
2804,2025-07-07 15:30:00+00:00,3.17,3.21,3.1511,3.18,77843.0,risk_rising,weak,neutral,0.08510638297872353,hold,hold,0,0,
2805,2025-07-07 15:45:00+00:00,3.1846,3.21,3.16,3.19,177234.0,risk_rising,weak,neutral,0.10638297872340394,hold,hold,0,0,
2806,2025-07-07 16:00:00+00:00,3.19,3.265,3.19,3.265,68317.0,risk_rising,weak,neutral,0.2659574468085108,hold,hold,0,0,
2807,2025-07-07 16:15:00+00:00,3.265,3.28,3.23,3.238,48901.0,risk_rising,weak,neutral,0.20851063829787217,hold,hold,0,0,
2808,2025-07-07 16:30:00+00:00,3.238,3.2385,3.2,3.21,43202.0,risk_rising,weak,neutral,0.1489361702127657,hold,hold,0,0,
2809,2025-07-07 16:45:00+00:00,3.22,3.2434,3.1901,3.2,25898.0,risk_rising,weak,neutral,0.1276595744680853,hold,hold,0,0,
2810,2025-07-07 17:00:00+00:00,3.2,3.22,3.19,3.19,32282.0,risk_rising,weak,neutral,0.10638297872340394,hold,hold,0,0,
2811,2025-07-07 17:15:00+00:00,3.1969,3.24,3.1807,3.23,29706.0,risk_rising,weak,neutral,0.2022471910112357,hold,hold,0,0,
2812,2025-07-07 17:30:00+00:00,3.23,3.24,3.2012,3.235,27884.0,range_accumulation,weak,neutral,0.24173027989821833,hold,hold,0,0,
2813,2025-07-07 17:45:00+00:00,3.2319,3.24,3.225,3.235,16432.0,range_accumulation,weak,neutral,0.2753623188405792,hold,hold,0,0,
2814,2025-07-07 18:00:00+00:00,3.24,3.25,3.22,3.24,21489.0,range_accumulation,weak,neutral,0.28985507246376857,hold,hold,0,0,
2815,2025-07-07 18:15:00+00:00,3.24,3.245,3.22,3.2357,20761.0,range_accumulation,weak,neutral,0.30870967741935446,hold,hold,0,0,
2816,2025-07-07 18:30:00+00:00,3.23,3.24,3.1712,3.18,130316.0,risk_rising,weak,neutral,0.13089005235602102,hold,hold,0,0,
2817,2025-07-07 18:45:00+00:00,3.1903,3.2,3.15,3.16,196470.0,risk_rising,weak,neutral,0.08695652173913052,hold,hold,0,0,
2818,2025-07-07 19:00:00+00:00,3.164,3.17,3.1,3.135,329443.0,risk_rising,weak,neutral,0.1296296296296285,hold,hold,0,0,
2819,2025-07-07 19:15:00+00:00,3.1316,3.1579,3.1201,3.1554,90373.0,risk_rising,weak,neutral,0.2051851851851856,hold,hold,0,0,
2820,2025-07-07 19:30:00+00:00,3.1511,3.16,3.135,3.16,53175.0,risk_rising,weak,neutral,0.33333333333333415,hold,hold,0,0,
2821,2025-07-07 19:45:00+00:00,3.16,3.1985,3.16,3.1874,22828.0,risk_rising,weak,neutral,0.48555555555555463,hold,hold,0,0,
2822,2025-07-07 20:00:00+00:00,3.1834,3.24,3.15,3.215,151230.0,risk_rising,weak,neutral,0.6388888888888886,hold,hold,0,0,
2823,2025-07-08 13:30:00+00:00,3.26,3.29,3.2508,3.28,49451.0,range_distribution,leading,neutral,0.9473684210526303,hold,hold,0,0,
2824,2025-07-08 13:45:00+00:00,3.27,3.3,3.11,3.17,208530.0,risk_rising,leading,neutral,0.34999999999999964,hold,hold,0,0,
2825,2025-07-08 14:00:00+00:00,3.17,3.25,3.1522,3.185,118475.0,risk_rising,leading,neutral,0.4250000000000004,hold,hold,0,0,
2826,2025-07-08 14:15:00+00:00,3.184,3.1899,3.12,3.1421,90857.0,risk_rising,leading,neutral,0.2105000000000004,hold,hold,0,0,
2827,2025-07-08 14:30:00+00:00,3.15,3.16,3.05,3.09,212189.0,risk_rising,leading,neutral,0.16000000000000014,hold,hold,0,0,
2828,2025-07-08 14:45:00+00:00,3.09,3.1,3.0511,3.055,131674.0,risk_rising,leading,neutral,0.02000000000000135,hold,hold,0,0,
2829,2025-07-08 15:00:00+00:00,3.0552,3.06,2.92,2.95,600074.0,risk_rising,leading,neutral,0.07894736842105331,hold,hold,0,0,
2830,2025-07-08 15:15:00+00:00,2.9402,2.97,2.82,2.86,490350.0,risk_rising,leading,neutral,0.08333333333333341,hold,hold,0,0,
2831,2025-07-08 15:30:00+00:00,2.86,2.8983,2.815,2.885,347549.0,risk_rising,leading,neutral,0.1443298969072162,hold,hold,0,0,
2832,2025-07-08 15:45:00+00:00,2.89,2.91,2.863,2.8853,139840.0,risk_rising,leading,neutral,0.1449484536082475,hold,hold,0,0,
2833,2025-07-08 16:00:00+00:00,2.8756,2.895,2.875,2.8901,71955.0,risk_rising,leading,neutral,0.1548453608247422,hold,hold,0,0,
2834,2025-07-08 16:15:00+00:00,2.8901,2.8985,2.88,2.8819,60634.0,risk_rising,leading,neutral,0.13793814432989687,hold,hold,0,0,
2835,2025-07-08 16:30:00+00:00,2.884,2.905,2.87,2.875,144023.0,risk_rising,leading,neutral,0.12371134020618571,hold,hold,0,0,
2836,2025-07-08 16:45:00+00:00,2.875,2.888,2.8301,2.885,91062.0,risk_rising,leading,neutral,0.1443298969072162,hold,hold,0,0,
2837,2025-07-08 17:00:00+00:00,2.885,2.935,2.87,2.925,219451.0,risk_rising,leading,neutral,0.22680412371134,hold,hold,0,0,
2838,2025-07-08 17:15:00+00:00,2.925,3.0,2.925,2.99,138555.0,risk_rising,leading,neutral,0.3608247422680419,hold,hold,0,0,
2839,2025-07-08 17:30:00+00:00,2.995,2.995,2.92,2.945,86280.0,risk_rising,leading,neutral,0.2680412371134019,hold,hold,0,0,
2840,2025-07-08 17:45:00+00:00,2.945,2.975,2.9415,2.97,39810.0,range_accumulation,leading,neutral,0.31958762886597997,hold,hold,0,0,
2841,2025-07-08 18:00:00+00:00,2.97,2.97,2.95,2.965,31558.0,range_accumulation,leading,neutral,0.3092783505154638,hold,hold,0,0,
2842,2025-07-08 18:15:00+00:00,2.965,2.97,2.9516,2.9599,71697.0,range_accumulation,leading,neutral,0.29876288659793876,buy,buy,200,200,2.9599
2843,2025-07-08 18:30:00+00:00,2.9599,2.97,2.925,2.965,133587.0,range_accumulation,leading,neutral,0.3092783505154638,hold,hold,0,200,
2844,2025-07-08 18:45:00+00:00,2.9699,2.975,2.955,2.975,29227.0,range_neutral,leading,neutral,0.36781609195402326,hold,hold,0,200,
2845,2025-07-08 19:00:00+00:00,2.9799,3.05,2.9725,2.985,142081.0,pullback,leading,neutral,0.45345425446785764,hold,hold,0,200,
2846,2025-07-08 19:15:00+00:00,2.9899,3.02,2.98,3.0015,45249.0,pullback,leading,neutral,0.5405797101449276,hold,hold,0,200,
2847,2025-07-08 19:30:00+00:00,3.0015,3.03,2.9813,3.015,99343.0,pullback,leading,neutral,0.7017543859649126,hold,hold,0,200,
2848,2025-07-08 19:45:00+00:00,3.015,3.02,3.0,3.015,100350.0,breakout_setup,leading,neutral,0.8163265306122452,hold,hold,0,200,
2849,2025-07-08 20:00:00+00:00,3.015,3.085,3.0101,3.055,172833.0,breakout,leading,neutral,0.8888888888888896,hold,hold,0,200,
2850,2025-07-09 13:30:00+00:00,3.09,3.09,3.07,3.07,27867.0,breakout,weak,risk_on,0.9272727272727271,hold,hold,0,200,
2851,2025-07-09 13:45:00+00:00,3.06,3.06,2.96,2.995,147719.0,pullback,weak,risk_on,0.6344747979992315,hold,hold,0,200,
2852,2025-07-09 14:00:00+00:00,2.995,2.9988,2.92,2.9299,103160.0,trend_late,weak,risk_on,0.383993843786072,reduce,reduce,-200,0,2.9299
2853,2025-07-09 14:15:00+00:00,2.925,2.95,2.88,2.885,135361.0,trend_late,weak,risk_on,0.21123509041939187,hold,hold,0,0,
2854,2025-07-09 14:30:00+00:00,2.885,2.9599,2.86,2.885,392494.0,trend_late,weak,risk_on,0.21123509041939187,hold,hold,0,0,
2855,2025-07-09 14:45:00+00:00,2.88,2.9,2.86,2.8899,137737.0,trend_late,weak,risk_on,0.2300884955752215,hold,hold,0,0,
2856,2025-07-09 15:00:00+00:00,2.885,2.89,2.87,2.875,74600.0,risk_rising,weak,risk_on,0.06521739130434837,hold,hold,0,0,
2857,2025-07-09 15:15:00+00:00,2.875,2.885,2.8,2.8,216680.0,risk_rising,weak,risk_on,0.0,hold,hold,0,0,
2858,2025-07-09 15:30:00+00:00,2.8149,2.83,2.8037,2.825,77169.0,risk_rising,weak,risk_on,0.08620689655172535,hold,hold,0,0,
2859,2025-07-09 15:45:00+00:00,2.83,2.845,2.81,2.8391,82454.0,risk_rising,weak,risk_on,0.13482758620689778,hold,hold,0,0,
2860,2025-07-09 16:00:00+00:00,2.835,2.86,2.832,2.845,34176.0,risk_rising,weak,risk_on,0.1551724137931047,hold,hold,0,0,
2861,2025-07-09 16:15:00+00:00,2.8401,2.85,2.83,2.835,30494.0,risk_rising,weak,risk_on,0.12068965517241427,hold,hold,0,0,
2862,2025-07-09 16:30:00+00:00,2.8337,2.86,2.8337,2.855,24511.0,risk_rising,weak,risk_on,0.18965517241379362,hold,hold,0,0,
2863,2025-07-09 16:45:00+00:00,2.855,2.855,2.8001,2.805,36934.0,risk_rising,weak,risk_on,0.01724137931034599,hold,hold,0,0,
2864,2025-07-09 17:00:00+00:00,2.803,2.82,2.8,2.8,46363.0,risk_rising,weak,risk_on,0.0,hold,hold,0,0,
2865,2025-07-09 17:15:00+00:00,2.805,2.8299,2.802,2.8277,22485.0,risk_rising,weak,risk_on,0.0955172413793113,hold,hold,0,0,
2866,2025-07-09 17:30:00+00:00,2.8214,2.83,2.82,2.8201,43453.0,risk_rising,weak,risk_on,0.06931034482758698,hold,hold,0,0,
2867,2025-07-09 17:45:00+00:00,2.8201,2.84,2.8101,2.8369,62290.0,range_accumulation,weak,risk_on,0.12724137931034535,hold,hold,0,0,
2868,2025-07-09 18:00:00+00:00,2.8335,2.84,2.8101,2.815,38849.0,risk_rising,weak,risk_on,0.051724137931034905,hold,hold,0,0,
2869,2025-07-09 18:15:00+00:00,2.8119,2.83,2.8117,2.83,10434.0,risk_rising,weak,risk_on,0.10344827586206981,hold,hold,0,0,
2870,2025-07-09 18:30:00+00:00,2.83,2.87,2.825,2.8615,18239.0,range_accumulation,weak,risk_on,0.23653846153846175,hold,hold,0,0,
2871,2025-07-09 18:45:00+00:00,2.86,2.875,2.841,2.8495,18696.0,range_accumulation,weak,risk_on,0.24899396378269628,hold,hold,0,0,
2872,2025-07-09 19:00:00+00:00,2.845,2.8663,2.84,2.8652,40748.0,range_neutral,weak,risk_on,0.4077548467792384,hold,hold,0,0,
2873,2025-07-09 19:15:00+00:00,2.87,2.88,2.86,2.875,34301.0,range_neutral,weak,risk_on,0.46904315196998125,hold,hold,0,0,
2874,2025-07-09 19:30:00+00:00,2.8733,2.89,2.8646,2.865,56929.0,pullback,weak,risk_on,0.6500000000000034,buy,buy,200,200,2.865
2875,2025-07-09 19:45:00+00:00,2.865,2.865,2.845,2.845,67094.0,pullback,weak,risk_on,0.5000000000000024,hold,hold,0,200,
2876,2025-07-09 20:00:00+00:00,2.84,2.8403,2.8,2.83,308400.0,pullback,weak,risk_on,0.333333333333335,hold,hold,0,200,
2877,2025-07-10 13:30:00+00:00,3.25,3.2733,3.2101,3.265,149791.0,breakout,leading,neutral,0.9824635537713928,hold,hold,0,200,
2878,2025-07-10 13:45:00+00:00,3.28,3.3399,3.13,3.24,814825.0,breakout_setup,leading,neutral,0.8149657343952587,hold,hold,0,200,
2879,2025-07-10 14:00:00+00:00,3.24,3.2574,3.035,3.0425,475579.0,pullback,leading,neutral,0.44915725134284135,hold,hold,0,200,
2880,2025-07-10 14:15:00+00:00,3.045,3.15,3.0,3.04,402071.0,pullback,leading,neutral,0.44452676421559567,hold,hold,0,200,
2881,2025-07-10 14:30:00+00:00,3.0323,3.06,2.85,2.9541,625919.0,pullback,leading,neutral,0.28542322652343033,hold,hold,0,200,
2882,2025-07-10 14:45:00+00:00,2.94,2.9916,2.925,2.935,250240.0,pullback,leading,neutral,0.2500463048712728,hold,hold,0,200,
2883,2025-07-10 15:00:00+00:00,2.93,3.0,2.919,2.99,230190.0,pullback,leading,neutral,0.3519170216706803,hold,hold,0,200,
2884,2025-07-10 15:15:00+00:00,2.995,3.0352,2.955,2.965,156579.0,pullback,leading,neutral,0.3056121503982218,hold,hold,0,200,
2885,2025-07-10 15:30:00+00:00,2.965,2.99,2.94,2.985,90826.0,pullback,leading,neutral,0.3426560474161881,hold,hold,0,200,
2886,2025-07-10 15:45:00+00:00,2.9907,2.9985,2.93,2.978,61871.0,pullback,leading,neutral,0.32969068345990055,hold,hold,0,200,
2887,2025-07-10 16:00:00+00:00,2.9847,3.0097,2.9683,2.9783,42406.0,trend_late,leading,neutral,0.33024634191516955,reduce,hold,0,200,
2888,2025-07-10 16:15:00+00:00,2.98,3.02,2.965,2.9898,88471.0,trend_late,leading,neutral,0.3515465827004999,hold,hold,0,200,
2889,2025-07-10 16:30:00+00:00,2.99,3.02,2.9735,2.9735,75561.0,trend_late,leading,neutral,0.3213558066308578,hold,hold,0,200,
2890,2025-07-10 16:45:00+00:00,2.9799,3.0259,2.96,3.0096,88997.0,trend_late,leading,neutral,0.38822004074828653,hold,hold,0,200,
2891,2025-07-10 17:00:00+00:00,3.01,3.0192,2.97,2.9903,27142.0,range_neutral,leading,neutral,0.35247268012594934,hold,hold,0,200,
2892,2025-07-10 17:15:00+00:00,3.01,3.0799,3.01,3.05,147240.0,pullback,leading,neutral,0.46304871272457837,hold,hold,0,200,
2893,2025-07-10 17:30:00+00:00,3.05,3.07,3.02,3.04,56525.0,range_neutral,leading,neutral,0.44452676421559567,hold,hold,0,200,
2894,2025-07-10 17:45:00+00:00,3.04,3.07,3.035,3.052,30735.0,range_neutral,leading,neutral,0.4667531024263754,hold,hold,0,200,
2895,2025-07-10 18:00:00+00:00,3.0565,3.07,3.0403,3.0661,15509.0,range_neutral,leading,neutral,0.49286904982404167,hold,hold,0,200,
2896,2025-07-10 18:15:00+00:00,3.0669,3.07,2.9923,3.01,176506.0,range_accumulation,leading,neutral,0.3265972647479071,hold,hold,0,200,
2897,2025-07-10 18:30:00+00:00,3.0,3.0055,2.9776,2.9952,53648.0,pullback,leading,neutral,0.2963870177587263,hold,hold,0,200,
2898,2025-07-10 18:45:00+00:00,2.995,3.025,2.96,3.01,80036.0,pullback,leading,neutral,0.3927344133529693,hold,hold,0,200,
2899,2025-07-10 19:00:00+00:00,3.01,3.0478,3.0001,3.0413,64850.0,pullback,leading,neutral,0.6376666666666672,buy,buy,200,400,3.0413
2900,2025-07-10 19:15:00+00:00,3.0416,3.09,3.035,3.075,95265.0,breakout,leading,neutral,0.9375000000000012,hold,hold,0,400,
2901,2025-07-10 19:30:00+00:00,3.08,3.12,3.0501,3.115,264885.0,breakout,leading,neutral,0.9751243781094533,hold,hold,0,400,
2902,2025-07-10 19:45:00+00:00,3.11,3.11,3.07,3.0775,124774.0,breakout_setup,leading,neutral,0.7885572139303484,hold,hold,0,400,
2903,2025-07-10 20:00:00+00:00,3.075,3.08,3.02,3.045,301346.0,pullback,leading,neutral,0.6052631578947358,hold,hold,0,400,
2904,2025-07-11 13:30:00+00:00,3.0,3.0,2.95,2.975,43913.0,trend_late,leading,neutral,0.23684210526315758,reduce,hold,0,400,
2905,2025-07-11 13:45:00+00:00,2.97,3.06,2.93,3.0561,220204.0,trend_late,leading,neutral,0.6636842105263142,hold,hold,0,400,
2906,2025-07-11 14:00:00+00:00,3.02,3.0783,3.015,3.04,166280.0,pullback,leading,neutral,0.5789473684210521,hold,hold,0,400,
2907,2025-07-11 14:15:00+00:00,3.06,3.07,2.95,3.0201,134980.0,pullback,leading,neutral,0.47421052631578764,hold,hold,0,400,
2908,2025-07-11 14:30:00+00:00,3.025,3.0447,3.01,3.01,41636.0,trend_late,leading,neutral,0.4210526315789455,hold,hold,0,400,
2909,2025-07-11 14:45:00+00:00,3.01,3.01,2.9128,2.93,153597.0,trend_late,leading,neutral,0.08301158301158447,hold,hold,0,400,
2910,2025-07-11 15:00:00+00:00,2.935,2.955,2.915,2.94,69275.0,risk_rising,leading,neutral,0.13127413127413165,hold,hold,0,400,
2911,2025-07-11 15:15:00+00:00,2.935,2.9499,2.9101,2.915,45873.0,risk_rising,leading,neutral,0.02334444973797104,hold,hold,0,400,
2912,2025-07-11 15:30:00+00:00,2.915,2.92,2.87,2.89,113277.0,risk_rising,leading,neutral,0.08000000000000007,hold,hold,0,400,
2913,2025-07-11 15:45:00+00:00,2.895,2.93,2.88,2.8873,74642.0,risk_rising,leading,neutral,0.06920000000000037,hold,hold,0,400,
2914,2025-07-11 16:00:00+00:00,2.8898,2.94,2.88,2.925,138157.0,risk_rising,leading,neutral,0.21999999999999886,hold,hold,0,400,
2915,2025-07-11 16:15:00+00:00,2.925,2.945,2.92,2.945,26191.0,risk_rising,leading,neutral,0.29999999999999893,hold,hold,0,400,
2916,2025-07-11 16:30:00+00:00,2.945,3.015,2.935,3.015,129717.0,risk_rising,leading,neutral,0.5800000000000001,hold,hold,0,400,
2917,2025-07-11 16:45:00+00:00,3.02,3.03,2.9902,2.995,48479.0,risk_rising,leading,neutral,0.5,hold,hold,0,400,
2918,2025-07-11 17:00:00+00:00,2.995,3.0,2.94,2.94,112023.0,risk_rising,leading,neutral,0.27999999999999936,hold,hold,0,400,
2919,2025-07-11 17:15:00+00:00,2.945,2.99,2.94,2.985,23892.0,range_neutral,leading,neutral,0.4599999999999991,hold,hold,0,400,
2920,2025-07-11 17:30:00+00:00,2.985,3.0,2.97,2.975,84090.0,range_neutral,leading,neutral,0.41999999999999993,hold,hold,0,400,
2921,2025-07-11 17:45:00+00:00,2.979,2.99,2.9533,2.955,29646.0,range_neutral,leading,neutral,0.35416666666666685,hold,hold,0,400,
2922,2025-07-11 18:00:00+00:00,2.9501,3.04,2.94,3.04,160574.0,range_distribution,leading,neutral,0.8095238095238093,hold,hold,0,400,
2923,2025-07-11 18:15:00+00:00,3.035,3.07,3.0,3.0048,110684.0,pullback,leading,neutral,0.647143542966874,buy,hold,0,400,
2924,2025-07-11 18:30:00+00:00,3.0048,3.0048,2.93,2.95,79340.0,pullback,leading,neutral,0.3840614498319736,hold,hold,0,400,
2925,2025-07-11 18:45:00+00:00,2.95,2.97,2.95,2.965,27645.0,pullback,leading,neutral,0.456072971675467,hold,hold,0,400,
2926,2025-07-11 19:00:00+00:00,2.9624,2.975,2.9448,2.955,31723.0,trend_late,leading,neutral,0.4250000000000004,hold,hold,0,400,
2927,2025-07-11 19:15:00+00:00,2.955,2.965,2.94,2.955,31306.0,trend_late,leading,neutral,0.4250000000000004,hold,hold,0,400,
2928,2025-07-11 19:30:00+00:00,2.955,2.96,2.93,2.955,70494.0,pullback,leading,neutral,0.4250000000000004,hold,hold,0,400,
2929,2025-07-11 19:45:00+00:00,2.955,2.97,2.9402,2.95,46942.0,trend_late,leading,neutral,0.4000000000000009,hold,hold,0,400,
2930,2025-07-11 20:00:00+00:00,2.945,2.995,2.94,2.98,141246.0,pullback,leading,neutral,0.5500000000000002,hold,hold,0,400,
2931,2025-07-14 13:30:00+00:00,2.96,2.9699,2.93,2.9699,35246.0,pullback,leading,neutral,0.49950000000000006,hold,hold,0,400,
2932,2025-07-14 13:45:00+00:00,2.94,2.94,2.84,2.865,280393.0,risk_rising,leading,neutral,0.1086956521739146,reduce,reduce,-200,200,2.865
2933,2025-07-14 14:00:00+00:00,2.865,2.89,2.83,2.845,218664.0,risk_rising,leading,neutral,0.06250000000000058,hold,hold,0,200,
2934,2025-07-14 14:15:00+00:00,2.84,2.91,2.83,2.905,158806.0,risk_rising,leading,neutral,0.31249999999999917,hold,hold,0,200,
2935,2025-07-14 14:30:00+00:00,2.905,2.93,2.885,2.91,83335.0,risk_rising,leading,neutral,0.3333333333333339,hold,hold,0,200,
2936,2025-07-14 14:45:00+00:00,2.905,2.95,2.9,2.94,122877.0,risk_rising,leading,neutral,0.45833333333333326,hold,hold,0,200,
2937,2025-07-14 15:00:00+00:00,2.94,2.94,2.9,2.9,17861.0,risk_rising,leading,neutral,0.2916666666666663,hold,hold,0,200,
2938,2025-07-14 15:15:00+00:00,2.905,2.91,2.855,2.885,91831.0,risk_rising,leading,neutral,0.2291666666666657,hold,hold,0,200,
2939,2025-07-14 15:30:00+00:00,2.89,2.9,2.88,2.89,14108.0,risk_rising,leading,neutral,0.25000000000000044,hold,hold,0,200,
2940,2025-07-14 15:45:00+00:00,2.8913,2.8913,2.86,2.88,38350.0,risk_rising,leading,neutral,0.2083333333333328,hold,hold,0,200,
2941,2025-07-14 16:00:00+00:00,2.8767,2.88,2.85,2.851,22967.0,risk_rising,leading,neutral,0.0874999999999997,hold,hold,0,200,
2942,2025-07-14 16:15:00+00:00,2.855,2.92,2.851,2.905,141874.0,range_accumulation,leading,neutral,0.31249999999999917,hold,hold,0,200,
2943,2025-07-14 16:30:00+00:00,2.905,2.91,2.9011,2.905,16283.0,range_neutral,leading,neutral,0.429061784897024,hold,hold,0,200,
2944,2025-07-14 16:45:00+00:00,2.906,2.925,2.89,2.915,33259.0,range_neutral,leading,neutral,0.5151515151515148,hold,hold,0,200,
2945,2025-07-14 17:00:00+00:00,2.915,2.925,2.84,2.89,224568.0,risk_rising,leading,neutral,0.36363636363636387,hold,hold,0,200,
2946,2025-07-14 17:15:00+00:00,2.89,2.925,2.89,2.915,126991.0,risk_rising,leading,neutral,0.5151515151515148,hold,hold,0,200,
2947,2025-07-14 17:30:00+00:00,2.9102,2.9102,2.85,2.885,220929.0,risk_rising,leading,neutral,0.33333333333333154,hold,hold,0,200,
2948,2025-07-14 17:45:00+00:00,2.885,2.9,2.88,2.895,23217.0,range_neutral,leading,neutral,0.39393939393939353,hold,hold,0,200,
2949,2025-07-14 18:00:00+00:00,2.895,2.9,2.86,2.88,16823.0,risk_rising,leading,neutral,0.3030303030303019,hold,hold,0,200,
2950,2025-07-14 18:15:00+00:00,2.88,2.905,2.88,2.8999,11380.0,range_neutral,leading,neutral,0.49964260185847115,hold,hold,0,200,
2951,2025-07-14 18:30:00+00:00,2.9,2.91,2.88,2.895,46623.0,pullback,leading,neutral,0.5416666666666657,buy,buy,200,400,2.895
2952,2025-07-14 18:45:00+00:00,2.895,2.92,2.8937,2.915,33539.0,pullback,leading,neutral,0.7083333333333324,hold,hold,0,400,
2953,2025-07-14 19:00:00+00:00,2.9126,2.925,2.9,2.915,76399.0,pullback,leading,neutral,0.7083333333333324,hold,hold,0,400,
2954,2025-07-14 19:15:00+00:00,2.915,2.915,2.9,2.9077,40197.0,trend_late,leading,neutral,0.6154545454545466,hold,hold,0,400,
2955,2025-07-14 19:30:00+00:00,2.905,2.92,2.9,2.905,52441.0,pullback,leading,neutral,0.5909090909090887,hold,hold,0,400,
2956,2025-07-14 19:45:00+00:00,2.905,2.945,2.88,2.92,151710.0,breakout_setup,leading,neutral,0.7619047619047628,hold,hold,0,400,
2957,2025-07-14 20:00:00+00:00,2.93,3.0,2.9226,2.98,334544.0,breakout,leading,neutral,0.875,hold,hold,0,400,
2958,2025-07-15 13:30:00+00:00,3.17,3.2446,3.1,3.2426,151116.0,breakout,mixed,neutral,0.9950568462679183,hold,hold,0,400,
2959,2025-07-15 13:45:00+00:00,3.24,3.33,3.16,3.2094,1096637.0,breakout_setup,mixed,neutral,0.7538775510204082,hold,hold,0,400,
2960,2025-07-15 14:00:00+00:00,3.22,3.44,3.19,3.3998,1191709.0,breakout,mixed,neutral,0.9329999999999999,hold,hold,0,400,
2961,2025-07-15 14:15:00+00:00,3.39,3.63,3.38,3.587,1564074.0,breakout,mixed,neutral,0.9455696202531649,hold,hold,0,400,
2962,2025-07-15 14:30:00+00:00,3.585,3.8,3.57,3.7511,2089076.0,breakout,mixed,neutral,0.9490625000000003,hold,hold,0,400,
2963,2025-07-15 14:45:00+00:00,3.75,3.77,3.5801,3.6848,1032006.0,breakout,mixed,neutral,0.8800000000000002,hold,hold,0,400,
2964,2025-07-15 15:00:00+00:00,3.69,3.73,3.51,3.52,734522.0,pullback,mixed,neutral,0.7083333333333335,hold,hold,0,400,
2965,2025-07-15 15:15:00+00:00,3.5201,3.67,3.475,3.595,766123.0,breakout_setup,mixed,neutral,0.7842105263157898,hold,hold,0,400,
2966,2025-07-15 15:30:00+00:00,3.5901,3.645,3.56,3.568,358010.0,breakout_setup,mixed,neutral,0.7557894736842107,hold,hold,0,400,
2967,2025-07-15 15:45:00+00:00,3.5612,3.6781,3.5101,3.6201,420346.0,breakout_setup,mixed,neutral,0.8086170212765957,hold,hold,0,400,
2968,2025-07-15 16:00:00+00:00,3.62,3.78,3.59,3.73,544848.0,breakout,mixed,neutral,0.9255319148936172,hold,hold,0,400,
2969,2025-07-15 16:15:00+00:00,3.74,3.7998,3.68,3.6879,583872.0,breakout,mixed,neutral,0.8781521739130436,hold,hold,0,400,
2970,2025-07-15 16:30:00+00:00,3.688,3.81,3.67,3.775,739938.0,breakout,mixed,neutral,0.9623655913978493,hold,hold,0,400,
2971,2025-07-15 16:45:00+00:00,3.7752,3.96,3.77,3.9535,819318.0,breakout,mixed,neutral,0.9939814814814816,hold,hold,0,400,
2972,2025-07-15 17:00:00+00:00,3.95,3.955,3.86,3.895,768960.0,breakout,mixed,neutral,0.9398148148148149,hold,hold,0,400,
2973,2025-07-15 17:15:00+00:00,3.9,3.9,3.8,3.8584,400193.0,breakout,mixed,neutral,0.905925925925926,hold,hold,0,400,
2974,2025-07-15 17:30:00+00:00,3.8599,4.1,3.85,3.9712,1399561.0,breakout,mixed,neutral,0.8944262295081971,hold,hold,0,400,
2975,2025-07-15 17:45:00+00:00,3.9752,4.1,3.949,4.0296,937013.0,breakout,mixed,neutral,0.9422950819672137,hold,hold,0,400,
2976,2025-07-15 18:00:00+00:00,4.03,4.0972,3.99,4.02,551810.0,breakout,mixed,neutral,0.9320536775947001,hold,hold,0,400,
2977,2025-07-15 18:15:00+00:00,4.025,4.14,4.01,4.0548,687468.0,breakout,mixed,neutral,0.9180769230769236,hold,hold,0,400,
2978,2025-07-15 18:30:00+00:00,4.055,4.095,3.98,4.0201,450616.0,breakout,mixed,neutral,0.8776530612244903,hold,hold,0,400,
2979,2025-07-15 18:45:00+00:00,4.025,4.05,3.95,3.975,299558.0,breakout_setup,mixed,neutral,0.8263157894736846,hold,hold,0,400,
2980,2025-07-15 19:00:00+00:00,3.975,4.045,3.91,3.94,582671.0,pullback,mixed,neutral,0.7368421052631582,hold,hold,0,400,
2981,2025-07-15 19:15:00+00:00,3.95,4.01,3.94,3.9888,244105.0,breakout_setup,mixed,neutral,0.7726315789473687,hold,hold,0,400,
2982,2025-07-15 19:30:00+00:00,3.985,4.02,3.945,3.98,237123.0,breakout_setup,mixed,neutral,0.7593984962406019,hold,hold,0,400,
2983,2025-07-15 19:45:00+00:00,3.975,4.01,3.95,3.9648,223705.0,pullback,mixed,neutral,0.7365413533834588,hold,hold,0,400,
2984,2025-07-15 20:00:00+00:00,3.96,3.99,3.9116,3.9828,485231.0,breakout_setup,mixed,neutral,0.7636090225563915,hold,hold,0,400,
2985,2025-07-16 13:30:00+00:00,4.1,4.47,4.09,4.4169,467375.0,breakout,mixed,neutral,0.9446817376810087,hold,hold,0,400,
2986,2025-07-16 13:45:00+00:00,4.44,4.52,3.88,4.0,2246427.0,trend_late,mixed,neutral,0.48509753440934766,reduce,reduce,-200,200,4.0
2987,2025-07-16 14:00:00+00:00,4.0099,4.46,3.9993,4.175,1612280.0,pullback,mixed,neutral,0.6290322580645162,hold,hold,0,200,
2988,2025-07-16 14:15:00+00:00,4.17,4.22,4.0601,4.205,615094.0,pullback,mixed,neutral,0.6294117647058828,hold,hold,0,200,
2989,2025-07-16 14:30:00+00:00,4.2,4.285,4.13,4.135,460103.0,pullback,mixed,neutral,0.5470588235294118,hold,hold,0,200,
2990,2025-07-16 14:45:00+00:00,4.135,4.39,4.135,4.36,528045.0,breakout_setup,mixed,neutral,0.7866666666666675,hold,hold,0,200,
2991,2025-07-16 15:00:00+00:00,4.3611,4.47,4.225,4.27,533926.0,pullback,mixed,neutral,0.6527777777777777,hold,hold,0,200,
2992,2025-07-16 15:15:00+00:00,4.2879,4.29,4.11,4.155,431841.0,pullback,mixed,neutral,0.4930555555555563,hold,hold,0,200,
2993,2025-07-16 15:30:00+00:00,4.15,4.18,4.13,4.145,297839.0,pullback,mixed,neutral,0.4402985074626861,hold,hold,0,200,
2994,2025-07-16 15:45:00+00:00,4.145,4.1984,4.125,4.1752,403954.0,pullback,mixed,neutral,0.46125000000000077,hold,hold,0,200,
2995,2025-07-16 16:00:00+00:00,4.16,4.17,4.12,4.1476,145317.0,trend_late,mixed,neutral,0.41812499999999997,hold,hold,0,200,
2996,2025-07-16 16:15:00+00:00,4.1401,4.1401,3.98,4.0,319888.0,pullback,mixed,neutral,0.18750000000000025,hold,hold,0,200,
2997,2025-07-16 16:30:00+00:00,4.0,4.0,3.9,3.945,349150.0,trend_late,mixed,neutral,0.10156249999999997,hold,hold,0,200,
2998,2025-07-16 16:45:00+00:00,3.93,3.94,3.8,3.8665,434402.0,trend_late,mixed,neutral,0.09236111111111114,hold,hold,0,200,
2999,2025-07-16 17:00:00+00:00,3.86,3.9,3.8221,3.8885,231842.0,trend_late,mixed,neutral,0.12291666666666705,hold,hold,0,200,
3000,2025-07-16 17:15:00+00:00,3.885,3.96,3.884,3.9175,239277.0,risk_rising,mixed,neutral,0.16319444444444473,hold,hold,0,200,
3001,2025-07-16 17:30:00+00:00,3.92,3.98,3.9,3.9685,132754.0,risk_rising,mixed,neutral,0.2340277777777783,hold,hold,0,200,
3002,2025-07-16 17:45:00+00:00,3.965,3.99,3.95,3.965,124327.0,risk_rising,mixed,neutral,0.2291666666666668,hold,hold,0,200,
3003,2025-07-16 18:00:00+00:00,3.965,4.0299,3.94,3.97,286794.0,risk_rising,mixed,neutral,0.23611111111111172,hold,hold,0,200,
3004,2025-07-16 18:15:00+00:00,3.9748,3.985,3.925,3.925,77766.0,risk_rising,mixed,neutral,0.17361111111111116,hold,hold,0,200,
3005,2025-07-16 18:30:00+00:00,3.925,3.96,3.9,3.9026,96364.0,risk_rising,mixed,neutral,0.1425000000000004,hold,hold,0,200,
3006,2025-07-16 18:45:00+00:00,3.905,3.935,3.87,3.9,200103.0,risk_rising,mixed,neutral,0.14925373134328374,hold,hold,0,200,
3007,2025-07-16 19:00:00+00:00,3.9,3.99,3.875,3.965,153726.0,range_accumulation,mixed,neutral,0.24626865671641798,buy,buy,200,400,3.965
3008,2025-07-16 19:15:00+00:00,3.98,4.0,3.9601,3.985,110848.0,range_accumulation,mixed,neutral,0.27611940298507476,hold,hold,0,400,
3009,2025-07-16 19:30:00+00:00,3.985,4.03,3.972,3.975,171898.0,range_accumulation,mixed,neutral,0.2611940298507467,hold,hold,0,400,
3010,2025-07-16 19:45:00+00:00,3.9733,3.99,3.965,3.98,87205.0,range_accumulation,mixed,neutral,0.2686567164179107,hold,hold,0,400,
3011,2025-07-16 20:00:00+00:00,3.985,4.12,3.97,4.11,1492815.0,range_neutral,mixed,neutral,0.6326530612244905,hold,hold,0,400,
3012,2025-07-17 13:30:00+00:00,3.97,4.0,3.94,3.97,70670.0,range_neutral,leading,risk_on,0.4267068273092373,hold,hold,0,400,
3013,2025-07-17 13:45:00+00:00,3.95,4.36,3.95,4.3001,583648.0,breakout,leading,risk_on,0.893035714285713,hold,hold,0,400,
3014,2025-07-17 14:00:00+00:00,4.315,4.33,3.99,4.0899,581325.0,pullback,leading,risk_on,0.5176785714285714,hold,hold,0,400,
3015,2025-07-17 14:15:00+00:00,4.08,4.08,3.9403,3.9677,443861.0,pullback,leading,risk_on,0.29946428571428535,hold,hold,0,400,
3016,2025-07-17 14:30:00+00:00,3.965,4.245,3.965,4.2403,421888.0,breakout_setup,leading,risk_on,0.7862500000000003,hold,hold,0,400,
3017,2025-07-17 14:45:00+00:00,4.24,4.7104,4.23,4.7104,1001045.0,breakout,leading,risk_on,1.0,hold,hold,0,400,
3018,2025-07-17 15:00:00+00:00,4.713,4.713,4.405,4.4501,672222.0,pullback,leading,risk_on,0.7049051520933887,hold,hold,0,400,
3019,2025-07-17 15:15:00+00:00,4.47,4.55,4.4,4.46,498035.0,pullback,leading,risk_on,0.6998813760379595,hold,hold,0,400,
3020,2025-07-17 15:30:00+00:00,4.46,4.57,4.36,4.4297,314291.0,pullback,leading,risk_on,0.6639383155397394,hold,hold,0,400,
3021,2025-07-17 15:45:00+00:00,4.43,4.52,4.425,4.475,210012.0,pullback,leading,risk_on,0.717674970344009,hold,hold,0,400,
3022,2025-07-17 16:00:00+00:00,4.47,4.485,4.27,4.3419,238690.0,pullback,leading,risk_on,0.5597864768683272,hold,hold,0,400,
3023,2025-07-17 16:15:00+00:00,4.34,4.34,4.22,4.2227,129321.0,trend_late,leading,risk_on,0.418386714116251,reduce,reduce,-200,200,4.2227
3024,2025-07-17 16:30:00+00:00,4.23,4.2397,4.13,4.17,235415.0,pullback,leading,risk_on,0.35587188612099624,hold,hold,0,200,
3025,2025-07-17 16:45:00+00:00,4.1799,4.195,4.13,4.1597,86850.0,pullback,leading,risk_on,0.34365361803084205,hold,hold,0,200,
3026,2025-07-17 17:00:00+00:00,4.155,4.1799,4.081,4.105,165229.0,trend_late,leading,risk_on,0.274463007159905,hold,hold,0,200,
3027,2025-07-17 17:15:00+00:00,4.105,4.21,4.1,4.165,147411.0,trend_late,leading,risk_on,0.29107373868046577,hold,hold,0,200,
3028,2025-07-17 17:30:00+00:00,4.16,4.22,4.1563,4.165,78388.0,trend_late,leading,risk_on,0.29107373868046577,hold,hold,0,200,
3029,2025-07-17 17:45:00+00:00,4.1698,4.33,4.1698,4.21,285672.0,trend_late,leading,risk_on,0.34928848641655885,hold,hold,0,200,
3030,2025-07-17 18:00:00+00:00,4.215,4.3,4.1915,4.235,165855.0,risk_rising,leading,risk_on,0.38163001293661103,hold,hold,0,200,
3031,2025-07-17 18:15:00+00:00,4.235,4.26,4.21,4.223,68471.0,risk_rising,leading,risk_on,0.3661060802069856,hold,hold,0,200,
3032,2025-07-17 18:30:00+00:00,4.225,4.27,4.21,4.23,116315.0,risk_rising,leading,risk_on,0.3749191147922872,hold,hold,0,200,
3033,2025-07-17 18:45:00+00:00,4.23,4.245,4.21,4.225,41881.0,range_neutral,leading,risk_on,0.3684482981752291,hold,hold,0,200,
3034,2025-07-17 19:00:00+00:00,4.23,4.255,4.215,4.2467,60162.0,range_neutral,leading,risk_on,0.3965316422932569,hold,hold,0,200,
3035,2025-07-17 19:15:00+00:00,4.245,4.245,4.22,4.23,60990.0,range_neutral,leading,risk_on,0.3542780748663108,hold,hold,0,200,
3036,2025-07-17 19:30:00+00:00,4.22,4.225,4.19,4.2,98230.0,range_accumulation,leading,risk_on,0.18829113924050606,buy,buy,200,400,4.2
3037,2025-07-17 19:45:00+00:00,4.2,4.28,4.195,4.26,103140.0,range_accumulation,leading,risk_on,0.283227848101265,hold,hold,0,400,
3038,2025-07-17 20:00:00+00:00,4.2528,4.4,4.2502,4.375,499853.0,range_neutral,leading,risk_on,0.60122699386503,hold,hold,0,400,
3039,2025-07-18 13:30:00+00:00,4.415,4.415,4.28,4.34,161049.0,pullback,leading,neutral,0.5296523517382403,hold,hold,0,400,
3040,2025-07-18 13:45:00+00:00,4.315,4.67,4.315,4.6443,471613.0,breakout,leading,neutral,0.9563667232597629,hold,hold,0,400,
3041,2025-07-18 14:00:00+00:00,4.64,5.1,4.64,5.0,1765304.0,breakout,leading,neutral,0.9018645731108933,hold,hold,0,400,
3042,2025-07-18 14:15:00+00:00,4.99,5.07,4.74,4.7662,925016.0,pullback,leading,neutral,0.6724239450441615,hold,hold,0,400,
3043,2025-07-18 14:30:00+00:00,4.75,4.8581,4.68,4.69,415420.0,pullback,leading,neutral,0.5976447497546619,hold,hold,0,400,
3044,2025-07-18 14:45:00+00:00,4.69,4.8,4.65,4.77,234624.0,pullback,leading,neutral,0.6761530912659467,hold,hold,0,400,
3045,2025-07-18 15:00:00+00:00,4.7713,4.84,4.57,4.5701,238323.0,pullback,leading,neutral,0.4799803729146222,hold,hold,0,400,
3046,2025-07-18 15:15:00+00:00,4.5663,4.63,4.48,4.57,204298.0,pullback,leading,neutral,0.47000000000000064,hold,hold,0,400,
3047,2025-07-18 15:30:00+00:00,4.56,4.61,4.49,4.5085,133854.0,pullback,leading,neutral,0.3732118257920949,hold,hold,0,400,
3048,2025-07-18 15:45:00+00:00,4.508,4.53,4.43,4.5057,296338.0,pullback,leading,neutral,0.3611051386798537,hold,hold,0,400,
3049,2025-07-18 16:00:00+00:00,4.51,4.56,4.51,4.54,114228.0,pullback,leading,neutral,0.3846153846153845,hold,hold,0,400,
3050,2025-07-18 16:15:00+00:00,4.545,4.75,4.5412,4.655,234105.0,pullback,leading,neutral,0.5109890109890113,hold,hold,0,400,
3051,2025-07-18 16:30:00+00:00,4.67,4.68,4.46,4.4602,194321.0,trend_late,leading,neutral,0.2969230769230772,reduce,reduce,-200,200,4.4602
3052,2025-07-18 16:45:00+00:00,4.4753,4.535,4.41,4.49,161131.0,trend_late,leading,neutral,0.3296703296703297,hold,hold,0,200,
3053,2025-07-18 17:00:00+00:00,4.49,4.505,4.32,4.3747,328242.0,trend_late,leading,neutral,0.2029670329670325,hold,hold,0,200,
3054,2025-07-18 17:15:00+00:00,4.375,4.38,4.29,4.33,131030.0,risk_rising,leading,neutral,0.15384615384615363,hold,hold,0,200,
3055,2025-07-18 17:30:00+00:00,4.325,4.4989,4.31,4.46,114997.0,risk_rising,leading,neutral,0.2967032967032965,hold,hold,0,200,
3056,2025-07-18 17:45:00+00:00,4.46,4.47,4.39,4.41,50645.0,risk_rising,leading,neutral,0.23756906077348067,hold,hold,0,200,
3057,2025-07-18 18:00:00+00:00,4.4065,4.4872,4.4,4.4713,61549.0,risk_rising,leading,neutral,0.260178865615439,hold,hold,0,200,
3058,2025-07-18 18:15:00+00:00,4.49,4.5,4.4394,4.445,82738.0,risk_rising,leading,neutral,0.20121951219512213,hold,hold,0,200,
3059,2025-07-18 18:30:00+00:00,4.44,4.485,4.435,4.455,42041.0,risk_rising,leading,neutral,0.20370370370370386,hold,hold,0,200,
3060,2025-07-18 18:45:00+00:00,4.455,4.505,4.4399,4.475,83395.0,risk_rising,leading,neutral,0.2283950617283947,hold,hold,0,200,
3061,2025-07-18 19:00:00+00:00,4.4757,4.48,4.43,4.43,39858.0,risk_rising,leading,neutral,0.17948717948717902,hold,hold,0,200,
3062,2025-07-18 19:15:00+00:00,4.435,4.46,4.43,4.46,20284.0,risk_rising,leading,neutral,0.2992430910051045,hold,hold,0,200,
3063,2025-07-18 19:30:00+00:00,4.465,4.54,4.465,4.5019,126207.0,range_neutral,leading,neutral,0.3852727272727274,hold,hold,0,200,
3064,2025-07-18 19:45:00+00:00,4.505,4.54,4.475,4.485,118052.0,range_neutral,leading,neutral,0.35454545454545516,hold,hold,0,200,
3065,2025-07-18 20:00:00+00:00,4.49,4.515,4.45,4.47,214924.0,range_neutral,leading,neutral,0.39130434782608636,hold,hold,0,200,
3066,2025-07-21 13:30:00+00:00,4.52,4.56,4.33,4.37,183920.0,risk_rising,mixed,neutral,0.17391304347826103,hold,hold,0,200,
3067,2025-07-21 13:45:00+00:00,4.39,4.5352,4.3475,4.38,318900.0,risk_rising,mixed,neutral,0.19565217391304318,hold,hold,0,200,
3068,2025-07-21 14:00:00+00:00,4.3984,4.4019,4.26,4.325,368150.0,risk_rising,mixed,neutral,0.13265306122449053,hold,hold,0,200,
3069,2025-07-21 14:15:00+00:00,4.324,4.475,4.3,4.33,156740.0,risk_rising,mixed,neutral,0.14285714285714338,hold,hold,0,200,
3070,2025-07-21 14:30:00+00:00,4.33,4.33,4.24,4.2665,186264.0,risk_rising,mixed,neutral,0.06022727272727171,hold,hold,0,200,
3071,2025-07-21 14:45:00+00:00,4.27,4.2852,4.18,4.2165,245965.0,risk_rising,mixed,neutral,0.09605263157894792,hold,hold,0,200,
3072,2025-07-21 15:00:00+00:00,4.215,4.26,4.18,4.2,175366.0,risk_rising,mixed,neutral,0.05263157894736965,hold,hold,0,200,
3073,2025-07-21 15:15:00+00:00,4.1943,4.22,4.11,4.12,189834.0,risk_rising,mixed,neutral,0.022222222222221782,hold,hold,0,200,
3074,2025-07-21 15:30:00+00:00,4.1163,4.1199,4.055,4.085,182560.0,risk_rising,mixed,neutral,0.05940594059405991,hold,hold,0,200,
3075,2025-07-21 15:45:00+00:00,4.0898,4.0898,4.04,4.04,116312.0,risk_rising,mixed,neutral,0.0,hold,hold,0,200,
3076,2025-07-21 16:00:00+00:00,4.0412,4.0781,4.0,4.009,189574.0,risk_rising,mixed,neutral,0.01607142857142919,hold,hold,0,200,
3077,2025-07-21 16:15:00+00:00,4.0001,4.03,3.95,3.9881,222891.0,risk_rising,mixed,neutral,0.062459016393442715,hold,hold,0,200,
3078,2025-07-21 16:30:00+00:00,3.985,3.99,3.91,3.93,154995.0,risk_rising,mixed,neutral,0.030769230769230823,hold,hold,0,200,
3079,2025-07-21 16:45:00+00:00,3.93,3.9963,3.93,3.97,114777.0,risk_rising,mixed,neutral,0.09230769230769247,hold,hold,0,200,
3080,2025-07-21 17:00:00+00:00,3.98,3.995,3.97,3.9847,56733.0,risk_rising,mixed,neutral,0.114923076923077,hold,hold,0,200,
3081,2025-07-21 17:15:00+00:00,3.985,3.99,3.91,3.9171,134079.0,risk_rising,mixed,neutral,0.010923076923076754,hold,hold,0,200,
3082,2025-07-21 17:30:00+00:00,3.918,4.0,3.915,3.99,84990.0,risk_rising,mixed,neutral,0.12307692307692329,hold,hold,0,200,
3083,2025-07-21 17:45:00+00:00,3.985,4.01,3.98,4.0035,85989.0,risk_rising,mixed,neutral,0.14384615384615348,hold,hold,0,200,
3084,2025-07-21 18:00:00+00:00,4.005,4.03,3.9747,4.01,67579.0,risk_rising,mixed,neutral,0.15384615384615344,hold,hold,0,200,
3085,2025-07-21 18:15:00+00:00,4.01,4.04,4.0047,4.015,58070.0,risk_rising,mixed,neutral,0.16153846153846096,hold,hold,0,200,
3086,2025-07-21 18:30:00+00:00,4.015,4.05,4.005,4.015,60822.0,range_accumulation,mixed,neutral,0.16794625719769612,buy,hold,0,200,
3087,2025-07-21 18:45:00+00:00,4.015,4.035,3.9901,4.025,51657.0,range_accumulation,mixed,neutral,0.20353982300885012,hold,hold,0,200,
3088,2025-07-21 19:00:00+00:00,4.02,4.02,3.95,3.955,76622.0,range_accumulation,mixed,neutral,0.07964601769911499,hold,hold,0,200,
3089,2025-07-21 19:15:00+00:00,3.9508,3.9599,3.92,3.9479,104477.0,risk_rising,mixed,neutral,0.09023809523809535,hold,hold,0,200,
3090,2025-07-21 19:30:00+00:00,3.9418,3.96,3.905,3.96,83575.0,risk_rising,mixed,neutral,0.14466070489216248,hold,hold,0,200,
3091,2025-07-21 19:45:00+00:00,3.955,3.96,3.94,3.9447,57853.0,range_accumulation,mixed,neutral,0.11183098591549379,hold,hold,0,200,
3092,2025-07-21 20:00:00+00:00,3.9444,3.9499,3.9,3.905,169378.0,risk_rising,mixed,neutral,0.015624999999999674,hold,hold,0,200,
3093,2025-07-22 13:30:00+00:00,3.91,3.91,3.73,3.76,108762.0,risk_rising,leading,neutral,0.07694280584765267,reduce,reduce,-200,0,3.76
3094,2025-07-22 13:45:00+00:00,3.75,3.8819,3.71,3.845,163252.0,risk_rising,leading,neutral,0.35545023696682493,hold,hold,0,0,
3095,2025-07-22 14:00:00+00:00,3.8435,3.8466,3.68,3.7704,363844.0,risk_rising,leading,neutral,0.22707862346144145,hold,hold,0,0,
3096,2025-07-22 14:15:00+00:00,3.7601,3.83,3.74,3.76,143340.0,risk_rising,leading,neutral,0.2162162162162154,hold,hold,0,0,
3097,2025-07-22 14:30:00+00:00,3.7601,3.7601,3.62,3.69,307194.0,risk_rising,leading,neutral,0.16279069767441834,hold,hold,0,0,
3098,2025-07-22 14:45:00+00:00,3.685,3.77,3.68,3.745,97017.0,risk_rising,leading,neutral,0.29069767441860483,hold,hold,0,0,
3099,2025-07-22 15:00:00+00:00,3.7401,3.77,3.71,3.7556,46768.0,risk_rising,leading,neutral,0.3153488372093019,hold,hold,0,0,
3100,2025-07-22 15:15:00+00:00,3.76,3.76,3.71,3.725,66227.0,risk_rising,leading,neutral,0.24418604651162804,hold,hold,0,0,
3101,2025-07-22 15:30:00+00:00,3.725,3.74,3.7123,3.7247,41787.0,risk_rising,leading,neutral,0.24348837209302293,hold,hold,0,0,
3102,2025-07-22 15:45:00+00:00,3.73,3.79,3.725,3.79,75248.0,risk_rising,leading,neutral,0.3953488372093024,hold,hold,0,0,
3103,2025-07-22 16:00:00+00:00,3.79,3.79,3.7379,3.745,26091.0,risk_rising,leading,neutral,0.29069767441860483,hold,hold,0,0,
3104,2025-07-22 16:15:00+00:00,3.7465,3.815,3.72,3.81,33781.0,risk_rising,leading,neutral,0.44186046511627924,hold,hold,0,0,
3105,2025-07-22 16:30:00+00:00,3.81,3.815,3.685,3.7,99709.0,risk_rising,leading,neutral,0.18604651162790725,hold,hold,0,0,
3106,2025-07-22 16:45:00+00:00,3.7,3.75,3.6917,3.733,60932.0,risk_rising,leading,neutral,0.272289156626506,hold,hold,0,0,
3107,2025-07-22 17:00:00+00:00,3.73,3.7764,3.7237,3.77,26956.0,range_neutral,leading,neutral,0.3750000000000003,hold,hold,0,0,
3108,2025-07-22 17:15:00+00:00,3.7722,3.845,3.7601,3.8217,119477.0,range_neutral,leading,neutral,0.5932352941176466,hold,hold,0,0,
3109,2025-07-22 17:30:00+00:00,3.82,3.825,3.8001,3.8112,67716.0,range_neutral,leading,neutral,0.5623529411764703,hold,hold,0,0,
3110,2025-07-22 17:45:00+00:00,3.8112,3.82,3.8,3.815,16128.0,range_neutral,leading,neutral,0.5735294117647056,hold,hold,0,0,
3111,2025-07-22 18:00:00+00:00,3.815,3.82,3.8101,3.8127,16050.0,pullback,leading,neutral,0.5841163989087601,buy,buy,200,200,3.8127
3112,2025-07-22 18:15:00+00:00,3.82,3.825,3.785,3.82,54264.0,pullback,leading,neutral,0.6896551724137922,hold,hold,0,200,
3113,2025-07-22 18:30:00+00:00,3.8201,3.8799,3.82,3.8581,26893.0,breakout,leading,neutral,0.9091256204658265,hold,hold,0,200,
3114,2025-07-22 18:45:00+00:00,3.855,3.8599,3.8301,3.835,51038.0,breakout_setup,leading,neutral,0.8272412466333199,hold,hold,0,200,
3115,2025-07-22 19:00:00+00:00,3.83,3.9,3.83,3.885,97150.0,breakout,leading,neutral,0.946428571428571,hold,hold,0,200,
3116,2025-07-22 19:15:00+00:00,3.8899,3.92,3.865,3.875,89840.0,breakout,leading,neutral,0.8500000000000002,hold,hold,0,200,
3117,2025-07-22 19:30:00+00:00,3.88,3.95,3.88,3.945,71528.0,breakout,leading,neutral,0.9814814814814802,hold,hold,0,200,
3118,2025-07-22 19:45:00+00:00,3.945,4.04,3.92,4.0337,114329.0,breakout,leading,neutral,0.9822535211267593,hold,hold,0,200,
3119,2025-07-22 20:00:00+00:00,4.0347,4.05,4.0,4.04,212880.0,breakout,leading,neutral,0.972602739726028,hold,hold,0,200,
3120,2025-07-23 13:30:00+00:00,4.03,4.065,4.0193,4.065,40068.0,breakout,weak,risk_on,1.0,hold,hold,0,200,
3121,2025-07-23 13:45:00+00:00,4.065,4.24,4.0493,4.13,321809.0,breakout_setup,weak,risk_on,0.8018018018018013,hold,hold,0,200,
3122,2025-07-23 14:00:00+00:00,4.12,4.17,3.99,4.15,299967.0,breakout_setup,weak,risk_on,0.8378378378378382,hold,hold,0,200,
3123,2025-07-23 14:15:00+00:00,4.1544,4.3,4.14,4.16,261052.0,breakout_setup,weak,risk_on,0.7723577235772362,hold,hold,0,200,
3124,2025-07-23 14:30:00+00:00,4.16,4.24,4.1501,4.1908,125358.0,breakout_setup,weak,risk_on,0.8224390243902446,hold,hold,0,200,
3125,2025-07-23 14:45:00+00:00,4.18,4.2,4.14,4.17,61159.0,breakout_setup,weak,risk_on,0.7862896597073813,hold,hold,0,200,
3126,2025-07-23 15:00:00+00:00,4.17,4.21,4.13,4.18,93956.0,breakout_setup,weak,risk_on,0.7917751171264964,hold,hold,0,200,
3127,2025-07-23 15:15:00+00:00,4.175,4.175,4.11,4.15,36130.0,pullback,weak,risk_on,0.7221707723652537,hold,hold,0,200,
3128,2025-07-23 15:30:00+00:00,4.16,4.21,4.16,4.2035,46799.0,breakout_setup,weak,risk_on,0.8126213592233013,hold,hold,0,200,
3129,2025-07-23 15:45:00+00:00,4.2001,4.27,4.19,4.2647,37557.0,breakout,weak,risk_on,0.9314563106796127,hold,hold,0,200,
3130,2025-07-23 16:00:00+00:00,4.265,4.4299,4.25,4.4084,473086.0,breakout,weak,risk_on,0.9666614979066528,hold,hold,0,200,
3131,2025-07-23 16:15:00+00:00,4.4052,4.445,4.345,4.35,260460.0,breakout,weak,risk_on,0.8560606060606051,hold,hold,0,200,
3132,2025-07-23 16:30:00+00:00,4.3732,4.39,4.34,4.3737,103260.0,breakout,weak,risk_on,0.8859200000000003,hold,hold,0,200,
3133,2025-07-23 16:45:00+00:00,4.39,4.55,4.36,4.55,296714.0,breakout,weak,risk_on,1.0,hold,hold,0,200,
3134,2025-07-23 17:00:00+00:00,4.545,4.5678,4.33,4.38,294646.0,pullback,weak,risk_on,0.7454594741122252,hold,hold,0,200,
3135,2025-07-23 17:15:00+00:00,4.365,4.38,4.2682,4.33,144175.0,pullback,weak,risk_on,0.6616391576550938,hold,hold,0,200,
3136,2025-07-23 17:30:00+00:00,4.33,4.4158,4.32,4.4,88721.0,breakout_setup,weak,risk_on,0.7560337307356795,hold,hold,0,200,
3137,2025-07-23 17:45:00+00:00,4.3963,4.4,4.2747,4.317,125107.0,pullback,weak,risk_on,0.6128434702068541,hold,hold,0,200,
3138,2025-07-23 18:00:00+00:00,4.32,4.49,4.3,4.455,123430.0,breakout_setup,weak,risk_on,0.8047767393561785,hold,hold,0,200,
3139,2025-07-23 18:15:00+00:00,4.458,4.601,4.4332,4.55,373189.0,breakout,weak,risk_on,0.9165302782324056,hold,hold,0,200,
3140,2025-07-23 18:30:00+00:00,4.5484,4.5799,4.51,4.545,257204.0,breakout,weak,risk_on,0.9083469721767593,hold,hold,0,200,
3141,2025-07-23 18:45:00+00:00,4.55,4.6,4.54,4.565,152545.0,breakout,weak,risk_on,0.941080196399346,hold,hold,0,200,
3142,2025-07-23 19:00:00+00:00,4.5699,4.575,4.505,4.52,99311.0,breakout_setup,weak,risk_on,0.835030549898166,hold,hold,0,200,
3143,2025-07-23 19:15:00+00:00,4.512,4.56,4.485,4.54,145921.0,trend_late,weak,risk_on,0.8757637474541752,reduce,reduce,-200,0,4.54
3144,2025-07-23 19:30:00+00:00,4.535,4.54,4.5,4.53,88524.0,breakout,weak,risk_on,0.8553971486761716,hold,hold,0,0,
3145,2025-07-23 19:45:00+00:00,4.53,4.54,4.49,4.535,45437.0,breakout,weak,risk_on,0.8655804480651733,hold,hold,0,0,
3146,2025-07-23 20:00:00+00:00,4.535,4.58,4.51,4.55,244084.0,breakout,weak,risk_on,0.8961303462321788,hold,hold,0,0,
3147,2025-07-24 13:30:00+00:00,4.69,4.73,4.56,4.57,93323.0,pullback,leading,neutral,0.719298245614035,buy,buy,200,200,4.57
3148,2025-07-24 13:45:00+00:00,4.5839,4.5839,4.4448,4.555,181545.0,pullback,leading,neutral,0.6759259259259246,hold,hold,0,200,
3149,2025-07-24 14:00:00+00:00,4.52,4.6196,4.405,4.475,302878.0,trend_late,leading,neutral,0.46874999999999883,hold,hold,0,200,
3150,2025-07-24 14:15:00+00:00,4.5,4.5,4.3302,4.3302,328567.0,trend_late,leading,neutral,0.13425725422260582,hold,hold,0,200,
3151,2025-07-24 14:30:00+00:00,4.34,4.58,4.3326,4.58,187756.0,pullback,leading,neutral,0.6751840623646594,hold,hold,0,200,
3152,2025-07-24 14:45:00+00:00,4.555,4.59,4.458,4.54,201102.0,pullback,leading,neutral,0.5885664789952354,hold,hold,0,200,
3153,2025-07-24 15:00:00+00:00,4.535,4.535,4.4758,4.4758,47982.0,trend_late,leading,neutral,0.4495452576873089,hold,hold,0,200,
3154,2025-07-24 15:15:00+00:00,4.49,4.5033,4.385,4.385,84479.0,trend_late,leading,neutral,0.25292334343871703,hold,hold,0,200,
3155,2025-07-24 15:30:00+00:00,4.3926,4.4399,4.34,4.42,104591.0,risk_rising,leading,neutral,0.3191302437952991,hold,hold,0,200,
3156,2025-07-24 15:45:00+00:00,4.42,4.42,4.35,4.404,102668.0,risk_rising,leading,neutral,0.2839885789589275,hold,hold,0,200,
3157,2025-07-24 16:00:00+00:00,4.3941,4.415,4.37,4.39,27893.0,risk_rising,leading,neutral,0.20930232558139472,hold,hold,0,200,
3158,2025-07-24 16:15:00+00:00,4.38,4.4063,4.37,4.3773,30511.0,risk_rising,leading,neutral,0.11780890445222678,hold,hold,0,200,
3159,2025-07-24 16:30:00+00:00,4.375,4.4199,4.36,4.3648,79443.0,risk_rising,leading,neutral,0.0865432716358182,reduce,reduce,-200,0,4.3648
3160,2025-07-24 16:45:00+00:00,4.365,4.39,4.345,4.3535,117023.0,range_accumulation,leading,neutral,0.058279139569786684,hold,hold,0,0,
3161,2025-07-24 17:00:00+00:00,4.355,4.3599,4.21,4.24,238625.0,risk_rising,leading,neutral,0.05769230769230812,hold,hold,0,0,
3162,2025-07-24 17:15:00+00:00,4.24,4.3,4.225,4.275,98873.0,risk_rising,leading,neutral,0.12500000000000064,hold,hold,0,0,
3163,2025-07-24 17:30:00+00:00,4.275,4.2768,4.23,4.265,34869.0,risk_rising,leading,neutral,0.10576923076923013,hold,hold,0,0,
3164,2025-07-24 17:45:00+00:00,4.2645,4.28,4.24,4.245,32348.0,risk_rising,leading,neutral,0.06730769230769253,hold,hold,0,0,
3165,2025-07-24 18:00:00+00:00,4.2401,4.245,4.19,4.235,65955.0,risk_rising,leading,neutral,0.08333333333333319,hold,hold,0,0,
3166,2025-07-24 18:15:00+00:00,4.235,4.2547,4.222,4.2482,11394.0,risk_rising,leading,neutral,0.1077777777777766,hold,hold,0,0,
3167,2025-07-24 18:30:00+00:00,4.2482,4.2697,4.235,4.2599,19694.0,risk_rising,leading,neutral,0.16270949720670314,hold,hold,0,0,
3168,2025-07-24 18:45:00+00:00,4.2535,4.265,4.205,4.205,30610.0,risk_rising,leading,neutral,0.03491620111731771,hold,hold,0,0,
3169,2025-07-24 19:00:00+00:00,4.2062,4.24,4.2062,4.2376,49847.0,risk_rising,leading,neutral,0.11899999999999815,hold,hold,0,0,
3170,2025-07-24 19:15:00+00:00,4.23,4.29,4.23,4.29,37430.0,risk_rising,leading,neutral,0.24999999999999944,hold,hold,0,0,
3171,2025-07-24 19:30:00+00:00,4.285,4.31,4.282,4.31,58323.0,range_accumulation,leading,neutral,0.29999999999999843,buy,buy,200,200,4.31
3172,2025-07-24 19:45:00+00:00,4.3087,4.3087,4.265,4.265,47349.0,risk_rising,leading,neutral,0.2173913043478242,hold,hold,0,200,
3173,2025-07-24 20:00:00+00:00,4.2648,4.27,4.22,4.2235,105149.0,risk_rising,leading,neutral,0.10692626875199236,hold,hold,0,200,
3174,2025-07-25 13:30:00+00:00,4.21,4.21,4.16,4.1747,49332.0,risk_rising,mixed,risk_on,0.052518756698819266,reduce,reduce,-200,0,4.1747
3175,2025-07-25 13:45:00+00:00,4.2,4.3,4.11,4.135,174997.0,risk_rising,mixed,risk_on,0.08064516129032097,hold,hold,0,0,
3176,2025-07-25 14:00:00+00:00,4.12,4.2855,4.12,4.2855,213986.0,range_neutral,mixed,risk_on,0.5663117134559523,hold,hold,0,0,
3177,2025-07-25 14:15:00+00:00,4.2877,4.45,4.261,4.39,299585.0,range_distribution,mixed,risk_on,0.8235294117647044,hold,hold,0,0,
3178,2025-07-25 14:30:00+00:00,4.3804,4.385,4.27,4.37,211265.0,range_distribution,mixed,risk_on,0.7647058823529409,hold,hold,0,0,
3179,2025-07-25 14:45:00+00:00,4.365,4.44,4.33,4.3407,206900.0,pullback,mixed,risk_on,0.6785294117647053,hold,hold,0,0,
3180,2025-07-25 15:00:00+00:00,4.36,4.3644,4.27,4.285,136772.0,trend_late,mixed,risk_on,0.5147058823529409,hold,hold,0,0,
3181,2025-07-25 15:15:00+00:00,4.29,4.32,4.26,4.27,56497.0,trend_late,mixed,risk_on,0.47058823529411564,hold,hold,0,0,
3182,2025-07-25 15:30:00+00:00,4.27,4.29,4.21,4.24,136801.0,trend_late,mixed,risk_on,0.38235294117647045,hold,hold,0,0,
3183,2025-07-25 15:45:00+00:00,4.24,4.25,4.18,4.1904,103587.0,trend_late,mixed,risk_on,0.2364705882352943,hold,hold,0,0,
3184,2025-07-25 16:00:00+00:00,4.1904,4.25,4.19,4.245,39383.0,pullback,mixed,risk_on,0.3970588235294113,hold,hold,0,0,
3185,2025-07-25 16:15:00+00:00,4.24,4.24,4.205,4.23,38790.0,pullback,mixed,risk_on,0.3529411764705887,hold,hold,0,0,
3186,2025-07-25 16:30:00+00:00,4.225,4.27,4.22,4.2652,24812.0,trend_late,mixed,risk_on,0.4564705882352937,hold,hold,0,0,
3187,2025-07-25 16:45:00+00:00,4.265,4.27,4.2396,4.2428,20662.0,trend_late,mixed,risk_on,0.39058823529411657,hold,hold,0,0,
3188,2025-07-25 17:00:00+00:00,4.24,4.24,4.17,4.175,92003.0,risk_rising,mixed,risk_on,0.19117647058823392,hold,hold,0,0,
3189,2025-07-25 17:15:00+00:00,4.17,4.21,4.13,4.21,120506.0,risk_rising,mixed,risk_on,0.2941176470588226,hold,hold,0,0,
3190,2025-07-25 17:30:00+00:00,4.21,4.22,4.16,4.1718,65879.0,risk_rising,mixed,risk_on,0.18176470588235258,hold,hold,0,0,
3191,2025-07-25 17:45:00+00:00,4.18,4.19,4.16,4.185,25640.0,risk_rising,mixed,risk_on,0.22058823529411564,hold,hold,0,0,
3192,2025-07-25 18:00:00+00:00,4.19,4.19,4.1447,4.1447,19520.0,risk_rising,mixed,risk_on,0.10205882352941167,hold,hold,0,0,
3193,2025-07-25 18:15:00+00:00,4.1401,4.22,4.1401,4.215,27425.0,range_accumulation,mixed,risk_on,0.3088235294117635,hold,hold,0,0,
3194,2025-07-25 18:30:00+00:00,4.22,4.285,4.195,4.27,153804.0,range_neutral,mixed,risk_on,0.47058823529411564,hold,hold,0,0,
3195,2025-07-25 18:45:00+00:00,4.27,4.28,4.235,4.265,41497.0,range_neutral,mixed,risk_on,0.439393939393938,hold,hold,0,0,
3196,2025-07-25 19:00:00+00:00,4.265,4.33,4.26,4.325,57274.0,range_neutral,mixed,risk_on,0.6093750000000003,hold,hold,0,0,
3197,2025-07-25 19:15:00+00:00,4.325,4.4,4.3224,4.335,152278.0,range_distribution,mixed,risk_on,0.6612903225806444,hold,hold,0,0,
3198,2025-07-25 19:30:00+00:00,4.3322,4.38,4.33,4.3699,37109.0,breakout_setup,mixed,risk_on,0.7738709677419356,buy,hold,0,0,
3199,2025-07-25 19:45:00+00:00,4.37,4.39,4.345,4.35,50386.0,breakout_setup,mixed,risk_on,0.8148148148148125,hold,hold,0,0,
3200,2025-07-25 20:00:00+00:00,4.345,4.35,4.3201,4.34,118515.0,breakout_setup,mixed,risk_on,0.7777777777777763,hold,hold,0,0,
3201,2025-07-28 13:30:00+00:00,4.42,4.6,4.42,4.59,59786.0,breakout,weak,neutral,0.9787234042553196,hold,hold,0,0,
3202,2025-07-28 13:45:00+00:00,4.55,4.5874,4.26,4.335,291648.0,pullback,weak,neutral,0.43617021276595785,hold,hold,0,0,
3203,2025-07-28 14:00:00+00:00,4.3356,4.35,4.22,4.23,128283.0,pullback,weak,neutral,0.21276595744680976,hold,hold,0,0,
3204,2025-07-28 14:15:00+00:00,4.225,4.2699,4.1819,4.2,160010.0,trend_late,weak,neutral,0.14893617021276664,reduce,hold,0,0,
3205,2025-07-28 14:30:00+00:00,4.1996,4.25,4.18,4.2125,66885.0,trend_late,weak,neutral,0.1755319148936181,hold,hold,0,0,
3206,2025-07-28 14:45:00+00:00,4.2199,4.27,4.2129,4.255,45684.0,trend_late,weak,neutral,0.2659574468085108,hold,hold,0,0,
3207,2025-07-28 15:00:00+00:00,4.2594,4.345,4.25,4.29,141461.0,trend_late,weak,neutral,0.3404255319148941,hold,hold,0,0,
3208,2025-07-28 15:15:00+00:00,4.29,4.35,4.2564,4.3,60209.0,trend_late,weak,neutral,0.3617021276595745,hold,hold,0,0,
3209,2025-07-28 15:30:00+00:00,4.31,4.33,4.2729,4.3,74066.0,trend_late,weak,neutral,0.34768427919112793,hold,hold,0,0,
3210,2025-07-28 15:45:00+00:00,4.2933,4.31,4.26,4.3,36975.0,trend_late,weak,neutral,0.34768427919112793,hold,hold,0,0,
3211,2025-07-28 16:00:00+00:00,4.31,4.32,4.24,4.245,92461.0,risk_rising,weak,neutral,0.22809306370950191,hold,hold,0,0,
3212,2025-07-28 16:15:00+00:00,4.242,4.29,4.2241,4.27,82843.0,risk_rising,weak,neutral,0.2824527071102401,hold,hold,0,0,
3213,2025-07-28 16:30:00+00:00,4.27,4.2729,4.245,4.26,5100.0,range_accumulation,weak,neutral,0.1904761904761907,hold,hold,0,0,
3214,2025-07-28 16:45:00+00:00,4.27,4.285,4.25,4.2698,30848.0,range_accumulation,weak,neutral,0.21380952380952462,hold,hold,0,0,
3215,2025-07-28 17:00:00+00:00,4.27,4.27,4.2301,4.2612,29377.0,range_accumulation,weak,neutral,0.19333333333333322,hold,hold,0,0,
3216,2025-07-28 17:15:00+00:00,4.26,4.261,4.21,4.21,49629.0,risk_rising,weak,neutral,0.07142857142857204,hold,hold,0,0,
3217,2025-07-28 17:30:00+00:00,4.21,4.22,4.095,4.125,342772.0,risk_rising,weak,neutral,0.05940594059405991,hold,hold,0,0,
3218,2025-07-28 17:45:00+00:00,4.13,4.1487,4.08,4.0848,167995.0,risk_rising,weak,neutral,0.009230769230769929,hold,hold,0,0,
3219,2025-07-28 18:00:00+00:00,4.085,4.0875,4.01,4.02,192860.0,risk_rising,weak,neutral,0.016949152542372524,hold,hold,0,0,
3220,2025-07-28 18:15:00+00:00,4.0149,4.04,4.01,4.02,37247.0,risk_rising,weak,neutral,0.016949152542372524,hold,hold,0,0,
3221,2025-07-28 18:30:00+00:00,4.02,4.02,3.99,4.02,106542.0,risk_rising,weak,neutral,0.05021760964178002,hold,hold,0,0,
3222,2025-07-28 18:45:00+00:00,4.015,4.03,3.98,4.015,186049.0,risk_rising,weak,neutral,0.09459459459459386,hold,hold,0,0,
3223,2025-07-28 19:00:00+00:00,4.015,4.04,4.01,4.01,60387.0,risk_rising,weak,neutral,0.08108108108108063,hold,hold,0,0,
3224,2025-07-28 19:15:00+00:00,4.01,4.02,3.99,4.0,59282.0,risk_rising,weak,neutral,0.054054054054054154,hold,hold,0,0,
3225,2025-07-28 19:30:00+00:00,4.005,4.015,3.94,3.985,165643.0,risk_rising,weak,neutral,0.10975609756097551,hold,hold,0,0,
3226,2025-07-28 19:45:00+00:00,3.985,4.02,3.9816,4.0,68361.0,risk_rising,weak,neutral,0.1463414634146344,hold,hold,0,0,
3227,2025-07-28 20:00:00+00:00,3.9901,4.08,3.99,4.07,309453.0,risk_rising,weak,neutral,0.3170731707317084,hold,hold,0,0,
3228,2025-07-29 13:30:00+00:00,3.92,4.03,3.84,3.85,87342.0,risk_rising,weak,neutral,0.020408163265306586,hold,hold,0,0,
3229,2025-07-29 13:45:00+00:00,3.85,3.97,3.7,3.71,606146.0,risk_rising,weak,neutral,0.01612903225806417,hold,hold,0,0,
3230,2025-07-29 14:00:00+00:00,3.7,3.77,3.67,3.765,402010.0,risk_rising,weak,neutral,0.14615384615384638,hold,hold,0,0,
3231,2025-07-29 14:15:00+00:00,3.76,3.76,3.62,3.62,283554.0,risk_rising,weak,neutral,0.0,hold,hold,0,0,
3232,2025-07-29 14:30:00+00:00,3.625,3.64,3.55,3.595,369150.0,risk_rising,weak,neutral,0.06122448979591885,hold,hold,0,0,
3233,2025-07-29 14:45:00+00:00,3.6,3.71,3.585,3.6654,256847.0,risk_rising,weak,neutral,0.1570068027210886,hold,hold,0,0,
3234,2025-07-29 15:00:00+00:00,3.6723,3.69,3.67,3.675,78258.0,risk_rising,weak,neutral,0.17361111111111116,hold,hold,0,0,
3235,2025-07-29 15:15:00+00:00,3.68,3.72,3.6602,3.67,192948.0,risk_rising,weak,neutral,0.16877637130801695,hold,hold,0,0,
3236,2025-07-29 15:30:00+00:00,3.66,3.675,3.625,3.6365,78920.0,risk_rising,weak,neutral,0.12910447761194035,hold,hold,0,0,
3237,2025-07-29 15:45:00+00:00,3.6302,3.6353,3.56,3.58,170281.0,risk_rising,weak,neutral,0.05010856856522507,hold,hold,0,0,
3238,2025-07-29 16:00:00+00:00,3.585,3.64,3.58,3.625,125727.0,risk_rising,weak,neutral,0.13953488372093042,hold,hold,0,0,
3239,2025-07-29 16:15:00+00:00,3.625,3.63,3.6,3.6135,56841.0,risk_rising,weak,neutral,0.11981132075471755,hold,hold,0,0,
3240,2025-07-29 16:30:00+00:00,3.6135,3.63,3.6,3.6011,42924.0,risk_rising,weak,neutral,0.0964150943396233,hold,hold,0,0,
3241,2025-07-29 16:45:00+00:00,3.606,3.63,3.6,3.62,83016.0,range_accumulation,weak,neutral,0.13207547169811368,hold,hold,0,0,
3242,2025-07-29 17:00:00+00:00,3.62,3.65,3.59,3.62,140199.0,range_accumulation,weak,neutral,0.13207547169811368,hold,hold,0,0,
3243,2025-07-29 17:15:00+00:00,3.62,3.64,3.615,3.625,93530.0,risk_rising,weak,neutral,0.14150943396226442,hold,hold,0,0,
3244,2025-07-29 17:30:00+00:00,3.6263,3.645,3.6,3.6333,201570.0,risk_rising,weak,neutral,0.15716981132075536,hold,hold,0,0,
3245,2025-07-29 17:45:00+00:00,3.635,3.635,3.61,3.615,254781.0,risk_rising,weak,neutral,0.12264150943396294,hold,hold,0,0,
3246,2025-07-29 18:00:00+00:00,3.615,3.62,3.59,3.59,31433.0,risk_rising,weak,neutral,0.07547169811320757,hold,hold,0,0,
3247,2025-07-29 18:15:00+00:00,3.595,3.61,3.55,3.56,41571.0,risk_rising,weak,neutral,0.020833333333333797,hold,hold,0,0,
3248,2025-07-29 18:30:00+00:00,3.5555,3.5599,3.55,3.5578,19930.0,risk_rising,weak,neutral,0.018571428571428624,hold,hold,0,0,
3249,2025-07-29 18:45:00+00:00,3.555,3.56,3.53,3.535,51525.0,risk_rising,weak,neutral,0.02083333333333472,hold,hold,0,0,
3250,2025-07-29 19:00:00+00:00,3.5352,3.54,3.51,3.515,76657.0,risk_rising,weak,neutral,0.02000000000000135,hold,hold,0,0,
3251,2025-07-29 19:15:00+00:00,3.5161,3.5285,3.51,3.515,76418.0,risk_rising,weak,neutral,0.02380952380952537,hold,hold,0,0,
3252,2025-07-29 19:30:00+00:00,3.5155,3.52,3.44,3.45,182923.0,risk_rising,weak,neutral,0.03571428571428651,hold,hold,0,0,
3253,2025-07-29 19:45:00+00:00,3.4452,3.45,3.33,3.38,268890.0,risk_rising,weak,neutral,0.12820512820512772,hold,hold,0,0,
3254,2025-07-29 20:00:00+00:00,3.382,3.42,3.29,3.4,575433.0,risk_rising,weak,neutral,0.2558139534883717,hold,hold,0,0,
3255,2025-07-30 13:30:00+00:00,3.411,3.4199,3.4,3.405,23682.0,risk_rising,weak,neutral,0.29870129870129825,hold,hold,0,0,
3256,2025-07-30 13:45:00+00:00,3.405,3.405,3.24,3.32,410375.0,risk_rising,weak,neutral,0.19512195121951142,hold,hold,0,0,
3257,2025-07-30 14:00:00+00:00,3.31,3.33,3.2647,3.295,108312.0,risk_rising,weak,neutral,0.13414634146341403,hold,hold,0,0,
3258,2025-07-30 14:15:00+00:00,3.295,3.3,3.19,3.24,312035.0,risk_rising,weak,neutral,0.10869565217391364,hold,hold,0,0,
3259,2025-07-30 14:30:00+00:00,3.24,3.27,3.2011,3.2064,143477.0,risk_rising,weak,neutral,0.035652173913043414,hold,hold,0,0,
3260,2025-07-30 14:45:00+00:00,3.2002,3.25,3.19,3.2499,92912.0,risk_rising,weak,neutral,0.13021739130434748,hold,hold,0,0,
3261,2025-07-30 15:00:00+00:00,3.24,3.25,3.22,3.24,121508.0,risk_rising,weak,neutral,0.10869565217391364,hold,hold,0,0,
3262,2025-07-30 15:15:00+00:00,3.24,3.27,3.23,3.245,94173.0,risk_rising,weak,neutral,0.12087912087912121,hold,hold,0,0,
3263,2025-07-30 15:30:00+00:00,3.245,3.2601,3.2401,3.2601,34000.0,risk_rising,weak,neutral,0.15406593406593416,hold,hold,0,0,
3264,2025-07-30 15:45:00+00:00,3.2601,3.315,3.255,3.3148,41708.0,risk_rising,weak,neutral,0.2804494382022473,hold,hold,0,0,
3265,2025-07-30 16:00:00+00:00,3.31,3.31,3.285,3.31,91020.0,risk_rising,weak,neutral,0.27906976744186063,hold,hold,0,0,
3266,2025-07-30 16:15:00+00:00,3.3078,3.32,3.3,3.32,33485.0,range_accumulation,weak,neutral,0.3095238095238093,hold,hold,0,0,
3267,2025-07-30 16:30:00+00:00,3.3177,3.44,3.315,3.4365,190598.0,range_distribution,weak,neutral,0.6662162162162165,hold,hold,0,0,
3268,2025-07-30 16:45:00+00:00,3.4399,3.56,3.435,3.5501,154503.0,range_distribution,weak,neutral,0.9732432432432432,hold,hold,0,0,
3269,2025-07-30 17:00:00+00:00,3.5524,3.57,3.52,3.545,155162.0,range_distribution,weak,neutral,0.9342105263157897,hold,hold,0,0,
3270,2025-07-30 17:15:00+00:00,3.545,3.58,3.5,3.515,96751.0,breakout_setup,weak,neutral,0.8333333333333335,hold,hold,0,0,
3271,2025-07-30 17:30:00+00:00,3.5199,3.55,3.51,3.5198,36990.0,breakout_setup,weak,neutral,0.8456410256410256,hold,hold,0,0,
3272,2025-07-30 17:45:00+00:00,3.52,3.54,3.51,3.535,54120.0,breakout,weak,neutral,0.8846153846153848,hold,hold,0,0,
3273,2025-07-30 18:00:00+00:00,3.535,3.575,3.535,3.56,58100.0,breakout,weak,neutral,0.9487179487179487,hold,hold,0,0,
3274,2025-07-30 18:15:00+00:00,3.555,3.57,3.525,3.5512,38632.0,breakout,weak,neutral,0.9261538461538463,hold,hold,0,0,
3275,2025-07-30 18:30:00+00:00,3.555,3.5552,3.525,3.545,18443.0,breakout,weak,neutral,0.9102564102564099,hold,hold,0,0,
3276,2025-07-30 18:45:00+00:00,3.545,3.55,3.47,3.4798,74666.0,pullback,weak,neutral,0.743076923076923,buy,buy,200,200,3.4798
3277,2025-07-30 19:00:00+00:00,3.465,3.475,3.3617,3.38,66792.0,trend_late,weak,neutral,0.4871794871794869,hold,hold,0,200,
3278,2025-07-30 19:15:00+00:00,3.375,3.38,3.345,3.375,88218.0,trend_late,weak,neutral,0.47435897435897434,hold,hold,0,200,
3279,2025-07-30 19:30:00+00:00,3.375,3.375,3.32,3.325,58433.0,trend_late,weak,neutral,0.34615384615384664,hold,hold,0,200,
3280,2025-07-30 19:45:00+00:00,3.33,3.378,3.32,3.335,124452.0,trend_late,weak,neutral,0.3194444444444439,hold,hold,0,200,
3281,2025-07-30 20:00:00+00:00,3.345,3.39,3.335,3.39,94211.0,trend_late,weak,neutral,0.4571428571428574,hold,hold,0,200,
3282,2025-07-31 13:30:00+00:00,3.53,3.53,3.45,3.46,82611.0,trend_late,weak,risk_off,0.6469549867608118,sell,sell,-200,0,3.46
3283,2025-07-31 13:45:00+00:00,3.46,3.47,3.34,3.41,167213.0,risk_rising,weak,risk_off,0.47692307692307745,reduce,hold,0,0,
3284,2025-07-31 14:00:00+00:00,3.422,3.5,3.41,3.43,155965.0,risk_rising,weak,risk_off,0.49152542372881375,hold,hold,0,0,
3285,2025-07-31 14:15:00+00:00,3.4356,3.5,3.4127,3.4404,61878.0,risk_rising,weak,risk_off,0.5014285714285712,hold,hold,0,0,
3286,2025-07-31 14:30:00+00:00,3.44,3.4869,3.4228,3.4754,52654.0,risk_rising,weak,risk_off,0.6052830188679246,hold,hold,0,0,
3287,2025-07-31 14:45:00+00:00,3.48,3.54,3.46,3.4809,88753.0,range_neutral,weak,risk_off,0.6188461538461543,avoid,avoid,0,0,
3288,2025-07-31 15:00:00+00:00,3.475,3.52,3.475,3.51,50247.0,range_distribution,weak,risk_off,0.73076923076923,sell,hold,0,0,
3289,2025-07-31 15:15:00+00:00,3.52,3.57,3.51,3.53,88024.0,range_distribution,weak,risk_off,0.8076923076923068,hold,hold,0,0,
3290,2025-07-31 15:30:00+00:00,3.53,3.5399,3.46,3.525,113189.0,breakout_setup,weak,risk_off,0.8039215686274502,avoid,avoid,0,0,
3291,2025-07-31 15:45:00+00:00,3.5286,3.6,3.515,3.54,51461.0,breakout_setup,weak,risk_off,0.7857142857142857,hold,hold,0,0,
3292,2025-07-31 16:00:00+00:00,3.54,3.55,3.5,3.54,38569.0,breakout_setup,weak,risk_off,0.7857142857142857,hold,hold,0,0,
3293,2025-07-31 16:15:00+00:00,3.5393,3.57,3.52,3.5527,12237.0,breakout_setup,weak,risk_off,0.8310714285714291,hold,hold,0,0,
3294,2025-07-31 16:30:00+00:00,3.5527,3.605,3.5492,3.59,38918.0,breakout,weak,risk_off,0.9473684210526312,hold,hold,0,0,
3295,2025-07-31 16:45:00+00:00,3.59,3.62,3.58,3.585,50880.0,breakout,weak,risk_off,0.883333333333333,hold,hold,0,0,
3296,2025-07-31 17:00:00+00:00,3.59,3.605,3.58,3.59,23171.0,breakout,weak,risk_off,0.8999999999999992,hold,hold,0,0,
3297,2025-07-31 17:15:00+00:00,3.585,3.615,3.565,3.58,65476.0,breakout,weak,risk_off,0.8666666666666667,hold,hold,0,0,
3298,2025-07-31 17:30:00+00:00,3.59,3.59,3.5,3.52,90112.0,pullback,weak,risk_off,0.6666666666666666,hold,hold,0,0,
3299,2025-07-31 17:45:00+00:00,3.512,3.5384,3.5099,3.5252,28743.0,trend_late,weak,risk_off,0.6839999999999996,sell,hold,0,0,
3300,2025-07-31 18:00:00+00:00,3.525,3.5263,3.44,3.45,66738.0,trend_late,weak,risk_off,0.4035087719298251,hold,hold,0,0,
3301,2025-07-31 18:15:00+00:00,3.45,3.495,3.43,3.47,57538.0,trend_late,weak,risk_off,0.4642857142857151,hold,hold,0,0,
3302,2025-07-31 18:30:00+00:00,3.47,3.52,3.46,3.52,11523.0,trend_late,weak,risk_off,0.6428571428571429,hold,hold,0,0,
3303,2025-07-31 18:45:00+00:00,3.515,3.515,3.5017,3.505,9872.0,trend_late,weak,risk_off,0.4523809523809513,hold,hold,0,0,
3304,2025-07-31 19:00:00+00:00,3.505,3.5768,3.505,3.525,60082.0,trend_late,weak,risk_off,0.5417269657501197,hold,hold,0,0,
3305,2025-07-31 19:15:00+00:00,3.525,3.54,3.515,3.5335,16548.0,risk_rising,weak,risk_off,0.5613590263691683,reduce,hold,0,0,
3306,2025-07-31 19:30:00+00:00,3.53,3.54,3.5,3.51,21105.0,risk_rising,weak,risk_off,0.4210526315789455,hold,hold,0,0,
3307,2025-07-31 19:45:00+00:00,3.515,3.85,3.51,3.7989,470911.0,range_distribution,weak,risk_off,0.8783333333333335,sell,hold,0,0,
3308,2025-07-31 20:00:00+00:00,3.805,3.89,3.75,3.775,1097279.0,pullback,weak,risk_off,0.7499999999999996,avoid,avoid,0,0,
3309,2025-08-01 13:30:00+00:00,3.62,3.66,3.61,3.61,37215.0,pullback,mixed,risk_off,0.39130434782608636,hold,hold,0,0,
3310,2025-08-01 13:45:00+00:00,3.6001,3.68,3.5615,3.611,118990.0,pullback,mixed,risk_off,0.39347826086956533,hold,hold,0,0,
3311,2025-08-01 14:00:00+00:00,3.615,3.645,3.58,3.58,166703.0,pullback,mixed,risk_off,0.32608695652173897,hold,hold,0,0,
3312,2025-08-01 14:15:00+00:00,3.58,3.85,3.58,3.815,380968.0,breakout_setup,mixed,risk_off,0.83695652173913,hold,hold,0,0,
3313,2025-08-01 14:30:00+00:00,3.8197,4.03,3.77,3.94,406259.0,breakout_setup,mixed,risk_off,0.8499999999999995,hold,hold,0,0,
3314,2025-08-01 14:45:00+00:00,3.9292,4.03,3.9113,3.99,360382.0,breakout,mixed,risk_off,0.9333333333333332,hold,hold,0,0,
3315,2025-08-01 15:00:00+00:00,3.99,4.015,3.93,3.965,223406.0,breakout,mixed,risk_off,0.891666666666666,hold,hold,0,0,
3316,2025-08-01 15:15:00+00:00,3.965,4.03,3.93,4.02,240686.0,breakout,mixed,risk_off,0.9833333333333322,hold,hold,0,0,
3317,2025-08-01 15:30:00+00:00,4.02,4.02,3.91,3.94,129486.0,breakout_setup,mixed,risk_off,0.8499999999999995,hold,hold,0,0,
3318,2025-08-01 15:45:00+00:00,3.94,4.095,3.85,4.08,245547.0,breakout,mixed,risk_off,0.9774436090225569,hold,hold,0,0,
3319,2025-08-01 16:00:00+00:00,4.09,4.24,4.08,4.1967,387926.0,breakout,mixed,risk_off,0.9465432098765428,hold,hold,0,0,
3320,2025-08-01 16:15:00+00:00,4.19,4.1999,4.1116,4.145,234948.0,breakout,mixed,risk_off,0.8827160493827153,hold,hold,0,0,
3321,2025-08-01 16:30:00+00:00,4.145,4.18,4.05,4.11,175612.0,breakout_setup,mixed,risk_off,0.8333333333333335,hold,hold,0,0,
3322,2025-08-01 16:45:00+00:00,4.11,4.125,4.045,4.0735,1004019.0,breakout_setup,mixed,risk_off,0.7749999999999999,hold,hold,0,0,
3323,2025-08-01 17:00:00+00:00,4.07,4.0775,3.95,3.96,108484.0,pullback,mixed,risk_off,0.6216216216216214,hold,hold,0,0,
3324,2025-08-01 17:15:00+00:00,3.965,3.975,3.9223,3.93,143881.0,trend_late,mixed,risk_off,0.5810810810810811,reduce,hold,0,0,
3325,2025-08-01 17:30:00+00:00,3.935,3.935,3.83,3.855,124828.0,trend_late,mixed,risk_off,0.47972972972972955,hold,hold,0,0,
3326,2025-08-01 17:45:00+00:00,3.855,3.93,3.855,3.875,81466.0,trend_late,mixed,risk_off,0.5,hold,hold,0,0,
3327,2025-08-01 18:00:00+00:00,3.8714,3.875,3.775,3.785,144040.0,trend_late,mixed,risk_off,0.32940309506263815,hold,hold,0,0,
3328,2025-08-01 18:15:00+00:00,3.7812,3.785,3.71,3.735,197334.0,trend_late,mixed,risk_off,0.2557111274871035,hold,hold,0,0,
3329,2025-08-01 18:30:00+00:00,3.735,3.8199,3.7237,3.8199,86862.0,trend_late,mixed,risk_off,0.380840088430361,hold,hold,0,0,
3330,2025-08-01 18:45:00+00:00,3.815,3.91,3.815,3.87,160681.0,risk_rising,mixed,risk_off,0.43939393939393934,hold,hold,0,0,
3331,2025-08-01 19:00:00+00:00,3.87,3.8752,3.8113,3.84,65101.0,risk_rising,mixed,risk_off,0.39393939393939353,hold,hold,0,0,
3332,2025-08-01 19:15:00+00:00,3.8445,3.9075,3.835,3.86,119021.0,risk_rising,mixed,risk_off,0.283018867924528,hold,hold,0,0,
3333,2025-08-01 19:30:00+00:00,3.85,3.94,3.85,3.8721,111001.0,risk_rising,mixed,risk_off,0.3058490566037737,hold,hold,0,0,
3334,2025-08-01 19:45:00+00:00,3.88,3.8882,3.81,3.81,89092.0,risk_rising,mixed,risk_off,0.18867924528301894,hold,hold,0,0,
3335,2025-08-01 20:00:00+00:00,3.8182,3.8499,3.77,3.815,205210.0,risk_rising,mixed,risk_off,0.19811320754716968,hold,hold,0,0,
3336,2025-08-04 13:30:00+00:00,4.02,4.0699,3.97,4.01,85681.0,range_neutral,mixed,risk_off,0.566037735849056,hold,hold,0,0,
3337,2025-08-04 13:45:00+00:00,3.999,4.1233,3.97,4.03,367775.0,range_neutral,mixed,risk_off,0.6037735849056606,hold,hold,0,0,
3338,2025-08-04 14:00:00+00:00,4.03,4.05,3.9435,4.04,201010.0,range_neutral,mixed,risk_off,0.6226415094339621,hold,hold,0,0,
3339,2025-08-04 14:15:00+00:00,4.05,4.1075,3.95,3.9866,305941.0,range_neutral,mixed,risk_off,0.5646050214329453,hold,hold,0,0,
3340,2025-08-04 14:30:00+00:00,3.9804,3.9867,3.81,3.8451,261445.0,trend_late,mixed,risk_off,0.2874468085106384,hold,hold,0,0,
3341,2025-08-04 14:45:00+00:00,3.84,3.84,3.66,3.67,385360.0,trend_late,mixed,risk_off,0.02150537634408557,hold,hold,0,0,
3342,2025-08-04 15:00:00+00:00,3.6699,3.74,3.6512,3.71,224893.0,trend_late,mixed,risk_off,0.12454988349925886,hold,hold,0,0,
3343,2025-08-04 15:15:00+00:00,3.71,3.83,3.7,3.775,239507.0,trend_late,mixed,risk_off,0.2622325778436771,hold,hold,0,0,
3344,2025-08-04 15:30:00+00:00,3.7747,3.8899,3.7628,3.86,180498.0,pullback,mixed,risk_off,0.44227917814022416,hold,hold,0,0,
3345,2025-08-04 15:45:00+00:00,3.866,4.05,3.85,3.95,320062.0,pullback,mixed,risk_off,0.632916754924804,hold,hold,0,0,
3346,2025-08-04 16:00:00+00:00,3.97,3.97,3.89,3.925,115937.0,trend_late,mixed,risk_off,0.5799618724846424,hold,hold,0,0,
3347,2025-08-04 16:15:00+00:00,3.925,3.935,3.88,3.89,55432.0,risk_rising,mixed,risk_off,0.5058250370684177,hold,hold,0,0,
3348,2025-08-04 16:30:00+00:00,3.9,3.91,3.805,3.8099,119638.0,risk_rising,mixed,risk_off,0.3361575937301416,hold,hold,0,0,
3349,2025-08-04 16:45:00+00:00,3.8081,3.86,3.805,3.845,61565.0,risk_rising,mixed,risk_off,0.4105062486761283,hold,hold,0,0,
3350,2025-08-04 17:00:00+00:00,3.8499,3.91,3.8486,3.87,72030.0,range_neutral,mixed,risk_off,0.463461131116289,hold,hold,0,0,
3351,2025-08-04 17:15:00+00:00,3.87,3.895,3.87,3.89,20025.0,range_neutral,mixed,risk_off,0.5058250370684177,hold,hold,0,0,
3352,2025-08-04 17:30:00+00:00,3.87,3.885,3.84,3.84,64195.0,range_neutral,mixed,risk_off,0.39991527218809536,hold,hold,0,0,
3353,2025-08-04 17:45:00+00:00,3.845,3.845,3.805,3.83,51329.0,pullback,mixed,risk_off,0.37873331921203146,hold,hold,0,0,
3354,2025-08-04 18:00:00+00:00,3.835,3.86,3.83,3.845,25001.0,risk_rising,mixed,risk_off,0.4105062486761283,hold,hold,0,0,
3355,2025-08-04 18:15:00+00:00,3.845,3.845,3.7548,3.76,100679.0,risk_rising,mixed,risk_off,0.2304596483795803,hold,hold,0,0,
3356,2025-08-04 18:30:00+00:00,3.768,3.83,3.755,3.81,170862.0,risk_rising,mixed,risk_off,0.3363694132599027,hold,hold,0,0,
3357,2025-08-04 18:45:00+00:00,3.815,3.83,3.74,3.76,108595.0,risk_rising,mixed,risk_off,0.2384396230550076,hold,hold,0,0,
3358,2025-08-04 19:00:00+00:00,3.76,3.765,3.685,3.71,155424.0,risk_rising,mixed,risk_off,0.1288625904010523,hold,hold,0,0,
3359,2025-08-04 19:15:00+00:00,3.7173,3.74,3.71,3.72,71499.0,risk_rising,mixed,risk_off,0.17251755265797494,hold,hold,0,0,
3360,2025-08-04 19:30:00+00:00,3.7225,3.745,3.655,3.6698,115488.0,risk_rising,mixed,risk_off,0.04663991975927826,hold,hold,0,0,
3361,2025-08-04 19:45:00+00:00,3.66,3.67,3.64,3.655,143571.0,risk_rising,mixed,risk_off,0.036585365853657785,hold,hold,0,0,
3362,2025-08-04 20:00:00+00:00,3.655,3.76,3.65,3.76,352874.0,risk_rising,mixed,risk_off,0.29268292682926766,hold,hold,0,0,
3363,2025-08-05 13:30:00+00:00,3.74,3.74,3.67,3.705,55874.0,risk_rising,mixed,risk_off,0.15853658536585363,hold,hold,0,0,
3364,2025-08-05 13:45:00+00:00,3.7114,3.73,3.52,3.7,236061.0,risk_rising,mixed,risk_off,0.3396226415094344,hold,hold,0,0,
3365,2025-08-05 14:00:00+00:00,3.71,3.94,3.6986,3.855,376253.0,range_distribution,mixed,risk_off,0.744444444444444,hold,hold,0,0,
3366,2025-08-05 14:15:00+00:00,3.8659,3.89,3.81,3.81,152191.0,range_distribution,mixed,risk_off,0.6904761904761907,hold,hold,0,0,
3367,2025-08-05 14:30:00+00:00,3.8001,3.83,3.72,3.75,90092.0,risk_rising,mixed,risk_off,0.5476190476190477,hold,hold,0,0,
3368,2025-08-05 14:45:00+00:00,3.74,3.74,3.6601,3.6601,82656.0,risk_rising,mixed,risk_off,0.33357142857142835,hold,hold,0,0,
3369,2025-08-05 15:00:00+00:00,3.66,3.7,3.62,3.6954,137810.0,risk_rising,mixed,risk_off,0.41761904761904717,hold,hold,0,0,
3370,2025-08-05 15:15:00+00:00,3.69,3.78,3.685,3.76,70723.0,range_neutral,mixed,risk_off,0.571428571428571,hold,hold,0,0,
3371,2025-08-05 15:30:00+00:00,3.75,3.788,3.73,3.788,30870.0,range_neutral,mixed,risk_off,0.6380952380952377,hold,hold,0,0,
3372,2025-08-05 15:45:00+00:00,3.785,3.84,3.78,3.78,62855.0,range_neutral,mixed,risk_off,0.6190476190476186,hold,hold,0,0,
3373,2025-08-05 16:00:00+00:00,3.78,3.8,3.7699,3.784,20988.0,pullback,mixed,risk_off,0.6285714285714282,hold,hold,0,0,
3374,2025-08-05 16:15:00+00:00,3.784,3.8,3.78,3.795,10946.0,pullback,mixed,risk_off,0.6547619047619047,hold,hold,0,0,
3375,2025-08-05 16:30:00+00:00,3.7924,3.86,3.7924,3.86,28872.0,breakout_setup,mixed,risk_off,0.8095238095238093,hold,hold,0,0,
3376,2025-08-05 16:45:00+00:00,3.86,3.94,3.83,3.835,206958.0,breakout_setup,mixed,risk_off,0.75,hold,hold,0,0,
3377,2025-08-05 17:00:00+00:00,3.83,3.87,3.81,3.86,62209.0,breakout_setup,mixed,risk_off,0.8095238095238093,hold,hold,0,0,
3378,2025-08-05 17:15:00+00:00,3.86,3.905,3.83,3.83,97666.0,pullback,mixed,risk_off,0.7380952380952384,hold,hold,0,0,
3379,2025-08-05 17:30:00+00:00,3.824,3.95,3.824,3.95,45808.0,breakout,mixed,risk_off,1.0,hold,hold,0,0,
3380,2025-08-05 17:45:00+00:00,3.945,3.9699,3.9,3.91,97705.0,breakout,mixed,risk_off,0.8668593020671264,hold,hold,0,0,
3381,2025-08-05 18:00:00+00:00,3.91,4.24,3.91,4.1,636061.0,breakout_setup,mixed,risk_off,0.8055555555555548,hold,hold,0,0,
3382,2025-08-05 18:15:00+00:00,4.106,4.27,4.07,4.1311,405292.0,breakout_setup,mixed,risk_off,0.8148000000000004,hold,hold,0,0,
3383,2025-08-05 18:30:00+00:00,4.1401,4.17,4.05,4.07,293757.0,pullback,mixed,risk_off,0.7333333333333342,hold,hold,0,0,
3384,2025-08-05 18:45:00+00:00,4.07,4.1097,4.01,4.0196,186600.0,pullback,mixed,risk_off,0.6147692307692305,hold,hold,0,0,
3385,2025-08-05 19:00:00+00:00,4.0132,4.028,3.93,4.025,87369.0,pullback,mixed,risk_off,0.623076923076924,hold,hold,0,0,
3386,2025-08-05 19:15:00+00:00,4.025,4.08,4.025,4.0751,22119.0,pullback,mixed,risk_off,0.7001538461538465,hold,hold,0,0,
3387,2025-08-05 19:30:00+00:00,4.075,4.0781,4.0,4.05,107624.0,pullback,mixed,risk_off,0.6615384615384616,hold,hold,0,0,
3388,2025-08-05 19:45:00+00:00,4.05,4.05,4.0,4.035,59910.0,pullback,mixed,risk_off,0.6384615384615391,hold,hold,0,0,
3389,2025-08-05 20:00:00+00:00,4.03,4.22,4.025,4.22,525979.0,breakout,mixed,risk_off,0.9145299145299147,hold,hold,0,0,
3390,2025-08-06 13:30:00+00:00,4.21,4.25,4.16,4.225,33276.0,breakout,weak,neutral,0.9166666666666667,hold,hold,0,0,
3391,2025-08-06 13:45:00+00:00,4.2346,4.25,4.102,4.141,205838.0,pullback,weak,neutral,0.7420515896820643,buy,buy,200,200,4.141
3392,2025-08-06 14:00:00+00:00,4.135,4.21,4.05,4.09,129961.0,trend_late,weak,neutral,0.6400719856028798,hold,hold,0,200,
3393,2025-08-06 14:15:00+00:00,4.1099,4.125,4.0605,4.1,104015.0,pullback,weak,neutral,0.6530612244897959,hold,hold,0,200,
3394,2025-08-06 14:30:00+00:00,4.1177,4.12,3.975,4.0,156639.0,trend_late,weak,neutral,0.43467336683417096,hold,hold,0,200,
3395,2025-08-06 14:45:00+00:00,4.0,4.0,3.91,3.915,160929.0,trend_late,weak,neutral,0.2282608695652176,hold,hold,0,200,
3396,2025-08-06 15:00:00+00:00,3.915,3.96,3.88,3.927,136637.0,trend_late,weak,neutral,0.2543478260869568,hold,hold,0,200,
3397,2025-08-06 15:15:00+00:00,3.925,3.94,3.8712,3.88,109038.0,trend_late,weak,neutral,0.12556053811659212,hold,hold,0,200,
3398,2025-08-06 15:30:00+00:00,3.8899,3.9635,3.877,3.885,82219.0,trend_late,weak,neutral,0.13677130044843044,hold,hold,0,200,
3399,2025-08-06 15:45:00+00:00,3.89,3.91,3.88,3.8977,46444.0,risk_rising,weak,neutral,0.06644934804413238,hold,hold,0,200,
3400,2025-08-06 16:00:00+00:00,3.89,3.935,3.888,3.915,58857.0,risk_rising,weak,neutral,0.10982948846539645,hold,hold,0,200,
3401,2025-08-06 16:15:00+00:00,3.915,3.9592,3.91,3.9428,95007.0,risk_rising,weak,neutral,0.17953861584754308,hold,hold,0,200,
3402,2025-08-06 16:30:00+00:00,3.945,3.985,3.945,3.945,58436.0,risk_rising,weak,neutral,0.19482576557550121,hold,hold,0,200,
3403,2025-08-06 16:45:00+00:00,3.945,3.9655,3.9177,3.9177,47586.0,risk_rising,weak,neutral,0.12275607180570217,reduce,reduce,-200,0,3.9177
3404,2025-08-06 17:00:00+00:00,3.915,3.94,3.9,3.94,43587.0,risk_rising,weak,neutral,0.18162618796198512,hold,hold,0,0,
3405,2025-08-06 17:15:00+00:00,3.945,3.95,3.91,3.915,35479.0,range_accumulation,weak,neutral,0.11562829989440353,hold,hold,0,0,
3406,2025-08-06 17:30:00+00:00,3.915,3.96,3.9112,3.96,32822.0,range_accumulation,weak,neutral,0.23442449841605065,hold,hold,0,0,
3407,2025-08-06 17:45:00+00:00,3.95,3.97,3.945,3.965,40475.0,range_accumulation,weak,neutral,0.24762407602956674,hold,hold,0,0,
3408,2025-08-06 18:00:00+00:00,3.9663,4.01,3.96,3.96,49389.0,range_accumulation,weak,neutral,0.23442449841605065,hold,hold,0,0,
3409,2025-08-06 18:15:00+00:00,3.969,4.03,3.969,4.005,44631.0,range_neutral,weak,neutral,0.35322069693769775,hold,hold,0,0,
3410,2025-08-06 18:30:00+00:00,4.005,4.0099,3.95,3.95,26758.0,range_accumulation,weak,neutral,0.20802534318901847,hold,hold,0,0,
3411,2025-08-06 18:45:00+00:00,3.95,3.965,3.945,3.965,30406.0,range_accumulation,weak,neutral,0.2768595041322311,hold,hold,0,0,
3412,2025-08-06 19:00:00+00:00,3.965,3.98,3.945,3.975,48697.0,pullback,weak,neutral,0.40898345153664345,hold,hold,0,0,
3413,2025-08-06 19:15:00+00:00,3.975,4.01,3.94,3.945,77695.0,pullback,weak,neutral,0.29662379421221796,hold,hold,0,0,
3414,2025-08-06 19:30:00+00:00,3.94,3.975,3.91,3.945,87141.0,pullback,weak,neutral,0.4647355163727943,hold,hold,0,0,
3415,2025-08-06 19:45:00+00:00,3.945,3.95,3.915,3.925,51199.0,pullback,weak,neutral,0.3387909319899229,buy,buy,200,200,3.925
3416,2025-08-06 20:00:00+00:00,3.925,3.95,3.905,3.95,122254.0,trend_late,weak,neutral,0.4962216624685143,hold,hold,0,200,
3417,2025-08-07 13:30:00+00:00,4.01,4.07,4.01,4.03,41949.0,breakout_setup,leading,neutral,0.7927461139896377,hold,hold,0,200,
3418,2025-08-07 13:45:00+00:00,4.04,4.17,4.03,4.1001,359189.0,breakout_setup,leading,neutral,0.7589655172413806,hold,hold,0,200,
3419,2025-08-07 14:00:00+00:00,4.115,4.13,4.03,4.0894,123611.0,pullback,leading,neutral,0.7141843971631222,hold,hold,0,200,
3420,2025-08-07 14:15:00+00:00,4.09,4.43,4.07,4.2803,906431.0,pullback,leading,neutral,0.717547169811322,hold,hold,0,200,
3421,2025-08-07 14:30:00+00:00,4.305,4.35,4.09,4.1705,396936.0,pullback,leading,neutral,0.5103773584905658,hold,hold,0,200,
3422,2025-08-07 14:45:00+00:00,4.17,4.17,4.02,4.06,162808.0,pullback,leading,neutral,0.30188679245282973,hold,hold,0,200,
3423,2025-08-07 15:00:00+00:00,4.06,4.0627,3.94,3.98,124894.0,pullback,leading,neutral,0.15094339622641528,hold,hold,0,200,
3424,2025-08-07 15:15:00+00:00,3.975,3.985,3.9,3.92,172410.0,trend_late,leading,neutral,0.03773584905660382,reduce,hold,0,200,
3425,2025-08-07 15:30:00+00:00,3.9101,3.97,3.88,3.902,138597.0,trend_late,leading,neutral,0.04000000000000045,hold,hold,0,200,
3426,2025-08-07 15:45:00+00:00,3.91,3.92,3.815,3.89,247117.0,trend_late,leading,neutral,0.12195121951219545,hold,hold,0,200,
3427,2025-08-07 16:00:00+00:00,3.9,3.9254,3.855,3.885,191902.0,trend_late,leading,neutral,0.1138211382113819,hold,hold,0,200,
3428,2025-08-07 16:15:00+00:00,3.89,3.91,3.85,3.855,93517.0,trend_late,leading,neutral,0.06504065040650414,hold,hold,0,200,
3429,2025-08-07 16:30:00+00:00,3.855,3.9601,3.85,3.95,298394.0,trend_late,leading,neutral,0.21951219512195166,hold,hold,0,200,
3430,2025-08-07 16:45:00+00:00,3.96,4.0,3.93,3.94,230622.0,risk_rising,leading,neutral,0.20325203252032528,hold,hold,0,200,
3431,2025-08-07 17:00:00+00:00,3.95,3.98,3.89,3.925,254270.0,risk_rising,leading,neutral,0.17886178861788604,hold,hold,0,200,
3432,2025-08-07 17:15:00+00:00,3.93,3.9397,3.84,3.8885,86454.0,risk_rising,leading,neutral,0.11951219512195146,hold,hold,0,200,
3433,2025-08-07 17:30:00+00:00,3.885,3.93,3.86,3.9,50718.0,risk_rising,leading,neutral,0.13821138211382114,hold,hold,0,200,
3434,2025-08-07 17:45:00+00:00,3.9097,3.97,3.89,3.895,58819.0,risk_rising,leading,neutral,0.13008130081300828,hold,hold,0,200,
3435,2025-08-07 18:00:00+00:00,3.9,4.0,3.88,3.9972,128066.0,range_accumulation,leading,neutral,0.296260162601626,hold,hold,0,200,
3436,2025-08-07 18:15:00+00:00,3.99,4.0,3.94,3.97,66872.0,range_accumulation,leading,neutral,0.25203252032520373,buy,hold,0,200,
3437,2025-08-07 18:30:00+00:00,3.975,4.06,3.9678,4.0279,89272.0,range_accumulation,leading,neutral,0.3461788617886178,hold,hold,0,200,
3438,2025-08-07 18:45:00+00:00,4.025,4.12,4.02,4.12,97893.0,range_neutral,leading,neutral,0.4959349593495939,hold,hold,0,200,
3439,2025-08-07 19:00:00+00:00,4.1146,4.17,4.07,4.135,191663.0,range_neutral,leading,neutral,0.5203252032520325,hold,hold,0,200,
3440,2025-08-07 19:15:00+00:00,4.1399,4.25,4.12,4.24,222454.0,breakout_setup,leading,neutral,0.794392523364487,hold,hold,0,200,
3441,2025-08-07 19:30:00+00:00,4.235,4.24,4.09,4.11,121590.0,pullback,leading,neutral,0.6781609195402306,hold,hold,0,200,
3442,2025-08-07 19:45:00+00:00,4.12,4.1676,4.115,4.155,124619.0,breakout_setup,leading,neutral,0.7816091954022995,hold,hold,0,200,
3443,2025-08-07 20:00:00+00:00,4.16,4.25,4.12,4.25,435464.0,breakout,leading,neutral,1.0,hold,hold,0,200,
3444,2025-08-08 13:30:00+00:00,4.27,4.275,4.25,4.27,33979.0,breakout,leading,risk_on,0.989130434782607,hold,hold,0,200,
3445,2025-08-08 13:45:00+00:00,4.28,4.42,4.13,4.287,426592.0,breakout_setup,leading,risk_on,0.7801652892561983,hold,hold,0,200,
3446,2025-08-08 14:00:00+00:00,4.29,4.36,4.08,4.11,390310.0,pullback,leading,risk_on,0.4655172413793111,hold,hold,0,200,
3447,2025-08-08 14:15:00+00:00,4.11,4.21,4.11,4.155,237236.0,pullback,leading,risk_on,0.5431034482758627,hold,hold,0,200,
3448,2025-08-08 14:30:00+00:00,4.155,4.165,4.08,4.149,221238.0,pullback,leading,risk_on,0.5327586206896554,hold,hold,0,200,
3449,2025-08-08 14:45:00+00:00,4.15,4.23,4.0845,4.12,213971.0,trend_late,leading,risk_on,0.4827586206896555,reduce,reduce,-200,0,4.12
3450,2025-08-08 15:00:00+00:00,4.1201,4.1455,4.08,4.135,64515.0,trend_late,leading,risk_on,0.5086206896551723,hold,hold,0,0,
3451,2025-08-08 15:15:00+00:00,4.135,4.19,4.08,4.105,133901.0,trend_late,leading,risk_on,0.45689655172413884,hold,hold,0,0,
3452,2025-08-08 15:30:00+00:00,4.1082,4.17,4.09,4.1,145106.0,trend_late,leading,risk_on,0.4285714285714281,hold,hold,0,0,
3453,2025-08-08 15:45:00+00:00,4.105,4.1083,4.02,4.055,215198.0,trend_late,leading,risk_on,0.32407407407407374,hold,hold,0,0,
3454,2025-08-08 16:00:00+00:00,4.05,4.115,4.05,4.1,81164.0,trend_late,leading,risk_on,0.40740740740740694,hold,hold,0,0,
3455,2025-08-08 16:15:00+00:00,4.0894,4.15,3.982,3.99,180011.0,risk_rising,leading,risk_on,0.10416666666666723,hold,hold,0,0,
3456,2025-08-08 16:30:00+00:00,3.9837,4.03,3.9598,4.0054,272715.0,risk_rising,leading,risk_on,0.09908735332464118,hold,hold,0,0,
3457,2025-08-08 16:45:00+00:00,4.0054,4.03,3.99,4.0246,92065.0,risk_rising,leading,risk_on,0.14080834419817562,hold,hold,0,0,
3458,2025-08-08 17:00:00+00:00,4.03,4.03,3.9901,3.995,43219.0,risk_rising,leading,risk_on,0.07648848326814456,hold,hold,0,0,
3459,2025-08-08 17:15:00+00:00,3.995,4.03,3.975,3.995,89170.0,risk_rising,leading,risk_on,0.07648848326814456,hold,hold,0,0,
3460,2025-08-08 17:30:00+00:00,3.995,4.135,3.985,4.1161,231485.0,risk_rising,leading,risk_on,0.33963494132985733,hold,hold,0,0,
3461,2025-08-08 17:45:00+00:00,4.12,4.15,4.075,4.11,186204.0,range_accumulation,leading,risk_on,0.3263798348544119,hold,hold,0,0,
3462,2025-08-08 18:00:00+00:00,4.1198,4.38,4.11,4.3209,533916.0,range_distribution,leading,risk_on,0.7846588439808779,hold,hold,0,0,
3463,2025-08-08 18:15:00+00:00,4.325,4.47,4.3203,4.3586,483798.0,range_distribution,leading,risk_on,0.7816542532340263,hold,hold,0,0,
3464,2025-08-08 18:30:00+00:00,4.35,4.48,4.33,4.4701,220159.0,breakout,leading,risk_on,0.9809688581314878,buy,buy,200,200,4.4701
3465,2025-08-08 18:45:00+00:00,4.475,4.6,4.4301,4.5,539093.0,breakout_setup,leading,risk_on,0.8437988128709782,hold,hold,0,200,
3466,2025-08-08 19:00:00+00:00,4.51,4.57,4.484,4.565,147229.0,breakout,leading,risk_on,0.9453295845048434,hold,hold,0,200,
3467,2025-08-08 19:15:00+00:00,4.565,4.6,4.53,4.565,193243.0,breakout,leading,risk_on,0.9453295845048434,hold,hold,0,200,
3468,2025-08-08 19:30:00+00:00,4.565,4.6,4.49,4.575,181866.0,breakout,leading,risk_on,0.9609497032177453,hold,hold,0,200,
3469,2025-08-08 19:45:00+00:00,4.578,4.745,4.5777,4.67,653239.0,breakout,leading,risk_on,0.9044829342842585,hold,hold,0,200,
3470,2025-08-08 20:00:00+00:00,4.665,4.685,4.58,4.63,546734.0,breakout,leading,risk_on,0.8535404992358632,hold,hold,0,200,
3471,2025-08-11 13:30:00+00:00,4.66,4.67,4.6,4.6328,95649.0,breakout,leading,neutral,0.8571064696892505,hold,hold,0,200,
3472,2025-08-11 13:45:00+00:00,4.6485,4.8,4.53,4.7699,633329.0,breakout,leading,neutral,0.9641751963818138,hold,hold,0,200,
3473,2025-08-11 14:00:00+00:00,4.77,4.81,4.61,4.7045,321724.0,breakout,leading,neutral,0.8759115502234777,hold,hold,0,200,
3474,2025-08-11 14:15:00+00:00,4.7092,4.86,4.625,4.6289,428118.0,pullback,leading,neutral,0.7432792712730499,hold,hold,0,200,
3475,2025-08-11 14:30:00+00:00,4.63,4.67,4.5,4.5388,238634.0,pullback,leading,neutral,0.6431904021328593,hold,hold,0,200,
3476,2025-08-11 14:45:00+00:00,4.535,4.64,4.505,4.5597,152290.0,trend_late,leading,neutral,0.6606779661016949,reduce,reduce,-200,0,4.5597
3477,2025-08-11 15:00:00+00:00,4.55,4.5926,4.46,4.58,191883.0,pullback,leading,neutral,0.6836158192090394,hold,hold,0,0,
3478,2025-08-11 15:15:00+00:00,4.59,4.7,4.525,4.68,97673.0,breakout_setup,leading,neutral,0.7966101694915247,hold,hold,0,0,
3479,2025-08-11 15:30:00+00:00,4.68,4.69,4.595,4.63,51839.0,trend_late,leading,neutral,0.7371428571428568,hold,hold,0,0,
3480,2025-08-11 15:45:00+00:00,4.635,4.7547,4.63,4.7298,142128.0,breakout_setup,leading,neutral,0.8341401273885347,hold,hold,0,0,
3481,2025-08-11 16:00:00+00:00,4.71,4.88,4.69,4.8,521639.0,breakout,leading,neutral,0.896103896103896,hold,hold,0,0,
3482,2025-08-11 16:15:00+00:00,4.8,4.9214,4.74,4.91,344950.0,breakout,leading,neutral,0.9810347695890865,hold,hold,0,0,
3483,2025-08-11 16:30:00+00:00,4.9048,5.2,4.85,5.1498,916818.0,breakout,leading,neutral,0.9422988505747124,hold,hold,0,0,
3484,2025-08-11 16:45:00+00:00,5.15,5.15,4.95,5.011,269996.0,breakout_setup,leading,neutral,0.7545135731913234,hold,hold,0,0,
3485,2025-08-11 17:00:00+00:00,5.0,5.095,4.98,5.065,155202.0,breakout_setup,leading,neutral,0.8175675675675679,hold,hold,0,0,
3486,2025-08-11 17:15:00+00:00,5.06,5.09,4.92,4.94,190854.0,pullback,leading,neutral,0.648648648648649,hold,hold,0,0,
3487,2025-08-11 17:30:00+00:00,4.935,4.9488,4.83,4.865,171792.0,pullback,leading,neutral,0.5472972972972975,hold,hold,0,0,
3488,2025-08-11 17:45:00+00:00,4.865,4.915,4.748,4.7999,207362.0,pullback,leading,neutral,0.4593243243243243,buy,buy,200,200,4.7999
3489,2025-08-11 18:00:00+00:00,4.785,4.88,4.78,4.8255,84241.0,pullback,leading,neutral,0.4939189189189187,hold,hold,0,200,
3490,2025-08-11 18:15:00+00:00,4.82,4.84,4.76,4.82,90168.0,pullback,leading,neutral,0.4864864864864868,hold,hold,0,200,
3491,2025-08-11 18:30:00+00:00,4.815,4.87,4.79,4.825,104883.0,pullback,leading,neutral,0.49324324324324337,hold,hold,0,200,
3492,2025-08-11 18:45:00+00:00,4.825,4.905,4.82,4.905,119482.0,trend_late,leading,neutral,0.6013513513513515,hold,hold,0,200,
3493,2025-08-11 19:00:00+00:00,4.9024,4.95,4.83,4.86,149575.0,trend_late,leading,neutral,0.5405405405405409,hold,hold,0,200,
3494,2025-08-11 19:15:00+00:00,4.852,4.95,4.845,4.89,79336.0,trend_late,leading,neutral,0.5810810810810805,hold,hold,0,200,
3495,2025-08-11 19:30:00+00:00,4.8851,4.95,4.86,4.905,145966.0,trend_late,leading,neutral,0.6013513513513515,hold,hold,0,200,
3496,2025-08-11 19:45:00+00:00,4.905,4.915,4.8636,4.865,120555.0,trend_late,leading,neutral,0.5472972972972975,hold,hold,0,200,
3497,2025-08-11 20:00:00+00:00,4.87,4.93,4.86,4.92,248306.0,range_neutral,leading,neutral,0.5851851851851847,hold,hold,0,200,
3498,2025-08-12 13:30:00+00:00,4.92,4.97,4.92,4.9366,45335.0,range_neutral,weak,risk_on,0.5646280991735543,hold,hold,0,200,
3499,2025-08-12 13:45:00+00:00,4.96,5.1,4.76,4.98,808708.0,range_neutral,weak,risk_on,0.6140350877192988,hold,hold,0,200,
3500,2025-08-12 14:00:00+00:00,4.95,5.0999,4.84,5.0,483527.0,range_neutral,weak,risk_on,0.6078431372549015,hold,hold,0,200,
3501,2025-08-12 14:15:00+00:00,5.0,5.08,4.905,5.0,437086.0,pullback,weak,risk_on,0.5652173913043474,hold,hold,0,200,
3502,2025-08-12 14:30:00+00:00,4.9923,5.01,4.93,4.96,163742.0,pullback,weak,risk_on,0.4690265486725658,hold,hold,0,200,
3503,2025-08-12 14:45:00+00:00,4.95,4.96,4.89,4.93,258987.0,pullback,weak,risk_on,0.4527363184079588,hold,hold,0,200,
3504,2025-08-12 15:00:00+00:00,4.93,4.95,4.8,4.825,149748.0,trend_late,weak,risk_on,0.21875000000000025,reduce,reduce,-200,0,4.825
3505,2025-08-12 15:15:00+00:00,4.825,4.88,4.81,4.84,191228.0,trend_late,weak,risk_on,0.26136363636363574,hold,hold,0,0,
3506,2025-08-12 15:30:00+00:00,4.832,4.8399,4.735,4.81,314395.0,trend_late,weak,risk_on,0.20547945205479295,hold,hold,0,0,
3507,2025-08-12 15:45:00+00:00,4.8,5.02,4.7826,4.97,297936.0,pullback,weak,risk_on,0.6438356164383559,hold,hold,0,0,
3508,2025-08-12 16:00:00+00:00,4.975,4.98,4.83,4.865,162638.0,trend_late,weak,risk_on,0.3561643835616442,hold,hold,0,0,
3509,2025-08-12 16:15:00+00:00,4.875,4.88,4.8,4.8272,131239.0,trend_late,weak,risk_on,0.25260273972602804,hold,hold,0,0,
3510,2025-08-12 16:30:00+00:00,4.82,4.85,4.77,4.82,96132.0,risk_rising,weak,risk_on,0.23287671232876744,hold,hold,0,0,
3511,2025-08-12 16:45:00+00:00,4.82,4.855,4.775,4.8,95926.0,risk_rising,weak,risk_on,0.17808219178082088,hold,hold,0,0,
3512,2025-08-12 17:00:00+00:00,4.81,4.9275,4.81,4.905,127824.0,risk_rising,weak,risk_on,0.4657534246575349,hold,hold,0,0,
3513,2025-08-12 17:15:00+00:00,4.91,4.985,4.8986,4.96,129855.0,range_neutral,weak,risk_on,0.6164383561643837,hold,hold,0,0,
3514,2025-08-12 17:30:00+00:00,4.9799,5.005,4.92,4.95,67705.0,range_neutral,weak,risk_on,0.5890410958904116,hold,hold,0,0,
3515,2025-08-12 17:45:00+00:00,4.96,4.995,4.925,4.925,60486.0,range_neutral,weak,risk_on,0.5205479452054791,hold,hold,0,0,
3516,2025-08-12 18:00:00+00:00,4.92,4.93,4.84,4.9,140962.0,range_neutral,weak,risk_on,0.45205479452054886,hold,hold,0,0,
3517,2025-08-12 18:15:00+00:00,4.9,4.9,4.8292,4.89,123194.0,risk_rising,weak,risk_on,0.4246575342465744,hold,hold,0,0,
3518,2025-08-12 18:30:00+00:00,4.9023,4.9023,4.83,4.84,73476.0,risk_rising,weak,risk_on,0.2876712328767116,hold,hold,0,0,
3519,2025-08-12 18:45:00+00:00,4.8419,4.86,4.82,4.855,33180.0,range_accumulation,weak,risk_on,0.3288572211564819,hold,hold,0,0,
3520,2025-08-12 19:00:00+00:00,4.855,4.88,4.835,4.845,52824.0,pullback,weak,risk_on,0.3188405797101435,buy,hold,0,0,
3521,2025-08-12 19:15:00+00:00,4.845,4.86,4.83,4.85,34567.0,pullback,weak,risk_on,0.40350877192982326,hold,hold,0,0,
3522,2025-08-12 19:30:00+00:00,4.85,4.9,4.85,4.895,36296.0,trend_late,weak,risk_on,0.5614035087719287,hold,hold,0,0,
3523,2025-08-12 19:45:00+00:00,4.8914,4.92,4.84,4.8419,66125.0,trend_late,weak,risk_on,0.375087719298245,hold,hold,0,0,
3524,2025-08-12 20:00:00+00:00,4.84,4.88,4.83,4.845,185160.0,risk_rising,weak,risk_on,0.3859649122807008,hold,hold,0,0,
3525,2025-08-13 13:30:00+00:00,4.86,4.8999,4.85,4.89,90442.0,risk_rising,mixed,risk_on,0.5438596491228062,reduce,hold,0,0,
3526,2025-08-13 13:45:00+00:00,4.89,5.38,4.84,5.06,807482.0,range_neutral,mixed,risk_on,0.4754098360655736,hold,hold,0,0,
3527,2025-08-13 14:00:00+00:00,5.0478,5.1696,5.01,5.06,396872.0,pullback,mixed,risk_on,0.4754098360655736,hold,hold,0,0,
3528,2025-08-13 14:15:00+00:00,5.0712,5.08,4.96,5.035,254508.0,pullback,mixed,risk_on,0.4344262295081974,hold,hold,0,0,
3529,2025-08-13 14:30:00+00:00,5.0447,5.08,4.97,5.02,99221.0,pullback,mixed,risk_on,0.4098360655737703,hold,hold,0,0,
3530,2025-08-13 14:45:00+00:00,5.03,5.08,4.95,4.97,183280.0,pullback,mixed,risk_on,0.3223140495867761,hold,hold,0,0,
3531,2025-08-13 15:00:00+00:00,4.96,4.96,4.8,4.8644,285546.0,pullback,mixed,risk_on,0.1110344827586207,hold,hold,0,0,
3532,2025-08-13 15:15:00+00:00,4.8699,4.91,4.75,4.76,175000.0,trend_late,mixed,risk_on,0.01587301587301554,hold,hold,0,0,
3533,2025-08-13 15:30:00+00:00,4.76,4.81,4.72,4.76,103942.0,trend_late,mixed,risk_on,0.06060606060606065,hold,hold,0,0,
3534,2025-08-13 15:45:00+00:00,4.76,4.81,4.72,4.79,129701.0,trend_late,mixed,risk_on,0.10606060606060647,hold,hold,0,0,
3535,2025-08-13 16:00:00+00:00,4.8068,4.87,4.76,4.765,140754.0,trend_late,mixed,risk_on,0.06818181818181807,hold,hold,0,0,
3536,2025-08-13 16:15:00+00:00,4.765,4.7898,4.73,4.755,108265.0,risk_rising,mixed,risk_on,0.05303030303030323,hold,hold,0,0,
3537,2025-08-13 16:30:00+00:00,4.7501,4.78,4.72,4.74,111173.0,risk_rising,mixed,risk_on,0.030303030303030998,hold,hold,0,0,
3538,2025-08-13 16:45:00+00:00,4.745,4.78,4.685,4.71,178788.0,risk_rising,mixed,risk_on,0.03597122302158323,hold,hold,0,0,
3539,2025-08-13 17:00:00+00:00,4.71,4.71,4.665,4.69,127290.0,risk_rising,mixed,risk_on,0.03496503496503547,hold,hold,0,0,
3540,2025-08-13 17:15:00+00:00,4.7,4.72,4.665,4.695,71632.0,risk_rising,mixed,risk_on,0.041958041958042314,hold,hold,0,0,
3541,2025-08-13 17:30:00+00:00,4.6999,4.75,4.675,4.725,65366.0,risk_rising,mixed,risk_on,0.08391608391608339,hold,hold,0,0,
3542,2025-08-13 17:45:00+00:00,4.725,4.805,4.69,4.8,72766.0,range_accumulation,mixed,risk_on,0.18881118881118855,buy,hold,0,0,
3543,2025-08-13 18:00:00+00:00,4.8,4.84,4.78,4.8,70714.0,range_accumulation,mixed,risk_on,0.18881118881118855,hold,hold,0,0,
3544,2025-08-13 18:15:00+00:00,4.7937,4.795,4.72,4.7374,49819.0,risk_rising,mixed,risk_on,0.1012587412587413,hold,hold,0,0,
3545,2025-08-13 18:30:00+00:00,4.74,4.75,4.715,4.735,63241.0,risk_rising,mixed,risk_on,0.09790209790209832,hold,hold,0,0,
3546,2025-08-13 18:45:00+00:00,4.738,4.79,4.7,4.785,74641.0,range_accumulation,mixed,risk_on,0.2378121284185496,hold,hold,0,0,
3547,2025-08-13 19:00:00+00:00,4.7844,5.1,4.765,5.01,647730.0,range_distribution,mixed,risk_on,0.7931034482758622,hold,hold,0,0,
3548,2025-08-13 19:15:00+00:00,5.01,5.05,4.87,4.88,322747.0,range_neutral,mixed,risk_on,0.4942528735632185,hold,hold,0,0,
3549,2025-08-13 19:30:00+00:00,4.88,5.02,4.82,4.935,196152.0,pullback,mixed,risk_on,0.6206896551724134,hold,hold,0,0,
3550,2025-08-13 19:45:00+00:00,4.93,4.955,4.875,4.905,112808.0,pullback,mixed,risk_on,0.5517241379310355,hold,hold,0,0,
3551,2025-08-13 20:00:00+00:00,4.905,4.98,4.905,4.97,276057.0,pullback,mixed,risk_on,0.7011494252873564,hold,hold,0,0,
3552,2025-08-14 13:30:00+00:00,4.71,4.84,4.69,4.8,196881.0,pullback,weak,neutral,0.3103448275862067,hold,hold,0,0,
3553,2025-08-14 13:45:00+00:00,4.82,5.14,4.8086,5.02,429945.0,pullback,weak,neutral,0.7473684210526311,hold,hold,0,0,
3554,2025-08-14 14:00:00+00:00,5.0241,5.175,4.97,5.165,226227.0,breakout,weak,neutral,0.9803921568627455,hold,hold,0,0,
3555,2025-08-14 14:15:00+00:00,5.1714,5.4,5.1545,5.17,723899.0,pullback,weak,neutral,0.6870748299319723,hold,hold,0,0,
3556,2025-08-14 14:30:00+00:00,5.17,5.31,5.055,5.15,312991.0,pullback,weak,neutral,0.6598639455782315,hold,hold,0,0,
3557,2025-08-14 14:45:00+00:00,5.153,5.3,5.14,5.2235,148687.0,breakout_setup,weak,neutral,0.7598639455782303,hold,hold,0,0,
3558,2025-08-14 15:00:00+00:00,5.24,5.25,5.11,5.155,83631.0,pullback,weak,neutral,0.6666666666666666,hold,hold,0,0,
3559,2025-08-14 15:15:00+00:00,5.1651,5.23,5.14,5.1599,130688.0,pullback,weak,neutral,0.6733333333333335,hold,hold,0,0,
3560,2025-08-14 15:30:00+00:00,5.15,5.168,5.0601,5.13,149264.0,pullback,weak,neutral,0.6275862068965513,hold,hold,0,0,
3561,2025-08-14 15:45:00+00:00,5.13,5.13,5.04,5.1,228817.0,pullback,weak,neutral,0.5774647887323934,hold,hold,0,0,
3562,2025-08-14 16:00:00+00:00,5.105,5.25,5.1,5.17,183552.0,pullback,weak,neutral,0.6760563380281684,hold,hold,0,0,
3563,2025-08-14 16:15:00+00:00,5.16,5.165,5.1,5.13,83802.0,pullback,weak,neutral,0.6197183098591542,hold,hold,0,0,
3564,2025-08-14 16:30:00+00:00,5.13,5.1755,5.0901,5.14,105299.0,trend_late,weak,neutral,0.6338028169014075,reduce,hold,0,0,
3565,2025-08-14 16:45:00+00:00,5.14,5.175,5.1,5.1044,52803.0,trend_late,weak,neutral,0.5836619718309854,hold,hold,0,0,
3566,2025-08-14 17:00:00+00:00,5.11,5.17,5.1,5.17,132963.0,pullback,weak,neutral,0.6760563380281684,hold,hold,0,0,
3567,2025-08-14 17:15:00+00:00,5.16,5.21,5.15,5.185,86268.0,trend_late,weak,neutral,0.6971830985915483,hold,hold,0,0,
3568,2025-08-14 17:30:00+00:00,5.1951,5.27,5.18,5.245,207033.0,breakout_setup,weak,neutral,0.78169014084507,hold,hold,0,0,
3569,2025-08-14 17:45:00+00:00,5.2401,5.33,5.2401,5.31,136241.0,breakout,weak,neutral,0.8732394366197173,hold,hold,0,0,
3570,2025-08-14 18:00:00+00:00,5.32,5.73,5.3,5.64,1226571.0,breakout,weak,neutral,0.9134615384615378,hold,hold,0,0,
3571,2025-08-14 18:15:00+00:00,5.64,5.72,5.53,5.68,317252.0,breakout,weak,neutral,0.9519230769230762,hold,hold,0,0,
3572,2025-08-14 18:30:00+00:00,5.68,5.71,5.6,5.67,237093.0,breakout,weak,neutral,0.9348817017581935,hold,hold,0,0,
3573,2025-08-14 18:45:00+00:00,5.6671,5.83,5.58,5.81,323950.0,breakout,weak,neutral,0.9767441860465111,hold,hold,0,0,
3574,2025-08-14 19:00:00+00:00,5.8246,5.9141,5.75,5.845,574869.0,breakout,weak,neutral,0.9209472600388965,hold,hold,0,0,
3575,2025-08-14 19:15:00+00:00,5.845,5.89,5.6,5.845,490321.0,breakout,weak,neutral,0.9209472600388965,hold,hold,0,0,
3576,2025-08-14 19:30:00+00:00,5.85,5.94,5.81,5.825,295574.0,breakout,weak,neutral,0.872222222222222,hold,hold,0,0,
3577,2025-08-14 19:45:00+00:00,5.82,5.87,5.765,5.82,320659.0,breakout,weak,neutral,0.8666666666666666,hold,hold,0,0,
3578,2025-08-14 20:00:00+00:00,5.82,5.89,5.77,5.86,839870.0,breakout,weak,neutral,0.9111111111111111,hold,hold,0,0,
3579,2025-08-15 13:30:00+00:00,5.87,6.03,5.86,6.03,114232.0,breakout,leading,neutral,1.0,buy,buy,200,200,6.03
3580,2025-08-15 13:45:00+00:00,6.03,6.07,5.64,5.7,902757.0,pullback,leading,neutral,0.6407766990291262,hold,hold,0,200,
3581,2025-08-15 14:00:00+00:00,5.68,5.8475,5.65,5.7795,261539.0,pullback,leading,neutral,0.7035411776711905,hold,hold,0,200,
3582,2025-08-15 14:15:00+00:00,5.79,5.83,5.72,5.78,127612.0,pullback,leading,neutral,0.7040514338197776,hold,hold,0,200,
3583,2025-08-15 14:30:00+00:00,5.78,5.79,5.68,5.6901,100887.0,trend_late,leading,neutral,0.6123073783039087,hold,hold,0,200,
3584,2025-08-15 14:45:00+00:00,5.695,5.74,5.66,5.68,72495.0,trend_late,leading,neutral,0.5979381443298966,hold,hold,0,200,
3585,2025-08-15 15:00:00+00:00,5.66,5.755,5.65,5.75,66204.0,trend_late,leading,neutral,0.6701030927835051,hold,hold,0,200,
3586,2025-08-15 15:15:00+00:00,5.7599,5.89,5.73,5.75,138671.0,trend_late,leading,neutral,0.6521739130434779,hold,hold,0,200,
3587,2025-08-15 15:30:00+00:00,5.75,5.78,5.7,5.7147,77602.0,trend_late,leading,neutral,0.6007865168539321,hold,hold,0,200,
3588,2025-08-15 15:45:00+00:00,5.72,5.78,5.61,5.68,146746.0,trend_late,leading,neutral,0.5300638631160376,hold,hold,0,200,
3589,2025-08-15 16:00:00+00:00,5.679,5.74,5.65,5.71,82185.0,risk_rising,leading,neutral,0.5324675324675323,hold,hold,0,200,
3590,2025-08-15 16:15:00+00:00,5.7262,5.7262,5.6732,5.68,29367.0,risk_rising,leading,neutral,0.2777777777777768,hold,hold,0,200,
3591,2025-08-15 16:30:00+00:00,5.68,5.7,5.635,5.64,65600.0,risk_rising,leading,neutral,0.12244897959183589,reduce,reduce,-200,0,5.64
3592,2025-08-15 16:45:00+00:00,5.64,5.68,5.635,5.6499,20926.0,risk_rising,leading,neutral,0.14265306122448898,hold,hold,0,0,
3593,2025-08-15 17:00:00+00:00,5.65,5.7127,5.64,5.7,23374.0,range_accumulation,leading,neutral,0.21276595744680935,hold,hold,0,0,
3594,2025-08-15 17:15:00+00:00,5.7,5.84,5.695,5.8336,58567.0,range_neutral,leading,neutral,0.4970212765957441,hold,hold,0,0,
3595,2025-08-15 17:30:00+00:00,5.8313,6.05,5.81,6.04,442204.0,range_distribution,leading,neutral,0.9347826086956517,hold,hold,0,0,
3596,2025-08-15 17:45:00+00:00,6.045,6.0658,5.98,6.05,144369.0,range_distribution,leading,neutral,0.9565217391304338,hold,hold,0,0,
3597,2025-08-15 18:00:00+00:00,6.045,6.07,5.93,6.06,129785.0,breakout,leading,neutral,0.978260869565216,hold,hold,0,0,
3598,2025-08-15 18:15:00+00:00,6.06,6.06,5.9557,5.98,71745.0,breakout_setup,leading,neutral,0.8043478260869568,hold,hold,0,0,
3599,2025-08-15 18:30:00+00:00,5.975,6.03,5.95,5.97,65916.0,breakout_setup,leading,neutral,0.7826086956521727,hold,hold,0,0,
3600,2025-08-15 18:45:00+00:00,5.9749,6.02,5.9131,5.93,55458.0,pullback,leading,neutral,0.6956521739130422,hold,hold,0,0,
3601,2025-08-15 19:00:00+00:00,5.93,5.95,5.87,5.88,97172.0,pullback,leading,neutral,0.5869565217391296,hold,hold,0,0,
3602,2025-08-15 19:15:00+00:00,5.88,5.9398,5.85,5.93,37556.0,pullback,leading,neutral,0.6956521739130422,hold,hold,0,0,
3603,2025-08-15 19:30:00+00:00,5.93,5.935,5.875,5.91,32652.0,pullback,leading,neutral,0.6521739130434779,buy,hold,0,0,
3604,2025-08-15 19:45:00+00:00,5.915,5.935,5.85,5.9,54820.0,pullback,leading,neutral,0.6304347826086958,hold,hold,0,0,
3605,2025-08-15 20:00:00+00:00,5.895,5.95,5.83,5.84,201310.0,trend_late,leading,neutral,0.49999999999999906,hold,hold,0,0,
3606,2025-08-18 13:30:00+00:00,5.84,5.89,5.81,5.865,56412.0,trend_late,leading,neutral,0.5543478260869563,reduce,hold,0,0,
3607,2025-08-18 13:45:00+00:00,5.87,5.87,5.55,5.6553,381798.0,trend_late,leading,neutral,0.202500000000001,hold,hold,0,0,
3608,2025-08-18 14:00:00+00:00,5.639,5.649,5.36,5.37,479090.0,risk_rising,leading,neutral,0.014084507042253221,hold,hold,0,0,
3609,2025-08-18 14:15:00+00:00,5.38,5.5,5.37,5.4442,285712.0,risk_rising,leading,neutral,0.11859154929577473,hold,hold,0,0,
3610,2025-08-18 14:30:00+00:00,5.4499,5.5,5.39,5.46,172935.0,risk_rising,leading,neutral,0.14084507042253472,hold,hold,0,0,
3611,2025-08-18 14:45:00+00:00,5.45,5.5,5.405,5.42,105077.0,risk_rising,leading,neutral,0.08450704225352058,hold,hold,0,0,
3612,2025-08-18 15:00:00+00:00,5.4101,5.55,5.39,5.52,92927.0,risk_rising,leading,neutral,0.2253521126760553,hold,hold,0,0,
3613,2025-08-18 15:15:00+00:00,5.53,5.63,5.5,5.5299,184111.0,risk_rising,leading,neutral,0.23929577464788632,hold,hold,0,0,
3614,2025-08-18 15:30:00+00:00,5.53,5.59,5.5283,5.56,63028.0,risk_rising,leading,neutral,0.28169014084506944,hold,hold,0,0,
3615,2025-08-18 15:45:00+00:00,5.5519,5.6,5.545,5.5699,96138.0,risk_rising,leading,neutral,0.29563380281690044,hold,hold,0,0,
3616,2025-08-18 16:00:00+00:00,5.56,5.65,5.545,5.625,36349.0,risk_rising,leading,neutral,0.37323943661971787,hold,hold,0,0,
3617,2025-08-18 16:15:00+00:00,5.6201,5.63,5.575,5.6002,72358.0,risk_rising,leading,neutral,0.34314285714285714,hold,hold,0,0,
3618,2025-08-18 16:30:00+00:00,5.6054,5.625,5.56,5.62,68882.0,range_neutral,leading,neutral,0.38805970149253705,hold,hold,0,0,
3619,2025-08-18 16:45:00+00:00,5.62,5.65,5.585,5.65,95213.0,range_neutral,leading,neutral,0.43939393939393995,hold,hold,0,0,
3620,2025-08-18 17:00:00+00:00,5.65,5.7,5.62,5.7,127389.0,range_neutral,leading,neutral,0.5762711864406779,hold,hold,0,0,
3621,2025-08-18 17:15:00+00:00,5.7,5.845,5.7,5.835,94379.0,range_distribution,leading,neutral,0.8050847457627115,hold,hold,0,0,
3622,2025-08-18 17:30:00+00:00,5.83,6.1,5.83,5.95,357500.0,breakout_setup,leading,neutral,0.7972972972972978,buy,hold,0,0,
3623,2025-08-18 17:45:00+00:00,5.9403,6.09,5.852,5.88,232348.0,pullback,leading,neutral,0.7027027027027027,hold,hold,0,0,
3624,2025-08-18 18:00:00+00:00,5.885,6.17,5.88,6.11,223133.0,breakout,leading,neutral,0.9259259259259264,hold,hold,0,0,
3625,2025-08-18 18:15:00+00:00,6.12,6.2461,6.05,6.22,353377.0,breakout,leading,neutral,0.9705450852048296,hold,hold,0,0,
3626,2025-08-18 18:30:00+00:00,6.23,6.255,6.11,6.23,318748.0,breakout,leading,neutral,0.9720670391061458,hold,hold,0,0,
3627,2025-08-18 18:45:00+00:00,6.26,6.34,6.22,6.24,290568.0,breakout,leading,neutral,0.8979591836734697,hold,hold,0,0,
3628,2025-08-18 19:00:00+00:00,6.24,6.3,6.17,6.2872,233598.0,breakout,leading,neutral,0.9455670103092788,hold,hold,0,0,
3629,2025-08-18 19:15:00+00:00,6.275,6.275,6.07,6.15,200388.0,breakout_setup,leading,neutral,0.8000000000000006,hold,hold,0,0,
3630,2025-08-18 19:30:00+00:00,6.15,6.21,6.0899,6.17,151610.0,breakout_setup,leading,neutral,0.8210526315789475,hold,hold,0,0,
3631,2025-08-18 19:45:00+00:00,6.17,6.17,6.045,6.045,130859.0,pullback,leading,neutral,0.6894736842105265,hold,hold,0,0,
3632,2025-08-18 20:00:00+00:00,6.045,6.16,6.045,6.15,245576.0,breakout_setup,leading,neutral,0.7738095238095244,hold,hold,0,0,
3633,2025-08-19 13:30:00+00:00,6.03,6.1,6.03,6.06,38096.0,pullback,mixed,neutral,0.6550449673524699,hold,hold,0,0,
3634,2025-08-19 13:45:00+00:00,6.042,6.0833,5.79,5.835,302942.0,trend_late,mixed,neutral,0.36477987421383656,reduce,hold,0,0,
3635,2025-08-19 14:00:00+00:00,5.848,5.8999,5.75,5.859,201717.0,trend_late,mixed,neutral,0.39496855345911963,hold,hold,0,0,
3636,2025-08-19 14:15:00+00:00,5.87,5.98,5.8376,5.91,305392.0,trend_late,mixed,neutral,0.44871794871794923,hold,hold,0,0,
3637,2025-08-19 14:30:00+00:00,5.92,5.94,5.63,5.6351,473919.0,trend_late,mixed,neutral,0.09628205128205232,hold,hold,0,0,
3638,2025-08-19 14:45:00+00:00,5.635,5.77,5.6,5.66,425600.0,risk_rising,mixed,neutral,0.0993377483443711,hold,hold,0,0,
3639,2025-08-19 15:00:00+00:00,5.66,5.83,5.65,5.745,236339.0,risk_rising,mixed,neutral,0.19594594594594653,hold,hold,0,0,
3640,2025-08-19 15:15:00+00:00,5.745,5.76,5.68,5.7541,82515.0,risk_rising,mixed,neutral,0.20824324324324395,hold,hold,0,0,
3641,2025-08-19 15:30:00+00:00,5.75,5.8153,5.73,5.76,123650.0,risk_rising,mixed,neutral,0.21621621621621634,hold,hold,0,0,
3642,2025-08-19 15:45:00+00:00,5.7707,5.8,5.74,5.7699,53789.0,risk_rising,mixed,neutral,0.22959459459459475,hold,hold,0,0,
3643,2025-08-19 16:00:00+00:00,5.77,5.815,5.715,5.8,47069.0,risk_rising,mixed,neutral,0.27027027027027045,hold,hold,0,0,
3644,2025-08-19 16:15:00+00:00,5.8,5.8008,5.68,5.7,95816.0,risk_rising,mixed,neutral,0.1351351351351358,hold,hold,0,0,
3645,2025-08-19 16:30:00+00:00,5.69,5.6998,5.654,5.6616,47331.0,risk_rising,mixed,neutral,0.08324324324324366,hold,hold,0,0,
3646,2025-08-19 16:45:00+00:00,5.66,5.67,5.58,5.63,380528.0,risk_rising,mixed,neutral,0.06578947368421031,hold,hold,0,0,
3647,2025-08-19 17:00:00+00:00,5.64,5.68,5.58,5.63,168976.0,risk_rising,mixed,neutral,0.06944444444444423,hold,hold,0,0,
3648,2025-08-19 17:15:00+00:00,5.62,5.79,5.58,5.78,203503.0,range_accumulation,mixed,neutral,0.287769784172662,buy,buy,200,200,5.78
3649,2025-08-19 17:30:00+00:00,5.78,5.785,5.62,5.7,123353.0,risk_rising,mixed,neutral,0.1904761904761907,hold,hold,0,200,
3650,2025-08-19 17:45:00+00:00,5.7065,5.73,5.65,5.67,61021.0,risk_rising,mixed,neutral,0.15254237288135572,hold,hold,0,200,
3651,2025-08-19 18:00:00+00:00,5.66,5.7474,5.6403,5.7136,58479.0,risk_rising,mixed,neutral,0.230344827586206,hold,hold,0,200,
3652,2025-08-19 18:15:00+00:00,5.715,5.7172,5.67,5.67,74226.0,risk_rising,mixed,neutral,0.17307692307692293,hold,hold,0,200,
3653,2025-08-19 18:30:00+00:00,5.6754,5.745,5.65,5.735,51320.0,risk_rising,mixed,neutral,0.3079674150606003,hold,hold,0,200,
3654,2025-08-19 18:45:00+00:00,5.735,5.77,5.7,5.77,68383.0,range_neutral,mixed,neutral,0.4749999999999983,hold,hold,0,200,
3655,2025-08-19 19:00:00+00:00,5.77,5.79,5.745,5.76,56769.0,range_neutral,mixed,neutral,0.4499999999999989,hold,hold,0,200,
3656,2025-08-19 19:15:00+00:00,5.7501,5.7501,5.635,5.66,89061.0,range_accumulation,mixed,neutral,0.2222222222222222,hold,hold,0,200,
3657,2025-08-19 19:30:00+00:00,5.6675,5.745,5.655,5.735,24476.0,pullback,mixed,neutral,0.620000000000001,hold,hold,0,200,
3658,2025-08-19 19:45:00+00:00,5.735,5.785,5.72,5.725,142310.0,risk_rising,mixed,neutral,0.5799999999999983,hold,hold,0,200,
3659,2025-08-19 20:00:00+00:00,5.7246,5.745,5.665,5.71,261156.0,range_neutral,mixed,neutral,0.5524861878453043,hold,hold,0,200,
3660,2025-08-20 13:30:00+00:00,5.545,5.545,5.423,5.5,55243.0,risk_rising,weak,neutral,0.19627835839918437,reduce,reduce,-200,0,5.5
3661,2025-08-20 13:45:00+00:00,5.4701,5.77,5.4701,5.59,173607.0,risk_rising,weak,neutral,0.4260204081632645,hold,hold,0,0,
3662,2025-08-20 14:00:00+00:00,5.572,5.5889,5.44,5.55,210866.0,risk_rising,weak,neutral,0.32397959183673386,hold,hold,0,0,
3663,2025-08-20 14:15:00+00:00,5.5452,5.67,5.5452,5.61,188304.0,risk_rising,weak,neutral,0.4949708840656443,hold,hold,0,0,
3664,2025-08-20 14:30:00+00:00,5.6173,5.66,5.575,5.6175,61811.0,risk_rising,weak,neutral,0.5299727520435958,hold,hold,0,0,
3665,2025-08-20 14:45:00+00:00,5.6079,5.65,5.55,5.59,159955.0,risk_rising,weak,neutral,0.4550408719346044,hold,hold,0,0,
3666,2025-08-20 15:00:00+00:00,5.585,5.61,5.52,5.5559,53235.0,risk_rising,weak,neutral,0.3621253405994557,hold,hold,0,0,
3667,2025-08-20 15:15:00+00:00,5.57,5.685,5.55,5.645,93405.0,risk_rising,weak,neutral,0.6049046321525873,hold,hold,0,0,
3668,2025-08-20 15:30:00+00:00,5.65,5.76,5.62,5.69,121600.0,risk_rising,weak,neutral,0.7275204359673034,hold,hold,0,0,
3669,2025-08-20 15:45:00+00:00,5.69,5.76,5.675,5.725,66064.0,range_distribution,weak,neutral,0.8228882833787455,hold,hold,0,0,
3670,2025-08-20 16:00:00+00:00,5.72,5.72,5.58,5.59,98791.0,range_neutral,weak,neutral,0.4550408719346044,hold,hold,0,0,
3671,2025-08-20 16:15:00+00:00,5.61,5.6298,5.54,5.61,80888.0,range_neutral,weak,neutral,0.5095367847411452,hold,hold,0,0,
3672,2025-08-20 16:30:00+00:00,5.6133,5.655,5.6,5.655,26354.0,range_neutral,weak,neutral,0.6321525885558589,hold,hold,0,0,
3673,2025-08-20 16:45:00+00:00,5.655,5.6708,5.61,5.6524,37203.0,range_neutral,weak,neutral,0.6250681198910083,hold,hold,0,0,
3674,2025-08-20 17:00:00+00:00,5.66,5.69,5.6,5.6884,48263.0,range_distribution,weak,neutral,0.7231607629427783,hold,hold,0,0,
3675,2025-08-20 17:15:00+00:00,5.6816,5.69,5.66,5.67,16501.0,pullback,weak,neutral,0.6823204419889498,buy,hold,0,0,
3676,2025-08-20 17:30:00+00:00,5.67,5.7,5.64,5.685,33444.0,pullback,weak,neutral,0.7237569060773467,hold,hold,0,0,
3677,2025-08-20 17:45:00+00:00,5.69,5.71,5.682,5.698,25380.0,breakout_setup,weak,neutral,0.7596685082872936,hold,hold,0,0,
3678,2025-08-20 18:00:00+00:00,5.695,5.725,5.6,5.6,52201.0,trend_late,weak,neutral,0.5100864553314116,hold,hold,0,0,
3679,2025-08-20 18:15:00+00:00,5.59,5.6,5.545,5.57,64707.0,trend_late,weak,neutral,0.4236311239193096,hold,hold,0,0,
3680,2025-08-20 18:30:00+00:00,5.569,5.645,5.56,5.625,79789.0,pullback,weak,neutral,0.5606060606060608,hold,hold,0,0,
3681,2025-08-20 18:45:00+00:00,5.62,5.67,5.62,5.665,41471.0,pullback,weak,neutral,0.7031250000000002,hold,hold,0,0,
3682,2025-08-20 19:00:00+00:00,5.67,5.6999,5.67,5.69,19457.0,pullback,weak,neutral,0.7083333333333361,hold,hold,0,0,
3683,2025-08-20 19:15:00+00:00,5.69,5.7999,5.69,5.7977,108787.0,breakout,weak,neutral,0.9921400500178628,hold,hold,0,0,
3684,2025-08-20 19:30:00+00:00,5.795,5.87,5.74,5.795,270795.0,breakout_setup,weak,neutral,0.7857142857142856,hold,hold,0,0,
3685,2025-08-20 19:45:00+00:00,5.7937,5.835,5.7735,5.8016,86843.0,breakout_setup,weak,neutral,0.8045714285714276,hold,hold,0,0,
3686,2025-08-20 20:00:00+00:00,5.8,5.83,5.76,5.82,284569.0,breakout_setup,weak,neutral,0.8484848484848491,hold,hold,0,0,
3687,2025-08-21 13:30:00+00:00,5.79,5.79,5.7398,5.7398,23513.0,pullback,mixed,neutral,0.6054545454545446,hold,hold,0,0,
3688,2025-08-21 13:45:00+00:00,5.74,6.04,5.7193,5.775,259390.0,pullback,mixed,neutral,0.47000000000000064,hold,hold,0,0,
3689,2025-08-21 14:00:00+00:00,5.785,5.92,5.74,5.88,94327.0,pullback,mixed,neutral,0.6799999999999997,hold,hold,0,0,
3690,2025-08-21 14:15:00+00:00,5.86,6.1,5.86,6.0,245765.0,breakout_setup,mixed,neutral,0.821428571428572,hold,hold,0,0,
3691,2025-08-21 14:30:00+00:00,5.99,6.09,5.86,5.9,173443.0,pullback,mixed,neutral,0.6396396396396408,hold,hold,0,0,
3692,2025-08-21 14:45:00+00:00,5.89,5.915,5.83,5.91,77292.0,pullback,mixed,neutral,0.6576576576576584,hold,hold,0,0,
3693,2025-08-21 15:00:00+00:00,5.91,5.94,5.82,5.83,43519.0,pullback,mixed,neutral,0.513513513513514,hold,hold,0,0,
3694,2025-08-21 15:15:00+00:00,5.83,5.8333,5.76,5.7972,47743.0,pullback,mixed,neutral,0.454414414414415,hold,hold,0,0,
3695,2025-08-21 15:30:00+00:00,5.81,5.94,5.8,5.935,34124.0,pullback,mixed,neutral,0.7027027027027025,hold,hold,0,0,
3696,2025-08-21 15:45:00+00:00,5.93,5.97,5.87,5.88,55866.0,pullback,mixed,neutral,0.6036036036036039,hold,hold,0,0,
3697,2025-08-21 16:00:00+00:00,5.88,5.88,5.79,5.79,34523.0,pullback,mixed,neutral,0.4414414414414419,hold,hold,0,0,
3698,2025-08-21 16:15:00+00:00,5.79,5.79,5.67,5.71,89805.0,trend_late,mixed,neutral,0.29729729729729754,reduce,hold,0,0,
3699,2025-08-21 16:30:00+00:00,5.71,5.715,5.63,5.6726,77898.0,trend_late,mixed,neutral,0.20851851851851938,hold,hold,0,0,
3700,2025-08-21 16:45:00+00:00,5.66,5.69,5.64,5.685,34879.0,trend_late,mixed,neutral,0.13541666666666577,hold,hold,0,0,
3701,2025-08-21 17:00:00+00:00,5.68,5.6873,5.55,5.58,93086.0,risk_rising,mixed,neutral,0.054545454545455015,hold,hold,0,0,
3702,2025-08-21 17:15:00+00:00,5.6,5.61,5.52,5.5442,81540.0,risk_rising,mixed,neutral,0.04172413793103524,hold,hold,0,0,
3703,2025-08-21 17:30:00+00:00,5.54,5.64,5.53,5.63,113192.0,risk_rising,mixed,neutral,0.18965517241379362,hold,hold,0,0,
3704,2025-08-21 17:45:00+00:00,5.62,5.6503,5.61,5.63,17926.0,risk_rising,mixed,neutral,0.18965517241379362,hold,hold,0,0,
3705,2025-08-21 18:00:00+00:00,5.625,5.645,5.5619,5.5742,44692.0,risk_rising,mixed,neutral,0.09344827586207015,hold,hold,0,0,
3706,2025-08-21 18:15:00+00:00,5.5784,5.67,5.5784,5.61,76749.0,risk_rising,mixed,neutral,0.1551724137931047,hold,hold,0,0,
3707,2025-08-21 18:30:00+00:00,5.61,5.63,5.5937,5.595,30384.0,risk_rising,mixed,neutral,0.1293103448275865,hold,hold,0,0,
3708,2025-08-21 18:45:00+00:00,5.595,5.62,5.59,5.59,13412.0,risk_rising,mixed,neutral,0.12068965517241427,hold,hold,0,0,
3709,2025-08-21 19:00:00+00:00,5.6,6.04,5.5828,5.88,1591848.0,range_neutral,mixed,neutral,0.6206896551724143,hold,hold,0,0,
3710,2025-08-21 19:15:00+00:00,5.869,5.98,5.76,5.885,604722.0,range_neutral,mixed,neutral,0.6403508771929826,hold,hold,0,0,
3711,2025-08-21 19:30:00+00:00,5.8899,5.92,5.75,5.75,466684.0,range_neutral,mixed,neutral,0.44230769230769273,hold,hold,0,0,
3712,2025-08-21 19:45:00+00:00,5.76,5.93,5.745,5.92,274567.0,range_distribution,mixed,neutral,0.7692307692307693,hold,hold,0,0,
3713,2025-08-21 20:00:00+00:00,5.92,5.928,5.83,5.88,332056.0,pullback,mixed,neutral,0.6923076923076923,buy,hold,0,0,
3714,2025-08-22 13:30:00+00:00,5.86,5.96,5.825,5.895,66754.0,pullback,mixed,risk_on,0.7211538461538455,hold,hold,0,0,
3715,2025-08-22 13:45:00+00:00,5.9321,6.19,5.75,5.96,486061.0,pullback,mixed,risk_on,0.6567164179104475,hold,hold,0,0,
3716,2025-08-22 14:00:00+00:00,5.9631,5.9631,5.71,5.85,239796.0,pullback,mixed,risk_on,0.4925373134328353,hold,hold,0,0,
3717,2025-08-22 14:15:00+00:00,5.855,5.985,5.84,5.951,229005.0,pullback,mixed,risk_on,0.6432835820895515,hold,hold,0,0,
3718,2025-08-22 14:30:00+00:00,5.955,5.97,5.8301,5.96,124647.0,pullback,mixed,risk_on,0.6567164179104475,hold,hold,0,0,
3719,2025-08-22 14:45:00+00:00,5.95,5.98,5.81,5.87,173289.0,trend_late,mixed,risk_on,0.5223880597014927,reduce,hold,0,0,
3720,2025-08-22 15:00:00+00:00,5.87,6.04,5.87,5.98,238483.0,pullback,mixed,risk_on,0.6865671641791049,hold,hold,0,0,
3721,2025-08-22 15:15:00+00:00,5.99,6.09,5.96,5.995,560597.0,pullback,mixed,risk_on,0.708955223880597,hold,hold,0,0,
3722,2025-08-22 15:30:00+00:00,6.0,6.15,5.98,6.145,273500.0,breakout,mixed,risk_on,0.9318181818181805,hold,hold,0,0,
3723,2025-08-22 15:45:00+00:00,6.15,6.26,6.092,6.205,635197.0,breakout,mixed,risk_on,0.9212147256839999,hold,hold,0,0,
3724,2025-08-22 16:00:00+00:00,6.205,6.45,6.195,6.36,527947.0,breakout,mixed,risk_on,0.8986600608039638,hold,hold,0,0,
3725,2025-08-22 16:15:00+00:00,6.3411,6.43,6.2501,6.26,441233.0,breakout_setup,mixed,risk_on,0.7820100963744833,hold,hold,0,0,
3726,2025-08-22 16:30:00+00:00,6.26,6.49,6.22,6.49,318775.0,breakout,mixed,risk_on,1.0,hold,hold,0,0,
3727,2025-08-22 16:45:00+00:00,6.4898,6.54,6.37,6.44,490383.0,breakout,mixed,risk_on,0.8955286251567075,hold,hold,0,0,
3728,2025-08-22 17:00:00+00:00,6.45,6.5167,6.37,6.44,219502.0,breakout,mixed,risk_on,0.8955286251567075,hold,hold,0,0,
3729,2025-08-22 17:15:00+00:00,6.4223,6.5,6.4223,6.445,123844.0,breakout,mixed,risk_on,0.8855421686746991,hold,hold,0,0,
3730,2025-08-22 17:30:00+00:00,6.455,6.47,6.39,6.395,114512.0,breakout_setup,mixed,risk_on,0.8253012048192766,hold,hold,0,0,
3731,2025-08-22 17:45:00+00:00,6.39,6.43,6.34,6.42,76763.0,breakout,mixed,risk_on,0.8554216867469878,buy,buy,200,200,6.42
3732,2025-08-22 18:00:00+00:00,6.42,6.42,6.35,6.38,56579.0,breakout_setup,mixed,risk_on,0.8072289156626504,hold,hold,0,200,
3733,2025-08-22 18:15:00+00:00,6.38,6.38,6.32,6.34,50275.0,breakout_setup,mixed,risk_on,0.759036144578313,hold,hold,0,200,
3734,2025-08-22 18:30:00+00:00,6.34,6.36,6.3292,6.355,42720.0,trend_late,mixed,risk_on,0.7771084337349402,hold,hold,0,200,
3735,2025-08-22 18:45:00+00:00,6.35,6.43,6.34,6.385,121186.0,breakout_setup,mixed,risk_on,0.8132530120481924,hold,hold,0,200,
3736,2025-08-22 19:00:00+00:00,6.385,6.41,6.35,6.3684,87110.0,trend_late,mixed,risk_on,0.7649315068493155,hold,hold,0,200,
3737,2025-08-22 19:15:00+00:00,6.37,6.49,6.36,6.41,114730.0,trend_late,mixed,risk_on,0.8219178082191784,hold,hold,0,200,
3738,2025-08-22 19:30:00+00:00,6.4,6.41,6.35,6.405,102807.0,trend_late,mixed,risk_on,0.8150684931506853,hold,hold,0,200,
3739,2025-08-22 19:45:00+00:00,6.405,6.44,6.3736,6.425,67996.0,trend_late,mixed,risk_on,0.8283582089552235,hold,hold,0,200,
3740,2025-08-22 20:00:00+00:00,6.425,6.56,6.41,6.55,518115.0,breakout,mixed,risk_on,0.9833333333333337,hold,hold,0,200,
3741,2025-08-25 13:30:00+00:00,6.3,6.3552,6.24,6.3552,94137.0,trend_late,leading,neutral,0.6468965517241381,reduce,reduce,-200,0,6.3552
3742,2025-08-25 13:45:00+00:00,6.3225,6.4,6.09,6.19,351602.0,risk_rising,leading,neutral,0.21276595744680976,hold,hold,0,0,
3743,2025-08-25 14:00:00+00:00,6.1741,6.2351,6.115,6.16,255096.0,risk_rising,leading,neutral,0.14893617021276664,hold,hold,0,0,
3744,2025-08-25 14:15:00+00:00,6.159,6.25,6.11,6.15,320698.0,risk_rising,leading,neutral,0.12765957446808623,hold,hold,0,0,
3745,2025-08-25 14:30:00+00:00,6.145,6.25,6.12,6.24,146781.0,risk_rising,leading,neutral,0.31914893617021367,hold,hold,0,0,
3746,2025-08-25 14:45:00+00:00,6.245,6.28,6.15,6.17,103075.0,risk_rising,leading,neutral,0.17021276595744705,hold,hold,0,0,
3747,2025-08-25 15:00:00+00:00,6.17,6.21,6.12,6.17,160155.0,risk_rising,leading,neutral,0.17021276595744705,hold,hold,0,0,
3748,2025-08-25 15:15:00+00:00,6.1746,6.2,6.05,6.075,227095.0,risk_rising,leading,neutral,0.04901960784313797,hold,hold,0,0,
3749,2025-08-25 15:30:00+00:00,6.075,6.14,6.0401,6.125,156594.0,risk_rising,leading,neutral,0.16330063473744996,hold,hold,0,0,
3750,2025-08-25 15:45:00+00:00,6.1292,6.17,6.02,6.08,138250.0,risk_rising,leading,neutral,0.11111111111111202,hold,hold,0,0,
3751,2025-08-25 16:00:00+00:00,6.08,6.08,6.02,6.025,81845.0,risk_rising,leading,neutral,0.009259259259260706,hold,hold,0,0,
3752,2025-08-25 16:15:00+00:00,6.03,6.145,6.02,6.13,90173.0,risk_rising,leading,neutral,0.20370370370370428,hold,hold,0,0,
3753,2025-08-25 16:30:00+00:00,6.1224,6.16,6.11,6.135,106808.0,risk_rising,leading,neutral,0.21296296296296335,hold,hold,0,0,
3754,2025-08-25 16:45:00+00:00,6.135,6.16,6.115,6.13,215604.0,risk_rising,leading,neutral,0.20370370370370428,hold,hold,0,0,
3755,2025-08-25 17:00:00+00:00,6.13,6.205,6.13,6.165,129108.0,risk_rising,leading,neutral,0.2685185185185194,hold,hold,0,0,
3756,2025-08-25 17:15:00+00:00,6.17,6.235,6.15,6.2088,319931.0,range_accumulation,leading,neutral,0.34962962962963057,hold,hold,0,0,
3757,2025-08-25 17:30:00+00:00,6.205,6.24,6.19,6.205,166193.0,range_accumulation,leading,neutral,0.3425925925925935,hold,hold,0,0,
3758,2025-08-25 17:45:00+00:00,6.2,6.27,6.16,6.265,248877.0,range_neutral,leading,neutral,0.4537037037037039,hold,hold,0,0,
3759,2025-08-25 18:00:00+00:00,6.26,6.3,6.245,6.275,99869.0,range_neutral,leading,neutral,0.47222222222222365,hold,hold,0,0,
3760,2025-08-25 18:15:00+00:00,6.27,6.32,6.255,6.305,108628.0,pullback,leading,neutral,0.7499999999999988,buy,hold,0,0,
3761,2025-08-25 18:30:00+00:00,6.305,6.38,6.3,6.38,413649.0,breakout,leading,neutral,0.9473684210526305,hold,hold,0,0,
3762,2025-08-25 18:45:00+00:00,6.375,6.48,6.355,6.48,227003.0,breakout,leading,neutral,1.0,hold,hold,0,0,
3763,2025-08-25 19:00:00+00:00,6.485,6.55,6.45,6.54,252727.0,breakout,leading,neutral,0.9811320754716986,hold,hold,0,0,
3764,2025-08-25 19:15:00+00:00,6.55,6.6954,6.41,6.53,650875.0,breakout_setup,leading,neutral,0.7551080840983123,hold,hold,0,0,
3765,2025-08-25 19:30:00+00:00,6.52,6.55,6.14,6.2151,664834.0,pullback,leading,neutral,0.2888658572697659,hold,hold,0,0,
3766,2025-08-25 19:45:00+00:00,6.215,6.22,6.13,6.175,192741.0,trend_late,leading,neutral,0.22949363340242834,hold,hold,0,0,
3767,2025-08-25 20:00:00+00:00,6.165,6.33,6.15,6.31,220458.0,pullback,leading,neutral,0.4293751850755104,hold,hold,0,0,
3768,2025-08-26 13:30:00+00:00,6.14,6.17,6.1,6.17,37178.0,trend_late,weak,risk_on,0.2220906129700921,reduce,hold,0,0,
3769,2025-08-26 13:45:00+00:00,6.17,6.24,6.07,6.185,208143.0,trend_late,weak,risk_on,0.24429967426710078,hold,hold,0,0,
3770,2025-08-26 14:00:00+00:00,6.17,6.22,6.08,6.16,203045.0,trend_late,weak,risk_on,0.20728457210541965,hold,hold,0,0,
3771,2025-08-26 14:15:00+00:00,6.17,6.24,6.09,6.16,210532.0,trend_late,weak,risk_on,0.20728457210541965,hold,hold,0,0,
3772,2025-08-26 14:30:00+00:00,6.16,6.17,6.03,6.03,332186.0,risk_rising,weak,risk_on,0.0,hold,hold,0,0,
3773,2025-08-26 14:45:00+00:00,6.02,6.04,5.93,5.96,360167.0,risk_rising,weak,risk_on,0.039195192056441376,hold,hold,0,0,
3774,2025-08-26 15:00:00+00:00,5.945,6.55,5.88,6.55,595313.0,range_distribution,weak,risk_on,0.8216826097620795,hold,hold,0,0,
3775,2025-08-26 15:15:00+00:00,6.55,7.03,5.69,5.7472,4203421.0,risk_rising,weak,risk_on,0.04268656716417905,hold,hold,0,0,
3776,2025-08-26 15:30:00+00:00,5.74,6.06,5.65,5.9298,1273430.0,risk_rising,weak,risk_on,0.20275362318840567,hold,hold,0,0,
3777,2025-08-26 15:45:00+00:00,5.925,6.13,5.91,6.035,442100.0,risk_rising,weak,risk_on,0.27898550724637666,hold,hold,0,0,
3778,2025-08-26 16:00:00+00:00,6.0486,6.45,6.0486,6.431,751502.0,range_neutral,weak,risk_on,0.565942028985507,hold,hold,0,0,
3779,2025-08-26 16:15:00+00:00,6.44,6.77,6.42,6.7249,758249.0,range_distribution,weak,risk_on,0.7789130434782606,hold,hold,0,0,
3780,2025-08-26 16:30:00+00:00,6.72,7.3635,6.68,7.1199,2297046.0,range_distribution,weak,risk_on,0.8578348409687775,hold,hold,0,0,
3781,2025-08-26 16:45:00+00:00,7.11,7.43,7.02,7.39,1227373.0,breakout,weak,risk_on,0.9775280898876404,hold,hold,0,0,
3782,2025-08-26 17:00:00+00:00,7.39,7.4299,7.1525,7.33,796495.0,breakout,weak,risk_on,0.9438202247191013,hold,hold,0,0,
3783,2025-08-26 17:15:00+00:00,7.325,7.4181,7.17,7.185,639199.0,breakout,weak,risk_on,0.8623595505617977,hold,hold,0,0,
3784,2025-08-26 17:30:00+00:00,7.18,7.21,7.04,7.13,387905.0,breakout_setup,weak,risk_on,0.8314606741573034,hold,hold,0,0,
3785,2025-08-26 17:45:00+00:00,7.11,7.1999,7.05,7.1201,273195.0,breakout_setup,weak,risk_on,0.8258988764044944,hold,hold,0,0,
3786,2025-08-26 18:00:00+00:00,7.12,7.16,6.86,6.885,301666.0,pullback,weak,risk_on,0.6938202247191011,buy,buy,200,200,6.885
3787,2025-08-26 18:15:00+00:00,6.885,6.89,6.63,6.78,563778.0,pullback,weak,risk_on,0.6348314606741575,hold,hold,0,200,
3788,2025-08-26 18:30:00+00:00,6.77,6.8842,6.72,6.765,214734.0,pullback,weak,risk_on,0.6264044943820223,hold,hold,0,200,
3789,2025-08-26 18:45:00+00:00,6.7658,6.82,6.55,6.56,345222.0,trend_late,weak,risk_on,0.5112359550561796,hold,hold,0,200,
3790,2025-08-26 19:00:00+00:00,6.56,6.695,6.55,6.695,133716.0,trend_late,weak,risk_on,0.5870786516853934,hold,hold,0,200,
3791,2025-08-26 19:15:00+00:00,6.695,6.8687,6.6627,6.79,244195.0,trend_late,weak,risk_on,0.6404494382022472,hold,hold,0,200,
3792,2025-08-26 19:30:00+00:00,6.785,6.895,6.73,6.785,225894.0,trend_late,weak,risk_on,0.6376404494382023,hold,hold,0,200,
3793,2025-08-26 19:45:00+00:00,6.785,6.805,6.69,6.775,170083.0,trend_late,weak,risk_on,0.6320224719101126,hold,hold,0,200,
3794,2025-08-26 20:00:00+00:00,6.78,6.87,6.725,6.8622,483922.0,trend_late,weak,risk_on,0.681011235955056,hold,hold,0,200,
3795,2025-08-27 13:30:00+00:00,6.97,7.07,6.965,7.04,80908.0,risk_rising,leading,neutral,0.7808988764044945,reduce,reduce,-200,0,7.04
3796,2025-08-27 13:45:00+00:00,7.0225,7.3199,6.67,7.2,1314963.0,range_distribution,leading,neutral,0.848684210526316,hold,hold,0,0,
3797,2025-08-27 14:00:00+00:00,7.213,7.33,6.91,7.0258,987902.0,range_distribution,leading,neutral,0.7073982915882441,hold,hold,0,0,
3798,2025-08-27 14:15:00+00:00,7.01,7.2474,7.0,7.1813,362841.0,range_distribution,leading,neutral,0.7537623762376242,hold,hold,0,0,
3799,2025-08-27 14:30:00+00:00,7.1899,7.27,7.1,7.2621,276593.0,range_distribution,leading,neutral,0.809204545454546,hold,hold,0,0,
3800,2025-08-27 14:45:00+00:00,7.26,7.32,7.2,7.22,274589.0,breakout_setup,leading,neutral,0.7613636363636364,hold,hold,0,0,
3801,2025-08-27 15:00:00+00:00,7.22,7.37,7.2,7.3099,243986.0,breakout,leading,neutral,0.8636208660075008,hold,hold,0,0,
3802,2025-08-27 15:15:00+00:00,7.3025,7.38,7.2001,7.36,260601.0,breakout,leading,neutral,0.9330722267019933,hold,hold,0,0,
3803,2025-08-27 15:30:00+00:00,7.35,7.36,7.14,7.21,376657.0,breakout_setup,leading,neutral,0.7951807228915664,hold,hold,0,0,
3804,2025-08-27 15:45:00+00:00,7.213,7.26,7.16,7.19,170175.0,breakout_setup,leading,neutral,0.7710843373493982,hold,hold,0,0,
3805,2025-08-27 16:00:00+00:00,7.1958,7.2816,7.17,7.195,143949.0,breakout_setup,leading,neutral,0.7771084337349402,hold,hold,0,0,
3806,2025-08-27 16:15:00+00:00,7.19,7.19,7.08,7.1499,155126.0,trend_late,leading,neutral,0.7227710843373492,hold,hold,0,0,
3807,2025-08-27 16:30:00+00:00,7.145,7.225,7.1412,7.16,111932.0,pullback,leading,neutral,0.734939759036145,buy,buy,200,200,7.16
3808,2025-08-27 16:45:00+00:00,7.16,7.3099,7.155,7.215,163681.0,breakout_setup,leading,neutral,0.8012048192771084,hold,hold,0,200,
3809,2025-08-27 17:00:00+00:00,7.215,7.41,7.2,7.395,256343.0,breakout,leading,neutral,0.982558139534883,hold,hold,0,200,
3810,2025-08-27 17:15:00+00:00,7.3972,7.68,7.32,7.37,842660.0,pullback,leading,neutral,0.6952717978963927,hold,hold,0,200,
3811,2025-08-27 17:30:00+00:00,7.36,7.4,7.07,7.14,520701.0,trend_late,leading,neutral,0.4653465346534652,hold,hold,0,200,
3812,2025-08-27 17:45:00+00:00,7.1546,7.1599,7.0,7.11,326530.0,trend_late,leading,neutral,0.43564356435643614,hold,hold,0,200,
3813,2025-08-27 18:00:00+00:00,7.105,7.1074,7.0,7.005,230017.0,trend_late,leading,neutral,0.3316831683168317,hold,hold,0,200,
3814,2025-08-27 18:15:00+00:00,7.0,7.01,6.8,6.82,301053.0,risk_rising,leading,neutral,0.1485148514851489,hold,hold,0,200,
3815,2025-08-27 18:30:00+00:00,6.825,6.91,6.79,6.8276,388580.0,risk_rising,leading,neutral,0.15603960396039648,hold,hold,0,200,
3816,2025-08-27 18:45:00+00:00,6.8201,6.85,6.6801,6.77,329446.0,risk_rising,leading,neutral,0.08990899089908917,hold,hold,0,200,
3817,2025-08-27 19:00:00+00:00,6.77,6.78,6.67,6.675,208415.0,risk_rising,leading,neutral,0.004950495049504846,hold,hold,0,200,
3818,2025-08-27 19:15:00+00:00,6.6701,6.71,6.57,6.575,263678.0,risk_rising,leading,neutral,0.004504504504504411,hold,hold,0,200,
3819,2025-08-27 19:30:00+00:00,6.57,6.57,6.3,6.45,1001405.0,risk_rising,leading,neutral,0.1086956521739133,reduce,reduce,-200,0,6.45
3820,2025-08-27 19:45:00+00:00,6.45,6.62,6.38,6.555,231809.0,risk_rising,leading,neutral,0.1847826086956521,hold,hold,0,0,
3821,2025-08-27 20:00:00+00:00,6.555,6.6,6.48,6.495,375853.0,risk_rising,leading,neutral,0.14130434782608717,hold,hold,0,0,
3822,2025-08-28 13:30:00+00:00,6.66,6.66,6.47,6.58,138414.0,risk_rising,mixed,risk_on,0.2028985507246379,hold,hold,0,0,
3823,2025-08-28 13:45:00+00:00,6.57,6.79,6.51,6.5299,350462.0,risk_rising,mixed,risk_on,0.16659420289855056,hold,hold,0,0,
3824,2025-08-28 14:00:00+00:00,6.52,6.64,6.485,6.525,226580.0,risk_rising,mixed,risk_on,0.16304347826086996,hold,hold,0,0,
3825,2025-08-28 14:15:00+00:00,6.525,6.59,6.48,6.48,145041.0,risk_rising,mixed,risk_on,0.1304347826086961,hold,hold,0,0,
3826,2025-08-28 14:30:00+00:00,6.48,6.5051,6.4422,6.49,163792.0,risk_rising,mixed,risk_on,0.13768115942029016,hold,hold,0,0,
3827,2025-08-28 14:45:00+00:00,6.49,6.5,6.415,6.47,105164.0,risk_rising,mixed,risk_on,0.12318840579710141,hold,hold,0,0,
3828,2025-08-28 15:00:00+00:00,6.4699,6.5,6.45,6.46,67254.0,risk_rising,mixed,risk_on,0.11594202898550736,hold,hold,0,0,
3829,2025-08-28 15:15:00+00:00,6.46,6.47,6.4,6.45,76790.0,risk_rising,mixed,risk_on,0.1086956521739133,hold,hold,0,0,
3830,2025-08-28 15:30:00+00:00,6.437,6.5,6.42,6.485,105848.0,risk_rising,mixed,risk_on,0.16818181818181854,hold,hold,0,0,
3831,2025-08-28 15:45:00+00:00,6.485,6.64,6.485,6.5301,286353.0,range_accumulation,mixed,risk_on,0.2675892545644843,buy,buy,200,200,6.5301
3832,2025-08-28 16:00:00+00:00,6.535,6.55,6.48,6.515,78332.0,risk_rising,mixed,risk_on,0.26628684666831776,hold,hold,0,200,
3833,2025-08-28 16:15:00+00:00,6.5183,6.5298,6.38,6.425,150392.0,risk_rising,mixed,risk_on,0.17605633802816903,hold,hold,0,200,
3834,2025-08-28 16:30:00+00:00,6.42,6.43,6.39,6.4078,54940.0,risk_rising,mixed,risk_on,0.17672131147540993,hold,hold,0,200,
3835,2025-08-28 16:45:00+00:00,6.4068,6.45,6.39,6.39,52860.0,risk_rising,mixed,risk_on,0.16363636363636344,hold,hold,0,200,
3836,2025-08-28 17:00:00+00:00,6.395,6.435,6.3699,6.38,112024.0,risk_rising,mixed,risk_on,0.16326530612244905,hold,hold,0,200,
3837,2025-08-28 17:15:00+00:00,6.3748,6.5,6.35,6.48,109755.0,range_neutral,mixed,risk_on,0.3673469387755113,hold,hold,0,200,
3838,2025-08-28 17:30:00+00:00,6.4773,6.5,6.46,6.49,42987.0,range_neutral,mixed,risk_on,0.387755102040817,hold,hold,0,200,
3839,2025-08-28 17:45:00+00:00,6.49,6.495,6.45,6.4749,18215.0,range_accumulation,mixed,risk_on,0.28386363636363665,hold,hold,0,200,
3840,2025-08-28 18:00:00+00:00,6.4787,6.575,6.47,6.51,97709.0,range_neutral,mixed,risk_on,0.36363636363636365,hold,hold,0,200,
3841,2025-08-28 18:15:00+00:00,6.5193,6.55,6.51,6.54,27890.0,range_neutral,mixed,risk_on,0.4318181818181823,hold,hold,0,200,
3842,2025-08-28 18:30:00+00:00,6.545,6.545,6.485,6.52,31132.0,range_neutral,mixed,risk_on,0.38636363636363585,hold,hold,0,200,
3843,2025-08-28 18:45:00+00:00,6.53,6.56,6.5299,6.549,36475.0,range_distribution,mixed,risk_on,0.6862068965517266,reduce,hold,0,200,
3844,2025-08-28 19:00:00+00:00,6.545,6.545,6.48,6.49,39687.0,pullback,mixed,risk_on,0.4827586206896571,hold,hold,0,200,
3845,2025-08-28 19:15:00+00:00,6.5,6.5523,6.4801,6.53,54317.0,pullback,mixed,risk_on,0.6206896551724158,hold,hold,0,200,
3846,2025-08-28 19:30:00+00:00,6.525,6.54,6.51,6.515,18316.0,pullback,mixed,risk_on,0.5689655172413793,hold,hold,0,200,
3847,2025-08-28 19:45:00+00:00,6.515,6.54,6.455,6.4573,130807.0,trend_late,mixed,risk_on,0.37000000000000133,hold,hold,0,200,
3848,2025-08-28 20:00:00+00:00,6.455,6.49,6.43,6.45,278208.0,trend_late,mixed,risk_on,0.34482758620689835,hold,hold,0,200,
3849,2025-08-29 13:30:00+00:00,6.52,6.54,6.49,6.5,65733.0,pullback,leading,neutral,0.517241379310346,buy,hold,0,200,
3850,2025-08-29 13:45:00+00:00,6.53,6.75,6.47,6.525,504500.0,pullback,leading,neutral,0.4375000000000014,hold,hold,0,200,
3851,2025-08-29 14:00:00+00:00,6.525,6.56,6.44,6.56,150662.0,pullback,leading,neutral,0.5249999999999995,hold,hold,0,200,
3852,2025-08-29 14:15:00+00:00,6.6,6.62,6.35,6.42,163028.0,trend_late,leading,neutral,0.17500000000000054,hold,hold,0,200,
3853,2025-08-29 14:30:00+00:00,6.42,6.46,6.31,6.36,232380.0,trend_late,leading,neutral,0.11363636363636515,hold,hold,0,200,
3854,2025-08-29 14:45:00+00:00,6.35,6.48,6.3244,6.415,75749.0,risk_rising,leading,neutral,0.2386363636363644,hold,hold,0,200,
3855,2025-08-29 15:00:00+00:00,6.41,6.44,6.335,6.358,91178.0,risk_rising,leading,neutral,0.10909090909090909,hold,hold,0,200,
3856,2025-08-29 15:15:00+00:00,6.355,6.62,6.355,6.565,208189.0,range_neutral,leading,neutral,0.5795454545454558,hold,hold,0,200,
3857,2025-08-29 15:30:00+00:00,6.565,6.6,6.4802,6.5,89862.0,range_neutral,leading,neutral,0.4318181818181823,hold,hold,0,200,
3858,2025-08-29 15:45:00+00:00,6.5,6.525,6.46,6.48,48985.0,range_neutral,leading,neutral,0.38636363636363785,hold,hold,0,200,
3859,2025-08-29 16:00:00+00:00,6.48,6.51,6.46,6.49,40741.0,risk_rising,leading,neutral,0.4090909090909101,hold,hold,0,200,
3860,2025-08-29 16:15:00+00:00,6.4776,6.4963,6.41,6.41,71009.0,risk_rising,leading,neutral,0.2272727272727283,hold,hold,0,200,
3861,2025-08-29 16:30:00+00:00,6.4099,6.48,6.4,6.45,274550.0,risk_rising,leading,neutral,0.3181818181818192,reduce,hold,0,200,
3862,2025-08-29 16:45:00+00:00,6.46,6.48,6.4,6.415,41324.0,risk_rising,leading,neutral,0.2386363636363644,hold,hold,0,200,
3863,2025-08-29 17:00:00+00:00,6.415,6.515,6.4,6.48,69692.0,range_neutral,leading,neutral,0.38636363636363785,hold,hold,0,200,
3864,2025-08-29 17:15:00+00:00,6.485,6.4942,6.37,6.37,63507.0,risk_rising,leading,neutral,0.13636363636363738,hold,hold,0,200,
3865,2025-08-29 17:30:00+00:00,6.37,6.378,6.3292,6.35,76199.0,risk_rising,leading,neutral,0.09090909090909091,hold,hold,0,200,
3866,2025-08-29 17:45:00+00:00,6.3599,6.3599,6.2101,6.23,136386.0,risk_rising,leading,neutral,0.03685867753287773,hold,hold,0,200,
3867,2025-08-29 18:00:00+00:00,6.24,6.28,6.215,6.225,47004.0,risk_rising,leading,neutral,0.027597703278384712,hold,hold,0,200,
3868,2025-08-29 18:15:00+00:00,6.22,6.285,6.2,6.245,84452.0,risk_rising,leading,neutral,0.08181818181818172,hold,hold,0,200,
3869,2025-08-29 18:30:00+00:00,6.2447,6.2473,6.21,6.235,113509.0,risk_rising,leading,neutral,0.06363636363636392,hold,hold,0,200,
3870,2025-08-29 18:45:00+00:00,6.23,6.2698,6.2201,6.245,42493.0,risk_rising,leading,neutral,0.107142857142857,hold,hold,0,200,
3871,2025-08-29 19:00:00+00:00,6.245,6.26,6.23,6.26,50393.0,risk_rising,leading,neutral,0.14285714285714196,hold,hold,0,200,
3872,2025-08-29 19:15:00+00:00,6.26,6.29,6.25,6.25,50934.0,risk_rising,leading,neutral,0.11904761904761864,hold,hold,0,200,
3873,2025-08-29 19:30:00+00:00,6.255,6.26,6.22,6.255,58408.0,risk_rising,leading,neutral,0.1309523809523803,hold,hold,0,200,
3874,2025-08-29 19:45:00+00:00,6.255,6.265,6.2,6.235,103618.0,risk_rising,leading,neutral,0.08333333333333369,hold,hold,0,200,
3875,2025-08-29 20:00:00+00:00,6.24,6.24,6.18,6.195,238471.0,risk_rising,leading,neutral,0.03409090909091035,hold,hold,0,200,
3876,2025-09-02 13:30:00+00:00,5.96,6.0,5.88,5.9005,125123.0,risk_rising,weak,risk_off,0.02847222222222249,hold,hold,0,200,
3877,2025-09-02 13:45:00+00:00,5.9,6.05,5.63,6.0295,800324.0,risk_rising,weak,risk_off,0.4463687150837984,hold,hold,0,200,
3878,2025-09-02 14:00:00+00:00,6.03,6.08,5.96,6.07,198470.0,risk_rising,weak,risk_off,0.49717514124293843,hold,hold,0,200,
3879,2025-09-02 14:15:00+00:00,6.0742,6.0742,5.9,5.9085,145437.0,risk_rising,weak,risk_off,0.31468926553672344,hold,hold,0,200,
3880,2025-09-02 14:30:00+00:00,5.905,5.96,5.825,5.86,182115.0,risk_rising,weak,risk_off,0.25988700564971806,hold,hold,0,200,
3881,2025-09-02 14:45:00+00:00,5.865,5.87,5.75,5.76,177712.0,risk_rising,weak,risk_off,0.14689265536723156,hold,hold,0,200,
3882,2025-09-02 15:00:00+00:00,5.76,5.78,5.72,5.7799,111458.0,risk_rising,weak,risk_off,0.16937853107344603,hold,hold,0,200,
3883,2025-09-02 15:15:00+00:00,5.78,5.78,5.72,5.7378,83610.0,risk_rising,weak,risk_off,0.12473964360101837,hold,hold,0,200,
3884,2025-09-02 15:30:00+00:00,5.73,5.78,5.68,5.7654,101834.0,risk_rising,weak,risk_off,0.18101604278074826,hold,hold,0,200,
3885,2025-09-02 15:45:00+00:00,5.76,5.789,5.69,5.715,143961.0,risk_rising,weak,risk_off,0.11645430880942594,hold,hold,0,200,
3886,2025-09-02 16:00:00+00:00,5.71,5.719,5.635,5.715,97843.0,risk_rising,weak,risk_off,0.1287878787878787,hold,hold,0,200,
3887,2025-09-02 16:15:00+00:00,5.72,5.735,5.68,5.705,99046.0,risk_rising,weak,risk_off,0.11363636363636388,hold,hold,0,200,
3888,2025-09-02 16:30:00+00:00,5.72,5.74,5.69,5.72,69724.0,risk_rising,weak,risk_off,0.13636363636363613,hold,hold,0,200,
3889,2025-09-02 16:45:00+00:00,5.72,5.79,5.72,5.77,78362.0,risk_rising,weak,risk_off,0.2121212121212116,hold,hold,0,200,
3890,2025-09-02 17:00:00+00:00,5.76,5.85,5.74,5.83,95277.0,risk_rising,weak,risk_off,0.30303030303030326,hold,hold,0,200,
3891,2025-09-02 17:15:00+00:00,5.835,5.84,5.76,5.765,21953.0,range_accumulation,weak,risk_off,0.20454545454545417,avoid,avoid,0,200,
3892,2025-09-02 17:30:00+00:00,5.77,5.78,5.74,5.78,38582.0,range_accumulation,weak,risk_off,0.23622047244094552,hold,hold,0,200,
3893,2025-09-02 17:45:00+00:00,5.775,5.785,5.75,5.765,32243.0,range_accumulation,weak,risk_off,0.21259842519685013,hold,hold,0,200,
3894,2025-09-02 18:00:00+00:00,5.765,5.79,5.76,5.79,21741.0,range_accumulation,weak,risk_off,0.2622950819672132,hold,hold,0,200,
3895,2025-09-02 18:15:00+00:00,5.7965,5.82,5.7533,5.765,52000.0,range_accumulation,weak,risk_off,0.29999999999999943,hold,hold,0,200,
3896,2025-09-02 18:30:00+00:00,5.765,5.77,5.7021,5.7249,51683.0,range_accumulation,weak,risk_off,0.21088888888888876,hold,hold,0,200,
3897,2025-09-02 18:45:00+00:00,5.725,5.74,5.71,5.72,44344.0,range_accumulation,weak,risk_off,0.19101123595505598,hold,hold,0,200,
3898,2025-09-02 19:00:00+00:00,5.72,5.8,5.71,5.795,42620.0,pullback,weak,risk_off,0.3642987249544626,hold,hold,0,200,
3899,2025-09-02 19:15:00+00:00,5.79,5.8399,5.79,5.82,59211.0,pullback,weak,risk_off,0.5692307692307704,hold,hold,0,200,
3900,2025-09-02 19:30:00+00:00,5.815,5.845,5.815,5.845,29655.0,breakout,weak,risk_off,0.8936170212765944,hold,hold,0,200,
3901,2025-09-02 19:45:00+00:00,5.845,5.88,5.825,5.825,51638.0,breakout_setup,weak,risk_off,0.775510204081634,hold,hold,0,200,
3902,2025-09-02 20:00:00+00:00,5.8219,5.86,5.8,5.82,172899.0,breakout_setup,weak,risk_off,0.7551020408163283,hold,hold,0,200,
3903,2025-09-03 13:30:00+00:00,6.05,6.15,6.04,6.0909,24959.0,breakout,weak,neutral,0.8852427184466022,hold,hold,0,200,
3904,2025-09-03 13:45:00+00:00,6.05,6.11,5.88,5.9,376482.0,pullback,weak,neutral,0.514563106796117,buy,hold,0,200,
3905,2025-09-03 14:00:00+00:00,5.901,5.92,5.82,5.89,173150.0,pullback,weak,neutral,0.4951456310679604,hold,hold,0,200,
3906,2025-09-03 14:15:00+00:00,5.875,5.8799,5.72,5.7598,156151.0,pullback,weak,neutral,0.1697872340425541,hold,hold,0,200,
3907,2025-09-03 14:30:00+00:00,5.75,5.8398,5.73,5.8117,129454.0,pullback,weak,neutral,0.26456521739130373,hold,hold,0,200,
3908,2025-09-03 14:45:00+00:00,5.8129,5.83,5.78,5.8091,120723.0,pullback,weak,neutral,0.23889260995757994,hold,hold,0,200,
3909,2025-09-03 15:00:00+00:00,5.8,5.94,5.795,5.92,244262.0,pullback,weak,neutral,0.486492520651931,hold,hold,0,200,
3910,2025-09-03 15:15:00+00:00,5.915,5.925,5.865,5.915,104833.0,pullback,weak,neutral,0.4753293145791472,hold,hold,0,200,
3911,2025-09-03 15:30:00+00:00,5.915,5.92,5.77,5.815,171218.0,trend_late,weak,neutral,0.2520651931234662,hold,hold,0,200,
3912,2025-09-03 15:45:00+00:00,5.81,5.88,5.77,5.88,123393.0,pullback,weak,neutral,0.39718687206965825,hold,hold,0,200,
3913,2025-09-03 16:00:00+00:00,5.88,5.96,5.855,5.915,90558.0,trend_late,weak,neutral,0.4753293145791472,hold,hold,0,200,
3914,2025-09-03 16:15:00+00:00,5.9182,5.92,5.825,5.835,55917.0,trend_late,weak,neutral,0.2967180174146016,hold,hold,0,200,
3915,2025-09-03 16:30:00+00:00,5.84,5.875,5.8292,5.84,56808.0,trend_late,weak,neutral,0.30788122348738545,hold,hold,0,200,
3916,2025-09-03 16:45:00+00:00,5.84,5.86,5.78,5.82,114254.0,pullback,weak,neutral,0.2500000000000005,hold,hold,0,200,
3917,2025-09-03 17:00:00+00:00,5.83,5.8636,5.82,5.825,53963.0,pullback,weak,neutral,0.26136363636363663,hold,hold,0,200,
3918,2025-09-03 17:15:00+00:00,5.83,5.91,5.825,5.87,37149.0,pullback,weak,neutral,0.3488372093023259,hold,hold,0,200,
3919,2025-09-03 17:30:00+00:00,5.87,5.95,5.86,5.867,83613.0,risk_rising,weak,neutral,0.34186046511627916,reduce,reduce,-200,0,5.867
3920,2025-09-03 17:45:00+00:00,5.86,5.87,5.785,5.8,149031.0,risk_rising,weak,neutral,0.1860465116279069,hold,hold,0,0,
3921,2025-09-03 18:00:00+00:00,5.805,5.87,5.79,5.83,79812.0,range_accumulation,weak,neutral,0.2558139534883725,hold,hold,0,0,
3922,2025-09-03 18:15:00+00:00,5.83,5.87,5.825,5.835,81081.0,risk_rising,weak,neutral,0.2674418604651164,hold,hold,0,0,
3923,2025-09-03 18:30:00+00:00,5.835,5.8865,5.829,5.882,29602.0,risk_rising,weak,neutral,0.4153846153846146,hold,hold,0,0,
3924,2025-09-03 18:45:00+00:00,5.9,5.92,5.84,5.8819,36634.0,range_distribution,weak,neutral,0.6745833333333334,hold,hold,0,0,
3925,2025-09-03 19:00:00+00:00,5.885,5.9,5.86,5.87,17958.0,range_neutral,weak,neutral,0.6250000000000009,hold,hold,0,0,
3926,2025-09-03 19:15:00+00:00,5.865,5.91,5.86,5.8882,47041.0,range_distribution,weak,neutral,0.6878260869565227,hold,hold,0,0,
3927,2025-09-03 19:30:00+00:00,5.89,5.91,5.822,5.825,17652.0,range_accumulation,weak,neutral,0.2894736842105289,hold,hold,0,0,
3928,2025-09-03 19:45:00+00:00,5.82,5.83,5.79,5.79,74059.0,risk_rising,weak,neutral,0.10526315789473906,hold,hold,0,0,
3929,2025-09-03 20:00:00+00:00,5.798,5.865,5.795,5.85,162483.0,risk_rising,weak,neutral,0.4210526315789469,hold,hold,0,0,
3930,2025-09-04 13:30:00+00:00,6.01,6.02,5.92,5.97,60216.0,breakout_setup,weak,risk_on,0.8000000000000007,hold,hold,0,0,
3931,2025-09-04 13:45:00+00:00,5.9699,6.23,5.83,5.8584,671848.0,pullback,weak,risk_on,0.19217391304347797,buy,buy,200,200,5.8584
3932,2025-09-04 14:00:00+00:00,5.85,5.95,5.78,5.935,197155.0,pullback,weak,risk_on,0.3444444444444429,hold,hold,0,200,
3933,2025-09-04 14:15:00+00:00,5.94,6.0,5.75,5.7756,317852.0,trend_late,weak,risk_on,0.05333333333333296,hold,hold,0,200,
3934,2025-09-04 14:30:00+00:00,5.78,5.7881,5.7,5.705,286805.0,trend_late,weak,risk_on,0.009433962264150738,hold,hold,0,200,
3935,2025-09-04 14:45:00+00:00,5.71,5.78,5.6701,5.7,155028.0,risk_rising,weak,risk_on,0.05340239328451588,hold,hold,0,200,
3936,2025-09-04 15:00:00+00:00,5.695,5.7198,5.63,5.695,168943.0,risk_rising,weak,risk_on,0.10833333333333389,hold,hold,0,200,
3937,2025-09-04 15:15:00+00:00,5.6973,5.71,5.585,5.59,129472.0,risk_rising,weak,risk_on,0.007751937984495953,hold,hold,0,200,
3938,2025-09-04 15:30:00+00:00,5.595,5.595,5.41,5.4229,640070.0,risk_rising,weak,risk_on,0.015731707317073327,hold,hold,0,200,
3939,2025-09-04 15:45:00+00:00,5.42,5.49,5.4193,5.4443,138472.0,risk_rising,weak,risk_on,0.04182926829268291,hold,hold,0,200,
3940,2025-09-04 16:00:00+00:00,5.43,5.47,5.42,5.4495,59557.0,risk_rising,weak,risk_on,0.04817073170731635,hold,hold,0,200,
3941,2025-09-04 16:15:00+00:00,5.44,5.47,5.42,5.4371,80014.0,risk_rising,weak,risk_on,0.03304878048780475,hold,hold,0,200,
3942,2025-09-04 16:30:00+00:00,5.42,5.4455,5.36,5.4099,157430.0,risk_rising,weak,risk_on,0.057356321839080515,hold,hold,0,200,
3943,2025-09-04 16:45:00+00:00,5.405,5.405,5.33,5.35,155560.0,risk_rising,weak,risk_on,0.02222222222222174,reduce,reduce,-200,0,5.35
3944,2025-09-04 17:00:00+00:00,5.345,5.4099,5.3323,5.375,86024.0,risk_rising,weak,risk_on,0.0499999999999999,hold,hold,0,0,
3945,2025-09-04 17:15:00+00:00,5.38,5.41,5.372,5.4,68832.0,risk_rising,weak,risk_on,0.07777777777777806,hold,hold,0,0,
3946,2025-09-04 17:30:00+00:00,5.405,5.46,5.405,5.4146,75507.0,risk_rising,weak,risk_on,0.09399999999999997,hold,hold,0,0,
3947,2025-09-04 17:45:00+00:00,5.4199,5.526,5.4146,5.51,65655.0,risk_rising,weak,risk_on,0.1999999999999996,hold,hold,0,0,
3948,2025-09-04 18:00:00+00:00,5.505,5.6,5.505,5.59,77881.0,range_accumulation,weak,risk_on,0.28888888888888853,hold,hold,0,0,
3949,2025-09-04 18:15:00+00:00,5.595,5.6437,5.5851,5.62,91590.0,range_accumulation,weak,risk_on,0.32222222222222213,hold,hold,0,0,
3950,2025-09-04 18:30:00+00:00,5.62,5.6244,5.5728,5.62,49602.0,range_accumulation,weak,risk_on,0.32222222222222213,hold,hold,0,0,
3951,2025-09-04 18:45:00+00:00,5.63,5.71,5.63,5.6721,89060.0,range_neutral,weak,risk_on,0.5105970149253736,hold,hold,0,0,
3952,2025-09-04 19:00:00+00:00,5.67,5.7,5.6601,5.7,36097.0,range_neutral,weak,risk_on,0.5522388059701495,hold,hold,0,0,
3953,2025-09-04 19:15:00+00:00,5.71,5.81,5.71,5.765,128971.0,breakout,weak,risk_on,0.9062500000000001,hold,hold,0,0,
3954,2025-09-04 19:30:00+00:00,5.77,5.77,5.735,5.7699,47262.0,breakout,weak,risk_on,0.9164583333333337,hold,hold,0,0,
3955,2025-09-04 19:45:00+00:00,5.765,5.795,5.735,5.735,54110.0,breakout_setup,weak,risk_on,0.8437500000000013,hold,hold,0,0,
3956,2025-09-04 20:00:00+00:00,5.735,5.765,5.7,5.75,130259.0,breakout,weak,risk_on,0.8750000000000007,hold,hold,0,0,
3957,2025-09-05 13:30:00+00:00,5.83,5.86,5.78,5.86,40748.0,breakout,weak,risk_off,1.0,hold,hold,0,0,
3958,2025-09-05 13:45:00+00:00,5.85,6.09,5.84,6.0,238761.0,breakout,weak,risk_off,0.8815789473684212,hold,hold,0,0,
3959,2025-09-05 14:00:00+00:00,5.9982,6.18,5.92,6.03,311591.0,breakout_setup,weak,risk_off,0.8235294117647064,avoid,avoid,0,0,
3960,2025-09-05 14:15:00+00:00,6.03,6.03,5.86,5.88,171478.0,pullback,weak,risk_off,0.6470588235294118,hold,hold,0,0,
3961,2025-09-05 14:30:00+00:00,5.88,5.88,5.6024,5.6203,264600.0,trend_late,weak,risk_off,0.3415294117647063,sell,hold,0,0,
3962,2025-09-05 14:45:00+00:00,5.62,5.62,5.52,5.535,184817.0,trend_late,weak,risk_off,0.2411764705882355,hold,hold,0,0,
3963,2025-09-05 15:00:00+00:00,5.5399,5.67,5.52,5.6297,210940.0,trend_late,weak,risk_off,0.35083166214462636,hold,hold,0,0,
3964,2025-09-05 15:15:00+00:00,5.62,5.6335,5.58,5.6,108785.0,trend_late,weak,risk_off,0.28217821782178193,hold,hold,0,0,
3965,2025-09-05 15:30:00+00:00,5.61,5.735,5.587,5.72,65660.0,trend_late,weak,risk_off,0.40645161290322546,hold,hold,0,0,
3966,2025-09-05 15:45:00+00:00,5.71,5.775,5.665,5.67,96373.0,trend_late,weak,risk_off,0.33368173504050164,hold,hold,0,0,
3967,2025-09-05 16:00:00+00:00,5.67,5.68,5.635,5.66,27079.0,trend_late,weak,risk_off,0.22962962962963007,hold,hold,0,0,
3968,2025-09-05 16:15:00+00:00,5.66,5.6899,5.6512,5.675,26023.0,risk_rising,weak,risk_off,0.23484848484848517,reduce,hold,0,0,
3969,2025-09-05 16:30:00+00:00,5.68,5.68,5.64,5.6718,32561.0,risk_rising,weak,risk_off,0.23000000000000087,hold,hold,0,0,
3970,2025-09-05 16:45:00+00:00,5.675,5.69,5.64,5.6778,29571.0,risk_rising,weak,risk_off,0.2390909090909103,hold,hold,0,0,
3971,2025-09-05 17:00:00+00:00,5.67,5.73,5.659,5.73,26359.0,range_accumulation,weak,risk_off,0.3181818181818194,avoid,avoid,0,0,
3972,2025-09-05 17:15:00+00:00,5.725,5.73,5.685,5.7183,26164.0,range_accumulation,weak,risk_off,0.3004545454545463,hold,hold,0,0,
3973,2025-09-05 17:30:00+00:00,5.71,5.83,5.69,5.83,60132.0,range_neutral,weak,risk_off,0.46969696969697033,hold,hold,0,0,
3974,2025-09-05 17:45:00+00:00,5.83,5.85,5.73,5.79,60766.0,range_neutral,weak,risk_off,0.4090909090909097,hold,hold,0,0,
3975,2025-09-05 18:00:00+00:00,5.79,5.795,5.745,5.795,43998.0,range_neutral,weak,risk_off,0.41666666666666713,hold,hold,0,0,
3976,2025-09-05 18:15:00+00:00,5.7803,5.81,5.755,5.775,25161.0,range_neutral,weak,risk_off,0.38636363636363746,hold,hold,0,0,
3977,2025-09-05 18:30:00+00:00,5.78,5.825,5.77,5.785,62829.0,pullback,weak,risk_off,0.40151515151515227,hold,hold,0,0,
3978,2025-09-05 18:45:00+00:00,5.7812,5.7999,5.7603,5.78,25908.0,pullback,weak,risk_off,0.39393939393939487,hold,hold,0,0,
3979,2025-09-05 19:00:00+00:00,5.78,5.78,5.68,5.7,99833.0,pullback,weak,risk_off,0.352941176470589,hold,hold,0,0,
3980,2025-09-05 19:15:00+00:00,5.695,5.7873,5.685,5.7819,80308.0,pullback,weak,risk_off,0.7275000000000013,hold,hold,0,0,
3981,2025-09-05 19:30:00+00:00,5.79,5.885,5.785,5.8451,94562.0,breakout,weak,risk_off,0.8906849315068511,hold,hold,0,0,
3982,2025-09-05 19:45:00+00:00,5.845,5.87,5.828,5.845,70772.0,breakout,weak,risk_off,0.8904109589041096,hold,hold,0,0,
3983,2025-09-05 20:00:00+00:00,5.845,5.855,5.81,5.825,135193.0,trend_late,weak,risk_off,0.8032786885245913,sell,hold,0,0,
3984,2025-09-08 13:30:00+00:00,5.81,5.9463,5.8,5.9463,42259.0,breakout,mixed,risk_off,1.0,hold,hold,0,0,
3985,2025-09-08 13:45:00+00:00,5.925,5.9689,5.62,5.73,169536.0,trend_late,mixed,risk_off,0.31527658354829596,reduce,hold,0,0,
3986,2025-09-08 14:00:00+00:00,5.73,5.85,5.71,5.71,57428.0,trend_late,mixed,risk_off,0.25795356835769556,hold,hold,0,0,
3987,2025-09-08 14:15:00+00:00,5.7351,5.82,5.71,5.7301,47059.0,trend_late,mixed,risk_off,0.3155631986242483,hold,hold,0,0,
3988,2025-09-08 14:30:00+00:00,5.73,5.97,5.7201,5.96,54590.0,breakout,mixed,risk_off,0.971428571428572,hold,hold,0,0,
3989,2025-09-08 14:45:00+00:00,5.965,6.105,5.965,6.07,303068.0,breakout,mixed,risk_off,0.9278350515463915,hold,hold,0,0,
3990,2025-09-08 15:00:00+00:00,6.0796,6.17,6.0796,6.11,190349.0,breakout,mixed,risk_off,0.8909090909090915,hold,hold,0,0,
3991,2025-09-08 15:15:00+00:00,6.115,6.14,5.97,6.03,136247.0,pullback,mixed,risk_off,0.7454545454545459,hold,hold,0,0,
3992,2025-09-08 15:30:00+00:00,6.03,6.0745,6.01,6.0503,50881.0,breakout_setup,mixed,risk_off,0.7823636363636365,hold,hold,0,0,
3993,2025-09-08 15:45:00+00:00,6.065,6.12,6.06,6.09,53913.0,breakout,mixed,risk_off,0.8545454545454544,hold,hold,0,0,
3994,2025-09-08 16:00:00+00:00,6.09,6.19,6.0807,6.1797,150267.0,breakout,mixed,risk_off,0.9819298245614035,hold,hold,0,0,
3995,2025-09-08 16:15:00+00:00,6.18,6.2299,6.1601,6.165,114635.0,breakout,mixed,risk_off,0.8935891129693396,hold,hold,0,0,
3996,2025-09-08 16:30:00+00:00,6.165,6.25,6.11,6.2,222780.0,breakout,mixed,risk_off,0.9206349206349209,hold,hold,0,0,
3997,2025-09-08 16:45:00+00:00,6.2035,6.24,6.09,6.09,42357.0,pullback,mixed,risk_off,0.7460317460317457,hold,hold,0,0,
3998,2025-09-08 17:00:00+00:00,6.08,6.12,6.075,6.12,40355.0,breakout_setup,mixed,risk_off,0.7936507936507938,hold,hold,0,0,
3999,2025-09-08 17:15:00+00:00,6.11,6.16,6.11,6.1395,38175.0,breakout_setup,mixed,risk_off,0.8246031746031746,hold,hold,0,0,
4000,2025-09-08 17:30:00+00:00,6.1395,6.19,6.11,6.19,28876.0,breakout,mixed,risk_off,0.9047619047619053,hold,hold,0,0,
4001,2025-09-08 17:45:00+00:00,6.19,6.21,6.1557,6.18,18157.0,breakout,mixed,risk_off,0.8888888888888884,hold,hold,0,0,
4002,2025-09-08 18:00:00+00:00,6.175,6.19,6.1601,6.19,12436.0,breakout,mixed,risk_off,0.9047619047619053,hold,hold,0,0,
4003,2025-09-08 18:15:00+00:00,6.18,6.27,6.17,6.235,86591.0,breakout,mixed,risk_off,0.9461538461538472,hold,hold,0,0,
4004,2025-09-08 18:30:00+00:00,6.2365,6.25,6.22,6.225,77058.0,breakout,mixed,risk_off,0.9307692307692308,hold,hold,0,0,
4005,2025-09-08 18:45:00+00:00,6.22,6.235,6.2,6.2201,19352.0,breakout,mixed,risk_off,0.9108928571428586,hold,hold,0,0,
4006,2025-09-08 19:00:00+00:00,6.225,6.24,6.2,6.23,36648.0,breakout,mixed,risk_off,0.92857142857143,hold,hold,0,0,
4007,2025-09-08 19:15:00+00:00,6.2299,6.23,6.19,6.21,23815.0,breakout,mixed,risk_off,0.8908892525913807,hold,hold,0,0,
4008,2025-09-08 19:30:00+00:00,6.2026,6.225,6.195,6.215,51654.0,breakout_setup,mixed,risk_off,0.8196721311475418,hold,hold,0,0,
4009,2025-09-08 19:45:00+00:00,6.215,6.23,6.16,6.18,75383.0,pullback,mixed,risk_off,0.7000000000000003,hold,hold,0,0,
4010,2025-09-08 20:00:00+00:00,6.175,6.1785,6.13,6.16,155824.0,trend_late,mixed,risk_off,0.633333333333335,hold,hold,0,0,
4011,2025-09-09 13:30:00+00:00,6.21,6.29,6.14,6.15,39003.0,trend_late,weak,risk_off,0.5000000000000016,sell,hold,0,0,
4012,2025-09-09 13:45:00+00:00,6.13,6.2032,6.09,6.1111,133859.0,trend_late,weak,risk_off,0.22217391304348139,hold,hold,0,0,
4013,2025-09-09 14:00:00+00:00,6.1,6.2,6.014,6.07,182438.0,trend_late,weak,risk_off,0.202898550724638,hold,hold,0,0,
4014,2025-09-09 14:15:00+00:00,6.08,6.1,5.99,6.02,106052.0,risk_rising,weak,risk_off,0.09999999999999792,reduce,hold,0,0,
4015,2025-09-09 14:30:00+00:00,6.0374,6.1,6.0213,6.095,104514.0,risk_rising,weak,risk_off,0.34999999999999865,hold,hold,0,0,
4016,2025-09-09 14:45:00+00:00,6.09,6.09,6.02,6.04,46566.0,risk_rising,weak,risk_off,0.16666666666666619,hold,hold,0,0,
4017,2025-09-09 15:00:00+00:00,6.04,6.1,6.04,6.09,45669.0,risk_rising,weak,risk_off,0.33333333333333237,hold,hold,0,0,
4018,2025-09-09 15:15:00+00:00,6.1,6.14,6.08,6.1088,87028.0,risk_rising,weak,risk_off,0.3959999999999981,hold,hold,0,0,
4019,2025-09-09 15:30:00+00:00,6.1083,6.16,6.1,6.145,34981.0,risk_rising,weak,risk_off,0.5166666666666648,hold,hold,0,0,
4020,2025-09-09 15:45:00+00:00,6.145,6.15,5.95,5.99,129332.0,risk_rising,weak,risk_off,0.11764705882352956,hold,hold,0,0,
4021,2025-09-09 16:00:00+00:00,5.99,6.02,5.95,5.95,41641.0,risk_rising,weak,risk_off,0.0,hold,hold,0,0,
4022,2025-09-09 16:15:00+00:00,5.9519,5.98,5.925,5.9344,70512.0,risk_rising,weak,risk_off,0.025753424657535044,hold,hold,0,0,
4023,2025-09-09 16:30:00+00:00,5.94,5.9681,5.9,5.91,54542.0,risk_rising,weak,risk_off,0.025641025641025116,hold,hold,0,0,
4024,2025-09-09 16:45:00+00:00,5.9102,5.9257,5.9,5.9074,30325.0,risk_rising,weak,risk_off,0.01897435897435804,hold,hold,0,0,
4025,2025-09-09 17:00:00+00:00,5.9,5.96,5.9,5.93,35917.0,risk_rising,weak,risk_off,0.07692307692307535,hold,hold,0,0,
4026,2025-09-09 17:15:00+00:00,5.93,6.05,5.9101,6.0,189729.0,risk_rising,weak,risk_off,0.2564102564102557,hold,hold,0,0,
4027,2025-09-09 17:30:00+00:00,6.0,6.011,5.951,5.9643,129149.0,risk_rising,weak,risk_off,0.16487179487179335,hold,hold,0,0,
4028,2025-09-09 17:45:00+00:00,5.9643,5.99,5.94,5.965,43146.0,risk_rising,weak,risk_off,0.16666666666666552,hold,hold,0,0,
4029,2025-09-09 18:00:00+00:00,5.965,5.97,5.935,5.9481,56248.0,risk_rising,weak,risk_off,0.12333333333333295,hold,hold,0,0,
4030,2025-09-09 18:15:00+00:00,5.945,5.95,5.87,5.8777,52878.0,risk_rising,weak,risk_off,0.018333333333332903,hold,hold,0,0,
4031,2025-09-09 18:30:00+00:00,5.875,5.925,5.86,5.92,49290.0,risk_rising,weak,risk_off,0.17482517482517393,hold,hold,0,0,
4032,2025-09-09 18:45:00+00:00,5.9158,5.94,5.9,5.925,34796.0,risk_rising,weak,risk_off,0.19117647058823392,hold,hold,0,0,
4033,2025-09-09 19:00:00+00:00,5.92,5.93,5.905,5.915,12546.0,range_accumulation,weak,risk_off,0.1833333333333325,avoid,avoid,0,0,
4034,2025-09-09 19:15:00+00:00,5.91,5.92,5.89,5.89,21193.0,risk_rising,weak,risk_off,0.09999999999999792,reduce,hold,0,0,
4035,2025-09-09 19:30:00+00:00,5.895,5.925,5.88,5.91,47093.0,risk_rising,weak,risk_off,0.16666666666666619,hold,hold,0,0,
4036,2025-09-09 19:45:00+00:00,5.905,5.92,5.855,5.9,46339.0,risk_rising,weak,risk_off,0.1475409836065573,hold,hold,0,0,
4037,2025-09-09 20:00:00+00:00,5.895,5.93,5.87,5.875,125897.0,risk_rising,weak,risk_off,0.06557377049180194,hold,hold,0,0,
4038,2025-09-10 13:30:00+00:00,5.93,5.93,5.9,5.9,24019.0,risk_rising,weak,risk_off,0.1475409836065573,hold,hold,0,0,
4039,2025-09-10 13:45:00+00:00,5.92,5.95,5.84,5.915,119757.0,risk_rising,weak,risk_off,0.24193548387096792,hold,hold,0,0,
4040,2025-09-10 14:00:00+00:00,5.91,5.96,5.8608,5.955,75848.0,range_neutral,weak,risk_off,0.5476190476190488,avoid,avoid,0,0,
4041,2025-09-10 14:15:00+00:00,5.9514,5.99,5.85,5.85,64576.0,risk_rising,weak,risk_off,0.04761904761904661,reduce,hold,0,0,
4042,2025-09-10 14:30:00+00:00,5.8536,5.895,5.81,5.84,76745.0,risk_rising,weak,risk_off,0.12500000000000092,hold,hold,0,0,
4043,2025-09-10 14:45:00+00:00,5.84,5.8498,5.745,5.76,75417.0,risk_rising,weak,risk_off,0.04918032786885146,hold,hold,0,0,
4044,2025-09-10 15:00:00+00:00,5.75,5.8,5.72,5.7983,92259.0,risk_rising,weak,risk_off,0.2372727272727287,hold,hold,0,0,
4045,2025-09-10 15:15:00+00:00,5.79,5.8599,5.77,5.85,79781.0,risk_rising,weak,risk_off,0.39393939393939353,hold,hold,0,0,
4046,2025-09-10 15:30:00+00:00,5.86,5.8853,5.85,5.86,13232.0,risk_rising,weak,risk_off,0.48109965635738966,hold,hold,0,0,
4047,2025-09-10 15:45:00+00:00,5.86,5.8967,5.855,5.875,29549.0,range_neutral,weak,risk_off,0.574074074074074,avoid,avoid,0,0,
4048,2025-09-10 16:00:00+00:00,5.87,5.88,5.845,5.845,11888.0,risk_rising,weak,risk_off,0.4629629629629622,reduce,hold,0,0,
4049,2025-09-10 16:15:00+00:00,5.84,5.85,5.8101,5.848,12852.0,risk_rising,weak,risk_off,0.4740740740740737,hold,hold,0,0,
4050,2025-09-10 16:30:00+00:00,5.848,5.848,5.69,5.73,172904.0,risk_rising,weak,risk_off,0.13333333333333353,hold,hold,0,0,
4051,2025-09-10 16:45:00+00:00,5.736,5.795,5.69,5.73,72275.0,risk_rising,weak,risk_off,0.13333333333333353,hold,hold,0,0,
4052,2025-09-10 17:00:00+00:00,5.7345,5.74,5.7,5.7134,37838.0,risk_rising,weak,risk_off,0.07799999999999886,hold,hold,0,0,
4053,2025-09-10 17:15:00+00:00,5.71,5.74,5.7,5.72,24563.0,risk_rising,weak,risk_off,0.09999999999999792,hold,hold,0,0,
4054,2025-09-10 17:30:00+00:00,5.7201,5.7201,5.69,5.705,28619.0,risk_rising,weak,risk_off,0.04999999999999896,hold,hold,0,0,
4055,2025-09-10 17:45:00+00:00,5.705,5.7499,5.7,5.715,20927.0,risk_rising,weak,risk_off,0.08333333333333161,hold,hold,0,0,
4056,2025-09-10 18:00:00+00:00,5.71,5.72,5.7038,5.715,5712.0,risk_rising,weak,risk_off,0.08333333333333161,hold,hold,0,0,
4057,2025-09-10 18:15:00+00:00,5.72,5.76,5.71,5.7136,51735.0,risk_rising,weak,risk_off,0.07866666666666397,hold,hold,0,0,
4058,2025-09-10 18:30:00+00:00,5.705,5.72,5.68,5.7097,54524.0,risk_rising,weak,risk_off,0.09580645161290327,hold,hold,0,0,
4059,2025-09-10 18:45:00+00:00,5.7097,5.7265,5.69,5.6901,26305.0,risk_rising,weak,risk_off,0.032580645161291694,hold,hold,0,0,
4060,2025-09-10 19:00:00+00:00,5.6901,5.705,5.66,5.705,27540.0,risk_rising,weak,risk_off,0.13636363636363613,hold,hold,0,0,
4061,2025-09-10 19:15:00+00:00,5.705,5.72,5.655,5.665,38922.0,risk_rising,weak,risk_off,0.04137360364087627,hold,hold,0,0,
4062,2025-09-10 19:30:00+00:00,5.6601,5.6699,5.64,5.65,51932.0,risk_rising,weak,risk_off,0.03895597974289311,hold,hold,0,0,
4063,2025-09-10 19:45:00+00:00,5.65,5.695,5.64,5.695,49598.0,risk_rising,weak,risk_off,0.21425788858589997,hold,hold,0,0,
4064,2025-09-10 20:00:00+00:00,5.695,5.72,5.665,5.72,89145.0,range_accumulation,weak,risk_off,0.3116478379431241,avoid,avoid,0,0,
4065,2025-09-11 13:30:00+00:00,5.94,5.9596,5.87,5.95,170277.0,range_distribution,weak,risk_off,0.9699624530663334,sell,hold,0,0,
4066,2025-09-11 13:45:00+00:00,5.97,6.27,5.93,6.12,761627.0,breakout_setup,weak,risk_off,0.7619047619047628,avoid,avoid,0,0,
4067,2025-09-11 14:00:00+00:00,6.12,6.273,6.08,6.25,290107.0,breakout,weak,risk_off,0.9636650868878361,hold,hold,0,0,
4068,2025-09-11 14:15:00+00:00,6.255,6.3,6.19,6.275,246859.0,breakout,weak,risk_off,0.9621212121212129,hold,hold,0,0,
4069,2025-09-11 14:30:00+00:00,6.2733,6.2758,6.13,6.175,192639.0,breakout_setup,weak,risk_off,0.8106060606060607,hold,hold,0,0,
4070,2025-09-11 14:45:00+00:00,6.1773,6.24,6.12,6.2,129417.0,breakout_setup,weak,risk_off,0.8484848484848491,hold,hold,0,0,
4071,2025-09-11 15:00:00+00:00,6.2,6.23,6.135,6.2297,67974.0,breakout,weak,risk_off,0.8934848484848491,hold,hold,0,0,
4072,2025-09-11 15:15:00+00:00,6.23,6.2323,6.17,6.22,78739.0,breakout,weak,risk_off,0.8787878787878787,hold,hold,0,0,
4073,2025-09-11 15:30:00+00:00,6.2201,6.23,6.13,6.19,51144.0,breakout_setup,weak,risk_off,0.8333333333333343,hold,hold,0,0,
4074,2025-09-11 15:45:00+00:00,6.1997,6.215,6.165,6.185,57148.0,breakout_setup,weak,risk_off,0.8257575757575755,hold,hold,0,0,
4075,2025-09-11 16:00:00+00:00,6.185,6.25,6.15,6.245,115659.0,breakout,weak,risk_off,0.9166666666666671,hold,hold,0,0,
4076,2025-09-11 16:15:00+00:00,6.245,6.3,6.24,6.2801,168326.0,breakout,weak,risk_off,0.9698484848484852,hold,hold,0,0,
4077,2025-09-11 16:30:00+00:00,6.28,6.32,6.235,6.29,124303.0,breakout,weak,risk_off,0.9558823529411762,hold,hold,0,0,
4078,2025-09-11 16:45:00+00:00,6.285,6.31,6.2202,6.265,57997.0,trend_late,weak,risk_off,0.9191176470588227,sell,hold,0,0,
4079,2025-09-11 17:00:00+00:00,6.265,6.37,6.24,6.365,75870.0,breakout,weak,risk_off,0.993150684931507,hold,hold,0,0,
4080,2025-09-11 17:15:00+00:00,6.3655,6.4,6.32,6.3217,63696.0,breakout,weak,risk_off,0.8969736842105258,hold,hold,0,0,
4081,2025-09-11 17:30:00+00:00,6.325,6.3258,6.28,6.3058,58863.0,breakout,weak,risk_off,0.8760526315789465,hold,hold,0,0,
4082,2025-09-11 17:45:00+00:00,6.31,6.33,6.2305,6.24,90807.0,breakout_setup,weak,risk_off,0.7894736842105263,avoid,avoid,0,0,
4083,2025-09-11 18:00:00+00:00,6.24,6.26,6.2,6.2201,62224.0,breakout_setup,weak,risk_off,0.7552380952380954,hold,hold,0,0,
4084,2025-09-11 18:15:00+00:00,6.225,6.2251,6.18,6.19,31983.0,pullback,weak,risk_off,0.6037735849056606,hold,hold,0,0,
4085,2025-09-11 18:30:00+00:00,6.19,6.2,6.125,6.16,53955.0,trend_late,weak,risk_off,0.48936170212765984,sell,hold,0,0,
4086,2025-09-11 18:45:00+00:00,6.16,6.165,6.12,6.15,27022.0,trend_late,weak,risk_off,0.2187500000000007,hold,hold,0,0,
4087,2025-09-11 19:00:00+00:00,6.155,6.16,6.095,6.12,45338.0,trend_late,weak,risk_off,0.0819672131147551,hold,hold,0,0,
4088,2025-09-11 19:15:00+00:00,6.125,6.17,6.115,6.17,15528.0,risk_rising,weak,risk_off,0.2459016393442624,reduce,hold,0,0,
4089,2025-09-11 19:30:00+00:00,6.165,6.175,6.14,6.175,19135.0,risk_rising,weak,risk_off,0.26229508196721285,hold,hold,0,0,
4090,2025-09-11 19:45:00+00:00,6.175,6.24,6.16,6.225,112983.0,risk_rising,weak,risk_off,0.4262295081967201,hold,hold,0,0,
4091,2025-09-11 20:00:00+00:00,6.225,6.255,6.195,6.24,151491.0,risk_rising,weak,risk_off,0.47540983606557435,hold,hold,0,0,
4092,2025-09-12 13:30:00+00:00,6.24,6.315,6.16,6.285,32190.0,range_neutral,weak,neutral,0.6229508196721312,hold,hold,0,0,
4093,2025-09-12 13:45:00+00:00,6.285,6.29,6.15,6.23,96527.0,range_neutral,weak,neutral,0.44262295081967346,hold,hold,0,0,
4094,2025-09-12 14:00:00+00:00,6.24,6.35,6.23,6.23,123377.0,range_neutral,weak,neutral,0.44262295081967346,hold,hold,0,0,
4095,2025-09-12 14:15:00+00:00,6.25,6.34,6.25,6.31,112497.0,range_distribution,weak,neutral,0.7049180327868834,hold,hold,0,0,
4096,2025-09-12 14:30:00+00:00,6.3001,6.335,6.26,6.27,27655.0,range_neutral,weak,neutral,0.573770491803277,hold,hold,0,0,
4097,2025-09-12 14:45:00+00:00,6.275,6.32,6.27,6.275,63603.0,pullback,weak,neutral,0.5901639344262303,buy,buy,200,200,6.275
4098,2025-09-12 15:00:00+00:00,6.275,6.405,6.27,6.31,126374.0,pullback,weak,neutral,0.6935483870967726,hold,hold,0,200,
4099,2025-09-12 15:15:00+00:00,6.32,6.32,6.27,6.2836,43775.0,pullback,weak,neutral,0.6083870967741929,hold,hold,0,200,
4100,2025-09-12 15:30:00+00:00,6.2836,6.365,6.27,6.365,62777.0,breakout,weak,neutral,0.870967741935484,hold,hold,0,200,
4101,2025-09-12 15:45:00+00:00,6.35,6.4,6.3466,6.3515,85987.0,breakout_setup,weak,neutral,0.8274193548387082,hold,hold,0,200,
4102,2025-09-12 16:00:00+00:00,6.35,6.4,6.345,6.35,48125.0,breakout_setup,weak,neutral,0.8225806451612887,hold,hold,0,200,
4103,2025-09-12 16:15:00+00:00,6.345,6.345,6.25,6.26,38816.0,pullback,weak,neutral,0.5322580645161283,hold,hold,0,200,
4104,2025-09-12 16:30:00+00:00,6.26,6.28,6.23,6.2782,18116.0,pullback,weak,neutral,0.5909677419354837,hold,hold,0,200,
4105,2025-09-12 16:45:00+00:00,6.27,6.2742,6.195,6.2036,48057.0,trend_late,weak,neutral,0.3503225806451608,hold,hold,0,200,
4106,2025-09-12 17:00:00+00:00,6.205,6.2466,6.205,6.22,30898.0,trend_late,weak,neutral,0.40322580645161227,hold,hold,0,200,
4107,2025-09-12 17:15:00+00:00,6.22,6.29,6.21,6.29,12972.0,pullback,weak,neutral,0.6034482758620683,hold,hold,0,200,
4108,2025-09-12 17:30:00+00:00,6.3,6.315,6.275,6.275,49848.0,trend_late,weak,neutral,0.5094339622641524,hold,hold,0,200,
4109,2025-09-12 17:45:00+00:00,6.27,6.27,6.242,6.2435,12365.0,trend_late,weak,neutral,0.36666666666666564,reduce,reduce,-200,0,6.2435
4110,2025-09-12 18:00:00+00:00,6.2435,6.3,6.2435,6.29,28813.0,risk_rising,weak,neutral,0.5490196078431362,hold,hold,0,0,
4111,2025-09-12 18:15:00+00:00,6.29,6.3,6.285,6.3,7092.0,risk_rising,weak,neutral,0.5882352941176452,hold,hold,0,0,
4112,2025-09-12 18:30:00+00:00,6.3,6.35,6.295,6.345,44748.0,risk_rising,weak,neutral,0.7647058823529391,hold,hold,0,0,
4113,2025-09-12 18:45:00+00:00,6.345,6.44,6.345,6.4,99374.0,range_distribution,weak,neutral,0.836734693877551,hold,hold,0,0,
4114,2025-09-12 19:00:00+00:00,6.405,6.42,6.35,6.35,35665.0,range_neutral,weak,neutral,0.632653061224487,hold,hold,0,0,
4115,2025-09-12 19:15:00+00:00,6.3401,6.365,6.325,6.33,33438.0,pullback,weak,neutral,0.5510204081632641,hold,hold,0,0,
4116,2025-09-12 19:30:00+00:00,6.33,6.34,6.31,6.3193,40254.0,pullback,weak,neutral,0.5073469387755094,hold,hold,0,0,
4117,2025-09-12 19:45:00+00:00,6.315,6.35,6.27,6.34,90625.0,pullback,weak,neutral,0.5918367346938755,hold,hold,0,0,
4118,2025-09-12 20:00:00+00:00,6.34,6.35,6.21,6.215,209825.0,trend_late,weak,neutral,0.08163265306122272,hold,hold,0,0,
4119,2025-09-15 13:30:00+00:00,6.355,6.48,6.33,6.43,106787.0,breakout_setup,leading,risk_off,0.8245614035087695,hold,hold,0,0,
4120,2025-09-15 13:45:00+00:00,6.36,6.4099,6.03,6.18,277461.0,trend_late,leading,risk_off,0.33333333333333204,hold,hold,0,0,
4121,2025-09-15 14:00:00+00:00,6.185,6.38,6.176,6.33,136851.0,pullback,leading,risk_off,0.666666666666666,hold,hold,0,0,
4122,2025-09-15 14:15:00+00:00,6.32,6.32,6.15,6.27,139997.0,trend_late,leading,risk_off,0.5333333333333317,hold,hold,0,0,
4123,2025-09-15 14:30:00+00:00,6.26,6.33,6.21,6.22,55052.0,trend_late,leading,risk_off,0.42222222222222094,hold,hold,0,0,
4124,2025-09-15 14:45:00+00:00,6.2151,6.26,6.2151,6.24,74368.0,risk_rising,leading,risk_off,0.4666666666666664,hold,hold,0,0,
4125,2025-09-15 15:00:00+00:00,6.23,6.27,6.2001,6.25,36315.0,risk_rising,leading,risk_off,0.48888888888888815,hold,hold,0,0,
4126,2025-09-15 15:15:00+00:00,6.26,6.32,6.26,6.28,75530.0,risk_rising,leading,risk_off,0.5555555555555554,hold,hold,0,0,
4127,2025-09-15 15:30:00+00:00,6.285,6.31,6.21,6.305,54761.0,risk_rising,leading,risk_off,0.6111111111111097,hold,hold,0,0,
4128,2025-09-15 15:45:00+00:00,6.3,6.35,6.27,6.3063,28421.0,range_neutral,leading,risk_off,0.6139999999999998,hold,hold,0,0,
4129,2025-09-15 16:00:00+00:00,6.3063,6.37,6.27,6.3697,28661.0,risk_rising,leading,risk_off,0.7548888888888878,hold,hold,0,0,
4130,2025-09-15 16:15:00+00:00,6.37,6.37,6.3219,6.3219,35481.0,range_neutral,leading,risk_off,0.6486666666666665,hold,hold,0,0,
4131,2025-09-15 16:30:00+00:00,6.32,6.32,6.25,6.28,42240.0,risk_rising,leading,risk_off,0.5555555555555554,hold,hold,0,0,
4132,2025-09-15 16:45:00+00:00,6.28,6.3,6.2701,6.2723,15905.0,range_neutral,leading,risk_off,0.5384444444444446,hold,hold,0,0,
4133,2025-09-15 17:00:00+00:00,6.2723,6.305,6.24,6.275,67511.0,range_neutral,leading,risk_off,0.5444444444444445,hold,hold,0,0,
4134,2025-09-15 17:15:00+00:00,6.275,6.415,6.275,6.41,112417.0,breakout_setup,leading,risk_off,0.8444444444444439,hold,hold,0,0,
4135,2025-09-15 17:30:00+00:00,6.41,6.4157,6.33,6.36,39583.0,pullback,leading,risk_off,0.7333333333333332,hold,hold,0,0,
4136,2025-09-15 17:45:00+00:00,6.36,6.42,6.355,6.409,30358.0,breakout_setup,leading,risk_off,0.8422222222222209,hold,hold,0,0,
4137,2025-09-15 18:00:00+00:00,6.4081,6.645,6.4,6.6396,262756.0,breakout,leading,risk_off,0.9912195121951222,hold,hold,0,0,
4138,2025-09-15 18:15:00+00:00,6.62,6.6899,6.5,6.52,172998.0,pullback,leading,risk_off,0.7425367479921196,hold,hold,0,0,
4139,2025-09-15 18:30:00+00:00,6.533,6.6599,6.505,6.58,143629.0,breakout_setup,leading,risk_off,0.8334596150931963,hold,hold,0,0,
4140,2025-09-15 18:45:00+00:00,6.58,6.61,6.52,6.56,99541.0,breakout_setup,leading,risk_off,0.7593998888683084,hold,hold,0,0,
4141,2025-09-15 19:00:00+00:00,6.56,6.595,6.53,6.5697,62446.0,breakout_setup,leading,risk_off,0.777366178922023,hold,hold,0,0,
4142,2025-09-15 19:15:00+00:00,6.57,6.5999,6.55,6.5599,56124.0,pullback,leading,risk_off,0.7345855451204575,hold,hold,0,0,
4143,2025-09-15 19:30:00+00:00,6.5599,6.615,6.555,6.59,44868.0,breakout_setup,leading,risk_off,0.7960391996733363,hold,hold,0,0,
4144,2025-09-15 19:45:00+00:00,6.59,6.62,6.58,6.595,60472.0,breakout_setup,leading,risk_off,0.8062474479379338,hold,hold,0,0,
4145,2025-09-15 20:00:00+00:00,6.595,6.69,6.57,6.685,295599.0,breakout,leading,risk_off,0.9895833333333317,hold,hold,0,0,
4146,2025-09-16 13:30:00+00:00,6.98,7.05,6.89,6.96,133307.0,breakout,mixed,risk_off,0.892857142857143,hold,hold,0,0,
4147,2025-09-16 13:45:00+00:00,6.96,7.14,6.6,6.62,577472.0,trend_late,mixed,risk_off,0.42222222222222233,hold,hold,0,0,
4148,2025-09-16 14:00:00+00:00,6.63,6.695,6.5201,6.5386,224738.0,pullback,mixed,risk_off,0.33177777777777745,hold,hold,0,0,
4149,2025-09-16 14:15:00+00:00,6.53,6.59,6.51,6.55,141278.0,trend_late,mixed,risk_off,0.3444444444444442,hold,hold,0,0,
4150,2025-09-16 14:30:00+00:00,6.555,6.6,6.52,6.55,122526.0,trend_late,mixed,risk_off,0.3444444444444442,hold,hold,0,0,
4151,2025-09-16 14:45:00+00:00,6.53,6.73,6.5,6.71,190697.0,pullback,mixed,risk_off,0.5222222222222223,hold,hold,0,0,
4152,2025-09-16 15:00:00+00:00,6.73,6.81,6.71,6.73,157652.0,pullback,mixed,risk_off,0.544444444444445,hold,hold,0,0,
4153,2025-09-16 15:15:00+00:00,6.73,6.73,6.64,6.645,81778.0,pullback,mixed,risk_off,0.42774566473988385,hold,hold,0,0,
4154,2025-09-16 15:30:00+00:00,6.645,6.82,6.61,6.7857,305438.0,pullback,mixed,risk_off,0.5625925925925931,hold,hold,0,0,
4155,2025-09-16 15:45:00+00:00,6.785,6.8198,6.76,6.7886,93478.0,pullback,mixed,risk_off,0.5523566878980888,hold,hold,0,0,
4156,2025-09-16 16:00:00+00:00,6.79,6.95,6.79,6.8699,198926.0,trend_late,mixed,risk_off,0.6350000000000006,hold,hold,0,0,
4157,2025-09-16 16:15:00+00:00,6.86,6.9,6.81,6.845,103150.0,pullback,mixed,risk_off,0.5390624999999999,hold,hold,0,0,
4158,2025-09-16 16:30:00+00:00,6.845,7.1,6.8,6.82,425885.0,pullback,mixed,risk_off,0.5000000000000007,hold,hold,0,0,
4159,2025-09-16 16:45:00+00:00,6.83,6.8999,6.79,6.88,92771.0,pullback,mixed,risk_off,0.5937500000000001,hold,hold,0,0,
4160,2025-09-16 17:00:00+00:00,6.88,6.92,6.8419,6.8665,49805.0,pullback,mixed,risk_off,0.5726562500000008,hold,hold,0,0,
4161,2025-09-16 17:15:00+00:00,6.87,6.93,6.8601,6.87,71234.0,pullback,mixed,risk_off,0.5781250000000004,hold,hold,0,0,
4162,2025-09-16 17:30:00+00:00,6.87,6.88,6.77,6.7765,86823.0,pullback,mixed,risk_off,0.43203125000000087,hold,hold,0,0,
4163,2025-09-16 17:45:00+00:00,6.775,6.78,6.75,6.76,66171.0,pullback,mixed,risk_off,0.4062499999999999,hold,hold,0,0,
4164,2025-09-16 18:00:00+00:00,6.76,6.77,6.73,6.74,45934.0,trend_late,mixed,risk_off,0.3750000000000005,hold,hold,0,0,
4165,2025-09-16 18:15:00+00:00,6.73,6.73,6.63,6.64,122757.0,trend_late,mixed,risk_off,0.2187499999999996,hold,hold,0,0,
4166,2025-09-16 18:30:00+00:00,6.64,6.67,6.61,6.66,32889.0,trend_late,mixed,risk_off,0.25000000000000033,hold,hold,0,0,
4167,2025-09-16 18:45:00+00:00,6.66,6.73,6.66,6.7256,50817.0,trend_late,mixed,risk_off,0.3760000000000003,hold,hold,0,0,
4168,2025-09-16 19:00:00+00:00,6.7265,6.745,6.7,6.705,48250.0,trend_late,mixed,risk_off,0.341666666666667,hold,hold,0,0,
4169,2025-09-16 19:15:00+00:00,6.7057,6.735,6.675,6.6831,61603.0,risk_rising,mixed,risk_off,0.3051666666666662,hold,hold,0,0,
4170,2025-09-16 19:30:00+00:00,6.6854,6.6992,6.645,6.685,44149.0,risk_rising,mixed,risk_off,0.30833333333333285,hold,hold,0,0,
4171,2025-09-16 19:45:00+00:00,6.68,6.685,6.61,6.64,57543.0,risk_rising,mixed,risk_off,0.061224489795917145,hold,hold,0,0,
4172,2025-09-16 20:00:00+00:00,6.6398,6.645,6.49,6.505,312646.0,risk_rising,mixed,risk_off,0.02459016393442573,hold,hold,0,0,
4173,2025-09-17 13:30:00+00:00,6.4,6.4258,6.25,6.28,82016.0,risk_rising,mixed,risk_off,0.03529411764705913,hold,hold,0,0,
4174,2025-09-17 13:45:00+00:00,6.26,6.55,6.26,6.52,131894.0,risk_rising,mixed,risk_off,0.31764705882352906,hold,hold,0,0,
4175,2025-09-17 14:00:00+00:00,6.54,6.73,6.54,6.565,147279.0,risk_rising,mixed,risk_off,0.3705882352941183,hold,hold,0,0,
4176,2025-09-17 14:15:00+00:00,6.5711,6.58,6.39,6.395,175678.0,risk_rising,mixed,risk_off,0.1705882352941172,hold,hold,0,0,
4177,2025-09-17 14:30:00+00:00,6.395,6.4052,6.29,6.29,190391.0,risk_rising,mixed,risk_off,0.047058823529411827,hold,hold,0,0,
4178,2025-09-17 14:45:00+00:00,6.3,6.38,6.3,6.34,124559.0,risk_rising,mixed,risk_off,0.13235294117647042,hold,hold,0,0,
4179,2025-09-17 15:00:00+00:00,6.34,6.4,6.3,6.4,64070.0,risk_rising,mixed,risk_off,0.22058823529411825,hold,hold,0,0,
4180,2025-09-17 15:15:00+00:00,6.385,6.48,6.362,6.42,109185.0,risk_rising,mixed,risk_off,0.25,hold,hold,0,0,
4181,2025-09-17 15:30:00+00:00,6.425,6.53,6.4101,6.48,49888.0,risk_rising,mixed,risk_off,0.36507936507936584,hold,hold,0,0,
4182,2025-09-17 15:45:00+00:00,6.49,6.5298,6.45,6.52,62438.0,range_neutral,mixed,risk_off,0.5094339622641499,hold,hold,0,0,
4183,2025-09-17 16:00:00+00:00,6.5137,6.52,6.465,6.49,15427.0,range_neutral,mixed,risk_off,0.46153846153846234,hold,hold,0,0,
4184,2025-09-17 16:15:00+00:00,6.49,6.5,6.45,6.4504,21340.0,risk_rising,mixed,risk_off,0.404848484848485,hold,hold,0,0,
4185,2025-09-17 16:30:00+00:00,6.47,6.53,6.429,6.52,51547.0,risk_rising,mixed,risk_off,0.5454545454545445,hold,hold,0,0,
4186,2025-09-17 16:45:00+00:00,6.525,6.5575,6.42,6.453,49931.0,range_neutral,mixed,risk_off,0.4101010101010106,hold,hold,0,0,
4187,2025-09-17 17:00:00+00:00,6.45,6.46,6.4,6.445,34665.0,range_neutral,mixed,risk_off,0.3939393939393944,hold,hold,0,0,
4188,2025-09-17 17:15:00+00:00,6.4401,6.48,6.43,6.4599,21396.0,range_neutral,mixed,risk_off,0.4327835051546393,hold,hold,0,0,
4189,2025-09-17 17:30:00+00:00,6.455,6.4699,6.42,6.43,19085.0,pullback,mixed,risk_off,0.37499999999999906,hold,hold,0,0,
4190,2025-09-17 17:45:00+00:00,6.43,6.5,6.43,6.49,22221.0,pullback,mixed,risk_off,0.5,hold,hold,0,0,
4191,2025-09-17 18:00:00+00:00,6.49,6.52,6.4,6.47,54445.0,trend_late,mixed,risk_off,0.4583333333333324,hold,hold,0,0,
4192,2025-09-17 18:15:00+00:00,6.45,6.74,6.43,6.48,298638.0,trend_late,mixed,risk_off,0.4693877551020415,hold,hold,0,0,
4193,2025-09-17 18:30:00+00:00,6.51,6.54,6.405,6.52,98355.0,pullback,mixed,risk_off,0.5416666666666657,hold,hold,0,0,
4194,2025-09-17 18:45:00+00:00,6.49,6.5,6.3,6.3,153764.0,trend_late,mixed,risk_off,0.02222222222222174,hold,hold,0,0,
4195,2025-09-17 19:00:00+00:00,6.29,6.38,6.1402,6.34,230129.0,trend_late,mixed,risk_off,0.33311103701233696,hold,hold,0,0,
4196,2025-09-17 19:15:00+00:00,6.3,6.44,6.285,6.325,67750.0,risk_rising,mixed,risk_off,0.3081027009003002,hold,hold,0,0,
4197,2025-09-17 19:30:00+00:00,6.33,6.4277,6.3,6.37,59630.0,risk_rising,mixed,risk_off,0.3831277092364121,hold,hold,0,0,
4198,2025-09-17 19:45:00+00:00,6.37,6.3718,6.3299,6.3662,59316.0,risk_rising,mixed,risk_off,0.37679226408802924,hold,hold,0,0,
4199,2025-09-17 20:00:00+00:00,6.36,6.44,6.355,6.365,172319.0,risk_rising,mixed,risk_off,0.37479159719906646,hold,hold,0,0,
4200,2025-09-18 13:30:00+00:00,6.46,6.62,6.44,6.59,49786.0,range_distribution,mixed,neutral,0.749916638879626,hold,hold,0,0,
4201,2025-09-18 13:45:00+00:00,6.5909,6.8,6.45,6.535,430440.0,range_neutral,mixed,neutral,0.5983631403455596,hold,hold,0,0,
4202,2025-09-18 14:00:00+00:00,6.53,6.74,6.46,6.68,193348.0,range_distribution,mixed,neutral,0.8181267050621398,hold,hold,0,0,
4203,2025-09-18 14:15:00+00:00,6.67,6.96,6.67,6.9,501541.0,breakout,mixed,neutral,0.9268114174188831,buy,buy,200,200,6.9
4204,2025-09-18 14:30:00+00:00,6.92,7.09,6.8968,6.948,416898.0,breakout,mixed,neutral,0.8504948410191625,hold,hold,0,200,
4205,2025-09-18 14:45:00+00:00,6.9497,7.03,6.9445,6.9625,133985.0,breakout,mixed,neutral,0.8657612128869241,hold,hold,0,200,
4206,2025-09-18 15:00:00+00:00,6.965,6.99,6.8,6.875,174521.0,breakout_setup,mixed,neutral,0.7736365550642241,hold,hold,0,200,
4207,2025-09-18 15:15:00+00:00,6.8773,6.92,6.67,6.71,158683.0,pullback,mixed,neutral,0.5999157717414193,hold,hold,0,200,
4208,2025-09-18 15:30:00+00:00,6.71,6.7981,6.7,6.735,92268.0,pullback,mixed,neutral,0.6262371025479052,hold,hold,0,200,
4209,2025-09-18 15:45:00+00:00,6.74,6.8499,6.71,6.83,97216.0,pullback,mixed,neutral,0.7262581596125501,hold,hold,0,200,
4210,2025-09-18 16:00:00+00:00,6.8,6.91,6.799,6.84,87146.0,pullback,mixed,neutral,0.7367866919351441,hold,hold,0,200,
4211,2025-09-18 16:15:00+00:00,6.85,6.9835,6.8395,6.855,87227.0,breakout_setup,mixed,neutral,0.7525794904190362,hold,hold,0,200,
4212,2025-09-18 16:30:00+00:00,6.86,7.02,6.85,6.94,138256.0,breakout_setup,mixed,neutral,0.8420720151610871,hold,hold,0,200,
4213,2025-09-18 16:45:00+00:00,6.95,6.99,6.9146,6.9294,59464.0,breakout_setup,mixed,neutral,0.830911770899137,hold,hold,0,200,
4214,2025-09-18 17:00:00+00:00,6.925,6.9745,6.9,6.95,82068.0,breakout,mixed,neutral,0.8526005474836811,hold,hold,0,200,
4215,2025-09-18 17:15:00+00:00,6.94,6.96,6.8935,6.92,46607.0,trend_late,mixed,neutral,0.7888198757763976,reduce,reduce,-200,0,6.92
4216,2025-09-18 17:30:00+00:00,6.92,6.93,6.845,6.85,92048.0,trend_late,mixed,neutral,0.6962025316455693,hold,hold,0,0,
4217,2025-09-18 17:45:00+00:00,6.8344,6.85,6.81,6.84,33708.0,pullback,mixed,neutral,0.6710959084331007,hold,hold,0,0,
4218,2025-09-18 18:00:00+00:00,6.84,6.85,6.8,6.84,57126.0,pullback,mixed,neutral,0.659863945578231,hold,hold,0,0,
4219,2025-09-18 18:15:00+00:00,6.84,6.87,6.815,6.85,60632.0,pullback,mixed,neutral,0.6307692307692302,hold,hold,0,0,
4220,2025-09-18 18:30:00+00:00,6.845,6.95,6.8432,6.94,103534.0,breakout_setup,mixed,neutral,0.7656250000000007,hold,hold,0,0,
4221,2025-09-18 18:45:00+00:00,6.94,6.95,6.885,6.8899,26289.0,pullback,mixed,neutral,0.6823809523809524,hold,hold,0,0,
4222,2025-09-18 19:00:00+00:00,6.88,6.89,6.82,6.86,88582.0,trend_late,mixed,neutral,0.4523809523809534,hold,hold,0,0,
4223,2025-09-18 19:15:00+00:00,6.86,6.87,6.8343,6.865,26330.0,trend_late,mixed,neutral,0.464285714285715,hold,hold,0,0,
4224,2025-09-18 19:30:00+00:00,6.8625,6.88,6.85,6.855,27771.0,trend_late,mixed,neutral,0.5138888888888898,hold,hold,0,0,
4225,2025-09-18 19:45:00+00:00,6.86,6.86,6.82,6.835,46512.0,trend_late,mixed,neutral,0.47142857142857203,hold,hold,0,0,
4226,2025-09-18 20:00:00+00:00,6.84,6.9,6.81,6.82,222401.0,trend_late,mixed,neutral,0.42857142857143005,hold,hold,0,0,
4227,2025-09-19 13:30:00+00:00,6.97,7.03,6.935,6.9985,123990.0,breakout,leading,neutral,0.9045454545454537,buy,hold,0,0,
4228,2025-09-19 13:45:00+00:00,6.9868,7.09,6.88,6.885,251195.0,pullback,leading,neutral,0.46052631578947334,hold,hold,0,0,
4229,2025-09-19 14:00:00+00:00,6.89,7.0,6.866,6.93,129836.0,pullback,leading,neutral,0.45017182130584044,hold,hold,0,0,
4230,2025-09-19 14:15:00+00:00,6.9234,6.9399,6.87,6.93,84727.0,risk_rising,leading,neutral,0.4482758620689651,hold,hold,0,0,
4231,2025-09-19 14:30:00+00:00,6.93,6.99,6.89,6.9376,122458.0,range_neutral,leading,neutral,0.4744827586206894,hold,hold,0,0,
4232,2025-09-19 14:45:00+00:00,6.94,6.99,6.83,6.8303,100329.0,trend_late,leading,neutral,0.10448275862069115,hold,hold,0,0,
4233,2025-09-19 15:00:00+00:00,6.84,7.04,6.8,6.9801,187990.0,pullback,leading,neutral,0.6210344827586219,hold,hold,0,0,
4234,2025-09-19 15:15:00+00:00,6.99,7.0,6.85,6.85,105597.0,trend_late,leading,neutral,0.17241379310344765,hold,hold,0,0,
4235,2025-09-19 15:30:00+00:00,6.8512,7.045,6.85,6.98,140599.0,pullback,leading,neutral,0.6206896551724158,hold,hold,0,0,
4236,2025-09-19 15:45:00+00:00,6.995,7.07,6.96,7.0478,167571.0,breakout,leading,neutral,0.8544827586206889,hold,hold,0,0,
4237,2025-09-19 16:00:00+00:00,7.05,7.14,7.04,7.1122,162339.0,breakout,leading,neutral,0.9182352941176469,hold,hold,0,0,
4238,2025-09-19 16:15:00+00:00,7.108,7.13,6.94,6.945,94304.0,pullback,leading,neutral,0.42647058823529566,hold,hold,0,0,
4239,2025-09-19 16:30:00+00:00,6.94,6.96,6.89,6.94,102693.0,pullback,leading,neutral,0.4117647058823548,hold,hold,0,0,
4240,2025-09-19 16:45:00+00:00,6.93,6.9399,6.88,6.9,94190.0,trend_late,leading,neutral,0.2941176470588252,reduce,hold,0,0,
4241,2025-09-19 17:00:00+00:00,6.9,6.91,6.8,6.85,153395.0,trend_late,leading,neutral,0.1470588235294113,hold,hold,0,0,
4242,2025-09-19 17:15:00+00:00,6.86,6.91,6.85,6.89,58715.0,pullback,leading,neutral,0.26470588235294085,hold,hold,0,0,
4243,2025-09-19 17:30:00+00:00,6.89,7.15,6.89,7.1,292618.0,breakout,leading,neutral,0.8571428571428553,hold,hold,0,0,
4244,2025-09-19 17:45:00+00:00,7.09,7.21,7.084,7.15,339992.0,breakout,leading,neutral,0.8536585365853668,hold,hold,0,0,
4245,2025-09-19 18:00:00+00:00,7.15,7.33,7.11,7.3176,207064.0,breakout,leading,neutral,0.9766037735849049,hold,hold,0,0,
4246,2025-09-19 18:15:00+00:00,7.3,7.32,7.21,7.24,213861.0,breakout_setup,leading,neutral,0.8301886792452834,hold,hold,0,0,
4247,2025-09-19 18:30:00+00:00,7.24,7.24,7.12,7.16,104618.0,pullback,leading,neutral,0.6792452830188682,hold,hold,0,0,
4248,2025-09-19 18:45:00+00:00,7.17,7.1949,7.0801,7.1,97947.0,pullback,leading,neutral,0.566037735849056,hold,hold,0,0,
4249,2025-09-19 19:00:00+00:00,7.1098,7.15,7.06,7.15,67970.0,pullback,leading,neutral,0.6603773584905668,hold,hold,0,0,
4250,2025-09-19 19:15:00+00:00,7.16,7.24,7.16,7.18,66041.0,pullback,leading,neutral,0.7169811320754712,hold,hold,0,0,
4251,2025-09-19 19:30:00+00:00,7.1792,7.21,7.1626,7.165,78563.0,pullback,leading,neutral,0.6886792452830189,hold,hold,0,0,
4252,2025-09-19 19:45:00+00:00,7.165,7.17,7.1128,7.14,76869.0,pullback,leading,neutral,0.6415094339622636,buy,buy,200,200,7.14
4253,2025-09-19 20:00:00+00:00,7.15,7.24,7.145,7.18,334245.0,pullback,leading,neutral,0.7169811320754712,hold,hold,0,200,
4254,2025-09-22 13:30:00+00:00,7.3,7.32,7.22,7.245,76392.0,breakout_setup,mixed,neutral,0.8396226415094341,hold,hold,0,200,
4255,2025-09-22 13:45:00+00:00,7.24,7.245,6.8973,6.96,401273.0,trend_late,mixed,neutral,0.3018867924528303,reduce,hold,0,200,
4256,2025-09-22 14:00:00+00:00,6.9506,7.24,6.9,7.15,290953.0,trend_late,mixed,neutral,0.6603773584905668,hold,hold,0,200,
4257,2025-09-22 14:15:00+00:00,7.15,7.24,7.09,7.19,125061.0,pullback,mixed,neutral,0.7358490566037743,hold,hold,0,200,
4258,2025-09-22 14:30:00+00:00,7.2,7.21,7.03,7.05,88277.0,trend_late,mixed,neutral,0.47169811320754695,hold,hold,0,200,
4259,2025-09-22 14:45:00+00:00,7.05,7.11,7.0141,7.095,172202.0,trend_late,mixed,neutral,0.5566037735849053,hold,hold,0,200,
4260,2025-09-22 15:00:00+00:00,7.09,7.09,6.995,7.02,74455.0,trend_late,mixed,neutral,0.41509433962264086,hold,hold,0,200,
4261,2025-09-22 15:15:00+00:00,7.025,7.0327,6.93,6.97,113849.0,risk_rising,mixed,neutral,0.25,hold,hold,0,200,
4262,2025-09-22 15:30:00+00:00,6.97,6.99,6.92,6.9535,107124.0,risk_rising,mixed,neutral,0.14431818181818246,hold,hold,0,200,
4263,2025-09-22 15:45:00+00:00,6.955,7.01,6.93,6.96,87594.0,risk_rising,mixed,neutral,0.14490409059394405,hold,hold,0,200,
4264,2025-09-22 16:00:00+00:00,6.96,6.9846,6.86,6.87,98295.0,risk_rising,mixed,neutral,0.02127659574468041,hold,hold,0,200,
4265,2025-09-22 16:15:00+00:00,6.86,6.92,6.85,6.85,86853.0,risk_rising,mixed,neutral,0.0,hold,hold,0,200,
4266,2025-09-22 16:30:00+00:00,6.855,6.9327,6.855,6.9325,55425.0,risk_rising,mixed,neutral,0.17553191489361777,hold,hold,0,200,
4267,2025-09-22 16:45:00+00:00,6.935,7.04,6.93,7.03,90619.0,risk_rising,mixed,neutral,0.3829787234042561,hold,hold,0,200,
4268,2025-09-22 17:00:00+00:00,7.02,7.02,6.95,7.0,69699.0,risk_rising,mixed,neutral,0.31914893617021306,hold,hold,0,200,
4269,2025-09-22 17:15:00+00:00,6.99,7.03,6.96,6.97,56034.0,risk_rising,mixed,neutral,0.2553191489361701,hold,hold,0,200,
4270,2025-09-22 17:30:00+00:00,6.97,7.035,6.96,7.03,50361.0,range_neutral,mixed,neutral,0.3829787234042561,hold,hold,0,200,
4271,2025-09-22 17:45:00+00:00,7.03,7.12,7.0,7.105,227372.0,range_neutral,mixed,neutral,0.5425531914893627,hold,hold,0,200,
4272,2025-09-22 18:00:00+00:00,7.105,7.11,6.965,7.015,107112.0,range_neutral,mixed,neutral,0.35106382978723366,hold,hold,0,200,
4273,2025-09-22 18:15:00+00:00,7.019,7.12,7.019,7.09,113716.0,range_neutral,mixed,neutral,0.5106382978723402,hold,hold,0,200,
4274,2025-09-22 18:30:00+00:00,7.0879,7.11,7.02,7.073,41289.0,range_neutral,mixed,neutral,0.5645569620253177,hold,hold,0,200,
4275,2025-09-22 18:45:00+00:00,7.07,7.08,7.0297,7.035,51130.0,pullback,mixed,neutral,0.47435897435897495,buy,hold,0,200,
4276,2025-09-22 19:00:00+00:00,7.035,7.085,7.03,7.075,33826.0,pullback,mixed,neutral,0.5769230769230774,hold,hold,0,200,
4277,2025-09-22 19:15:00+00:00,7.075,7.105,7.06,7.075,25530.0,pullback,mixed,neutral,0.6250000000000009,hold,hold,0,200,
4278,2025-09-22 19:30:00+00:00,7.075,7.0873,7.06,7.065,32921.0,breakout_setup,mixed,neutral,0.7962962962962977,hold,hold,0,200,
4279,2025-09-22 19:45:00+00:00,7.0636,7.0636,7.02,7.0335,37367.0,pullback,mixed,neutral,0.6796296296296301,hold,hold,0,200,
4280,2025-09-22 20:00:00+00:00,7.035,7.075,6.86,6.91,239858.0,trend_late,mixed,neutral,0.22222222222222368,hold,hold,0,200,
4281,2025-09-23 13:30:00+00:00,7.0,7.0395,6.95,6.995,30996.0,trend_late,mixed,risk_off,0.5370370370370379,reduce,hold,0,200,
4282,2025-09-23 13:45:00+00:00,6.95,7.03,6.89,6.96,124359.0,trend_late,mixed,risk_off,0.4074074074074079,hold,hold,0,200,
4283,2025-09-23 14:00:00+00:00,6.96,7.04,6.91,6.94,108016.0,trend_late,mixed,risk_off,0.33333333333333554,hold,hold,0,200,
4284,2025-09-23 14:15:00+00:00,6.94,6.97,6.88,6.97,108288.0,risk_rising,mixed,risk_off,0.4444444444444441,hold,hold,0,200,
4285,2025-09-23 14:30:00+00:00,6.97,7.1,6.97,7.0544,166983.0,range_distribution,mixed,risk_off,0.7524528301886794,hold,hold,0,200,
4286,2025-09-23 14:45:00+00:00,7.05,7.25,7.02,7.21,302338.0,range_distribution,mixed,risk_off,0.8974358974358972,hold,hold,0,200,
4287,2025-09-23 15:00:00+00:00,7.21,7.35,7.18,7.2301,369248.0,range_distribution,mixed,risk_off,0.7553061224489803,hold,hold,0,200,
4288,2025-09-23 15:15:00+00:00,7.23,7.27,7.14,7.1905,228913.0,range_distribution,mixed,risk_off,0.6744897959183679,hold,hold,0,200,
4289,2025-09-23 15:30:00+00:00,7.2032,7.22,7.1,7.13,66897.0,range_neutral,mixed,risk_off,0.5510204081632651,hold,hold,0,200,
4290,2025-09-23 15:45:00+00:00,7.1363,7.14,7.081,7.1026,80123.0,pullback,mixed,risk_off,0.49510204081632614,hold,hold,0,200,
4291,2025-09-23 16:00:00+00:00,7.1,7.105,7.05,7.07,97152.0,pullback,mixed,risk_off,0.4285714285714291,hold,hold,0,200,
4292,2025-09-23 16:15:00+00:00,7.0644,7.09,7.05,7.0854,49388.0,pullback,mixed,risk_off,0.4599999999999998,hold,hold,0,200,
4293,2025-09-23 16:30:00+00:00,7.1,7.31,7.1,7.29,274693.0,breakout,mixed,risk_off,0.8775510204081639,hold,hold,0,200,
4294,2025-09-23 16:45:00+00:00,7.28,7.355,7.23,7.29,218948.0,breakout,mixed,risk_off,0.868686868686868,hold,hold,0,200,
4295,2025-09-23 17:00:00+00:00,7.295,7.3,7.24,7.25,126885.0,breakout_setup,mixed,risk_off,0.7878787878787871,hold,hold,0,200,
4296,2025-09-23 17:15:00+00:00,7.25,7.2603,7.16,7.2,52436.0,trend_late,mixed,risk_off,0.6868686868686864,hold,hold,0,200,
4297,2025-09-23 17:30:00+00:00,7.18,7.195,7.1,7.11,113297.0,trend_late,mixed,risk_off,0.505050505050505,hold,hold,0,200,
4298,2025-09-23 17:45:00+00:00,7.12,7.13,6.765,6.79,369944.0,trend_late,mixed,risk_off,0.04237288135593275,hold,hold,0,200,
4299,2025-09-23 18:00:00+00:00,6.78,6.898,6.71,6.8836,265023.0,trend_late,mixed,risk_off,0.2691472868217059,hold,hold,0,200,
4300,2025-09-23 18:15:00+00:00,6.875,6.9,6.83,6.87,72455.0,trend_late,mixed,risk_off,0.24806201550387602,hold,hold,0,200,
4301,2025-09-23 18:30:00+00:00,6.88,6.95,6.84,6.94,82741.0,risk_rising,mixed,risk_off,0.3565891472868221,hold,hold,0,200,
4302,2025-09-23 18:45:00+00:00,6.95,7.07,6.9494,6.985,113785.0,risk_rising,mixed,risk_off,0.4263565891472871,hold,hold,0,200,
4303,2025-09-23 19:00:00+00:00,6.985,7.01,6.94,6.97,110854.0,risk_rising,mixed,risk_off,0.40310077519379783,hold,hold,0,200,
4304,2025-09-23 19:15:00+00:00,6.9745,6.9953,6.83,6.875,66786.0,risk_rising,mixed,risk_off,0.255813953488372,hold,hold,0,200,
4305,2025-09-23 19:30:00+00:00,6.88,6.91,6.86,6.885,85890.0,risk_rising,mixed,risk_off,0.2713178294573639,hold,hold,0,200,
4306,2025-09-23 19:45:00+00:00,6.88,6.9,6.84,6.85,53927.0,risk_rising,mixed,risk_off,0.21705426356589083,hold,hold,0,200,
4307,2025-09-23 20:00:00+00:00,6.84,6.85,6.685,6.72,378566.0,risk_rising,mixed,risk_off,0.052238805970149405,hold,hold,0,200,
4308,2025-09-24 13:30:00+00:00,6.85,7.08,6.85,7.0216,74470.0,range_neutral,leading,neutral,0.5023880597014929,hold,hold,0,200,
4309,2025-09-24 13:45:00+00:00,7.02,7.28,6.9,6.91,541063.0,range_accumulation,leading,neutral,0.3358208955223884,hold,hold,0,200,
4310,2025-09-24 14:00:00+00:00,6.91,7.0,6.776,6.98,273095.0,range_neutral,leading,neutral,0.4402985074626872,hold,hold,0,200,
4311,2025-09-24 14:15:00+00:00,6.99,7.0,6.71,6.72,164322.0,risk_rising,leading,neutral,0.052238805970149405,hold,hold,0,200,
4312,2025-09-24 14:30:00+00:00,6.7495,6.81,6.68,6.765,136040.0,risk_rising,leading,neutral,0.12592592592592575,hold,hold,0,200,
4313,2025-09-24 14:45:00+00:00,6.77,6.8927,6.74,6.85,145419.0,risk_rising,leading,neutral,0.2518518518518515,hold,hold,0,200,
4314,2025-09-24 15:00:00+00:00,6.85,6.9099,6.83,6.86,91255.0,risk_rising,leading,neutral,0.2903225806451622,hold,hold,0,200,
4315,2025-09-24 15:15:00+00:00,6.87,6.95,6.86,6.95,78895.0,range_neutral,leading,neutral,0.45000000000000034,hold,hold,0,200,
4316,2025-09-24 15:30:00+00:00,6.95,6.98,6.88,6.91,71551.0,range_neutral,leading,neutral,0.3833333333333337,hold,hold,0,200,
4317,2025-09-24 15:45:00+00:00,6.9014,6.9014,6.63,6.64,176688.0,risk_rising,leading,neutral,0.015384615384615049,hold,hold,0,200,
4318,2025-09-24 16:00:00+00:00,6.63,6.69,6.51,6.6048,291043.0,risk_rising,leading,neutral,0.12311688311688332,hold,hold,0,200,
4319,2025-09-24 16:15:00+00:00,6.628,6.68,6.58,6.66,124184.0,risk_rising,leading,neutral,0.19480519480519515,hold,hold,0,200,
4320,2025-09-24 16:30:00+00:00,6.65,6.73,6.63,6.72,38936.0,risk_rising,leading,neutral,0.27272727272727254,hold,hold,0,200,
4321,2025-09-24 16:45:00+00:00,6.73,7.0,6.73,6.925,188362.0,range_neutral,leading,neutral,0.5389610389610386,hold,hold,0,200,
4322,2025-09-24 17:00:00+00:00,6.93,6.99,6.81,6.91,249174.0,range_neutral,leading,neutral,0.5194805194805197,hold,hold,0,200,
4323,2025-09-24 17:15:00+00:00,6.91,6.91,6.79,6.84,71845.0,risk_rising,leading,neutral,0.4285714285714284,hold,hold,0,200,
4324,2025-09-24 17:30:00+00:00,6.84,6.94,6.81,6.94,42650.0,range_neutral,leading,neutral,0.5584415584415588,hold,hold,0,200,
4325,2025-09-24 17:45:00+00:00,6.93,6.98,6.9189,6.95,70224.0,range_neutral,leading,neutral,0.5714285714285716,hold,hold,0,200,
4326,2025-09-24 18:00:00+00:00,6.94,6.9487,6.85,6.85,19189.0,risk_rising,leading,neutral,0.4415584415584411,hold,hold,0,200,
4327,2025-09-24 18:15:00+00:00,6.84,6.86,6.79,6.85,59438.0,range_neutral,leading,neutral,0.4415584415584411,hold,hold,0,200,
4328,2025-09-24 18:30:00+00:00,6.84,6.87,6.74,6.795,43041.0,pullback,leading,neutral,0.3701298701298701,buy,buy,200,400,6.795
4329,2025-09-24 18:45:00+00:00,6.81,6.85,6.78,6.8,20809.0,pullback,leading,neutral,0.5918367346938773,hold,hold,0,400,
4330,2025-09-24 19:00:00+00:00,6.8,6.83,6.75,6.81,34596.0,pullback,leading,neutral,0.612244897959183,hold,hold,0,400,
4331,2025-09-24 19:15:00+00:00,6.8128,6.815,6.73,6.73,55552.0,trend_late,leading,neutral,0.4489795918367358,hold,hold,0,400,
4332,2025-09-24 19:30:00+00:00,6.72,6.76,6.685,6.71,63836.0,trend_late,leading,neutral,0.4081632653061226,hold,hold,0,400,
4333,2025-09-24 19:45:00+00:00,6.71,6.75,6.66,6.67,111055.0,trend_late,leading,neutral,0.3265306122448981,hold,hold,0,400,
4334,2025-09-24 20:00:00+00:00,6.68,6.715,6.65,6.71,215120.0,risk_rising,leading,neutral,0.4081632653061226,hold,hold,0,400,
4335,2025-09-25 13:30:00+00:00,6.48,6.48,6.35,6.384,133552.0,risk_rising,leading,risk_off,0.05230769230769335,reduce,reduce,-200,200,6.384
4336,2025-09-25 13:45:00+00:00,6.3501,6.51,6.33,6.44,273871.0,risk_rising,leading,risk_off,0.16417910447761244,hold,hold,0,200,
4337,2025-09-25 14:00:00+00:00,6.45,6.73,6.43,6.72,211668.0,risk_rising,leading,risk_off,0.5820895522388055,hold,hold,0,200,
4338,2025-09-25 14:15:00+00:00,6.74,7.06,6.7201,6.96,792857.0,range_distribution,leading,risk_off,0.8630136986301374,hold,hold,0,200,
4339,2025-09-25 14:30:00+00:00,6.9872,7.28,6.94,7.28,1152269.0,range_distribution,leading,risk_off,1.0,hold,hold,0,200,
4340,2025-09-25 14:45:00+00:00,7.2501,7.66,7.17,7.58,2138151.0,range_distribution,leading,risk_off,0.9398496240601504,hold,hold,0,200,
4341,2025-09-25 15:00:00+00:00,7.59,7.8,7.36,7.4703,1145120.0,breakout_setup,leading,risk_off,0.7757142857142858,hold,hold,0,200,
4342,2025-09-25 15:15:00+00:00,7.48,7.6,7.4201,7.555,331346.0,breakout_setup,leading,risk_off,0.8333333333333333,hold,hold,0,200,
4343,2025-09-25 15:30:00+00:00,7.555,7.56,7.2201,7.31,361922.0,pullback,leading,risk_off,0.6666666666666665,hold,hold,0,200,
4344,2025-09-25 15:45:00+00:00,7.3,7.5299,7.15,7.475,339189.0,breakout_setup,leading,risk_off,0.7789115646258502,hold,hold,0,200,
4345,2025-09-25 16:00:00+00:00,7.48,7.505,7.27,7.3444,154658.0,pullback,leading,risk_off,0.6900680272108846,hold,hold,0,200,
4346,2025-09-25 16:15:00+00:00,7.34,7.34,7.16,7.1969,164158.0,pullback,leading,risk_off,0.5897278911564628,hold,hold,0,200,
4347,2025-09-25 16:30:00+00:00,7.185,7.22,7.045,7.1299,200817.0,pullback,leading,risk_off,0.5441496598639457,hold,hold,0,200,
4348,2025-09-25 16:45:00+00:00,7.1,7.1,6.9601,7.01,218105.0,pullback,leading,risk_off,0.46258503401360535,hold,hold,0,200,
4349,2025-09-25 17:00:00+00:00,7.04,7.04,6.9118,7.02,150930.0,trend_late,leading,risk_off,0.46938775510204056,hold,hold,0,200,
4350,2025-09-25 17:15:00+00:00,7.03,7.06,6.895,6.95,153291.0,trend_late,leading,risk_off,0.42176870748299333,hold,hold,0,200,
4351,2025-09-25 17:30:00+00:00,6.96,6.975,6.785,6.8,289623.0,trend_late,leading,risk_off,0.3197278911564625,hold,hold,0,200,
4352,2025-09-25 17:45:00+00:00,6.7999,6.8,6.72,6.7398,153352.0,trend_late,leading,risk_off,0.2787755102040815,hold,hold,0,200,
4353,2025-09-25 18:00:00+00:00,6.735,6.8,6.67,6.68,181091.0,risk_rising,leading,risk_off,0.2380952380952379,hold,hold,0,200,
4354,2025-09-25 18:15:00+00:00,6.69,6.77,6.67,6.77,162939.0,risk_rising,leading,risk_off,0.2993197278911562,hold,hold,0,200,
4355,2025-09-25 18:30:00+00:00,6.74,6.86,6.722,6.85,176437.0,risk_rising,leading,risk_off,0.35374149659863924,hold,hold,0,200,
4356,2025-09-25 18:45:00+00:00,6.86,6.92,6.82,6.87,166111.0,risk_rising,leading,risk_off,0.3211678832116791,hold,hold,0,200,
4357,2025-09-25 19:00:00+00:00,6.877,6.95,6.8528,6.89,118662.0,risk_rising,leading,risk_off,0.19469026548672547,hold,hold,0,200,
4358,2025-09-25 19:15:00+00:00,6.89,6.93,6.825,6.92,102738.0,risk_rising,leading,risk_off,0.22123893805309736,hold,hold,0,200,
4359,2025-09-25 19:30:00+00:00,6.91,6.97,6.9,6.9,100421.0,risk_rising,leading,risk_off,0.20353982300884996,hold,hold,0,200,
4360,2025-09-25 19:45:00+00:00,6.9074,6.93,6.89,6.92,69725.0,risk_rising,leading,risk_off,0.22123893805309736,hold,hold,0,200,
4361,2025-09-25 20:00:00+00:00,6.9248,7.03,6.92,7.03,490960.0,range_neutral,leading,risk_off,0.3870967741935489,hold,hold,0,200,
4362,2025-09-26 13:30:00+00:00,7.02,7.11,6.98,7.11,63914.0,range_neutral,mixed,risk_on,0.4943820224719107,hold,hold,0,200,
4363,2025-09-26 13:45:00+00:00,7.1,7.19,6.85,6.89,490537.0,range_accumulation,mixed,risk_on,0.2558437027561343,buy,hold,0,200,
4364,2025-09-26 14:00:00+00:00,6.87,6.96,6.77,6.93,437533.0,range_accumulation,mixed,risk_on,0.31137724550898177,hold,hold,0,200,
4365,2025-09-26 14:15:00+00:00,6.92,6.93,6.6,6.615,424840.0,risk_rising,mixed,risk_on,0.02027027027027103,hold,hold,0,200,
4366,2025-09-26 14:30:00+00:00,6.63,6.67,6.49,6.51,298536.0,risk_rising,mixed,risk_on,0.027397260273972036,hold,hold,0,200,
4367,2025-09-26 14:45:00+00:00,6.51,6.59,6.45,6.49,276456.0,risk_rising,mixed,risk_on,0.054054054054054085,hold,hold,0,200,
4368,2025-09-26 15:00:00+00:00,6.49,6.54,6.42,6.43,245565.0,risk_rising,mixed,risk_on,0.012987012987012702,hold,hold,0,200,
4369,2025-09-26 15:15:00+00:00,6.42,6.49,6.35,6.3707,221075.0,risk_rising,mixed,risk_on,0.024642857142857844,hold,hold,0,200,
4370,2025-09-26 15:30:00+00:00,6.375,6.5,6.31,6.43,229005.0,risk_rising,mixed,risk_on,0.13636363636363635,hold,hold,0,200,
4371,2025-09-26 15:45:00+00:00,6.42,6.4485,6.325,6.325,96811.0,risk_rising,mixed,risk_on,0.017045454545455176,hold,hold,0,200,
4372,2025-09-26 16:00:00+00:00,6.32,6.385,6.31,6.32,162674.0,risk_rising,mixed,risk_on,0.01136363636363712,hold,hold,0,200,
4373,2025-09-26 16:15:00+00:00,6.32,6.34,6.2745,6.335,118578.0,risk_rising,mixed,risk_on,0.06608410704533062,hold,hold,0,200,
4374,2025-09-26 16:30:00+00:00,6.33,6.4462,6.3246,6.43,124153.0,risk_rising,mixed,risk_on,0.16985253959584912,hold,hold,0,200,
4375,2025-09-26 16:45:00+00:00,6.43,6.46,6.42,6.425,64336.0,risk_rising,mixed,risk_on,0.16439104314582192,reduce,hold,0,200,
4376,2025-09-26 17:00:00+00:00,6.428,6.48,6.37,6.4387,140731.0,risk_rising,mixed,risk_on,0.17935554341889678,hold,hold,0,200,
4377,2025-09-26 17:15:00+00:00,6.4399,6.53,6.415,6.525,86362.0,range_accumulation,mixed,risk_on,0.2736209721463686,hold,hold,0,200,
4378,2025-09-26 17:30:00+00:00,6.52,6.52,6.48,6.4813,56580.0,range_accumulation,mixed,risk_on,0.22588749317312962,hold,hold,0,200,
4379,2025-09-26 17:45:00+00:00,6.48,6.52,6.47,6.48,77980.0,range_accumulation,mixed,risk_on,0.22446750409612293,hold,hold,0,200,
4380,2025-09-26 18:00:00+00:00,6.485,6.55,6.475,6.54,79369.0,range_accumulation,mixed,risk_on,0.2900054614964501,hold,hold,0,200,
4381,2025-09-26 18:15:00+00:00,6.539,6.539,6.45,6.505,61349.0,range_accumulation,mixed,risk_on,0.25177498634625883,hold,hold,0,200,
4382,2025-09-26 18:30:00+00:00,6.505,6.54,6.5,6.53,40598.0,range_accumulation,mixed,risk_on,0.27908246859639574,hold,hold,0,200,
4383,2025-09-26 18:45:00+00:00,6.525,6.62,6.525,6.5999,139301.0,pullback,mixed,risk_on,0.47469000729394606,hold,hold,0,200,
4384,2025-09-26 19:00:00+00:00,6.5901,6.6,6.565,6.6,33393.0,pullback,mixed,risk_on,0.49656750572082364,hold,hold,0,200,
4385,2025-09-26 19:15:00+00:00,6.595,6.62,6.43,6.49,173593.0,pullback,mixed,risk_on,0.5448798988622007,hold,hold,0,200,
4386,2025-09-26 19:30:00+00:00,6.489,6.52,6.4825,6.5185,36318.0,pullback,mixed,risk_on,0.7062228654124469,hold,hold,0,200,
4387,2025-09-26 19:45:00+00:00,6.5165,6.55,6.49,6.535,80562.0,breakout_setup,mixed,risk_on,0.7539797395079598,buy,hold,0,200,
4388,2025-09-26 20:00:00+00:00,6.5347,6.5865,6.48,6.485,253189.0,pullback,mixed,risk_on,0.6092619392185249,hold,hold,0,200,
4389,2025-09-29 13:30:00+00:00,6.495,6.535,6.41,6.4196,79610.0,trend_late,mixed,neutral,0.4199710564399423,reduce,hold,0,200,
4390,2025-09-29 13:45:00+00:00,6.4689,6.48,6.08,6.19,736721.0,trend_late,mixed,neutral,0.20370370370370428,hold,hold,0,200,
4391,2025-09-29 14:00:00+00:00,6.19,6.43,6.1,6.42,320880.0,trend_late,mixed,neutral,0.6296296296296293,hold,hold,0,200,
4392,2025-09-29 14:15:00+00:00,6.42,6.42,6.2776,6.2899,152695.0,risk_rising,mixed,neutral,0.38870370370370405,hold,hold,0,200,
4393,2025-09-29 14:30:00+00:00,6.2801,6.2801,6.19,6.2075,180521.0,risk_rising,mixed,neutral,0.23611111111111016,hold,hold,0,200,
4394,2025-09-29 14:45:00+00:00,6.205,6.2675,6.195,6.2365,72746.0,risk_rising,mixed,neutral,0.28981481481481536,hold,hold,0,200,
4395,2025-09-29 15:00:00+00:00,6.2335,6.2681,6.18,6.2,101120.0,risk_rising,mixed,neutral,0.2222222222222224,hold,hold,0,200,
4396,2025-09-29 15:15:00+00:00,6.205,6.24,6.195,6.215,55999.0,risk_rising,mixed,neutral,0.24999999999999958,hold,hold,0,200,
4397,2025-09-29 15:30:00+00:00,6.215,6.23,6.16,6.22,83864.0,risk_rising,mixed,neutral,0.25925925925925863,hold,hold,0,200,
4398,2025-09-29 15:45:00+00:00,6.215,6.2555,6.205,6.2257,70596.0,risk_rising,mixed,neutral,0.2698148148148143,hold,hold,0,200,
4399,2025-09-29 16:00:00+00:00,6.2227,6.23,6.19,6.23,43804.0,risk_rising,mixed,neutral,0.2777777777777784,hold,hold,0,200,
4400,2025-09-29 16:15:00+00:00,6.23,6.27,6.2025,6.27,67369.0,range_neutral,mixed,neutral,0.3518518518518509,hold,hold,0,200,
4401,2025-09-29 16:30:00+00:00,6.268,6.27,6.195,6.24,122377.0,risk_rising,mixed,neutral,0.29629629629629656,hold,hold,0,200,
4402,2025-09-29 16:45:00+00:00,6.235,6.25,6.19,6.195,58780.0,risk_rising,mixed,neutral,0.21296296296296335,hold,hold,0,200,
4403,2025-09-29 17:00:00+00:00,6.2,6.22,6.19,6.195,25798.0,risk_rising,mixed,neutral,0.21296296296296335,hold,hold,0,200,
4404,2025-09-29 17:15:00+00:00,6.192,6.25,6.165,6.22,53083.0,risk_rising,mixed,neutral,0.25925925925925863,hold,hold,0,200,
4405,2025-09-29 17:30:00+00:00,6.22,6.25,6.22,6.25,20028.0,range_accumulation,mixed,neutral,0.3356367226061203,hold,hold,0,200,
4406,2025-09-29 17:45:00+00:00,6.245,6.47,6.2324,6.375,446800.0,range_neutral,mixed,neutral,0.5824284304047384,hold,hold,0,200,
4407,2025-09-29 18:00:00+00:00,6.39,6.62,6.3674,6.5948,415576.0,range_distribution,mixed,neutral,0.9533333333333336,hold,hold,0,200,
4408,2025-09-29 18:15:00+00:00,6.61,6.68,6.5701,6.68,141220.0,breakout,mixed,neutral,1.0,buy,hold,0,200,
4409,2025-09-29 18:30:00+00:00,6.678,6.69,6.58,6.615,111630.0,breakout,mixed,neutral,0.8770491803278686,hold,hold,0,200,
4410,2025-09-29 18:45:00+00:00,6.62,6.658,6.6,6.65,48801.0,breakout,mixed,neutral,0.9322033898305085,hold,hold,0,200,
4411,2025-09-29 19:00:00+00:00,6.65,6.93,6.615,6.87,234170.0,breakout,mixed,neutral,0.9220779220779225,hold,hold,0,200,
4412,2025-09-29 19:15:00+00:00,6.885,7.05,6.55,6.6094,1550384.0,pullback,mixed,neutral,0.5049438202247191,hold,hold,0,200,
4413,2025-09-29 19:30:00+00:00,6.6,6.6573,6.454,6.5099,485676.0,pullback,mixed,neutral,0.3931460674157303,hold,hold,0,200,
4414,2025-09-29 19:45:00+00:00,6.505,6.565,6.4501,6.515,150671.0,pullback,mixed,neutral,0.39887640449438166,hold,hold,0,200,
4415,2025-09-29 20:00:00+00:00,6.515,6.53,6.4701,6.495,212935.0,pullback,mixed,neutral,0.37640449438202256,hold,hold,0,200,
4416,2025-09-30 13:30:00+00:00,6.5,6.56,6.43,6.525,37743.0,pullback,mixed,neutral,0.4101123595505622,hold,hold,0,200,
4417,2025-09-30 13:45:00+00:00,6.55,6.7296,6.4771,6.55,270144.0,trend_late,mixed,neutral,0.4350282485875705,reduce,reduce,-200,0,6.55
4418,2025-09-30 14:00:00+00:00,6.56,6.6,6.37,6.42,192861.0,trend_late,mixed,neutral,0.28813559322033894,hold,hold,0,0,
4419,2025-09-30 14:15:00+00:00,6.385,6.4091,6.25,6.3,330207.0,trend_late,mixed,neutral,0.15254237288135572,hold,hold,0,0,
4420,2025-09-30 14:30:00+00:00,6.31,6.33,6.239,6.28,208337.0,trend_late,mixed,neutral,0.12994350282485903,hold,hold,0,0,
4421,2025-09-30 14:45:00+00:00,6.2828,6.3062,6.26,6.2969,58438.0,risk_rising,mixed,neutral,0.1490395480225988,hold,hold,0,0,
4422,2025-09-30 15:00:00+00:00,6.28,6.3298,6.28,6.3298,54668.0,risk_rising,mixed,neutral,0.18621468926553633,hold,hold,0,0,
4423,2025-09-30 15:15:00+00:00,6.33,6.33,6.225,6.2442,112398.0,risk_rising,mixed,neutral,0.08949152542372901,hold,hold,0,0,
4424,2025-09-30 15:30:00+00:00,6.2524,6.2524,6.2,6.2247,88378.0,risk_rising,mixed,neutral,0.029058823529411974,hold,hold,0,0,
4425,2025-09-30 15:45:00+00:00,6.2269,6.2598,6.21,6.24,29855.0,risk_rising,mixed,neutral,0.047058823529411827,hold,hold,0,0,
4426,2025-09-30 16:00:00+00:00,6.23,6.28,6.23,6.27,56032.0,risk_rising,mixed,neutral,0.08235294117646991,hold,hold,0,0,
4427,2025-09-30 16:15:00+00:00,6.275,6.275,6.21,6.23,66070.0,risk_rising,mixed,neutral,0.03529411764705913,hold,hold,0,0,
4428,2025-09-30 16:30:00+00:00,6.24,6.28,6.2241,6.2724,33258.0,risk_rising,mixed,neutral,0.08517647058823535,hold,hold,0,0,
4429,2025-09-30 16:45:00+00:00,6.28,6.29,6.2362,6.24,29671.0,risk_rising,mixed,neutral,0.047058823529411827,hold,hold,0,0,
4430,2025-09-30 17:00:00+00:00,6.24,6.24,6.1628,6.19,129375.0,risk_rising,mixed,neutral,0.03065825067628557,hold,hold,0,0,
4431,2025-09-30 17:15:00+00:00,6.195,6.21,6.13,6.14,67270.0,risk_rising,mixed,neutral,0.010869565217391073,hold,hold,0,0,
4432,2025-09-30 17:30:00+00:00,6.14,6.15,6.12,6.13,83407.0,risk_rising,mixed,neutral,0.01640419947506528,hold,hold,0,0,
4433,2025-09-30 17:45:00+00:00,6.1394,6.15,6.09,6.11,108128.0,risk_rising,mixed,neutral,0.03126954346466615,hold,hold,0,0,
4434,2025-09-30 18:00:00+00:00,6.1173,6.19,6.115,6.13,95015.0,risk_rising,mixed,neutral,0.06253908692933091,hold,hold,0,0,
4435,2025-09-30 18:15:00+00:00,6.135,6.19,6.11,6.18,39111.0,risk_rising,mixed,neutral,0.1407129455909942,hold,hold,0,0,
4436,2025-09-30 18:30:00+00:00,6.17,6.19,6.14,6.18,78954.0,risk_rising,mixed,neutral,0.1407129455909942,hold,hold,0,0,
4437,2025-09-30 18:45:00+00:00,6.18,6.2,6.14,6.15,40403.0,risk_rising,mixed,neutral,0.11764705882353044,hold,hold,0,0,
4438,2025-09-30 19:00:00+00:00,6.149,6.2,6.149,6.16,56292.0,risk_rising,mixed,neutral,0.21936696960200672,hold,hold,0,0,
4439,2025-09-30 19:15:00+00:00,6.16,6.1678,6.13,6.14,39080.0,risk_rising,mixed,neutral,0.2083333333333324,hold,hold,0,0,
4440,2025-09-30 19:30:00+00:00,6.14,6.17,6.135,6.155,45150.0,risk_rising,mixed,neutral,0.2708333333333347,hold,hold,0,0,
4441,2025-09-30 19:45:00+00:00,6.155,6.165,6.12,6.1495,81452.0,range_accumulation,mixed,neutral,0.24791666666666598,buy,buy,200,200,6.1495
4442,2025-09-30 20:00:00+00:00,6.14,6.23,6.125,6.22,295017.0,range_neutral,mixed,neutral,0.5416666666666657,hold,hold,0,200,
4443,2025-10-02 13:30:00+00:00,7.23,7.45,7.225,7.3785,251183.0,breakout,leading,risk_off,0.947426470588235,hold,hold,0,200,
4444,2025-10-02 13:45:00+00:00,7.38,7.51,7.11,7.415,652133.0,breakout,leading,risk_off,0.933098591549296,hold,hold,0,200,
4445,2025-10-02 14:00:00+00:00,7.42,7.46,7.2,7.28,220868.0,breakout_setup,leading,risk_off,0.8380281690140848,hold,hold,0,200,
4446,2025-10-02 14:15:00+00:00,7.27,7.35,7.18,7.33,262029.0,breakout,leading,risk_off,0.8732394366197185,hold,hold,0,200,
4447,2025-10-02 14:30:00+00:00,7.325,7.365,7.16,7.24,242601.0,breakout_setup,leading,risk_off,0.8098591549295777,hold,hold,0,200,
4448,2025-10-02 14:45:00+00:00,7.255,7.27,7.12,7.23,74343.0,breakout_setup,leading,risk_off,0.8028169014084512,hold,hold,0,200,
4449,2025-10-02 15:00:00+00:00,7.225,7.375,7.16,7.375,242718.0,breakout,leading,risk_off,0.9049295774647889,hold,hold,0,200,
4450,2025-10-02 15:15:00+00:00,7.37,7.5,7.3301,7.48,157278.0,breakout,leading,risk_off,0.9788732394366202,hold,hold,0,200,
4451,2025-10-02 15:30:00+00:00,7.485,7.55,7.45,7.485,330057.0,breakout,leading,risk_off,0.9554794520547949,hold,hold,0,200,
4452,2025-10-02 15:45:00+00:00,7.48,7.59,7.47,7.5897,126555.0,breakout,leading,risk_off,0.9997999999999999,hold,hold,0,200,
4453,2025-10-02 16:00:00+00:00,7.59,7.61,7.51,7.555,139190.0,breakout,leading,risk_off,0.9633333333333329,hold,hold,0,200,
4454,2025-10-02 16:15:00+00:00,7.5505,7.56,7.22,7.27,202130.0,trend_late,leading,risk_off,0.7733333333333329,reduce,reduce,-200,0,7.27
4455,2025-10-02 16:30:00+00:00,7.29,7.3,7.2024,7.24,99990.0,trend_late,leading,risk_off,0.7516778523489932,hold,hold,0,0,
4456,2025-10-02 16:45:00+00:00,7.24,7.29,7.2,7.2457,126686.0,trend_late,leading,risk_off,0.755503355704698,hold,hold,0,0,
4457,2025-10-02 17:00:00+00:00,7.23,7.2996,7.2,7.24,65328.0,breakout_setup,leading,risk_off,0.7516778523489932,hold,hold,0,0,
4458,2025-10-02 17:15:00+00:00,7.25,7.25,7.2,7.225,34489.0,trend_late,leading,risk_off,0.7416107382550331,hold,hold,0,0,
4459,2025-10-02 17:30:00+00:00,7.2294,7.29,7.22,7.29,119873.0,trend_late,leading,risk_off,0.7852348993288589,hold,hold,0,0,
4460,2025-10-02 17:45:00+00:00,7.2868,7.33,7.24,7.275,118595.0,trend_late,leading,risk_off,0.7751677852348994,hold,hold,0,0,
4461,2025-10-02 18:00:00+00:00,7.25,7.33,7.195,7.21,92372.0,trend_late,leading,risk_off,0.7306397306397304,hold,hold,0,0,
4462,2025-10-02 18:15:00+00:00,7.21,7.29,7.2,7.235,63840.0,risk_rising,leading,risk_off,0.25,hold,hold,0,0,
4463,2025-10-02 18:30:00+00:00,7.25,7.32,7.2401,7.2799,72527.0,risk_rising,leading,risk_off,0.33979999999999855,hold,hold,0,0,
4464,2025-10-02 18:45:00+00:00,7.275,7.5,7.275,7.47,147111.0,range_distribution,leading,risk_off,0.7142857142857133,hold,hold,0,0,
4465,2025-10-02 19:00:00+00:00,7.475,7.705,7.475,7.66,400005.0,range_distribution,leading,risk_off,0.9230769230769232,hold,hold,0,0,
4466,2025-10-02 19:15:00+00:00,7.66,8.11,7.6556,7.97,740238.0,breakout,leading,risk_off,0.8585858585858588,hold,hold,0,0,
4467,2025-10-02 19:30:00+00:00,7.96,8.06,7.92,7.995,431647.0,breakout,leading,risk_off,0.8838383838383844,hold,hold,0,0,
4468,2025-10-02 19:45:00+00:00,7.99,8.05,7.91,8.02,385473.0,breakout,leading,risk_off,0.9052631578947369,hold,hold,0,0,
4469,2025-10-02 20:00:00+00:00,8.021,8.12,8.02,8.09,499777.0,breakout,leading,risk_off,0.9675675675675682,hold,hold,0,0,
4470,2025-10-03 13:30:00+00:00,8.24,8.35,8.24,8.2409,90759.0,breakout,leading,risk_off,0.9055411255411258,hold,hold,0,0,
4471,2025-10-03 13:45:00+00:00,8.285,8.61,8.25,8.425,495607.0,breakout,leading,risk_off,0.8692579505300362,hold,hold,0,0,
4472,2025-10-03 14:00:00+00:00,8.42,8.6899,8.33,8.62,441297.0,breakout,leading,risk_off,0.9532410194661847,hold,hold,0,0,
4473,2025-10-03 14:15:00+00:00,8.6125,8.74,8.4,8.74,424467.0,breakout,leading,risk_off,1.0,hold,hold,0,0,
4474,2025-10-03 14:30:00+00:00,8.7391,8.79,8.62,8.67,270551.0,breakout,leading,risk_off,0.924764890282132,hold,hold,0,0,
4475,2025-10-03 14:45:00+00:00,8.66,8.73,8.51,8.64,295886.0,breakout,leading,risk_off,0.9059561128526654,hold,hold,0,0,
4476,2025-10-03 15:00:00+00:00,8.65,8.65,8.465,8.51,234095.0,breakout_setup,leading,risk_off,0.8244514106583075,hold,hold,0,0,
4477,2025-10-03 15:15:00+00:00,8.51,8.6,8.4655,8.52,155988.0,breakout_setup,leading,risk_off,0.8307210031347964,hold,hold,0,0,
4478,2025-10-03 15:30:00+00:00,8.53,8.57,8.44,8.515,89749.0,breakout_setup,leading,risk_off,0.8275862068965525,hold,hold,0,0,
4479,2025-10-03 15:45:00+00:00,8.53,8.5599,8.4603,8.53,65800.0,breakout_setup,leading,risk_off,0.8369905956112853,hold,hold,0,0,
4480,2025-10-03 16:00:00+00:00,8.53,8.57,8.45,8.4746,67423.0,breakout_setup,leading,risk_off,0.8022570532915368,hold,hold,0,0,
4481,2025-10-03 16:15:00+00:00,8.47,8.63,8.4201,8.6122,128040.0,breakout,leading,risk_off,0.888176100628931,hold,hold,0,0,
4482,2025-10-03 16:30:00+00:00,8.605,8.605,8.5,8.545,105943.0,trend_late,leading,risk_off,0.8419252855022908,hold,hold,0,0,
4483,2025-10-03 16:45:00+00:00,8.545,8.58,8.45,8.5526,140464.0,trend_late,leading,risk_off,0.8433003300330038,hold,hold,0,0,
4484,2025-10-03 17:00:00+00:00,8.55,8.6,8.51,8.52,61918.0,trend_late,leading,risk_off,0.7946768060836504,hold,hold,0,0,
4485,2025-10-03 17:15:00+00:00,8.52,8.53,8.28,8.39,302104.0,trend_late,leading,risk_off,0.6473906911142465,hold,hold,0,0,
4486,2025-10-03 17:30:00+00:00,8.375,8.4022,8.24,8.2678,114443.0,trend_late,leading,risk_off,0.40659090909090867,hold,hold,0,0,
4487,2025-10-03 17:45:00+00:00,8.2608,8.32,8.1382,8.1606,190367.0,trend_late,leading,risk_off,0.284772727272728,hold,hold,0,0,
4488,2025-10-03 18:00:00+00:00,8.17,8.2,8.04,8.1,160212.0,risk_rising,leading,risk_off,0.10389610389610404,hold,hold,0,0,
4489,2025-10-03 18:15:00+00:00,8.11,8.19,8.035,8.1354,106500.0,risk_rising,leading,risk_off,0.13298013245033194,hold,hold,0,0,
4490,2025-10-03 18:30:00+00:00,8.1343,8.21,8.1,8.1599,103342.0,risk_rising,leading,risk_off,0.16543046357615945,hold,hold,0,0,
4491,2025-10-03 18:45:00+00:00,8.1599,8.2,8.13,8.15,44541.0,risk_rising,leading,risk_off,0.15231788079470246,hold,hold,0,0,
4492,2025-10-03 19:00:00+00:00,8.15,8.2,8.11,8.11,276093.0,risk_rising,leading,risk_off,0.09933774834437005,hold,hold,0,0,
4493,2025-10-03 19:15:00+00:00,8.1151,8.1351,8.06,8.072,184262.0,risk_rising,leading,risk_off,0.049006622516555076,hold,hold,0,0,
4494,2025-10-03 19:30:00+00:00,8.0613,8.09,7.92,7.94,403246.0,risk_rising,leading,risk_off,0.024691358024691912,hold,hold,0,0,
4495,2025-10-03 19:45:00+00:00,7.9598,7.99,7.92,7.935,270195.0,risk_rising,leading,risk_off,0.020547945205479003,hold,hold,0,0,
4496,2025-10-03 20:00:00+00:00,7.935,8.03,7.875,7.97,282831.0,risk_rising,leading,risk_off,0.12582781456953596,hold,hold,0,0,
4497,2025-10-06 13:30:00+00:00,11.48,11.98,11.44,11.83,1263578.0,trend_exhaustion,leading,neutral,0.9634591961023141,hold,hold,0,0,
4498,2025-10-06 13:45:00+00:00,11.865,13.585,11.6173,13.54,10941687.0,breakout,leading,neutral,0.9921190893169874,buy,buy,200,200,13.54
4499,2025-10-06 14:00:00+00:00,13.54,14.16,12.64,13.1799,8673618.0,breakout_setup,leading,neutral,0.8440572792362768,hold,hold,0,200,
4500,2025-10-06 14:15:00+00:00,13.1886,14.3299,13.05,13.89,5760045.0,breakout,leading,neutral,0.9318502223117322,hold,hold,0,200,
4501,2025-10-06 14:30:00+00:00,13.9,14.0899,13.11,13.14,3227727.0,breakout_setup,leading,neutral,0.8156594215247333,hold,hold,0,200,
4502,2025-10-06 14:45:00+00:00,13.1698,13.93,13.14,13.54,3086026.0,breakout,leading,neutral,0.8776278486111324,hold,hold,0,200,
4503,2025-10-06 15:00:00+00:00,13.565,14.26,13.36,14.0399,2931285.0,breakout,leading,neutral,0.9550728903623602,hold,hold,0,200,
4504,2025-10-06 15:15:00+00:00,14.033,15.13,13.82,15.03,5609732.0,breakout,leading,neutral,0.9862164024810474,hold,hold,0,200,
4505,2025-10-06 15:30:00+00:00,15.027,15.75,14.95,15.665,8307737.0,breakout,leading,neutral,0.9892063492063491,hold,hold,0,200,
4506,2025-10-06 15:45:00+00:00,15.6538,16.68,15.61,15.8,8584337.0,breakout,leading,neutral,0.9000567859170927,hold,hold,0,200,
4507,2025-10-06 16:00:00+00:00,15.8,15.95,14.0,14.0,2949830.0,pullback,leading,neutral,0.6956274843838728,hold,hold,0,200,
4508,2025-10-06 16:15:00+00:00,14.0,14.0,9.81,9.81,3057876.0,trend_late,leading,neutral,0.2197614991482113,hold,hold,0,200,
4509,2025-10-06 16:30:00+00:00,9.81,11.75,9.15,11.64,16105975.0,trend_late,leading,neutral,0.4275979557069847,hold,hold,0,200,
4510,2025-10-06 16:45:00+00:00,11.65,12.21,11.21,11.48,9989319.0,trend_late,leading,neutral,0.4094264622373652,reduce,reduce,-200,0,11.48
4511,2025-10-06 17:00:00+00:00,11.43,12.45,11.06,11.843,6233535.0,trend_late,leading,neutral,0.4506530380465645,hold,hold,0,0,
4512,2025-10-06 17:15:00+00:00,11.85,12.8,11.64,12.4045,5256330.0,trend_late,leading,neutral,0.5144236229415106,hold,hold,0,0,
4513,2025-10-06 17:30:00+00:00,12.42,12.74,11.92,12.215,3418162.0,trend_late,leading,neutral,0.49290176036342986,hold,hold,0,0,
4514,2025-10-06 17:45:00+00:00,12.23,12.26,11.22,12.05,2023297.0,trend_late,leading,neutral,0.4741624077228848,hold,hold,0,0,
4515,2025-10-06 18:00:00+00:00,12.05,12.2,11.64,11.73,1934693.0,risk_rising,leading,neutral,0.4378194207836457,hold,hold,0,0,
4516,2025-10-06 18:15:00+00:00,11.7202,11.86,11.45,11.635,1792656.0,risk_rising,leading,neutral,0.33001328021248333,hold,hold,0,0,
4517,2025-10-06 18:30:00+00:00,11.62,11.72,11.31,11.36,1429110.0,risk_rising,leading,neutral,0.29349269588313404,hold,hold,0,0,
4518,2025-10-06 18:45:00+00:00,11.355,11.67,11.0385,11.5621,2082588.0,risk_rising,leading,neutral,0.3203320053120849,hold,hold,0,0,
4519,2025-10-06 19:00:00+00:00,11.544,12.12,11.44,12.0426,1878797.0,risk_rising,leading,neutral,0.38414342629482073,hold,hold,0,0,
4520,2025-10-06 19:15:00+00:00,12.069,12.24,11.68,11.88,2955743.0,risk_rising,leading,neutral,0.3625498007968128,hold,hold,0,0,
4521,2025-10-06 19:30:00+00:00,11.895,12.2699,11.7314,12.17,1879561.0,risk_rising,leading,neutral,0.40106241699867196,hold,hold,0,0,
4522,2025-10-06 19:45:00+00:00,12.1694,12.17,11.71,11.835,1373929.0,risk_rising,leading,neutral,0.35657370517928294,hold,hold,0,0,
4523,2025-10-06 20:00:00+00:00,11.8399,11.85,11.57,11.57,1706805.0,risk_rising,leading,neutral,0.32138114209827356,hold,hold,0,0,
4524,2025-10-07 13:30:00+00:00,11.18,11.2584,11.07,11.0801,434152.0,risk_rising,leading,risk_off,0.25632138114209824,hold,hold,0,0,
4525,2025-10-07 13:45:00+00:00,11.1,11.12,9.9,10.655,4111527.0,risk_rising,leading,risk_off,0.19986719787516588,hold,hold,0,0,
4526,2025-10-07 14:00:00+00:00,10.655,11.0,10.6,10.68,1725991.0,risk_rising,leading,risk_off,0.22499999999999995,hold,hold,0,0,
4527,2025-10-07 14:15:00+00:00,10.669,10.8,10.55,10.64,966726.0,risk_rising,leading,risk_off,0.3072164948453609,hold,hold,0,0,
4528,2025-10-07 14:30:00+00:00,10.64,10.7699,10.51,10.6901,671174.0,risk_rising,leading,risk_off,0.4219452054794517,hold,hold,0,0,
4529,2025-10-07 14:45:00+00:00,10.708,10.86,10.6956,10.8,553824.0,risk_rising,leading,risk_off,0.31034482758620696,hold,hold,0,0,
4530,2025-10-07 15:00:00+00:00,10.8,10.85,10.69,10.83,436504.0,risk_rising,leading,risk_off,0.32068965517241366,hold,hold,0,0,
4531,2025-10-07 15:15:00+00:00,10.825,10.83,10.45,10.6801,604568.0,risk_rising,leading,risk_off,0.2689999999999997,hold,hold,0,0,
4532,2025-10-07 15:30:00+00:00,10.68,10.88,10.52,10.54,478088.0,risk_rising,leading,risk_off,0.22535211267605593,hold,hold,0,0,
4533,2025-10-07 15:45:00+00:00,10.55,10.55,10.4,10.4507,500860.0,risk_rising,leading,risk_off,0.23237267395248712,hold,hold,0,0,
4534,2025-10-07 16:00:00+00:00,10.4424,10.55,10.3501,10.545,332765.0,risk_rising,leading,risk_off,0.2721633824211991,hold,hold,0,0,
4535,2025-10-07 16:15:00+00:00,10.545,10.57,10.48,10.51,338778.0,risk_rising,leading,risk_off,0.25739482678594017,hold,hold,0,0,
4536,2025-10-07 16:30:00+00:00,10.5001,10.5384,10.47,10.52,135641.0,risk_rising,leading,risk_off,0.26161441411029973,hold,hold,0,0,
4537,2025-10-07 16:45:00+00:00,10.5255,10.55,10.41,10.4397,262727.0,risk_rising,leading,risk_off,0.22773112789569178,hold,hold,0,0,
4538,2025-10-07 17:00:00+00:00,10.4422,10.5499,10.39,10.4035,217581.0,risk_rising,leading,risk_off,0.21245622178150939,hold,hold,0,0,
4539,2025-10-07 17:15:00+00:00,10.4,10.54,10.3545,10.39,250350.0,risk_rising,leading,risk_off,0.20675977889362435,hold,hold,0,0,
4540,2025-10-07 17:30:00+00:00,10.39,10.4,10.25,10.2885,236717.0,risk_rising,leading,risk_off,0.16393096755137374,hold,hold,0,0,
4541,2025-10-07 17:45:00+00:00,10.2885,10.4,10.2885,10.3918,130450.0,risk_rising,leading,risk_off,0.21665198237885447,hold,hold,0,0,
4542,2025-10-07 18:00:00+00:00,10.3922,10.51,10.3401,10.3401,211632.0,risk_rising,leading,risk_off,0.2256923076923074,hold,hold,0,0,
4543,2025-10-07 18:15:00+00:00,10.34,10.36,10.23,10.3463,235617.0,risk_rising,leading,risk_off,0.32854829210836217,hold,hold,0,0,
4544,2025-10-07 18:30:00+00:00,10.33,10.37,10.2025,10.205,178762.0,risk_rising,leading,risk_off,0.25,hold,hold,0,0,
4545,2025-10-07 18:45:00+00:00,10.2025,10.21,10.05,10.055,448605.0,risk_rising,leading,risk_off,0.0052631578947357986,hold,hold,0,0,
4546,2025-10-07 19:00:00+00:00,10.06,10.12,10.01,10.1065,546792.0,risk_rising,leading,risk_off,0.11091954022988573,hold,hold,0,0,
4547,2025-10-07 19:15:00+00:00,10.1001,10.12,10.02,10.06,430757.0,risk_rising,leading,risk_off,0.05747126436781684,hold,hold,0,0,
4548,2025-10-07 19:30:00+00:00,10.06,10.22,10.05,10.215,291512.0,risk_rising,leading,risk_off,0.2356321839080458,hold,hold,0,0,
4549,2025-10-07 19:45:00+00:00,10.218,10.24,10.15,10.19,394553.0,risk_rising,leading,risk_off,0.20689655172413737,hold,hold,0,0,
4550,2025-10-07 20:00:00+00:00,10.185,10.21,10.01,10.015,700630.0,risk_rising,leading,risk_off,0.005747126436782501,hold,hold,0,0,
4551,2025-10-08 13:30:00+00:00,12.185,12.4,12.0,12.0056,867306.0,range_distribution,mixed,risk_on,0.8349790794979076,hold,hold,0,0,
4552,2025-10-08 13:45:00+00:00,12.0,12.29,11.4325,12.0485,3730222.0,breakout,mixed,risk_on,0.8529288702928872,buy,buy,200,200,12.0485
4553,2025-10-08 14:00:00+00:00,12.0491,12.05,11.5582,11.83,1586109.0,breakout_setup,mixed,risk_on,0.7615062761506276,hold,hold,0,200,
4554,2025-10-08 14:15:00+00:00,11.8335,12.04,11.6,11.6401,1177117.0,pullback,mixed,risk_on,0.682050209205021,hold,hold,0,200,
4555,2025-10-08 14:30:00+00:00,11.6438,11.94,11.6,11.83,813344.0,breakout_setup,mixed,risk_on,0.7615062761506276,hold,hold,0,200,
4556,2025-10-08 14:45:00+00:00,11.81,12.07,11.73,11.83,857970.0,breakout_setup,mixed,risk_on,0.7615062761506276,hold,hold,0,200,
4557,2025-10-08 15:00:00+00:00,11.83,12.03,11.635,11.7199,782051.0,pullback,mixed,risk_on,0.7154393305439334,hold,hold,0,200,
4558,2025-10-08 15:15:00+00:00,11.715,11.74,11.33,11.47,989552.0,pullback,mixed,risk_on,0.6108786610878664,hold,hold,0,200,
4559,2025-10-08 15:30:00+00:00,11.46,11.73,11.33,11.62,613508.0,pullback,mixed,risk_on,0.6736401673640163,hold,hold,0,200,
4560,2025-10-08 15:45:00+00:00,11.61,11.78,11.43,11.521,469532.0,pullback,mixed,risk_on,0.6322175732217576,hold,hold,0,200,
4561,2025-10-08 16:00:00+00:00,11.5201,11.69,11.46,11.6301,344748.0,trend_late,mixed,risk_on,0.677866108786611,hold,hold,0,200,
4562,2025-10-08 16:15:00+00:00,11.6301,11.78,11.54,11.755,336972.0,trend_late,mixed,risk_on,0.7301255230125525,hold,hold,0,200,
4563,2025-10-08 16:30:00+00:00,11.7556,11.78,11.49,11.525,263279.0,trend_late,mixed,risk_on,0.6338912133891215,hold,hold,0,200,
4564,2025-10-08 16:45:00+00:00,11.53,11.63,11.5,11.63,195424.0,trend_late,mixed,risk_on,0.677824267782427,reduce,hold,0,200,
4565,2025-10-08 17:00:00+00:00,11.62,11.64,11.4812,11.5502,191808.0,trend_late,mixed,risk_on,0.6444351464435146,hold,hold,0,200,
4566,2025-10-08 17:15:00+00:00,11.5501,11.6456,11.5344,11.62,303745.0,trend_late,mixed,risk_on,0.6736401673640163,hold,hold,0,200,
4567,2025-10-08 17:30:00+00:00,11.6153,11.78,11.6153,11.7631,392448.0,pullback,mixed,risk_on,0.7335146443514642,hold,hold,0,200,
4568,2025-10-08 17:45:00+00:00,11.75,11.94,11.75,11.9073,568527.0,breakout_setup,mixed,risk_on,0.7938493723849369,hold,hold,0,200,
4569,2025-10-08 18:00:00+00:00,11.9027,11.92,11.75,11.7599,292039.0,pullback,mixed,risk_on,0.7321757322175731,hold,hold,0,200,
4570,2025-10-08 18:15:00+00:00,11.7575,11.78,11.59,11.6,250911.0,range_accumulation,mixed,risk_on,0.25233644859813037,hold,hold,0,200,
4571,2025-10-08 18:30:00+00:00,11.5919,11.6,11.35,11.4158,485425.0,risk_rising,mixed,risk_on,0.08937500000000088,hold,hold,0,200,
4572,2025-10-08 18:45:00+00:00,11.41,11.54,11.395,11.44,191409.0,risk_rising,mixed,risk_on,0.14864864864864782,hold,hold,0,200,
4573,2025-10-08 19:00:00+00:00,11.43,11.49,11.35,11.41,225909.0,risk_rising,mixed,risk_on,0.10810810810810817,hold,hold,0,200,
4574,2025-10-08 19:15:00+00:00,11.4,11.63,11.4,11.6297,178556.0,risk_rising,mixed,risk_on,0.40499999999999936,hold,hold,0,200,
4575,2025-10-08 19:30:00+00:00,11.63,11.65,11.53,11.55,202108.0,risk_rising,mixed,risk_on,0.2972972972972981,hold,hold,0,200,
4576,2025-10-08 19:45:00+00:00,11.55,11.68,11.48,11.67,285436.0,pullback,mixed,risk_on,0.485714285714286,buy,buy,200,400,11.67
4577,2025-10-08 20:00:00+00:00,11.66,11.82,11.654,11.78,602573.0,pullback,mixed,risk_on,0.7377049180327864,hold,hold,0,400,
4578,2025-10-09 13:30:00+00:00,12.47,12.95,12.36,12.72,575765.0,breakout,mixed,neutral,0.8580246913580255,hold,hold,0,400,
4579,2025-10-09 13:45:00+00:00,12.7,14.014,12.67,13.9153,5958891.0,breakout,mixed,neutral,0.9629504504504508,hold,hold,0,400,
4580,2025-10-09 14:00:00+00:00,13.9252,14.64,13.48,14.33,3963173.0,breakout,mixed,neutral,0.9057750759878418,hold,hold,0,400,
4581,2025-10-09 14:15:00+00:00,14.33,14.349,13.9,14.047,2245422.0,breakout_setup,mixed,neutral,0.8197568389057751,hold,hold,0,400,
4582,2025-10-09 14:30:00+00:00,14.05,14.46,13.71,14.35,1572151.0,breakout,mixed,neutral,0.9118541033434648,hold,hold,0,400,
4583,2025-10-09 14:45:00+00:00,14.388,14.69,14.18,14.55,1974250.0,breakout,mixed,neutral,0.9580838323353297,hold,hold,0,400,
4584,2025-10-09 15:00:00+00:00,14.5383,15.8899,14.5383,15.15,5607020.0,breakout_setup,mixed,neutral,0.8370228419128174,hold,hold,0,400,
4585,2025-10-09 15:15:00+00:00,15.15,15.24,14.71,14.95,1951991.0,breakout_setup,mixed,neutral,0.792969008127932,hold,hold,0,400,
4586,2025-10-09 15:30:00+00:00,14.95,15.55,14.9201,15.13,2503813.0,breakout_setup,mixed,neutral,0.832617458534329,hold,hold,0,400,
4587,2025-10-09 15:45:00+00:00,15.13,15.16,14.66,14.84,1221475.0,breakout_setup,mixed,neutral,0.7687393995462454,hold,hold,0,400,
4588,2025-10-09 16:00:00+00:00,14.84,15.03,14.71,14.74,719000.0,pullback,mixed,neutral,0.7467124826538029,hold,hold,0,400,
4589,2025-10-09 16:15:00+00:00,14.779,14.8323,14.47,14.62,903704.0,pullback,mixed,neutral,0.7202801823828716,hold,hold,0,400,
4590,2025-10-09 16:30:00+00:00,14.615,14.92,14.35,14.4477,853534.0,pullback,mixed,neutral,0.6823278045771931,hold,hold,0,400,
4591,2025-10-09 16:45:00+00:00,14.44,14.8,14.18,14.47,896379.0,pullback,mixed,neutral,0.6872398070442081,hold,hold,0,400,
4592,2025-10-09 17:00:00+00:00,14.48,14.53,14.274,14.4675,390605.0,pullback,mixed,neutral,0.6866891341218967,hold,hold,0,400,
4593,2025-10-09 17:15:00+00:00,14.47,14.58,14.33,14.475,332287.0,trend_late,mixed,neutral,0.6848704870932535,reduce,reduce,-200,200,14.475
4594,2025-10-09 17:30:00+00:00,14.4516,14.5663,14.1,14.2486,552398.0,trend_late,mixed,neutral,0.6278146896755026,hold,hold,0,200,
4595,2025-10-09 17:45:00+00:00,14.2486,14.5,13.8,14.25,958573.0,trend_late,mixed,neutral,0.628132157191773,hold,hold,0,200,
4596,2025-10-09 18:00:00+00:00,14.25,14.6,14.19,14.38,361207.0,trend_late,mixed,neutral,0.6435468259401781,hold,hold,0,200,
4597,2025-10-09 18:15:00+00:00,14.4342,14.47,14.23,14.4,239176.0,trend_late,mixed,neutral,0.5779200543924757,hold,hold,0,200,
4598,2025-10-09 18:30:00+00:00,14.42,14.44,14.15,14.21,384870.0,risk_rising,mixed,neutral,0.4782757228485358,hold,hold,0,200,
4599,2025-10-09 18:45:00+00:00,14.231,14.3,14.18,14.21,107967.0,risk_rising,mixed,neutral,0.30291713349101634,hold,hold,0,200,
4600,2025-10-09 19:00:00+00:00,14.205,14.55,14.2,14.39,335511.0,risk_rising,mixed,neutral,0.3119409147208586,hold,hold,0,200,
4601,2025-10-09 19:15:00+00:00,14.4005,14.41,14.15,14.25,391702.0,risk_rising,mixed,neutral,0.2477177852195051,hold,hold,0,200,
4602,2025-10-09 19:30:00+00:00,14.24,14.47,14.2,14.395,388281.0,risk_rising,mixed,neutral,0.2847026173501119,hold,hold,0,200,
4603,2025-10-09 19:45:00+00:00,14.38,14.54,14.26,14.49,610304.0,range_accumulation,mixed,neutral,0.33015933776735706,hold,hold,0,200,
4604,2025-10-09 20:00:00+00:00,14.49,14.79,14.44,14.7,1315379.0,range_neutral,mixed,neutral,0.5142857142857135,hold,hold,0,200,
4605,2025-10-10 13:30:00+00:00,16.655,16.67,16.1,16.21,804017.0,range_distribution,weak,risk_off,0.8397212543554005,sell,sell,-200,0,16.21
4606,2025-10-10 13:45:00+00:00,16.35,17.6196,15.87,16.429,4445054.0,pullback,weak,risk_off,0.6882919677453135,avoid,avoid,0,0,
4607,2025-10-10 14:00:00+00:00,16.42,16.49,15.16,15.16,2188340.0,pullback,weak,risk_off,0.35605822599225057,hold,hold,0,0,
4608,2025-10-10 14:15:00+00:00,15.19,15.96,15.15,15.37,1682048.0,pullback,weak,risk_off,0.41103780500575965,hold,hold,0,0,
4609,2025-10-10 14:30:00+00:00,15.375,15.93,15.26,15.82,1145962.0,pullback,weak,risk_off,0.528851188606137,hold,hold,0,0,
4610,2025-10-10 14:45:00+00:00,15.82,16.49,15.8,16.135,1632953.0,pullback,weak,risk_off,0.6113205571264013,hold,hold,0,0,
4611,2025-10-10 15:00:00+00:00,16.1351,16.59,15.78,16.035,1173171.0,pullback,weak,risk_off,0.585139805215206,hold,hold,0,0,
4612,2025-10-10 15:15:00+00:00,16.01,19.25,15.64,18.3695,6774778.0,breakout_setup,weak,risk_off,0.8384403669724768,hold,hold,0,0,
4613,2025-10-10 15:30:00+00:00,18.31,18.67,17.01,17.9165,4233489.0,breakout_setup,weak,risk_off,0.755321100917431,hold,hold,0,0,
4614,2025-10-10 15:45:00+00:00,17.92,17.9899,16.94,17.6,3200044.0,pullback,weak,risk_off,0.6972477064220186,hold,hold,0,0,
4615,2025-10-10 16:00:00+00:00,17.62,18.7,17.5169,18.21,3213126.0,breakout_setup,weak,risk_off,0.7960784313725492,hold,hold,0,0,
4616,2025-10-10 16:15:00+00:00,18.21,18.3,17.6,17.659,1524390.0,pullback,weak,risk_off,0.6880392156862742,hold,hold,0,0,
4617,2025-10-10 16:30:00+00:00,17.675,17.85,17.3,17.845,1613491.0,pullback,weak,risk_off,0.7245098039215684,hold,hold,0,0,
4618,2025-10-10 16:45:00+00:00,17.81,17.88,16.96,17.0904,1626343.0,pullback,weak,risk_off,0.5765490196078429,hold,hold,0,0,
4619,2025-10-10 17:00:00+00:00,17.11,17.3699,16.75,16.84,1023187.0,pullback,weak,risk_off,0.5274509803921568,hold,hold,0,0,
4620,2025-10-10 17:15:00+00:00,16.8102,17.3487,16.72,16.7916,834128.0,pullback,weak,risk_off,0.5179607843137253,hold,hold,0,0,
4621,2025-10-10 17:30:00+00:00,16.79,17.23,16.79,17.12,511153.0,pullback,weak,risk_off,0.5782178217821785,hold,hold,0,0,
4622,2025-10-10 17:45:00+00:00,17.115,17.46,17.0,17.245,817413.0,trend_late,weak,risk_off,0.5981963927855714,sell,hold,0,0,
4623,2025-10-10 18:00:00+00:00,17.23,17.24,16.41,16.55,1154385.0,trend_late,weak,risk_off,0.43866943866943886,hold,hold,0,0,
4624,2025-10-10 18:15:00+00:00,16.58,16.61,16.14,16.2429,939412.0,trend_late,weak,risk_off,0.2665609756097557,hold,hold,0,0,
4625,2025-10-10 18:30:00+00:00,16.245,16.3395,15.9,15.915,919035.0,trend_late,weak,risk_off,0.18658536585365826,hold,hold,0,0,
4626,2025-10-10 18:45:00+00:00,15.9,15.9822,15.73,15.95,724231.0,risk_rising,weak,risk_off,0.19512195121951195,reduce,hold,0,0,
4627,2025-10-10 19:00:00+00:00,15.945,16.3,15.9334,16.15,546470.0,risk_rising,weak,risk_off,0.24390243902438982,hold,hold,0,0,
4628,2025-10-10 19:15:00+00:00,16.1696,16.27,16.03,16.13,335764.0,risk_rising,weak,risk_off,0.21804511278195468,hold,hold,0,0,
4629,2025-10-10 19:30:00+00:00,16.15,16.26,15.5401,15.6027,688424.0,risk_rising,weak,risk_off,0.01687377018248464,hold,hold,0,0,
4630,2025-10-10 19:45:00+00:00,15.6,15.6,15.055,15.41,1310279.0,risk_rising,weak,risk_off,0.08462455303933264,hold,hold,0,0,
4631,2025-10-10 20:00:00+00:00,15.4,15.405,14.84,14.989,2272136.0,risk_rising,weak,risk_off,0.03378684807256256,hold,hold,0,0,
4632,2025-10-13 13:30:00+00:00,17.21,17.45,17.0676,17.1002,707262.0,risk_rising,leading,risk_off,0.5855440414507775,hold,hold,0,0,
4633,2025-10-13 13:45:00+00:00,17.13,18.16,16.95,18.0,3374895.0,range_distribution,leading,risk_off,0.8186528497409328,hold,hold,0,0,
4634,2025-10-13 14:00:00+00:00,18.0,20.06,17.99,19.9485,5431389.0,trend_exhaustion,leading,risk_off,0.9786398467432951,hold,hold,0,0,
4635,2025-10-13 14:15:00+00:00,19.97,21.4476,19.63,19.67,6298100.0,range_distribution,leading,risk_off,0.7309764513590412,hold,hold,0,0,
4636,2025-10-13 14:30:00+00:00,19.671,20.17,19.01,19.92,3565830.0,breakout_setup,leading,risk_off,0.768811671408681,hold,hold,0,0,
4637,2025-10-13 14:45:00+00:00,19.9399,20.9,19.6,20.4371,2786300.0,breakout_setup,leading,risk_off,0.8470700405593559,hold,hold,0,0,
4638,2025-10-13 15:00:00+00:00,20.4754,21.25,20.2101,20.815,2220059.0,breakout,leading,risk_off,0.9042617591863914,hold,hold,0,0,
4639,2025-10-13 15:15:00+00:00,20.83,21.1,20.19,20.53,1638075.0,breakout,leading,risk_off,0.861129608329802,hold,hold,0,0,
4640,2025-10-13 15:30:00+00:00,20.528,22.08,20.5172,21.945,2850191.0,breakout,leading,risk_off,0.9813535911602213,hold,hold,0,0,
4641,2025-10-13 15:45:00+00:00,21.97,22.0799,21.34,21.6,1712390.0,breakout,leading,risk_off,0.9337016574585639,hold,hold,0,0,
4642,2025-10-13 16:00:00+00:00,21.6,21.65,20.6,20.66,1543877.0,breakout_setup,leading,risk_off,0.8038674033149174,hold,hold,0,0,
4643,2025-10-13 16:15:00+00:00,20.635,21.3,20.6175,20.825,1063531.0,breakout_setup,leading,risk_off,0.826657458563536,hold,hold,0,0,
4644,2025-10-13 16:30:00+00:00,20.83,21.5,20.79,21.38,787590.0,breakout,leading,risk_off,0.9033149171270719,hold,hold,0,0,
4645,2025-10-13 16:45:00+00:00,21.41,21.54,21.1713,21.2815,616212.0,breakout,leading,risk_off,0.8897099447513815,hold,hold,0,0,
4646,2025-10-13 17:00:00+00:00,21.2601,21.5892,21.25,21.55,545720.0,breakout,leading,risk_off,0.9267955801104976,hold,hold,0,0,
4647,2025-10-13 17:15:00+00:00,21.58,21.74,21.28,21.5077,761911.0,breakout,leading,risk_off,0.9209530386740333,hold,hold,0,0,
4648,2025-10-13 17:30:00+00:00,21.475,22.16,21.33,21.76,1739661.0,breakout,leading,risk_off,0.9453551912568308,hold,hold,0,0,
4649,2025-10-13 17:45:00+00:00,21.7792,22.13,21.42,21.58,876341.0,breakout,leading,risk_off,0.9207650273224042,hold,hold,0,0,
4650,2025-10-13 18:00:00+00:00,21.61,22.0,21.5,21.928,548301.0,trend_late,leading,risk_off,0.9683060109289618,hold,hold,0,0,
4651,2025-10-13 18:15:00+00:00,21.89,22.5899,21.74,22.15,1927732.0,breakout,leading,risk_off,0.922002163158921,hold,hold,0,0,
4652,2025-10-13 18:30:00+00:00,22.16,22.89,22.115,22.88,1203241.0,breakout,leading,risk_off,0.998316498316498,hold,hold,0,0,
4653,2025-10-13 18:45:00+00:00,22.8812,23.47,22.71,22.7836,2295649.0,breakout,leading,risk_off,0.8747445255474454,hold,hold,0,0,
4654,2025-10-13 19:00:00+00:00,22.835,23.3199,22.63,23.05,1321753.0,breakout,leading,risk_off,0.9058295964125564,hold,hold,0,0,
4655,2025-10-13 19:15:00+00:00,23.035,23.38,22.85,23.2393,1365807.0,breakout,leading,risk_off,0.9482735426008971,hold,hold,0,0,
4656,2025-10-13 19:30:00+00:00,23.225,23.67,22.92,22.9544,1573214.0,breakout_setup,leading,risk_off,0.8241769041769037,hold,hold,0,0,
4657,2025-10-13 19:45:00+00:00,22.9996,23.14,22.14,22.2675,1529432.0,pullback,leading,risk_off,0.5969827586206887,hold,hold,0,0,
4658,2025-10-13 20:00:00+00:00,22.32,23.379,22.12,23.28,2188405.0,breakout,leading,risk_off,0.8879310344827585,hold,hold,0,0,
4659,2025-10-14 13:30:00+00:00,30.05,30.4459,29.1001,30.28,1688107.0,breakout,leading,risk_off,0.9832908638593169,hold,hold,0,0,
4660,2025-10-14 13:45:00+00:00,30.27,30.48,24.75,26.89,11596177.0,pullback,leading,risk_off,0.6366396761133603,hold,hold,0,0,
4661,2025-10-14 14:00:00+00:00,26.96,29.8,26.5,28.575,8577115.0,breakout_setup,leading,risk_off,0.8071862348178136,hold,hold,0,0,
4662,2025-10-14 14:15:00+00:00,28.6163,29.2399,27.3,27.4304,4408146.0,pullback,leading,risk_off,0.6907883396704688,hold,hold,0,0,
4663,2025-10-14 14:30:00+00:00,27.45,29.1699,26.9701,28.235,3779230.0,breakout_setup,leading,risk_off,0.7683178534571723,hold,hold,0,0,
4664,2025-10-14 14:45:00+00:00,28.185,29.15,27.65,28.2,2368222.0,breakout_setup,leading,risk_off,0.7550678397628025,hold,hold,0,0,
4665,2025-10-14 15:00:00+00:00,28.2493,28.47,26.88,27.64,2800317.0,pullback,leading,risk_off,0.6923076923076923,hold,hold,0,0,
4666,2025-10-14 15:15:00+00:00,27.67,27.77,26.5001,26.908,1925705.0,pullback,leading,risk_off,0.6117391304347827,hold,hold,0,0,
4667,2025-10-14 15:30:00+00:00,26.9,28.16,26.6984,27.847,1776842.0,pullback,leading,risk_off,0.7122404371584701,hold,hold,0,0,
4668,2025-10-14 15:45:00+00:00,27.83,29.0699,27.4599,28.7701,1653719.0,breakout_setup,leading,risk_off,0.8112693156732891,hold,hold,0,0,
4669,2025-10-14 16:00:00+00:00,28.8,28.88,27.92,28.11,1170555.0,trend_late,leading,risk_off,0.7360801781737193,hold,hold,0,0,
4670,2025-10-14 16:15:00+00:00,28.12,28.24,27.63,27.76,692262.0,pullback,leading,risk_off,0.6887871853546913,hold,hold,0,0,
4671,2025-10-14 16:30:00+00:00,27.735,29.77,27.735,29.6701,2079396.0,breakout,leading,risk_off,0.9031799163179918,hold,hold,0,0,
4672,2025-10-14 16:45:00+00:00,29.67,29.69,28.65,28.94,1333351.0,breakout_setup,leading,risk_off,0.8157894736842106,hold,hold,0,0,
4673,2025-10-14 17:00:00+00:00,28.955,29.18,28.42,28.475,861278.0,breakout_setup,leading,risk_off,0.7601674641148326,hold,hold,0,0,
4674,2025-10-14 17:15:00+00:00,28.4545,29.378,28.4204,29.25,718262.0,breakout,leading,risk_off,0.8528708133971291,hold,hold,0,0,
4675,2025-10-14 17:30:00+00:00,29.25,29.85,29.1,29.66,1099203.0,breakout,leading,risk_off,0.9019138755980861,hold,hold,0,0,
4676,2025-10-14 17:45:00+00:00,29.65,30.92,29.65,30.6,2348869.0,breakout,leading,risk_off,0.9636363636363636,hold,hold,0,0,
4677,2025-10-14 18:00:00+00:00,30.6108,30.92,30.1,30.62,1301456.0,breakout,leading,risk_off,0.9659090909090908,hold,hold,0,0,
4678,2025-10-14 18:15:00+00:00,30.6344,32.15,30.46,31.59,2835297.0,breakout,leading,risk_off,0.9243243243243244,hold,hold,0,0,
4679,2025-10-14 18:30:00+00:00,31.51,32.08,31.22,31.27,1367321.0,breakout,leading,risk_off,0.8810810810810812,hold,hold,0,0,
4680,2025-10-14 18:45:00+00:00,31.241,31.45,30.46,30.89,1255107.0,breakout_setup,leading,risk_off,0.7769911504424781,hold,hold,0,0,
4681,2025-10-14 19:00:00+00:00,30.8864,31.09,30.06,30.6017,1118071.0,pullback,leading,risk_off,0.7259597515000269,hold,hold,0,0,
4682,2025-10-14 19:15:00+00:00,30.65,30.68,29.7,29.7003,1010455.0,pullback,leading,risk_off,0.5664171047275172,hold,hold,0,0,
4683,2025-10-14 19:30:00+00:00,29.76,30.29,29.25,29.805,1392179.0,pullback,leading,risk_off,0.5849484061664809,hold,hold,0,0,
4684,2025-10-14 19:45:00+00:00,29.8393,30.0,29.0,29.265,1328409.0,pullback,leading,risk_off,0.4893714933007666,hold,hold,0,0,
4685,2025-10-14 20:00:00+00:00,29.27,30.68,29.24,29.98,2102878.0,pullback,leading,risk_off,0.615922405706296,hold,hold,0,0,
4686,2025-10-15 13:30:00+00:00,26.5,27.49,26.2,27.435,920512.0,trend_late,mixed,risk_off,0.20756302521008396,hold,hold,0,0,
4687,2025-10-15 13:45:00+00:00,27.435,28.0,25.3,25.39,5768084.0,trend_late,mixed,risk_off,0.013138686131386844,hold,hold,0,0,
4688,2025-10-15 14:00:00+00:00,25.4351,26.1,24.4,25.5605,5337307.0,risk_rising,mixed,risk_off,0.1497419354838713,hold,hold,0,0,
4689,2025-10-15 14:15:00+00:00,25.58,25.95,24.1,24.19,2861014.0,risk_rising,mixed,risk_off,0.011180124223602471,hold,hold,0,0,
4690,2025-10-15 14:30:00+00:00,24.19,24.5,23.4501,24.08,3848565.0,risk_rising,mixed,risk_off,0.07240313107047198,hold,hold,0,0,
4691,2025-10-15 14:45:00+00:00,24.086,25.49,23.93,25.49,2173074.0,risk_rising,mixed,risk_off,0.23447395947079847,hold,hold,0,0,
4692,2025-10-15 15:00:00+00:00,25.4884,25.5599,24.86,25.0,1119760.0,risk_rising,mixed,risk_off,0.17815147300543696,hold,hold,0,0,
4693,2025-10-15 15:15:00+00:00,25.005,25.2,24.5001,24.75,1071777.0,risk_rising,mixed,risk_off,0.14941551052310958,hold,hold,0,0,
4694,2025-10-15 15:30:00+00:00,24.805,24.97,24.48,24.5951,530451.0,risk_rising,mixed,risk_off,0.13161070816905937,hold,hold,0,0,
4695,2025-10-15 15:45:00+00:00,24.6,24.6999,23.81,24.0486,1242090.0,risk_rising,mixed,risk_off,0.06879389418269191,hold,hold,0,0,
4696,2025-10-15 16:00:00+00:00,24.02,24.195,23.5,24.195,1419350.0,risk_rising,mixed,risk_off,0.08562167381234281,hold,hold,0,0,
4697,2025-10-15 16:15:00+00:00,24.2,24.3,23.3,23.52,930414.0,risk_rising,mixed,risk_off,0.02485875706214677,hold,hold,0,0,
4698,2025-10-15 16:30:00+00:00,23.5,23.52,22.8,23.0,1104708.0,risk_rising,mixed,risk_off,0.021551724137930963,hold,hold,0,0,
4699,2025-10-15 16:45:00+00:00,22.9469,23.2,22.54,22.72,1104044.0,risk_rising,mixed,risk_off,0.02020202020202017,hold,hold,0,0,
4700,2025-10-15 17:00:00+00:00,22.7,22.84,22.3,22.3242,951524.0,risk_rising,mixed,risk_off,0.0027531285551763876,hold,hold,0,0,
4701,2025-10-15 17:15:00+00:00,22.32,22.79,22.295,22.5075,782567.0,risk_rising,mixed,risk_off,0.025342874180083318,hold,hold,0,0,
4702,2025-10-15 17:30:00+00:00,22.48,23.32,22.4104,22.61,1286883.0,risk_rising,mixed,risk_off,0.037567084078711725,hold,hold,0,0,
4703,2025-10-15 17:45:00+00:00,22.74,22.74,22.0,22.13,1126924.0,risk_rising,mixed,risk_off,0.014976958525345509,hold,hold,0,0,
4704,2025-10-15 18:00:00+00:00,22.15,22.2799,21.665,21.8149,1150225.0,risk_rising,mixed,risk_off,0.016627842484747905,hold,hold,0,0,
4705,2025-10-15 18:15:00+00:00,21.8,21.8,20.85,20.97,1423028.0,risk_rising,mixed,risk_off,0.01678321678321643,hold,hold,0,0,
4706,2025-10-15 18:30:00+00:00,20.96,21.5872,20.73,20.925,1465297.0,risk_rising,mixed,risk_off,0.026822558459422323,hold,hold,0,0,
4707,2025-10-15 18:45:00+00:00,20.91,21.67,20.85,21.62,710485.0,risk_rising,mixed,risk_off,0.16573556797020492,hold,hold,0,0,
4708,2025-10-15 19:00:00+00:00,21.62,21.94,21.5,21.905,966651.0,risk_rising,mixed,risk_off,0.2250957854406132,hold,hold,0,0,
4709,2025-10-15 19:15:00+00:00,21.905,22.29,21.78,22.1186,1050680.0,risk_rising,mixed,risk_off,0.2875007764135905,hold,hold,0,0,
4710,2025-10-15 19:30:00+00:00,22.11,22.6601,22.0,22.5502,870296.0,range_neutral,mixed,risk_off,0.3768608045715233,hold,hold,0,0,
4711,2025-10-15 19:45:00+00:00,22.5556,22.96,22.1001,22.885,1262206.0,range_neutral,mixed,risk_off,0.44617900991738996,hold,hold,0,0,
4712,2025-10-15 20:00:00+00:00,22.9,23.09,22.5,22.71,1421325.0,range_neutral,mixed,risk_off,0.4429530201342284,hold,hold,0,0,
4713,2025-10-16 13:30:00+00:00,25.92,25.98,25.49,25.5,727014.0,range_distribution,weak,risk_off,0.9085714285714285,sell,hold,0,0,
4714,2025-10-16 13:45:00+00:00,25.505,25.51,22.8,23.0639,5765460.0,range_neutral,weak,risk_off,0.4445523809523809,avoid,avoid,0,0,
4715,2025-10-16 14:00:00+00:00,23.105,23.44,21.3,21.7001,3608445.0,range_accumulation,weak,risk_off,0.18478095238095213,hold,hold,0,0,
4716,2025-10-16 14:15:00+00:00,21.76,22.2,21.14,22.18,3281239.0,pullback,weak,risk_off,0.27619047619047604,hold,hold,0,0,
4717,2025-10-16 14:30:00+00:00,22.17,22.7,21.71,22.21,1850409.0,pullback,weak,risk_off,0.281904761904762,hold,hold,0,0,
4718,2025-10-16 14:45:00+00:00,22.2132,22.7,21.9,22.68,1540711.0,pullback,weak,risk_off,0.3714285714285713,hold,hold,0,0,
4719,2025-10-16 15:00:00+00:00,22.68,24.0,22.63,23.25,2915757.0,pullback,weak,risk_off,0.4799999999999999,hold,hold,0,0,
4720,2025-10-16 15:15:00+00:00,23.245,23.49,23.05,23.17,1056208.0,pullback,weak,risk_off,0.464761904761905,hold,hold,0,0,
4721,2025-10-16 15:30:00+00:00,23.1635,23.73,22.69,22.7205,1276007.0,trend_late,weak,risk_off,0.3791428571428573,sell,hold,0,0,
4722,2025-10-16 15:45:00+00:00,22.7201,23.2692,21.92,22.075,1310235.0,trend_late,weak,risk_off,0.25619047619047597,hold,hold,0,0,
4723,2025-10-16 16:00:00+00:00,22.1,22.3985,21.35,21.63,1092784.0,trend_late,weak,risk_off,0.17142857142857115,hold,hold,0,0,
4724,2025-10-16 16:15:00+00:00,21.63,22.35,21.44,22.0997,763028.0,risk_rising,weak,risk_off,0.26089523809523774,reduce,hold,0,0,
4725,2025-10-16 16:30:00+00:00,22.0999,22.0999,21.63,21.72,497365.0,range_accumulation,weak,risk_off,0.18857142857142828,avoid,avoid,0,0,
4726,2025-10-16 16:45:00+00:00,21.72,21.74,21.15,21.56,773646.0,risk_rising,weak,risk_off,0.13840155945419053,reduce,hold,0,0,
4727,2025-10-16 17:00:00+00:00,21.565,22.1,21.51,22.04,465383.0,risk_rising,weak,risk_off,0.1859504132231402,hold,hold,0,0,
4728,2025-10-16 17:15:00+00:00,22.03,22.18,21.81,22.015,329939.0,risk_rising,weak,risk_off,0.18078512396694216,hold,hold,0,0,
4729,2025-10-16 17:30:00+00:00,22.015,22.4799,22.0,22.409,348074.0,risk_rising,weak,risk_off,0.2621900826446278,hold,hold,0,0,
4730,2025-10-16 17:45:00+00:00,22.42,22.4988,21.14,21.26,805895.0,risk_rising,weak,risk_off,0.02479338842975227,hold,hold,0,0,
4731,2025-10-16 18:00:00+00:00,21.2919,21.4899,20.8,20.84,1096579.0,risk_rising,weak,risk_off,0.007722007722007558,hold,hold,0,0,
4732,2025-10-16 18:15:00+00:00,20.85,20.94,20.23,20.2901,1183727.0,risk_rising,weak,risk_off,0.010452173913043216,hold,hold,0,0,
4733,2025-10-16 18:30:00+00:00,20.305,20.88,20.2,20.56,568016.0,risk_rising,weak,risk_off,0.06779661016949139,hold,hold,0,0,
4734,2025-10-16 18:45:00+00:00,20.57,21.0,20.36,20.94,419260.0,risk_rising,weak,risk_off,0.19473684210526365,hold,hold,0,0,
4735,2025-10-16 19:00:00+00:00,20.9397,21.04,20.51,20.98,419658.0,risk_rising,weak,risk_off,0.2052631578947371,hold,hold,0,0,
4736,2025-10-16 19:15:00+00:00,20.9745,21.0283,20.0,20.0,953236.0,risk_rising,weak,risk_off,0.0,hold,hold,0,0,
4737,2025-10-16 19:30:00+00:00,20.0,20.01,19.3601,19.42,1708112.0,risk_rising,weak,risk_off,0.01290976098622869,hold,hold,0,0,
4738,2025-10-16 19:45:00+00:00,19.435,19.75,19.28,19.4007,955311.0,risk_rising,weak,risk_off,0.025572033898304956,hold,hold,0,0,
4739,2025-10-16 20:00:00+00:00,19.4035,19.92,19.3,19.415,1341194.0,risk_rising,weak,risk_off,0.030337078651684952,hold,hold,0,0,
4740,2025-10-17 13:30:00+00:00,17.985,18.7,17.61,18.61,729408.0,risk_rising,weak,risk_off,0.1633986928104575,hold,hold,0,0,
4741,2025-10-17 13:45:00+00:00,18.615,22.33,18.3218,20.6,7043136.0,risk_rising,weak,risk_off,0.5283432287249082,hold,hold,0,0,
4742,2025-10-17 14:00:00+00:00,20.58,21.8,20.16,20.76,3545066.0,range_neutral,weak,risk_off,0.644329896907217,avoid,avoid,0,0,
4743,2025-10-17 14:15:00+00:00,20.79,21.97,20.73,21.828,1985100.0,range_distribution,weak,risk_off,0.8627884143348061,sell,hold,0,0,
4744,2025-10-17 14:30:00+00:00,21.8799,22.11,20.6,20.6448,1960336.0,risk_rising,weak,risk_off,0.6207658321060384,reduce,hold,0,0,
4745,2025-10-17 14:45:00+00:00,20.66,20.89,19.99,20.68,1605420.0,risk_rising,weak,risk_off,0.6279659630175095,hold,hold,0,0,
4746,2025-10-17 15:00:00+00:00,20.6826,21.27,20.36,20.56,1270171.0,range_neutral,weak,risk_off,0.6034200621829486,avoid,avoid,0,0,
4747,2025-10-17 15:15:00+00:00,20.56,20.7,19.96,20.05,802951.0,range_neutral,weak,risk_off,0.4990999836360664,hold,hold,0,0,
4748,2025-10-17 15:30:00+00:00,20.0545,20.29,19.5875,19.675,1107735.0,range_neutral,weak,risk_off,0.4223940435280644,hold,hold,0,0,
4749,2025-10-17 15:45:00+00:00,19.63,19.66,19.08,19.08,1219822.0,risk_rising,weak,risk_off,0.30068728522336746,reduce,hold,0,0,
4750,2025-10-17 16:00:00+00:00,19.08,19.79,18.98,19.71,969224.0,pullback,weak,risk_off,0.44491525423728856,avoid,avoid,0,0,
4751,2025-10-17 16:15:00+00:00,19.725,20.21,19.54,20.1691,1033559.0,trend_late,weak,risk_off,0.5421822033898308,sell,hold,0,0,
4752,2025-10-17 16:30:00+00:00,20.165,20.2,19.63,19.8,542005.0,trend_late,weak,risk_off,0.463983050847458,hold,hold,0,0,
4753,2025-10-17 16:45:00+00:00,19.825,19.92,19.11,19.17,606711.0,risk_rising,weak,risk_off,0.33050847457627175,reduce,hold,0,0,
4754,2025-10-17 17:00:00+00:00,19.16,19.3,18.7737,18.89,576653.0,risk_rising,weak,risk_off,0.27118644067796643,hold,hold,0,0,
4755,2025-10-17 17:15:00+00:00,18.9,19.18,18.7309,19.02,441366.0,risk_rising,weak,risk_off,0.2987288135593221,hold,hold,0,0,
4756,2025-10-17 17:30:00+00:00,19.0203,19.37,18.99,19.09,278805.0,risk_rising,weak,risk_off,0.31355932203389847,hold,hold,0,0,
4757,2025-10-17 17:45:00+00:00,19.1,19.665,19.07,19.1706,362479.0,risk_rising,weak,risk_off,0.33063559322033925,hold,hold,0,0,
4758,2025-10-17 18:00:00+00:00,19.21,19.3802,19.03,19.19,248828.0,risk_rising,weak,risk_off,0.3347457627118649,hold,hold,0,0,
4759,2025-10-17 18:15:00+00:00,19.16,19.35,19.1301,19.14,170329.0,range_accumulation,weak,risk_off,0.32415254237288166,avoid,avoid,0,0,
4760,2025-10-17 18:30:00+00:00,19.1474,19.651,19.09,19.6,354559.0,risk_rising,weak,risk_off,0.31889626266154436,reduce,hold,0,0,
4761,2025-10-17 18:45:00+00:00,19.5671,19.9799,19.52,19.6924,719301.0,risk_rising,weak,risk_off,0.28454322156787326,hold,hold,0,0,
4762,2025-10-17 19:00:00+00:00,19.695,19.72,19.45,19.6025,273080.0,risk_rising,weak,risk_off,0.2579385043354741,hold,hold,0,0,
4763,2025-10-17 19:15:00+00:00,19.58,19.92,19.56,19.895,387181.0,range_accumulation,weak,risk_off,0.34450001479683967,avoid,avoid,0,0,
4764,2025-10-17 19:30:00+00:00,19.88,20.2699,19.8,20.21,627430.0,range_neutral,weak,risk_off,0.5825292426450324,hold,hold,0,0,
4765,2025-10-17 19:45:00+00:00,20.18,20.42,19.99,20.056,685138.0,range_neutral,weak,risk_off,0.5218778307274239,hold,hold,0,0,
4766,2025-10-17 20:00:00+00:00,20.1099,20.905,20.03,20.845,1388290.0,breakout,weak,risk_off,0.972402373395887,hold,hold,0,0,
4767,2025-10-20 13:30:00+00:00,22.36,22.39,21.81,21.8101,522976.0,breakout_setup,mixed,risk_off,0.84151840616545,hold,hold,0,0,
4768,2025-10-20 13:45:00+00:00,21.93,22.17,20.52,21.3,2396591.0,pullback,mixed,risk_off,0.7021125413353012,hold,hold,0,0,
4769,2025-10-20 14:00:00+00:00,21.22,21.29,19.64,19.7497,2011485.0,pullback,mixed,risk_off,0.2784291219152255,hold,hold,0,0,
4770,2025-10-20 14:15:00+00:00,19.695,19.8,18.93,18.9853,1821246.0,trend_late,mixed,risk_off,0.06952529310486191,reduce,hold,0,0,
4771,2025-10-20 14:30:00+00:00,18.99,19.1,18.58,18.58,1625779.0,trend_late,mixed,risk_off,0.0,hold,hold,0,0,
4772,2025-10-20 14:45:00+00:00,18.58,19.68,18.32,19.65,1911843.0,pullback,mixed,risk_off,0.3267813267813263,hold,hold,0,0,
4773,2025-10-20 15:00:00+00:00,19.61,19.66,19.16,19.175,947515.0,trend_late,mixed,risk_off,0.21007371007371017,hold,hold,0,0,
4774,2025-10-20 15:15:00+00:00,19.1616,19.31,19.07,19.1001,625405.0,trend_late,mixed,risk_off,0.19167076167076189,hold,hold,0,0,
4775,2025-10-20 15:30:00+00:00,19.12,20.22,19.055,20.18,1373636.0,pullback,mixed,risk_off,0.45700245700245684,hold,hold,0,0,
4776,2025-10-20 15:45:00+00:00,20.18,20.2484,19.6601,19.6601,783795.0,trend_late,mixed,risk_off,0.32926289926289914,hold,hold,0,0,
4777,2025-10-20 16:00:00+00:00,19.6611,20.0496,19.38,19.5899,782707.0,risk_rising,mixed,risk_off,0.31201474201474194,hold,hold,0,0,
4778,2025-10-20 16:15:00+00:00,19.5892,19.77,19.45,19.7216,486037.0,risk_rising,mixed,risk_off,0.34437346437346394,hold,hold,0,0,
4779,2025-10-20 16:30:00+00:00,19.75,19.8909,19.5,19.5475,272317.0,risk_rising,mixed,risk_off,0.30159705159705136,hold,hold,0,0,
4780,2025-10-20 16:45:00+00:00,19.545,19.6,19.0,19.005,522429.0,range_accumulation,mixed,risk_off,0.16830466830466798,hold,hold,0,0,
4781,2025-10-20 17:00:00+00:00,19.0,19.39,18.92,19.2801,438258.0,range_accumulation,mixed,risk_off,0.23589680589680603,hold,hold,0,0,
4782,2025-10-20 17:15:00+00:00,19.3,19.47,19.1456,19.18,280993.0,risk_rising,mixed,risk_off,0.21130221130221113,hold,hold,0,0,
4783,2025-10-20 17:30:00+00:00,19.19,19.3,19.0,19.1102,332684.0,risk_rising,mixed,risk_off,0.19415233415233382,hold,hold,0,0,
4784,2025-10-20 17:45:00+00:00,19.1101,19.35,18.9,19.285,412247.0,range_accumulation,mixed,risk_off,0.23710073710073704,hold,hold,0,0,
4785,2025-10-20 18:00:00+00:00,19.285,19.61,19.2804,19.475,474690.0,risk_rising,mixed,risk_off,0.28378378378378405,hold,hold,0,0,
4786,2025-10-20 18:15:00+00:00,19.47,19.55,19.355,19.42,274019.0,risk_rising,mixed,risk_off,0.2702702702702706,hold,hold,0,0,
4787,2025-10-20 18:30:00+00:00,19.42,19.7,19.35,19.6501,260904.0,range_accumulation,mixed,risk_off,0.34548051948051883,hold,hold,0,0,
4788,2025-10-20 18:45:00+00:00,19.65,19.74,19.45,19.5,341008.0,risk_rising,mixed,risk_off,0.3973063973063974,hold,hold,0,0,
4789,2025-10-20 19:00:00+00:00,19.4806,19.52,19.3499,19.42,370158.0,risk_rising,mixed,risk_off,0.5704210744658792,hold,hold,0,0,
4790,2025-10-20 19:15:00+00:00,19.42,19.43,19.26,19.313,336687.0,range_neutral,mixed,risk_off,0.5149346608587423,hold,hold,0,0,
4791,2025-10-20 19:30:00+00:00,19.3174,19.41,19.02,19.32,366074.0,range_neutral,mixed,risk_off,0.5185646131507986,hold,hold,0,0,
4792,2025-10-20 19:45:00+00:00,19.33,19.58,19.23,19.5382,397600.0,range_neutral,mixed,risk_off,0.47330169089291046,hold,hold,0,0,
4793,2025-10-20 20:00:00+00:00,19.535,19.9,19.4803,19.586,807102.0,pullback,mixed,risk_off,0.5087511124295455,hold,hold,0,0,
4794,2025-10-21 13:30:00+00:00,17.82,18.3198,17.8,18.02,500694.0,risk_rising,weak,risk_off,0.08985459892174437,hold,hold,0,0,
4795,2025-10-21 13:45:00+00:00,18.03,18.21,16.61,16.645,3230558.0,risk_rising,weak,risk_off,0.009619613016710679,hold,hold,0,0,
4796,2025-10-21 14:00:00+00:00,16.634,16.98,16.32,16.33,2149224.0,risk_rising,weak,risk_off,0.002681252681252147,hold,hold,0,0,
4797,2025-10-21 14:15:00+00:00,16.36,16.6461,15.93,16.64,1855339.0,risk_rising,weak,risk_off,0.17884130982367785,hold,hold,0,0,
4798,2025-10-21 14:30:00+00:00,16.64,16.8,15.9,16.019,1534710.0,risk_rising,weak,risk_off,0.029749999999999513,hold,hold,0,0,
4799,2025-10-21 14:45:00+00:00,16.02,16.26,15.97,16.1,676215.0,risk_rising,weak,risk_off,0.05000000000000029,hold,hold,0,0,
4800,2025-10-21 15:00:00+00:00,16.085,16.48,16.085,16.46,534038.0,risk_rising,weak,risk_off,0.14000000000000018,hold,hold,0,0,
4801,2025-10-21 15:15:00+00:00,16.48,16.99,16.4701,16.84,803877.0,risk_rising,weak,risk_off,0.235,hold,hold,0,0,
4802,2025-10-21 15:30:00+00:00,16.85,16.98,16.65,16.7,452199.0,risk_rising,weak,risk_off,0.19999999999999982,hold,hold,0,0,
4803,2025-10-21 15:45:00+00:00,16.7,16.89,16.4912,16.85,351321.0,risk_rising,weak,risk_off,0.23750000000000038,hold,hold,0,0,
4804,2025-10-21 16:00:00+00:00,16.84,16.8499,16.65,16.7453,188082.0,risk_rising,weak,risk_off,0.21132500000000007,hold,hold,0,0,
4805,2025-10-21 16:15:00+00:00,16.745,17.0,16.6,17.0,429895.0,range_accumulation,weak,risk_off,0.275,avoid,avoid,0,0,
4806,2025-10-21 16:30:00+00:00,16.98,17.0,16.76,16.88,263629.0,range_accumulation,weak,risk_off,0.24499999999999977,hold,hold,0,0,
4807,2025-10-21 16:45:00+00:00,16.85,16.85,16.42,16.52,361431.0,risk_rising,weak,risk_off,0.15499999999999986,reduce,hold,0,0,
4808,2025-10-21 17:00:00+00:00,16.53,16.68,16.46,16.5852,213334.0,range_accumulation,weak,risk_off,0.1713000000000001,avoid,avoid,0,0,
4809,2025-10-21 17:15:00+00:00,16.5741,16.63,16.39,16.4215,281758.0,range_accumulation,weak,risk_off,0.1303750000000004,hold,hold,0,0,
4810,2025-10-21 17:30:00+00:00,16.435,16.44,16.15,16.24,295473.0,risk_rising,weak,risk_off,0.08499999999999956,reduce,hold,0,0,
4811,2025-10-21 17:45:00+00:00,16.24,16.32,16.13,16.13,142295.0,risk_rising,weak,risk_off,0.05749999999999969,hold,hold,0,0,
4812,2025-10-21 18:00:00+00:00,16.12,16.54,16.1,16.48,310685.0,risk_rising,weak,risk_off,0.14500000000000007,hold,hold,0,0,
4813,2025-10-21 18:15:00+00:00,16.481,16.5999,16.1101,16.1299,235692.0,risk_rising,weak,risk_off,0.09500785188858536,hold,hold,0,0,
4814,2025-10-21 18:30:00+00:00,16.1267,16.46,16.05,16.405,300232.0,risk_rising,weak,risk_off,0.2186147186147189,hold,hold,0,0,
4815,2025-10-21 18:45:00+00:00,16.42,16.43,16.28,16.39,76709.0,risk_rising,weak,risk_off,0.44545454545454577,hold,hold,0,0,
4816,2025-10-21 19:00:00+00:00,16.39,16.54,16.31,16.4401,172063.0,risk_rising,weak,risk_off,0.49100000000000077,hold,hold,0,0,
4817,2025-10-21 19:15:00+00:00,16.455,16.52,16.37,16.425,179633.0,risk_rising,weak,risk_off,0.47727272727272774,hold,hold,0,0,
4818,2025-10-21 19:30:00+00:00,16.4399,16.54,16.37,16.525,306918.0,risk_rising,weak,risk_off,0.538834951456309,hold,hold,0,0,
4819,2025-10-21 19:45:00+00:00,16.55,16.65,16.46,16.46,404969.0,range_neutral,weak,risk_off,0.4315789473684215,avoid,avoid,0,0,
4820,2025-10-21 20:00:00+00:00,16.4587,16.5899,16.21,16.2402,911991.0,range_accumulation,weak,risk_off,0.20021052631579048,hold,hold,0,0,
4821,2025-10-22 13:30:00+00:00,14.655,15.0712,14.51,14.91,658961.0,risk_rising,weak,risk_off,0.16064257028112464,reduce,hold,0,0,
4822,2025-10-22 13:45:00+00:00,14.9001,15.43,14.65,15.37,1671103.0,risk_rising,weak,risk_off,0.3453815261044174,hold,hold,0,0,
4823,2025-10-22 14:00:00+00:00,15.37,16.27,15.2604,15.66,1623123.0,risk_rising,weak,risk_off,0.461847389558233,hold,hold,0,0,
4824,2025-10-22 14:15:00+00:00,15.61,15.627,14.68,14.8711,1151780.0,risk_rising,weak,risk_off,0.1450200803212853,hold,hold,0,0,
4825,2025-10-22 14:30:00+00:00,14.89,15.1,14.59,14.74,905924.0,risk_rising,weak,risk_off,0.09236947791164675,hold,hold,0,0,
4826,2025-10-22 14:45:00+00:00,14.77,14.95,14.46,14.57,742637.0,risk_rising,weak,risk_off,0.04602510460251021,hold,hold,0,0,
4827,2025-10-22 15:00:00+00:00,14.6,15.03,14.565,15.0,529447.0,risk_rising,weak,risk_off,0.24324324324324298,hold,hold,0,0,
4828,2025-10-22 15:15:00+00:00,15.0,15.02,14.61,14.65,373047.0,risk_rising,weak,risk_off,0.08675799086757977,hold,hold,0,0,
4829,2025-10-22 15:30:00+00:00,14.645,14.7,14.4401,14.55,351433.0,risk_rising,weak,risk_off,0.049730757047830886,hold,hold,0,0,
4830,2025-10-22 15:45:00+00:00,14.545,14.65,14.44,14.6,394338.0,risk_rising,weak,risk_off,0.07239819004524896,hold,hold,0,0,
4831,2025-10-22 16:00:00+00:00,14.6,14.75,14.435,14.66,441397.0,risk_rising,weak,risk_off,0.10158013544018052,hold,hold,0,0,
4832,2025-10-22 16:15:00+00:00,14.66,14.71,14.49,14.53,202033.0,risk_rising,weak,risk_off,0.04288939051918688,hold,hold,0,0,
4833,2025-10-22 16:30:00+00:00,14.55,14.665,14.3301,14.355,346063.0,risk_rising,weak,risk_off,0.010733221259537308,hold,hold,0,0,
4834,2025-10-22 16:45:00+00:00,14.37,15.51,14.35,14.9901,1325097.0,range_accumulation,weak,risk_off,0.28449502133712684,avoid,avoid,0,0,
4835,2025-10-22 17:00:00+00:00,14.99,15.02,14.56,14.76,375844.0,range_accumulation,weak,risk_off,0.18530971162550117,hold,hold,0,0,
4836,2025-10-22 17:15:00+00:00,14.75,14.84,14.41,14.43,219202.0,risk_rising,weak,risk_off,0.04306220095693777,reduce,hold,0,0,
4837,2025-10-22 17:30:00+00:00,14.43,14.57,14.21,14.2302,356019.0,risk_rising,weak,risk_off,0.008278688524589807,hold,hold,0,0,
4838,2025-10-22 17:45:00+00:00,14.24,14.32,14.0202,14.11,446555.0,risk_rising,weak,risk_off,0.034147083428397076,hold,hold,0,0,
4839,2025-10-22 18:00:00+00:00,14.1002,14.31,14.08,14.3,261112.0,risk_rising,weak,risk_off,0.10888430556096039,hold,hold,0,0,
4840,2025-10-22 18:15:00+00:00,14.2922,14.3054,14.0601,14.12,272688.0,risk_rising,weak,risk_off,0.04435949862209903,hold,hold,0,0,
4841,2025-10-22 18:30:00+00:00,14.12,14.55,14.03,14.472,365292.0,risk_rising,weak,risk_off,0.20081785047559736,hold,hold,0,0,
4842,2025-10-22 18:45:00+00:00,14.47,14.48,14.16,14.44,455282.0,risk_rising,weak,risk_off,0.18659436394346113,hold,hold,0,0,
4843,2025-10-22 19:00:00+00:00,14.44,14.87,14.44,14.84,353084.0,range_neutral,weak,risk_off,0.5102066218571067,avoid,avoid,0,0,
4844,2025-10-22 19:15:00+00:00,14.83,15.13,14.82,15.0856,662274.0,range_distribution,weak,risk_off,0.7151295475902801,sell,hold,0,0,
4845,2025-10-22 19:30:00+00:00,15.09,15.24,15.02,15.1989,497005.0,range_distribution,weak,risk_off,0.7911800241643174,hold,hold,0,0,
4846,2025-10-22 19:45:00+00:00,15.1979,15.285,14.95,15.08,466909.0,range_distribution,weak,risk_off,0.7113706537790307,hold,hold,0,0,
4847,2025-10-22 20:00:00+00:00,15.08,15.17,14.75,15.06,851248.0,pullback,weak,risk_off,0.6979460330245673,avoid,avoid,0,0,
4848,2025-10-23 13:30:00+00:00,14.905,15.13,14.8,15.04,293538.0,pullback,weak,neutral,0.6845214122701027,buy,buy,200,200,15.04
4849,2025-10-23 13:45:00+00:00,15.04,15.32,14.41,14.825,596456.0,pullback,weak,neutral,0.540206739159618,hold,hold,0,200,
4850,2025-10-23 14:00:00+00:00,14.8499,15.15,14.62,14.8308,433168.0,pullback,weak,neutral,0.544099879178413,hold,hold,0,200,
4851,2025-10-23 14:15:00+00:00,14.8047,15.02,14.6,14.64,308093.0,pullback,weak,neutral,0.41602899718082975,hold,hold,0,200,
4852,2025-10-23 14:30:00+00:00,14.655,14.92,14.48,14.6492,331728.0,pullback,weak,neutral,0.42220432272788294,hold,hold,0,200,
4853,2025-10-23 14:45:00+00:00,14.65,14.82,14.58,14.61,259982.0,trend_late,weak,neutral,0.3958920660491334,hold,hold,0,200,
4854,2025-10-23 15:00:00+00:00,14.62,14.7292,14.51,14.69,212499.0,trend_late,weak,neutral,0.5153100476996453,hold,hold,0,200,
4855,2025-10-23 15:15:00+00:00,14.6996,14.6996,14.51,14.5368,200838.0,trend_late,weak,neutral,0.3974457608862893,hold,hold,0,200,
4856,2025-10-23 15:30:00+00:00,14.52,14.79,14.51,14.64,186108.0,trend_late,weak,neutral,0.476842591167872,hold,hold,0,200,
4857,2025-10-23 15:45:00+00:00,14.64,14.7,14.42,14.42,195518.0,trend_late,weak,neutral,0.3075857824280653,hold,hold,0,200,
4858,2025-10-23 16:00:00+00:00,14.42,14.55,14.33,14.5,226280.0,risk_rising,weak,neutral,0.3643410852713181,hold,hold,0,200,
4859,2025-10-23 16:15:00+00:00,14.4936,14.59,14.435,14.56,99757.0,risk_rising,weak,neutral,0.41085271317829514,hold,hold,0,200,
4860,2025-10-23 16:30:00+00:00,14.56,14.57,14.32,14.4394,128861.0,risk_rising,weak,neutral,0.3173643410852709,reduce,reduce,-200,0,14.4394
4861,2025-10-23 16:45:00+00:00,14.41,14.5,14.38,14.49,132284.0,risk_rising,weak,neutral,0.28448275862068967,hold,hold,0,0,
4862,2025-10-23 17:00:00+00:00,14.4898,14.7097,14.4702,14.67,195506.0,range_accumulation,weak,neutral,0.34999999999999964,hold,hold,0,0,
4863,2025-10-23 17:15:00+00:00,14.685,14.69,14.45,14.5901,167341.0,risk_rising,weak,neutral,0.27009999999999934,hold,hold,0,0,
4864,2025-10-23 17:30:00+00:00,14.59,14.62,14.4882,14.5213,93617.0,risk_rising,weak,neutral,0.2012999999999998,hold,hold,0,0,
4865,2025-10-23 17:45:00+00:00,14.52,14.7917,14.5,14.79,84581.0,range_neutral,weak,neutral,0.46999999999999886,hold,hold,0,0,
4866,2025-10-23 18:00:00+00:00,14.8,14.825,14.555,14.56,106635.0,risk_rising,weak,neutral,0.2400000000000002,hold,hold,0,0,
4867,2025-10-23 18:15:00+00:00,14.5799,14.5799,14.395,14.5055,177335.0,range_accumulation,weak,neutral,0.18549999999999933,hold,hold,0,0,
4868,2025-10-23 18:30:00+00:00,14.5,14.563,14.385,14.41,80359.0,risk_rising,weak,neutral,0.08999999999999986,hold,hold,0,0,
4869,2025-10-23 18:45:00+00:00,14.39,14.42,14.02,14.035,450395.0,risk_rising,weak,neutral,0.013274336283186335,hold,hold,0,0,
4870,2025-10-23 19:00:00+00:00,14.0301,14.24,14.01,14.24,346808.0,risk_rising,weak,neutral,0.2277227722772282,hold,hold,0,0,
4871,2025-10-23 19:15:00+00:00,14.23,14.3,13.93,14.0001,443023.0,risk_rising,weak,neutral,0.07080808080808085,hold,hold,0,0,
4872,2025-10-23 19:30:00+00:00,14.0001,14.0399,13.8,13.89,525865.0,risk_rising,weak,neutral,0.08780487804878047,hold,hold,0,0,
4873,2025-10-23 19:45:00+00:00,13.8899,13.89,13.72,13.7499,377524.0,risk_rising,weak,neutral,0.02705882352941143,hold,hold,0,0,
4874,2025-10-23 20:00:00+00:00,13.735,13.81,13.6,13.68,905618.0,risk_rising,weak,neutral,0.06530612244897967,hold,hold,0,0,
4875,2025-10-24 13:30:00+00:00,14.195,14.64,14.15,14.617,378248.0,risk_rising,mixed,risk_on,0.8302040816326544,hold,hold,0,0,
4876,2025-10-24 13:45:00+00:00,14.58,15.78,14.57,14.898,3366757.0,range_neutral,mixed,risk_on,0.5954128440366974,hold,hold,0,0,
4877,2025-10-24 14:00:00+00:00,14.898,15.43,14.76,15.07,1257290.0,range_distribution,mixed,risk_on,0.674311926605505,hold,hold,0,0,
4878,2025-10-24 14:15:00+00:00,15.08,15.35,14.72,15.21,841905.0,range_distribution,mixed,risk_on,0.7385321100917438,hold,hold,0,0,
4879,2025-10-24 14:30:00+00:00,15.19,15.72,15.11,15.41,1165313.0,range_distribution,mixed,risk_on,0.8302752293577985,hold,hold,0,0,
4880,2025-10-24 14:45:00+00:00,15.4,15.56,15.05,15.19,578824.0,pullback,mixed,risk_on,0.7293577981651377,buy,hold,0,0,
4881,2025-10-24 15:00:00+00:00,15.1785,15.22,14.76,15.08,535403.0,pullback,mixed,risk_on,0.6788990825688076,hold,hold,0,0,
4882,2025-10-24 15:15:00+00:00,15.086,15.6,14.941,15.515,485903.0,breakout,mixed,risk_on,0.8784403669724776,hold,hold,0,0,
4883,2025-10-24 15:30:00+00:00,15.5019,15.7,15.3,15.59,488367.0,breakout,mixed,risk_on,0.9128440366972479,hold,hold,0,0,
4884,2025-10-24 15:45:00+00:00,15.61,15.98,15.51,15.69,656923.0,breakout,mixed,risk_on,0.8781512605042013,hold,hold,0,0,
4885,2025-10-24 16:00:00+00:00,15.68,16.22,15.66,16.17,880170.0,breakout,mixed,risk_on,0.9809160305343523,hold,hold,0,0,
4886,2025-10-24 16:15:00+00:00,16.173,16.22,15.96,16.11,431844.0,breakout,mixed,risk_on,0.9580152671755727,hold,hold,0,0,
4887,2025-10-24 16:30:00+00:00,16.1128,16.32,16.0603,16.1677,478957.0,breakout,mixed,risk_on,0.9440073529411763,hold,hold,0,0,
4888,2025-10-24 16:45:00+00:00,16.1679,16.4,15.83,16.0847,700360.0,breakout,mixed,risk_on,0.8873928571428582,hold,hold,0,0,
4889,2025-10-24 17:00:00+00:00,16.09,16.09,15.6657,15.715,420656.0,breakout_setup,mixed,risk_on,0.7553571428571432,hold,hold,0,0,
4890,2025-10-24 17:15:00+00:00,15.7,15.79,15.62,15.6505,253335.0,pullback,mixed,risk_on,0.7323214285714287,hold,hold,0,0,
4891,2025-10-24 17:30:00+00:00,15.7,15.84,15.58,15.69,254469.0,pullback,mixed,risk_on,0.7464285714285717,hold,hold,0,0,
4892,2025-10-24 17:45:00+00:00,15.69,15.71,15.44,15.49,357428.0,trend_late,mixed,risk_on,0.6750000000000005,reduce,hold,0,0,
4893,2025-10-24 18:00:00+00:00,15.485,15.68,15.485,15.615,130755.0,pullback,mixed,risk_on,0.7196428571428576,hold,hold,0,0,
4894,2025-10-24 18:15:00+00:00,15.62,15.7,15.49,15.61,218176.0,trend_late,mixed,risk_on,0.648888888888889,hold,hold,0,0,
4895,2025-10-24 18:30:00+00:00,15.62,15.7823,15.59,15.63,152175.0,trend_late,mixed,risk_on,0.5792349726775965,hold,hold,0,0,
4896,2025-10-24 18:45:00+00:00,15.6,15.63,15.37,15.435,241773.0,trend_late,mixed,risk_on,0.4255952380952385,hold,hold,0,0,
4897,2025-10-24 19:00:00+00:00,15.43,15.57,15.37,15.48,191619.0,trend_late,mixed,risk_on,0.4523809523809528,hold,hold,0,0,
4898,2025-10-24 19:15:00+00:00,15.48,15.55,15.31,15.325,193537.0,risk_rising,mixed,risk_on,0.3445121951219512,hold,hold,0,0,
4899,2025-10-24 19:30:00+00:00,15.3399,15.35,14.79,15.1787,492122.0,risk_rising,mixed,risk_on,0.2553048780487803,hold,hold,0,0,
4900,2025-10-24 19:45:00+00:00,15.19,15.31,15.18,15.27,189778.0,risk_rising,mixed,risk_on,0.31097560975609767,hold,hold,0,0,
4901,2025-10-24 20:00:00+00:00,15.2688,15.397,14.96,15.05,795261.0,risk_rising,mixed,risk_on,0.1614906832298147,hold,hold,0,0,
4902,2025-10-27 13:30:00+00:00,13.1,13.15,12.6311,12.8301,858852.0,risk_rising,weak,neutral,0.052800551885165414,hold,hold,0,0,
4903,2025-10-27 13:45:00+00:00,12.85,12.89,11.88,12.23,3142971.0,risk_rising,weak,neutral,0.07743362831858402,hold,hold,0,0,
4904,2025-10-27 14:00:00+00:00,12.235,12.5,12.14,12.28,1223466.0,risk_rising,weak,neutral,0.08849557522123867,hold,hold,0,0,
4905,2025-10-27 14:15:00+00:00,12.302,12.56,12.23,12.33,862361.0,risk_rising,weak,neutral,0.0995575221238937,hold,hold,0,0,
4906,2025-10-27 14:30:00+00:00,12.33,12.41,12.17,12.28,1019532.0,risk_rising,weak,neutral,0.08849557522123867,hold,hold,0,0,
4907,2025-10-27 14:45:00+00:00,12.28,12.32,12.01,12.17,1036571.0,risk_rising,weak,neutral,0.06415929203539807,hold,hold,0,0,
4908,2025-10-27 15:00:00+00:00,12.17,12.22,12.03,12.0735,506127.0,risk_rising,weak,neutral,0.04596199524940582,hold,hold,0,0,
4909,2025-10-27 15:15:00+00:00,12.07,12.21,12.04,12.15,430526.0,risk_rising,weak,neutral,0.0681818181818181,hold,hold,0,0,
4910,2025-10-27 15:30:00+00:00,12.1566,12.18,11.9,12.0826,950307.0,risk_rising,weak,neutral,0.05116161616161581,hold,hold,0,0,
4911,2025-10-27 15:45:00+00:00,12.085,12.09,11.9843,12.0,421184.0,risk_rising,weak,neutral,0.030751095507777274,hold,hold,0,0,
4912,2025-10-27 16:00:00+00:00,12.0,12.05,11.88,11.96,515283.0,risk_rising,weak,neutral,0.020500730338518337,hold,hold,0,0,
4913,2025-10-27 16:15:00+00:00,11.97,12.06,11.88,12.0497,342130.0,risk_rising,weak,neutral,0.04348717423058169,hold,hold,0,0,
4914,2025-10-27 16:30:00+00:00,12.0304,12.5,12.0304,12.47,553433.0,range_accumulation,weak,neutral,0.15119288624657257,hold,hold,0,0,
4915,2025-10-27 16:45:00+00:00,12.45,12.73,12.41,12.72,524509.0,range_accumulation,weak,neutral,0.22399999999999995,hold,hold,0,0,
4916,2025-10-27 17:00:00+00:00,12.715,12.76,12.52,12.5399,315284.0,range_accumulation,weak,neutral,0.17883468834688312,hold,hold,0,0,
4917,2025-10-27 17:15:00+00:00,12.54,12.8,12.54,12.7697,234082.0,range_accumulation,weak,neutral,0.24242506811989087,hold,hold,0,0,
4918,2025-10-27 17:30:00+00:00,12.7692,12.9399,12.7589,12.925,291024.0,range_accumulation,weak,neutral,0.2971282342905886,hold,hold,0,0,
4919,2025-10-27 17:45:00+00:00,12.93,12.9599,12.75,12.763,383105.0,range_accumulation,weak,neutral,0.25106624964458324,hold,hold,0,0,
4920,2025-10-27 18:00:00+00:00,12.765,13.39,12.7526,13.2852,721542.0,pullback,weak,neutral,0.3995450668183108,buy,buy,200,200,13.2852
4921,2025-10-27 18:15:00+00:00,13.2999,13.31,12.97,13.02,417757.0,breakout_setup,weak,neutral,0.7549668874172178,hold,hold,0,200,
4922,2025-10-27 18:30:00+00:00,13.04,13.24,13.0,13.155,214904.0,breakout_setup,weak,neutral,0.8443708609271515,hold,hold,0,200,
4923,2025-10-27 18:45:00+00:00,13.16,13.2,13.01,13.02,211667.0,breakout_setup,weak,neutral,0.7549668874172178,hold,hold,0,200,
4924,2025-10-27 19:00:00+00:00,13.025,13.13,12.95,13.1,169745.0,breakout_setup,weak,neutral,0.807947019867549,hold,hold,0,200,
4925,2025-10-27 19:15:00+00:00,13.08,13.23,13.03,13.1457,234633.0,breakout_setup,weak,neutral,0.8382119205298008,hold,hold,0,200,
4926,2025-10-27 19:30:00+00:00,13.135,13.31,13.02,13.3055,243953.0,breakout,weak,neutral,0.9440397350993376,hold,hold,0,200,
4927,2025-10-27 19:45:00+00:00,13.3083,13.34,13.05,13.151,285002.0,breakout_setup,weak,neutral,0.8417218543046352,hold,hold,0,200,
4928,2025-10-27 20:00:00+00:00,13.1556,13.1799,12.945,12.9699,651744.0,pullback,weak,neutral,0.7217880794701989,hold,hold,0,200,
4929,2025-10-28 13:30:00+00:00,13.17,13.5893,13.17,13.3,239945.0,breakout_setup,weak,neutral,0.8307494295910611,hold,hold,0,200,
4930,2025-10-28 13:45:00+00:00,13.2412,13.34,12.1712,12.21,930944.0,trend_late,weak,neutral,0.1930614871584861,reduce,reduce,-200,0,12.21
4931,2025-10-28 14:00:00+00:00,12.22,12.86,12.21,12.83,760172.0,trend_late,weak,neutral,0.555783069092611,hold,hold,0,0,
4932,2025-10-28 14:15:00+00:00,12.83,12.91,12.49,12.72,590792.0,trend_late,weak,neutral,0.4914292400397826,hold,hold,0,0,
4933,2025-10-28 14:30:00+00:00,12.71,13.0497,12.53,12.885,566716.0,trend_late,weak,neutral,0.5482070690871768,hold,hold,0,0,
4934,2025-10-28 14:45:00+00:00,12.87,12.98,12.78,12.82,260969.0,trend_late,weak,neutral,0.45751357450109303,hold,hold,0,0,
4935,2025-10-28 15:00:00+00:00,12.8529,13.02,12.8101,13.01,262441.0,risk_rising,weak,neutral,0.5914956632113388,hold,hold,0,0,
4936,2025-10-28 15:15:00+00:00,13.01,13.155,12.87,12.965,262391.0,risk_rising,weak,neutral,0.559763063253649,hold,hold,0,0,
4937,2025-10-28 15:30:00+00:00,12.965,13.0855,12.86,13.03,169949.0,risk_rising,weak,neutral,0.6055990409703119,hold,hold,0,0,
4938,2025-10-28 15:45:00+00:00,13.035,13.08,12.86,12.8816,241254.0,risk_rising,weak,neutral,0.500951977998731,hold,hold,0,0,
4939,2025-10-28 16:00:00+00:00,12.8817,12.9194,12.7603,12.845,168035.0,risk_rising,weak,neutral,0.4751427966998099,hold,hold,0,0,
4940,2025-10-28 16:15:00+00:00,12.85,12.9,12.7,12.84,191867.0,range_neutral,weak,neutral,0.471616952260066,hold,hold,0,0,
4941,2025-10-28 16:30:00+00:00,12.83,12.87,12.63,12.7201,181888.0,risk_rising,weak,neutral,0.3870672025950216,hold,hold,0,0,
4942,2025-10-28 16:45:00+00:00,12.745,12.87,12.6,12.684,197417.0,risk_rising,weak,neutral,0.361610605740074,hold,hold,0,0,
4943,2025-10-28 17:00:00+00:00,12.655,12.655,12.52,12.5801,143133.0,risk_rising,weak,neutral,0.2883435582822082,hold,hold,0,0,
4944,2025-10-28 17:15:00+00:00,12.585,12.6,12.4031,12.4095,165606.0,risk_rising,weak,neutral,0.16804174599816588,hold,hold,0,0,
4945,2025-10-28 17:30:00+00:00,12.41,12.4999,12.3,12.305,181183.0,risk_rising,weak,neutral,0.09435159720753059,hold,hold,0,0,
4946,2025-10-28 17:45:00+00:00,12.305,12.31,12.17,12.17,228022.0,risk_rising,weak,neutral,0.0,hold,hold,0,0,
4947,2025-10-28 18:00:00+00:00,12.17,12.32,12.13,12.245,193760.0,risk_rising,weak,neutral,0.07880490646200132,hold,hold,0,0,
4948,2025-10-28 18:15:00+00:00,12.25,12.58,12.21,12.58,194649.0,risk_rising,weak,neutral,0.30836702528609583,hold,hold,0,0,
4949,2025-10-28 18:30:00+00:00,12.5703,12.6412,12.385,12.41,191702.0,risk_rising,weak,neutral,0.2314049586776856,hold,hold,0,0,
4950,2025-10-28 18:45:00+00:00,12.4088,12.4105,12.24,12.2625,146365.0,risk_rising,weak,neutral,0.12926829268292556,hold,hold,0,0,
4951,2025-10-28 19:00:00+00:00,12.26,12.26,12.13,12.175,206507.0,risk_rising,weak,neutral,0.043902439024390234,hold,hold,0,0,
4952,2025-10-28 19:15:00+00:00,12.17,12.2,12.13,12.175,146958.0,risk_rising,weak,neutral,0.043902439024390234,hold,hold,0,0,
4953,2025-10-28 19:30:00+00:00,12.18,12.18,12.01,12.035,314088.0,risk_rising,weak,neutral,0.021834061135371497,hold,hold,0,0,
4954,2025-10-28 19:45:00+00:00,12.035,12.06,11.9,11.945,566633.0,risk_rising,weak,neutral,0.03585657370517926,hold,hold,0,0,
4955,2025-10-28 20:00:00+00:00,11.945,12.0,11.83,11.9899,646359.0,risk_rising,weak,neutral,0.12067924528301921,hold,hold,0,0,
4956,2025-10-29 13:30:00+00:00,11.82,11.89,11.59,11.66,237954.0,risk_rising,weak,neutral,0.046807087930458235,hold,hold,0,0,
4957,2025-10-29 13:45:00+00:00,11.66,11.8049,11.2687,11.3,1363648.0,risk_rising,weak,neutral,0.017280406337989232,hold,hold,0,0,
4958,2025-10-29 14:00:00+00:00,11.3,11.69,11.27,11.48,579169.0,risk_rising,weak,neutral,0.12800630035742397,hold,hold,0,0,
4959,2025-10-29 14:15:00+00:00,11.48,11.69,11.472,11.5201,367873.0,risk_rising,weak,neutral,0.154110218843866,hold,hold,0,0,
4960,2025-10-29 14:30:00+00:00,11.54,11.78,11.52,11.7,278364.0,risk_rising,weak,neutral,0.2693436582776487,hold,hold,0,0,
4961,2025-10-29 14:45:00+00:00,11.71,11.7399,11.63,11.7113,257502.0,risk_rising,weak,neutral,0.27640042465496734,hold,hold,0,0,
4962,2025-10-29 15:00:00+00:00,11.69,11.75,11.52,11.705,300087.0,risk_rising,weak,neutral,0.314722643006564,hold,hold,0,0,
4963,2025-10-29 15:15:00+00:00,11.7,11.9,11.66,11.84,192012.0,risk_rising,weak,neutral,0.4162477231329687,hold,hold,0,0,
4964,2025-10-29 15:30:00+00:00,11.86,11.88,11.71,11.7102,159043.0,risk_rising,weak,neutral,0.3216757741347905,hold,hold,0,0,
4965,2025-10-29 15:45:00+00:00,11.72,11.8,11.69,11.76,144397.0,risk_rising,weak,neutral,0.3579599271402546,hold,hold,0,0,
4966,2025-10-29 16:00:00+00:00,11.78,12.19,11.7,11.97,330697.0,range_neutral,weak,neutral,0.5109653916211296,hold,hold,0,0,
4967,2025-10-29 16:15:00+00:00,11.99,12.0,11.715,11.75,223882.0,range_neutral,weak,neutral,0.35067395264116547,hold,hold,0,0,
4968,2025-10-29 16:30:00+00:00,11.75,11.91,11.7432,11.9,111134.0,range_neutral,weak,neutral,0.45996357012750466,hold,hold,0,0,
4969,2025-10-29 16:45:00+00:00,11.9,11.9097,11.7,11.785,115248.0,range_neutral,weak,neutral,0.4521807672096684,hold,hold,0,0,
4970,2025-10-29 17:00:00+00:00,11.78,11.87,11.7601,11.8,54091.0,range_neutral,weak,neutral,0.5359628770301629,hold,hold,0,0,
4971,2025-10-29 17:15:00+00:00,11.802,11.83,11.7,11.76,79605.0,pullback,weak,neutral,0.5275421453881668,buy,buy,200,200,11.76
4972,2025-10-29 17:30:00+00:00,11.7699,11.7699,11.37,11.42,483597.0,trend_late,weak,neutral,0.16422446542928396,hold,hold,0,200,
4973,2025-10-29 17:45:00+00:00,11.42,11.56,11.37,11.518,231492.0,trend_late,weak,neutral,0.27059589710192145,hold,hold,0,200,
4974,2025-10-29 18:00:00+00:00,11.5109,11.7285,11.51,11.7285,126035.0,pullback,weak,neutral,0.4990773906436559,hold,hold,0,200,
4975,2025-10-29 18:15:00+00:00,11.702,11.75,11.53,11.584,130538.0,trend_late,weak,neutral,0.34223380006512455,hold,hold,0,200,
4976,2025-10-29 18:30:00+00:00,11.59,11.63,11.46,11.54,96931.0,trend_late,weak,neutral,0.2944751980896545,hold,hold,0,200,
4977,2025-10-29 18:45:00+00:00,11.55,11.7,11.28,11.485,384314.0,risk_rising,weak,neutral,0.23369565217391292,hold,hold,0,200,
4978,2025-10-29 19:00:00+00:00,11.46,11.73,11.42,11.71,181427.0,risk_rising,weak,neutral,0.47252747252747407,hold,hold,0,200,
4979,2025-10-29 19:15:00+00:00,11.7075,12.14,11.49,11.88,374003.0,range_distribution,weak,neutral,0.6593406593406608,hold,hold,0,200,
4980,2025-10-29 19:30:00+00:00,11.9,11.95,11.67,11.7,237643.0,risk_rising,weak,neutral,0.4615384615384614,hold,hold,0,200,
4981,2025-10-29 19:45:00+00:00,11.69,11.71,11.58,11.655,143431.0,risk_rising,weak,neutral,0.412087912087912,hold,hold,0,200,
4982,2025-10-29 20:00:00+00:00,11.65,11.68,11.55,11.59,308665.0,range_accumulation,weak,neutral,0.34065934065934117,hold,hold,0,200,
4983,2025-10-30 13:30:00+00:00,12.67,12.83,12.5,12.82,306943.0,breakout,weak,neutral,0.9935483870967743,hold,hold,0,200,
4984,2025-10-30 13:45:00+00:00,12.84,13.2199,11.3,11.76,3095306.0,pullback,weak,neutral,0.24743543481622768,hold,hold,0,200,
4985,2025-10-30 14:00:00+00:00,11.76,12.14,11.59,11.6799,1564186.0,pullback,weak,neutral,0.2061446466312698,hold,hold,0,200,
4986,2025-10-30 14:15:00+00:00,11.68,12.2152,11.62,12.0735,1313244.0,pullback,weak,neutral,0.4090417031805759,hold,hold,0,200,
4987,2025-10-30 14:30:00+00:00,12.0744,12.525,12.06,12.525,1238083.0,pullback,weak,neutral,0.6417856590545905,hold,hold,0,200,
4988,2025-10-30 14:45:00+00:00,12.525,12.85,12.49,12.675,1597830.0,pullback,weak,neutral,0.7191092324346617,hold,hold,0,200,
4989,2025-10-30 15:00:00+00:00,12.7016,12.97,12.64,12.8281,1124097.0,breakout_setup,weak,neutral,0.7980308263312534,hold,hold,0,200,
4990,2025-10-30 15:15:00+00:00,12.81,13.03,12.7,12.81,816993.0,breakout_setup,weak,neutral,0.7887004484767256,hold,hold,0,200,
4991,2025-10-30 15:30:00+00:00,12.81,13.45,12.7906,13.17,1451038.0,breakout,weak,neutral,0.8709677419354842,hold,hold,0,200,
4992,2025-10-30 15:45:00+00:00,13.17,13.4,13.01,13.375,1009598.0,breakout,weak,neutral,0.9654377880184335,hold,hold,0,200,
4993,2025-10-30 16:00:00+00:00,13.39,13.495,13.23,13.32,935781.0,breakout,weak,neutral,0.9209932279909712,hold,hold,0,200,
4994,2025-10-30 16:15:00+00:00,13.32,13.64,13.2801,13.46,902185.0,breakout,weak,neutral,0.9237288135593222,hold,hold,0,200,
4995,2025-10-30 16:30:00+00:00,13.475,13.65,13.39,13.392,661477.0,breakout,weak,neutral,0.8911392405063288,hold,hold,0,200,
4996,2025-10-30 16:45:00+00:00,13.4,13.53,13.1101,13.5,913779.0,breakout,weak,neutral,0.9367088607594936,hold,hold,0,200,
4997,2025-10-30 17:00:00+00:00,13.49,13.76,13.44,13.645,610281.0,breakout,weak,neutral,0.9532520325203251,hold,hold,0,200,
4998,2025-10-30 17:15:00+00:00,13.6468,13.6899,13.34,13.39,448346.0,breakout_setup,weak,neutral,0.8495934959349596,hold,hold,0,200,
4999,2025-10-30 17:30:00+00:00,13.39,13.52,13.27,13.46,298127.0,breakout,weak,neutral,0.8780487804878052,hold,hold,0,200,
5000,2025-10-30 17:45:00+00:00,13.48,13.6,13.3401,13.6,205629.0,breakout,weak,neutral,0.9349593495934958,hold,hold,0,200,
5001,2025-10-30 18:00:00+00:00,13.575,13.8,13.56,13.7,451821.0,breakout,weak,neutral,0.9599999999999994,hold,hold,0,200,
5002,2025-10-30 18:15:00+00:00,13.7,13.88,13.45,13.45,705550.0,breakout_setup,weak,neutral,0.8333333333333327,hold,hold,0,200,
5003,2025-10-30 18:30:00+00:00,13.47,13.61,13.32,13.505,546682.0,breakout,weak,neutral,0.8546511627906976,hold,hold,0,200,
5004,2025-10-30 18:45:00+00:00,13.4995,13.61,13.13,13.17,491381.0,trend_late,weak,neutral,0.689956331877729,reduce,reduce,-200,0,13.17
5005,2025-10-30 19:00:00+00:00,13.17,13.45,13.11,13.39,293754.0,trend_late,weak,neutral,0.7831858407079647,hold,hold,0,0,
5006,2025-10-30 19:15:00+00:00,13.38,13.5195,13.304,13.44,268565.0,trend_late,weak,neutral,0.7582417582417575,hold,hold,0,0,
5007,2025-10-30 19:30:00+00:00,13.43,13.51,13.18,13.41,315437.0,trend_late,weak,neutral,0.661870503597122,hold,hold,0,0,
5008,2025-10-30 19:45:00+00:00,13.405,13.4165,13.02,13.135,433593.0,trend_late,weak,neutral,0.3991935483870961,hold,hold,0,0,
5009,2025-10-30 20:00:00+00:00,13.13,13.13,12.87,12.87,1006369.0,trend_late,weak,neutral,0.14406779661016925,hold,hold,0,0,
5010,2025-10-31 13:30:00+00:00,13.08,13.265,12.95,13.13,276661.0,risk_rising,weak,risk_on,0.31154764090325027,hold,hold,0,0,
5011,2025-10-31 13:45:00+00:00,13.12,13.178,12.2,12.4175,1937328.0,risk_rising,weak,risk_on,0.12946428571428628,hold,hold,0,0,
5012,2025-10-31 14:00:00+00:00,12.42,13.0,12.38,12.915,840727.0,risk_rising,weak,risk_on,0.42559523809523764,hold,hold,0,0,
5013,2025-10-31 14:15:00+00:00,12.88,13.07,12.72,12.925,468668.0,risk_rising,weak,risk_on,0.4315476190476195,hold,hold,0,0,
5014,2025-10-31 14:30:00+00:00,12.9236,12.9236,12.46,12.46,449755.0,risk_rising,weak,risk_on,0.15476190476190554,hold,hold,0,0,
5015,2025-10-31 14:45:00+00:00,12.4601,12.5,12.27,12.3,553098.0,risk_rising,weak,risk_on,0.05952380952381032,hold,hold,0,0,
5016,2025-10-31 15:00:00+00:00,12.31,12.69,12.31,12.6027,315061.0,risk_rising,weak,risk_on,0.23970238095238144,hold,hold,0,0,
5017,2025-10-31 15:15:00+00:00,12.58,12.67,12.4543,12.67,200989.0,risk_rising,weak,risk_on,0.2797619047619049,hold,hold,0,0,
5018,2025-10-31 15:30:00+00:00,12.6799,12.8,12.6,12.7593,314324.0,risk_rising,weak,risk_on,0.3329166666666666,hold,hold,0,0,
5019,2025-10-31 15:45:00+00:00,12.75,12.7882,12.42,12.62,289081.0,risk_rising,weak,risk_on,0.24999999999999972,hold,hold,0,0,
5020,2025-10-31 16:00:00+00:00,12.63,12.66,12.3,12.35,332982.0,risk_rising,weak,risk_on,0.08928571428571441,hold,hold,0,0,
5021,2025-10-31 16:15:00+00:00,12.33,12.43,12.2,12.2101,247437.0,risk_rising,weak,risk_on,0.006011904761905548,hold,hold,0,0,
5022,2025-10-31 16:30:00+00:00,12.21,12.38,12.12,12.38,334240.0,risk_rising,weak,risk_on,0.17449664429530304,hold,hold,0,0,
5023,2025-10-31 16:45:00+00:00,12.38,12.39,12.17,12.257,166808.0,risk_rising,weak,risk_on,0.0919463087248325,hold,hold,0,0,
5024,2025-10-31 17:00:00+00:00,12.2612,12.33,12.24,12.33,158083.0,risk_rising,weak,risk_on,0.15005359056806047,hold,hold,0,0,
5025,2025-10-31 17:15:00+00:00,12.31,12.33,12.14,12.17,163940.0,risk_rising,weak,risk_on,0.035727045373348094,hold,hold,0,0,
5026,2025-10-31 17:30:00+00:00,12.1687,12.28,12.16,12.22,102465.0,risk_rising,weak,risk_on,0.07194244604316646,hold,hold,0,0,
5027,2025-10-31 17:45:00+00:00,12.2051,12.2699,12.06,12.14,270527.0,risk_rising,weak,risk_on,0.05897530409141183,hold,hold,0,0,
5028,2025-10-31 18:00:00+00:00,12.13,12.35,12.1201,12.295,190691.0,risk_rising,weak,risk_on,0.19502074688796633,hold,hold,0,0,
5029,2025-10-31 18:15:00+00:00,12.295,12.31,12.145,12.23,123873.0,risk_rising,weak,risk_on,0.1410788381742738,hold,hold,0,0,
5030,2025-10-31 18:30:00+00:00,12.23,12.4699,12.22,12.455,126821.0,range_neutral,weak,risk_on,0.3533094812164575,hold,hold,0,0,
5031,2025-10-31 18:45:00+00:00,12.45,12.485,12.29,12.425,132797.0,range_neutral,weak,risk_on,0.36138613861386165,hold,hold,0,0,
5032,2025-10-31 19:00:00+00:00,12.425,12.48,12.35,12.45,94987.0,range_neutral,weak,risk_on,0.38613861386138504,hold,hold,0,0,
5033,2025-10-31 19:15:00+00:00,12.46,12.68,12.46,12.67,346406.0,range_distribution,weak,risk_on,0.7063455303381189,hold,hold,0,0,
5034,2025-10-31 19:30:00+00:00,12.66,12.9,12.61,12.875,430302.0,range_distribution,weak,risk_on,0.9702380952380948,hold,hold,0,0,
5035,2025-10-31 19:45:00+00:00,12.88,13.24,12.83,13.17,620117.0,breakout,weak,risk_on,0.9406779661016946,hold,hold,0,0,
5036,2025-10-31 20:00:00+00:00,13.1687,13.31,12.91,12.95,900499.0,pullback,weak,risk_on,0.7119999999999991,buy,buy,200,200,12.95
5037,2025-11-03 14:30:00+00:00,12.705,12.77,12.3,12.3,241865.0,pullback,weak,neutral,0.19200000000000017,hold,hold,0,200,
5038,2025-11-03 14:45:00+00:00,12.33,12.5199,12.13,12.45,727161.0,pullback,weak,neutral,0.31199999999999906,hold,hold,0,200,
5039,2025-11-03 15:00:00+00:00,12.48,12.57,12.24,12.5,390881.0,pullback,weak,neutral,0.3519999999999996,hold,hold,0,200,
5040,2025-11-03 15:15:00+00:00,12.53,12.59,12.02,12.06,692330.0,trend_late,weak,neutral,0.03100775193798519,reduce,reduce,-200,0,12.06
5041,2025-11-03 15:30:00+00:00,12.065,12.065,11.55,11.57,900347.0,trend_late,weak,neutral,0.011363636363636123,hold,hold,0,0,
5042,2025-11-03 15:45:00+00:00,11.59,11.76,11.56,11.63,474026.0,trend_late,weak,neutral,0.0454545454545455,hold,hold,0,0,
5043,2025-11-03 16:00:00+00:00,11.62,11.684,11.47,11.5455,372966.0,risk_rising,weak,neutral,0.041032608695652124,hold,hold,0,0,
5044,2025-11-03 16:15:00+00:00,11.54,11.5599,11.325,11.345,455123.0,risk_rising,weak,neutral,0.010075566750630397,hold,hold,0,0,
5045,2025-11-03 16:30:00+00:00,11.34,11.4,11.1901,11.27,381791.0,risk_rising,weak,neutral,0.037690457097033,hold,hold,0,0,
5046,2025-11-03 16:45:00+00:00,11.273,11.34,11.18,11.29,318526.0,risk_rising,weak,neutral,0.05164319248826262,hold,hold,0,0,
5047,2025-11-03 17:00:00+00:00,11.295,11.37,11.25,11.28,196848.0,risk_rising,weak,neutral,0.046948356807511554,hold,hold,0,0,
5048,2025-11-03 17:15:00+00:00,11.28,11.351,11.21,11.32,194938.0,risk_rising,weak,neutral,0.06572769953051667,hold,hold,0,0,
5049,2025-11-03 17:30:00+00:00,11.32,11.4397,11.2801,11.29,236819.0,risk_rising,weak,neutral,0.05164319248826262,hold,hold,0,0,
5050,2025-11-03 17:45:00+00:00,11.29,11.36,11.27,11.305,146030.0,risk_rising,weak,neutral,0.05868544600938965,hold,hold,0,0,
5051,2025-11-03 18:00:00+00:00,11.31,11.35,11.265,11.275,138730.0,risk_rising,weak,neutral,0.04460093896713643,hold,hold,0,0,
5052,2025-11-03 18:15:00+00:00,11.2756,11.2756,11.04,11.05,359097.0,risk_rising,weak,neutral,0.00440528634361302,hold,hold,0,0,
5053,2025-11-03 18:30:00+00:00,11.055,11.122,10.99,11.03,412506.0,risk_rising,weak,neutral,0.01724137931034446,hold,hold,0,0,
5054,2025-11-03 18:45:00+00:00,11.035,11.15,11.0,11.0156,153962.0,risk_rising,weak,neutral,0.01103448275862024,hold,hold,0,0,
5055,2025-11-03 19:00:00+00:00,11.01,11.1196,10.95,11.0813,199951.0,risk_rising,weak,neutral,0.05563559322033951,hold,hold,0,0,
5056,2025-11-03 19:15:00+00:00,11.08,11.13,11.0001,11.12,141199.0,risk_rising,weak,neutral,0.09340659340659335,hold,hold,0,0,
5057,2025-11-03 19:30:00+00:00,11.13,11.13,11.01,11.085,144762.0,risk_rising,weak,neutral,0.08231707317073263,hold,hold,0,0,
5058,2025-11-03 19:45:00+00:00,11.0733,11.13,10.98,11.09,138891.0,risk_rising,weak,neutral,0.0853658536585369,hold,hold,0,0,
5059,2025-11-03 20:00:00+00:00,11.09,11.15,11.0,11.11,171909.0,risk_rising,weak,neutral,0.09756097560975616,hold,hold,0,0,
5060,2025-11-03 20:15:00+00:00,11.11,11.11,10.98,11.03,94389.0,risk_rising,weak,neutral,0.07174887892376687,hold,hold,0,0,
5061,2025-11-03 20:30:00+00:00,11.04,11.14,10.95,10.99,222046.0,risk_rising,weak,neutral,0.049382716049383824,hold,hold,0,0,
5062,2025-11-03 20:45:00+00:00,11.0,11.045,10.91,11.0201,258771.0,risk_rising,weak,neutral,0.142248062015503,hold,hold,0,0,
5063,2025-11-03 21:00:00+00:00,11.03,11.045,10.87,10.93,603197.0,risk_rising,weak,neutral,0.08696912596028462,hold,hold,0,0,
5064,2025-11-04 14:30:00+00:00,10.25,10.55,10.2201,10.55,355227.0,risk_rising,weak,neutral,0.2704985241062646,hold,hold,0,0,
5065,2025-11-04 14:45:00+00:00,10.52,11.09,10.33,11.09,1067845.0,range_distribution,weak,neutral,0.713266644801574,hold,hold,0,0,
5066,2025-11-04 15:00:00+00:00,11.09,11.44,11.0601,11.15,1135171.0,range_distribution,weak,neutral,0.7622755963603579,hold,hold,0,0,
5067,2025-11-04 15:15:00+00:00,11.184,11.33,10.96,11.215,458153.0,range_distribution,weak,neutral,0.8155586523485533,hold,hold,0,0,
5068,2025-11-04 15:30:00+00:00,11.2001,11.44,11.12,11.19,413281.0,range_distribution,weak,neutral,0.79506516927617,hold,hold,0,0,
5069,2025-11-04 15:45:00+00:00,11.2,11.29,11.15,11.225,186697.0,range_distribution,weak,neutral,0.8237560455775064,hold,hold,0,0,
5070,2025-11-04 16:00:00+00:00,11.204,11.209,11.105,11.209,201481.0,range_distribution,weak,neutral,0.8106402164111812,hold,hold,0,0,
5071,2025-11-04 16:15:00+00:00,11.2047,11.222,11.1001,11.15,134013.0,pullback,weak,neutral,0.7622755963603579,buy,buy,200,200,11.15
5072,2025-11-04 16:30:00+00:00,11.125,11.27,11.05,11.2502,147354.0,pullback,weak,neutral,0.8444134765144683,hold,hold,0,200,
5073,2025-11-04 16:45:00+00:00,11.24,11.29,11.135,11.135,200872.0,pullback,weak,neutral,0.7499795065169277,hold,hold,0,200,
5074,2025-11-04 17:00:00+00:00,11.1335,11.18,11.0501,11.15,77318.0,pullback,weak,neutral,0.7622755963603579,hold,hold,0,200,
5075,2025-11-04 17:15:00+00:00,11.1401,11.17,11.0,11.02,96119.0,trend_late,weak,neutral,0.6557094843839657,hold,hold,0,200,
5076,2025-11-04 17:30:00+00:00,11.01,11.18,11.0,11.1325,111575.0,trend_late,weak,neutral,0.7479301582096898,hold,hold,0,200,
5077,2025-11-04 17:45:00+00:00,11.151,11.29,11.12,11.16,112574.0,trend_late,weak,neutral,0.770472989589311,hold,hold,0,200,
5078,2025-11-04 18:00:00+00:00,11.1675,11.34,11.15,11.215,150039.0,pullback,weak,neutral,0.8155586523485533,hold,hold,0,200,
5079,2025-11-04 18:15:00+00:00,11.22,11.23,11.0301,11.1298,100701.0,trend_late,weak,neutral,0.7457168620378718,hold,hold,0,200,
5080,2025-11-04 18:30:00+00:00,11.11,11.13,10.93,10.99,119001.0,trend_late,weak,neutral,0.6311173046971066,hold,hold,0,200,
5081,2025-11-04 18:45:00+00:00,10.9948,11.045,10.9,11.03,100812.0,trend_late,weak,neutral,0.6639068776129188,hold,hold,0,200,
5082,2025-11-04 19:00:00+00:00,11.0284,11.27,10.995,11.18,135037.0,trend_late,weak,neutral,0.786867776047217,hold,hold,0,200,
5083,2025-11-04 19:15:00+00:00,11.165,11.25,11.12,11.19,86804.0,pullback,weak,neutral,0.79506516927617,hold,hold,0,200,
5084,2025-11-04 19:30:00+00:00,11.18,11.26,11.0628,11.08,103553.0,risk_rising,weak,neutral,0.675675675675676,reduce,reduce,-200,0,11.08
5085,2025-11-04 19:45:00+00:00,11.05,11.06,10.985,11.025,85613.0,range_accumulation,weak,neutral,0.23148148148148184,hold,hold,0,0,
5086,2025-11-04 20:00:00+00:00,11.03,11.2054,11.02,11.155,69110.0,range_neutral,weak,neutral,0.4722222222222211,hold,hold,0,0,
5087,2025-11-04 20:15:00+00:00,11.155,11.23,11.125,11.16,136046.0,range_neutral,weak,neutral,0.48148148148148184,hold,hold,0,0,
5088,2025-11-04 20:30:00+00:00,11.165,11.18,11.0013,11.09,118510.0,risk_rising,weak,neutral,0.43181818181818116,hold,hold,0,0,
5089,2025-11-04 20:45:00+00:00,11.08,11.26,11.02,11.08,195060.0,risk_rising,weak,neutral,0.4090909090909089,hold,hold,0,0,
5090,2025-11-04 21:00:00+00:00,11.08,11.09,10.91,10.99,491343.0,range_accumulation,weak,neutral,0.20454545454545445,hold,hold,0,0,
5091,2025-11-05 14:30:00+00:00,10.88,11.136,10.82,11.02,296177.0,risk_rising,weak,risk_on,0.3846153846153836,hold,hold,0,0,
5092,2025-11-05 14:45:00+00:00,11.02,11.17,10.64,10.6701,844667.0,risk_rising,weak,risk_on,0.042999999999998796,hold,hold,0,0,
5093,2025-11-05 15:00:00+00:00,10.7,10.9,10.56,10.69,414669.0,risk_rising,weak,risk_on,0.16666666666666552,hold,hold,0,0,
5094,2025-11-05 15:15:00+00:00,10.7,10.72,10.32,10.3351,518162.0,risk_rising,weak,risk_on,0.014803921568627787,hold,hold,0,0,
5095,2025-11-05 15:30:00+00:00,10.33,10.55,10.3,10.4599,360919.0,risk_rising,weak,risk_on,0.15374999999999878,hold,hold,0,0,
5096,2025-11-05 15:45:00+00:00,10.455,10.75,10.4,10.69,305314.0,risk_rising,weak,risk_on,0.37499999999999917,hold,hold,0,0,
5097,2025-11-05 16:00:00+00:00,10.69,10.83,10.69,10.7101,193629.0,risk_rising,weak,risk_on,0.3943269230769233,hold,hold,0,0,
5098,2025-11-05 16:15:00+00:00,10.72,10.77,10.52,10.56,128533.0,risk_rising,weak,risk_on,0.26804123711340216,hold,hold,0,0,
5099,2025-11-05 16:30:00+00:00,10.5403,10.5699,10.36,10.48,203938.0,risk_rising,weak,risk_on,0.18556701030927827,hold,hold,0,0,
5100,2025-11-05 16:45:00+00:00,10.493,10.51,10.41,10.475,122957.0,risk_rising,weak,risk_on,0.18041237113401973,hold,hold,0,0,
5101,2025-11-05 17:00:00+00:00,10.49,10.575,10.48,10.48,111398.0,risk_rising,weak,risk_on,0.18556701030927827,hold,hold,0,0,
5102,2025-11-05 17:15:00+00:00,10.5,10.59,10.3901,10.395,186650.0,risk_rising,weak,risk_on,0.09895833333333225,hold,hold,0,0,
5103,2025-11-05 17:30:00+00:00,10.39,10.47,10.39,10.4404,67782.0,risk_rising,weak,risk_on,0.14624999999999977,hold,hold,0,0,
5104,2025-11-05 17:45:00+00:00,10.44,10.5299,10.42,10.46,91536.0,range_accumulation,weak,risk_on,0.16666666666666696,hold,hold,0,0,
5105,2025-11-05 18:00:00+00:00,10.46,10.647,10.4101,10.605,67514.0,range_accumulation,weak,risk_on,0.31770833333333337,hold,hold,0,0,
5106,2025-11-05 18:15:00+00:00,10.62,10.62,10.52,10.55,51186.0,risk_rising,weak,risk_on,0.2604166666666669,hold,hold,0,0,
5107,2025-11-05 18:30:00+00:00,10.56,10.5797,10.41,10.4313,81569.0,risk_rising,weak,risk_on,0.13677083333333298,hold,hold,0,0,
5108,2025-11-05 18:45:00+00:00,10.44,10.54,10.4136,10.45,100723.0,risk_rising,weak,risk_on,0.15624999999999867,hold,hold,0,0,
5109,2025-11-05 19:00:00+00:00,10.45,10.5,10.41,10.5,104180.0,range_accumulation,weak,risk_on,0.22988505747126375,hold,hold,0,0,
5110,2025-11-05 19:15:00+00:00,10.51,10.51,10.3501,10.38,164454.0,risk_rising,weak,risk_on,0.09195402298850591,hold,hold,0,0,
5111,2025-11-05 19:30:00+00:00,10.38,10.45,10.36,10.3788,71636.0,risk_rising,weak,risk_on,0.09057471264367746,hold,hold,0,0,
5112,2025-11-05 19:45:00+00:00,10.38,10.61,10.37,10.52,143922.0,range_neutral,weak,risk_on,0.366666666666665,hold,hold,0,0,
5113,2025-11-05 20:00:00+00:00,10.51,10.7799,10.47,10.65,312326.0,range_distribution,weak,risk_on,0.6603773584905661,hold,hold,0,0,
5114,2025-11-05 20:15:00+00:00,10.63,10.81,10.5901,10.7601,171755.0,pullback,weak,risk_on,0.8681132075471687,buy,buy,200,200,10.7601
5115,2025-11-05 20:30:00+00:00,10.77,10.775,10.66,10.73,169251.0,pullback,weak,risk_on,0.7916232548447604,hold,hold,0,200,
5116,2025-11-05 20:45:00+00:00,10.73,10.79,10.655,10.74,176273.0,pullback,weak,risk_on,0.8124609293602839,hold,hold,0,200,
5117,2025-11-05 21:00:00+00:00,10.73,10.735,10.525,10.575,496487.0,pullback,weak,risk_on,0.48901935203304925,hold,hold,0,200,
5118,2025-11-06 14:30:00+00:00,10.79,10.92,10.7,10.765,121004.0,pullback,weak,neutral,0.7280224600807172,hold,hold,0,200,
5119,2025-11-06 14:45:00+00:00,10.765,10.765,10.293,10.425,571207.0,trend_late,weak,neutral,0.21052631578947578,reduce,reduce,-200,0,10.425
5120,2025-11-06 15:00:00+00:00,10.44,10.47,10.2104,10.27,265383.0,trend_late,weak,neutral,0.08399098083427234,hold,hold,0,0,
5121,2025-11-06 15:15:00+00:00,10.2601,10.61,10.25,10.4314,265421.0,pullback,weak,neutral,0.31144306651634734,hold,hold,0,0,
5122,2025-11-06 15:30:00+00:00,10.4589,10.86,10.42,10.5595,333330.0,pullback,weak,neutral,0.49196730552423895,hold,hold,0,0,
5123,2025-11-06 15:45:00+00:00,10.52,10.5641,10.28,10.35,309223.0,trend_late,weak,neutral,0.1967305524239004,hold,hold,0,0,
5124,2025-11-06 16:00:00+00:00,10.365,10.44,10.2702,10.305,174552.0,risk_rising,weak,neutral,0.13331454340473478,hold,hold,0,0,
5125,2025-11-06 16:15:00+00:00,10.294,10.41,10.23,10.295,154848.0,risk_rising,weak,neutral,0.11922209695603157,hold,hold,0,0,
5126,2025-11-06 16:30:00+00:00,10.295,10.31,10.1,10.12,320024.0,risk_rising,weak,neutral,0.024390243902438494,hold,hold,0,0,
5127,2025-11-06 16:45:00+00:00,10.115,10.14,9.98,10.005,483331.0,risk_rising,weak,neutral,0.026595744680851456,hold,hold,0,0,
5128,2025-11-06 17:00:00+00:00,10.01,10.16,9.97,10.0634,274809.0,risk_rising,weak,neutral,0.09831578947368327,hold,hold,0,0,
5129,2025-11-06 17:15:00+00:00,10.0738,10.1086,10.02,10.03,90178.0,risk_rising,weak,neutral,0.0631578947368408,hold,hold,0,0,
5130,2025-11-06 17:30:00+00:00,10.02,10.1,9.98,10.025,174630.0,risk_rising,weak,neutral,0.057894736842105006,hold,hold,0,0,
5131,2025-11-06 17:45:00+00:00,10.02,10.15,10.02,10.1413,110778.0,risk_rising,weak,neutral,0.18031578947368296,hold,hold,0,0,
5132,2025-11-06 18:00:00+00:00,10.13,10.19,10.1,10.12,96004.0,risk_rising,weak,neutral,0.1578947368421039,hold,hold,0,0,
5133,2025-11-06 18:15:00+00:00,10.11,11.13,10.06,10.755,1115496.0,range_distribution,weak,neutral,0.6767241379310345,hold,hold,0,0,
5134,2025-11-06 18:30:00+00:00,10.77,10.99,10.55,10.67,633115.0,range_neutral,weak,neutral,0.6034482758620683,hold,hold,0,0,
5135,2025-11-06 18:45:00+00:00,10.68,10.84,10.51,10.55,593329.0,range_neutral,weak,neutral,0.5,hold,hold,0,0,
5136,2025-11-06 19:00:00+00:00,10.55,10.58,10.25,10.3384,367131.0,range_accumulation,weak,neutral,0.31758620689655115,hold,hold,0,0,
5137,2025-11-06 19:15:00+00:00,10.34,10.54,10.34,10.3876,494075.0,range_neutral,weak,neutral,0.3600000000000001,hold,hold,0,0,
5138,2025-11-06 19:30:00+00:00,10.37,10.58,10.35,10.39,621079.0,pullback,weak,neutral,0.36206896551724127,buy,buy,200,200,10.39
5139,2025-11-06 19:45:00+00:00,10.39,10.8,10.38,10.67,789525.0,pullback,weak,neutral,0.6034482758620683,hold,hold,0,200,
5140,2025-11-06 20:00:00+00:00,10.67,10.67,10.43,10.48,267591.0,pullback,weak,neutral,0.43965517241379287,hold,hold,0,200,
5141,2025-11-06 20:15:00+00:00,10.4796,10.59,10.29,10.29,274431.0,pullback,weak,neutral,0.2758620689655159,hold,hold,0,200,
5142,2025-11-06 20:30:00+00:00,10.3,10.4,10.285,10.3042,170101.0,pullback,weak,neutral,0.2881034482758613,hold,hold,0,200,
5143,2025-11-06 20:45:00+00:00,10.3,10.32,10.18,10.21,218235.0,trend_late,weak,neutral,0.2068965517241381,hold,hold,0,200,
5144,2025-11-06 21:00:00+00:00,10.21,10.24,10.04,10.055,715675.0,trend_late,weak,neutral,0.0732758620689647,hold,hold,0,200,
5145,2025-11-07 14:30:00+00:00,9.59,9.8,9.58,9.7511,213588.0,trend_late,weak,neutral,0.11038709677419295,reduce,reduce,-200,0,9.7511
5146,2025-11-07 14:45:00+00:00,9.71,9.99,9.57,9.975,966438.0,risk_rising,weak,neutral,0.25961538461538414,hold,hold,0,0,
5147,2025-11-07 15:00:00+00:00,9.98,10.31,9.8,10.045,795020.0,risk_rising,weak,neutral,0.3044871794871792,hold,hold,0,0,
5148,2025-11-07 15:15:00+00:00,10.045,10.0695,9.775,9.96,678567.0,risk_rising,weak,neutral,0.2500000000000003,hold,hold,0,0,
5149,2025-11-07 15:30:00+00:00,9.96,10.0503,9.88,10.0,316447.0,risk_rising,weak,neutral,0.2756410256410254,hold,hold,0,0,
5150,2025-11-07 15:45:00+00:00,10.0,10.27,10.0,10.05,491840.0,risk_rising,weak,neutral,0.3076923076923079,hold,hold,0,0,
5151,2025-11-07 16:00:00+00:00,10.04,10.08,9.88,9.9,238041.0,risk_rising,weak,neutral,0.2115384615384615,hold,hold,0,0,
5152,2025-11-07 16:15:00+00:00,9.895,9.92,9.68,9.77,394366.0,risk_rising,weak,neutral,0.12820512820512772,hold,hold,0,0,
5153,2025-11-07 16:30:00+00:00,9.77,9.95,9.74,9.8027,320439.0,risk_rising,weak,neutral,0.16387323943661936,hold,hold,0,0,
5154,2025-11-07 16:45:00+00:00,9.8098,9.83,9.68,9.75,228224.0,risk_rising,weak,neutral,0.14173228346456676,hold,hold,0,0,
5155,2025-11-07 17:00:00+00:00,9.742,9.76,9.53,9.61,371672.0,risk_rising,weak,neutral,0.06299212598425195,hold,hold,0,0,
5156,2025-11-07 17:15:00+00:00,9.62,9.8,9.57,9.8,157161.0,risk_rising,weak,neutral,0.21259842519685124,hold,hold,0,0,
5157,2025-11-07 17:30:00+00:00,9.8,10.11,9.79,9.95,351365.0,risk_rising,weak,neutral,0.3307086614173224,hold,hold,0,0,
5158,2025-11-07 17:45:00+00:00,9.95,9.96,9.76,9.8704,117604.0,risk_rising,weak,neutral,0.26803149606299237,hold,hold,0,0,
5159,2025-11-07 18:00:00+00:00,9.88,10.0142,9.83,10.0142,117576.0,range_neutral,weak,neutral,0.4247368421052641,hold,hold,0,0,
5160,2025-11-07 18:15:00+00:00,10.02,10.03,9.93,10.0,109830.0,risk_rising,weak,neutral,0.44339622641509474,hold,hold,0,0,
5161,2025-11-07 18:30:00+00:00,9.99,10.06,9.9635,10.0,100014.0,range_neutral,weak,neutral,0.5402298850574714,hold,hold,0,0,
5162,2025-11-07 18:45:00+00:00,9.995,10.22,9.97,10.1992,152282.0,range_distribution,weak,neutral,0.8470886075949358,hold,hold,0,0,
5163,2025-11-07 19:00:00+00:00,10.1855,10.49,10.06,10.39,307774.0,pullback,weak,neutral,0.8958333333333338,buy,hold,0,0,
5164,2025-11-07 19:15:00+00:00,10.37,10.8599,10.37,10.8401,575087.0,pullback,weak,neutral,0.9851116625310173,hold,hold,0,0,
5165,2025-11-07 19:30:00+00:00,10.85,10.9,10.75,10.81,451207.0,pullback,weak,neutral,0.9343065693430659,hold,hold,0,0,
5166,2025-11-07 19:45:00+00:00,10.815,10.98,10.77,10.845,303151.0,pullback,weak,neutral,0.9068965517241382,hold,hold,0,0,
5167,2025-11-07 20:00:00+00:00,10.85,11.0,10.81,10.83,363297.0,pullback,weak,neutral,0.8843537414965987,hold,hold,0,0,
5168,2025-11-07 20:15:00+00:00,10.84,10.87,10.61,10.666,422006.0,pullback,weak,neutral,0.7727891156462589,hold,hold,0,0,
5169,2025-11-07 20:30:00+00:00,10.66,10.7,10.5,10.615,414447.0,pullback,weak,neutral,0.7380952380952384,hold,hold,0,0,
5170,2025-11-07 20:45:00+00:00,10.615,10.69,10.56,10.64,227077.0,pullback,weak,neutral,0.755102040816327,hold,hold,0,0,
5171,2025-11-07 21:00:00+00:00,10.65,10.93,10.61,10.76,832833.0,pullback,weak,neutral,0.836734693877551,hold,hold,0,0,
5172,2025-11-10 14:30:00+00:00,11.3,11.3,10.9,10.93,383247.0,pullback,weak,risk_on,0.7909604519774007,hold,hold,0,0,
5173,2025-11-10 14:45:00+00:00,10.935,11.4,10.86,11.27,1102964.0,pullback,weak,risk_on,0.9304812834224595,hold,hold,0,0,
5174,2025-11-10 15:00:00+00:00,11.2896,11.66,11.16,11.469,795668.0,pullback,weak,risk_on,0.9103286384976522,hold,hold,0,0,
5175,2025-11-10 15:15:00+00:00,11.46,11.58,11.16,11.16,1151073.0,pullback,weak,risk_on,0.7607655502392344,hold,hold,0,0,
5176,2025-11-10 15:30:00+00:00,11.17,11.38,11.03,11.0753,465883.0,pullback,weak,risk_on,0.692263157894737,hold,hold,0,0,
5177,2025-11-10 15:45:00+00:00,11.0601,11.1399,10.93,11.02,349156.0,pullback,weak,risk_on,0.6631578947368418,hold,hold,0,0,
5178,2025-11-10 16:00:00+00:00,11.0296,11.045,10.81,10.8101,268377.0,pullback,weak,risk_on,0.5355737704918033,hold,hold,0,0,
5179,2025-11-10 16:15:00+00:00,10.81,10.88,10.75,10.775,259347.0,pullback,weak,risk_on,0.48843930635838173,hold,hold,0,0,
5180,2025-11-10 16:30:00+00:00,10.78,10.802,10.55,10.6,329629.0,trend_late,weak,risk_on,0.3751842027704095,reduce,hold,0,0,
5181,2025-11-10 16:45:00+00:00,10.611,10.738,10.57,10.725,226631.0,trend_late,weak,risk_on,0.4467455621301771,hold,hold,0,0,
5182,2025-11-10 17:00:00+00:00,10.72,10.88,10.66,10.8395,220231.0,trend_late,weak,risk_on,0.48718749999999933,hold,hold,0,0,
5183,2025-11-10 17:15:00+00:00,10.83,10.94,10.82,10.905,196712.0,trend_late,weak,risk_on,0.41472868217054243,hold,hold,0,0,
5184,2025-11-10 17:30:00+00:00,10.905,10.9217,10.75,10.9,271399.0,risk_rising,weak,risk_on,0.3448275862068968,hold,hold,0,0,
5185,2025-11-10 17:45:00+00:00,10.9,11.07,10.9,10.995,155553.0,risk_rising,weak,risk_on,0.42672413793103375,hold,hold,0,0,
5186,2025-11-10 18:00:00+00:00,10.995,11.0,10.88,10.92,109910.0,risk_rising,weak,risk_on,0.36206896551724127,hold,hold,0,0,
5187,2025-11-10 18:15:00+00:00,10.92,10.95,10.74,10.7501,171180.0,risk_rising,weak,risk_on,0.21560344827586184,hold,hold,0,0,
5188,2025-11-10 18:30:00+00:00,10.77,10.7799,10.65,10.67,147242.0,risk_rising,weak,risk_on,0.14655172413793097,hold,hold,0,0,
5189,2025-11-10 18:45:00+00:00,10.685,10.7,10.62,10.66,172070.0,risk_rising,weak,risk_on,0.09909909909909864,hold,hold,0,0,
5190,2025-11-10 19:00:00+00:00,10.655,10.71,10.6,10.63,193963.0,range_accumulation,weak,risk_on,0.07207207207207217,hold,hold,0,0,
5191,2025-11-10 19:15:00+00:00,10.6201,10.7214,10.59,10.6666,151602.0,risk_rising,weak,risk_on,0.10504504504504514,hold,hold,0,0,
5192,2025-11-10 19:30:00+00:00,10.65,10.665,10.57,10.62,168376.0,risk_rising,weak,risk_on,0.06306306306306175,hold,hold,0,0,
5193,2025-11-10 19:45:00+00:00,10.615,10.65,10.59,10.615,106976.0,risk_rising,weak,risk_on,0.05855855855855814,hold,hold,0,0,
5194,2025-11-10 20:00:00+00:00,10.615,10.65,10.57,10.585,134610.0,risk_rising,weak,risk_on,0.033980582524272,hold,hold,0,0,
5195,2025-11-10 20:15:00+00:00,10.5871,10.59,10.42,10.42,597612.0,risk_rising,weak,risk_on,0.0,hold,hold,0,0,
5196,2025-11-10 20:30:00+00:00,10.43,10.46,10.36,10.43,256797.0,risk_rising,weak,risk_on,0.08975509680728319,hold,hold,0,0,
5197,2025-11-10 20:45:00+00:00,10.43,10.47,10.41,10.4207,172671.0,risk_rising,weak,risk_on,0.08549295774647968,hold,hold,0,0,
5198,2025-11-10 21:00:00+00:00,10.425,10.465,10.2201,10.3,875000.0,risk_rising,weak,risk_on,0.09401106012472092,hold,hold,0,0,
5199,2025-11-11 14:30:00+00:00,10.39,10.39,10.06,10.06,134687.0,risk_rising,weak,neutral,0.0,hold,hold,0,0,
5200,2025-11-11 14:45:00+00:00,10.115,10.355,9.94,10.33,444479.0,risk_rising,weak,neutral,0.3451327433628321,hold,hold,0,0,
5201,2025-11-11 15:00:00+00:00,10.33,10.526,10.175,10.48,290841.0,risk_rising,weak,neutral,0.47787610619469073,hold,hold,0,0,
5202,2025-11-11 15:15:00+00:00,10.5,10.5,10.23,10.23,209661.0,risk_rising,weak,neutral,0.25663716814159354,hold,hold,0,0,
5203,2025-11-11 15:30:00+00:00,10.23,10.25,10.12,10.14,154170.0,risk_rising,weak,neutral,0.1769911504424787,hold,hold,0,0,
5204,2025-11-11 15:45:00+00:00,10.141,10.3195,10.13,10.245,117123.0,risk_rising,weak,neutral,0.26991150442477835,hold,hold,0,0,
5205,2025-11-11 16:00:00+00:00,10.25,10.27,10.11,10.2094,75482.0,risk_rising,weak,neutral,0.25415094339622724,hold,hold,0,0,
5206,2025-11-11 16:15:00+00:00,10.1939,10.27,10.15,10.255,46808.0,risk_rising,weak,neutral,0.3118811881188132,hold,hold,0,0,
5207,2025-11-11 16:30:00+00:00,10.2587,10.34,10.21,10.215,84699.0,risk_rising,weak,neutral,0.3274199309441604,hold,hold,0,0,
5208,2025-11-11 16:45:00+00:00,10.21,10.26,10.16,10.245,51073.0,risk_rising,weak,neutral,0.39032505758894276,hold,hold,0,0,
5209,2025-11-11 17:00:00+00:00,10.245,10.33,10.24,10.285,39792.0,range_neutral,weak,neutral,0.4415152290760184,hold,hold,0,0,
5210,2025-11-11 17:15:00+00:00,10.28,10.3,10.15,10.2,59447.0,risk_rising,weak,neutral,0.332736114665984,hold,hold,0,0,
5211,2025-11-11 17:30:00+00:00,10.2,10.2034,10.12,10.15,82227.0,risk_rising,weak,neutral,0.2896551724137944,hold,hold,0,0,
5212,2025-11-11 17:45:00+00:00,10.145,10.1896,10.09,10.1,74064.0,risk_rising,weak,neutral,0.22535211267605626,hold,hold,0,0,
5213,2025-11-11 18:00:00+00:00,10.1,10.1,10.04,10.075,108004.0,risk_rising,weak,neutral,0.190140845070422,hold,hold,0,0,
5214,2025-11-11 18:15:00+00:00,10.08,10.14,10.01,10.04,76744.0,risk_rising,weak,neutral,0.15384615384615322,hold,hold,0,0,
5215,2025-11-11 18:30:00+00:00,10.045,10.1491,10.045,10.13,85693.0,risk_rising,weak,neutral,0.3242320819112648,hold,hold,0,0,
5216,2025-11-11 18:45:00+00:00,10.14,10.185,10.03,10.1095,54452.0,risk_rising,weak,neutral,0.2892491467576809,hold,hold,0,0,
5217,2025-11-11 19:00:00+00:00,10.11,10.2196,10.09,10.19,58081.0,risk_rising,weak,neutral,0.4266211604095561,hold,hold,0,0,
5218,2025-11-11 19:15:00+00:00,10.16,10.21,10.1213,10.1765,51392.0,risk_rising,weak,neutral,0.4035836177474422,hold,hold,0,0,
5219,2025-11-11 19:30:00+00:00,10.19,10.19,10.08,10.13,33598.0,risk_rising,weak,neutral,0.3242320819112648,hold,hold,0,0,
5220,2025-11-11 19:45:00+00:00,10.12,10.13,10.0282,10.0282,43014.0,risk_rising,weak,neutral,0.035271317829457784,hold,hold,0,0,
5221,2025-11-11 20:00:00+00:00,10.0287,10.0799,10.0201,10.04,65168.0,risk_rising,weak,neutral,0.061224489795917034,hold,hold,0,0,
5222,2025-11-11 20:15:00+00:00,10.05,10.0997,10.03,10.065,26857.0,risk_rising,weak,neutral,0.16666666666666577,hold,hold,0,0,
5223,2025-11-11 20:30:00+00:00,10.06,10.06,9.9,9.92,252054.0,risk_rising,weak,neutral,0.04545454545454454,hold,hold,0,0,
5224,2025-11-11 20:45:00+00:00,9.91,9.99,9.9096,9.94,131077.0,risk_rising,weak,neutral,0.09090909090908908,hold,hold,0,0,
5225,2025-11-11 21:00:00+00:00,9.93,9.95,9.75,9.775,467612.0,risk_rising,weak,neutral,0.04237288135593282,hold,hold,0,0,
5226,2025-11-12 14:30:00+00:00,9.99,10.1,9.99,10.06,72855.0,risk_rising,weak,neutral,0.5254237288135603,hold,hold,0,0,
5227,2025-11-12 14:45:00+00:00,10.06,10.24,9.96,10.08,400472.0,risk_rising,weak,neutral,0.5689655172413793,hold,hold,0,0,
5228,2025-11-12 15:00:00+00:00,10.08,10.34,10.05,10.3,393366.0,range_distribution,weak,neutral,0.9322033898305099,hold,hold,0,0,
5229,2025-11-12 15:15:00+00:00,10.3,10.44,10.06,10.075,588796.0,risk_rising,weak,neutral,0.4710144927536225,hold,hold,0,0,
5230,2025-11-12 15:30:00+00:00,10.08,10.29,9.92,9.945,451202.0,risk_rising,weak,neutral,0.2826086956521745,hold,hold,0,0,
5231,2025-11-12 15:45:00+00:00,9.965,9.965,9.61,9.7,792751.0,risk_rising,weak,neutral,0.10843373493975886,hold,hold,0,0,
5232,2025-11-12 16:00:00+00:00,9.69,9.7,9.325,9.446,667278.0,risk_rising,weak,neutral,0.10852017937219768,hold,hold,0,0,
5233,2025-11-12 16:15:00+00:00,9.44,9.47,9.29,9.32,327912.0,risk_rising,weak,neutral,0.02608695652174011,hold,hold,0,0,
5234,2025-11-12 16:30:00+00:00,9.32,9.525,9.269,9.5,191272.0,risk_rising,weak,neutral,0.19726729291204098,hold,hold,0,0,
5235,2025-11-12 16:45:00+00:00,9.515,9.6,9.39,9.42,187551.0,risk_rising,weak,neutral,0.12894961571306565,hold,hold,0,0,
5236,2025-11-12 17:00:00+00:00,9.42,9.45,9.33,9.4049,50522.0,risk_rising,weak,neutral,0.11605465414175879,hold,hold,0,0,
5237,2025-11-12 17:15:00+00:00,9.408,9.4399,9.32,9.355,110763.0,risk_rising,weak,neutral,0.07344150298889868,hold,hold,0,0,
5238,2025-11-12 17:30:00+00:00,9.358,9.3714,9.3,9.3504,166514.0,risk_rising,weak,neutral,0.06951323654995764,hold,hold,0,0,
5239,2025-11-12 17:45:00+00:00,9.345,9.63,9.31,9.54,148744.0,risk_rising,weak,neutral,0.23142613151152788,hold,hold,0,0,
5240,2025-11-12 18:00:00+00:00,9.54,9.5455,9.36,9.5455,55750.0,risk_rising,weak,neutral,0.23612297181895864,hold,hold,0,0,
5241,2025-11-12 18:15:00+00:00,9.54,9.565,9.47,9.5501,72190.0,risk_rising,weak,neutral,0.24005123825789965,hold,hold,0,0,
5242,2025-11-12 18:30:00+00:00,9.5503,9.59,9.46,9.48,38405.0,range_accumulation,weak,neutral,0.18018787361229754,hold,hold,0,0,
5243,2025-11-12 18:45:00+00:00,9.5,9.555,9.47,9.47,63808.0,range_accumulation,weak,neutral,0.1716481639624258,hold,hold,0,0,
5244,2025-11-12 19:00:00+00:00,9.4691,9.64,9.4691,9.56,63211.0,range_accumulation,weak,neutral,0.24850555081127287,hold,hold,0,0,
5245,2025-11-12 19:15:00+00:00,9.5521,9.61,9.54,9.582,61668.0,range_accumulation,weak,neutral,0.26729291204099126,hold,hold,0,0,
5246,2025-11-12 19:30:00+00:00,9.59,9.624,9.51,9.565,42493.0,range_accumulation,weak,neutral,0.252775405636208,hold,hold,0,0,
5247,2025-11-12 19:45:00+00:00,9.57,9.59,9.4501,9.53,41906.0,range_accumulation,weak,neutral,0.22288642186165616,hold,hold,0,0,
5248,2025-11-12 20:00:00+00:00,9.53,9.58,9.5006,9.54,53336.0,range_accumulation,weak,neutral,0.23142613151152788,hold,hold,0,0,
5249,2025-11-12 20:15:00+00:00,9.55,9.57,9.49,9.53,54585.0,trend_late,weak,neutral,0.2556317335945147,hold,hold,0,0,
5250,2025-11-12 20:30:00+00:00,9.52,9.69,9.52,9.62,93753.0,pullback,weak,neutral,0.5043103448275851,buy,buy,200,200,9.62
5251,2025-11-12 20:45:00+00:00,9.62,9.675,9.6,9.64,92828.0,pullback,weak,neutral,0.8607888631090514,hold,hold,0,200,
5252,2025-11-12 21:00:00+00:00,9.63,9.72,9.6,9.715,267222.0,pullback,weak,neutral,0.9889135254988897,hold,hold,0,200,
5253,2025-11-13 14:30:00+00:00,9.68,9.69,9.5,9.525,92953.0,pullback,weak,risk_off,0.5676274944567626,avoid,avoid,0,200,
5254,2025-11-13 14:45:00+00:00,9.525,9.85,9.5,9.795,618276.0,pullback,weak,risk_off,0.9000000000000004,hold,hold,0,200,
5255,2025-11-13 15:00:00+00:00,9.815,10.1,9.75,9.8094,559148.0,pullback,weak,risk_off,0.6367500000000001,hold,hold,0,200,
5256,2025-11-13 15:15:00+00:00,9.8,10.1,9.68,10.1,560400.0,pullback,weak,risk_off,1.0,hold,hold,0,200,
5257,2025-11-13 15:30:00+00:00,10.08,10.17,9.65,9.73,388758.0,pullback,weak,risk_off,0.4942528735632185,hold,hold,0,200,
5258,2025-11-13 15:45:00+00:00,9.73,9.79,9.51,9.5295,217760.0,trend_late,weak,risk_off,0.2552325581395351,sell,sell,-200,0,9.5295
5259,2025-11-13 16:00:00+00:00,9.5314,9.54,9.44,9.52,475979.0,trend_late,weak,risk_off,0.1975308641975309,hold,hold,0,0,
5260,2025-11-13 16:15:00+00:00,9.5,9.51,9.3,9.3135,259194.0,trend_late,weak,risk_off,0.015517241379308905,hold,hold,0,0,
5261,2025-11-13 16:30:00+00:00,9.315,9.32,9.21,9.24,209652.0,trend_late,weak,risk_off,0.031249999999999365,hold,hold,0,0,
5262,2025-11-13 16:45:00+00:00,9.24,9.29,9.12,9.13,224236.0,risk_rising,weak,risk_off,0.009523809523811006,reduce,hold,0,0,
5263,2025-11-13 17:00:00+00:00,9.16,9.19,9.09,9.145,275333.0,risk_rising,weak,risk_off,0.05092592592592566,hold,hold,0,0,
5264,2025-11-13 17:15:00+00:00,9.14,9.21,9.13,9.18,74529.0,risk_rising,weak,risk_off,0.08333333333333319,hold,hold,0,0,
5265,2025-11-13 17:30:00+00:00,9.185,9.27,9.17,9.26,63298.0,risk_rising,weak,risk_off,0.15740740740740733,hold,hold,0,0,
5266,2025-11-13 17:45:00+00:00,9.26,9.3092,9.11,9.11,90862.0,risk_rising,weak,risk_off,0.018518518518518122,hold,hold,0,0,
5267,2025-11-13 18:00:00+00:00,9.11,9.15,9.07,9.12,165039.0,risk_rising,weak,risk_off,0.0454545454545445,hold,hold,0,0,
5268,2025-11-13 18:15:00+00:00,9.11,9.12,9.01,9.01,117773.0,risk_rising,weak,risk_off,0.0,hold,hold,0,0,
5269,2025-11-13 18:30:00+00:00,9.015,9.085,8.95,8.9655,458448.0,risk_rising,weak,risk_off,0.012704918032787846,hold,hold,0,0,
5270,2025-11-13 18:45:00+00:00,8.97,8.99,8.89,8.965,185829.0,risk_rising,weak,risk_off,0.05859374999999947,hold,hold,0,0,
5271,2025-11-13 19:00:00+00:00,8.95,8.9655,8.89,8.91,215913.0,risk_rising,weak,risk_off,0.015624999999999674,hold,hold,0,0,
5272,2025-11-13 19:15:00+00:00,8.915,8.94,8.83,8.85,225089.0,risk_rising,weak,risk_off,0.014925373134328042,hold,hold,0,0,
5273,2025-11-13 19:30:00+00:00,8.85,8.95,8.85,8.88,185216.0,risk_rising,weak,risk_off,0.037313432835821427,hold,hold,0,0,
5274,2025-11-13 19:45:00+00:00,8.88,8.92,8.8,8.8606,127529.0,risk_rising,weak,risk_off,0.04423357664233513,hold,hold,0,0,
5275,2025-11-13 20:00:00+00:00,8.86,8.86,8.77,8.84,201726.0,risk_rising,weak,risk_off,0.05000000000000019,hold,hold,0,0,
5276,2025-11-13 20:15:00+00:00,8.835,8.85,8.76,8.78,183653.0,risk_rising,weak,risk_off,0.014184397163120263,hold,hold,0,0,
5277,2025-11-13 20:30:00+00:00,8.78,8.92,8.732,8.89,178382.0,risk_rising,weak,risk_off,0.14933837429111652,hold,hold,0,0,
5278,2025-11-13 20:45:00+00:00,8.8977,8.9199,8.85,8.87,176461.0,risk_rising,weak,risk_off,0.1707920792079207,hold,hold,0,0,
5279,2025-11-13 21:00:00+00:00,8.87,8.8926,8.8125,8.85,353321.0,risk_rising,weak,risk_off,0.15167095115681267,hold,hold,0,0,
5280,2025-11-14 14:30:00+00:00,8.4,8.738,8.39,8.582,348803.0,risk_rising,weak,risk_off,0.20645161290322606,hold,hold,0,0,
5281,2025-11-14 14:45:00+00:00,8.58,8.71,8.305,8.61,658310.0,risk_rising,weak,risk_off,0.30372435769766926,hold,hold,0,0,
5282,2025-11-14 15:00:00+00:00,8.6199,8.86,8.61,8.715,463082.0,risk_rising,weak,risk_off,0.40828520215096575,hold,hold,0,0,
5283,2025-11-14 15:15:00+00:00,8.73,8.74,8.57,8.73,460777.0,risk_rising,weak,risk_off,0.42322246564429433,hold,hold,0,0,
5284,2025-11-14 15:30:00+00:00,8.74,8.93,8.68,8.896,177856.0,range_neutral,weak,risk_off,0.5885281816371246,avoid,avoid,0,0,
5285,2025-11-14 15:45:00+00:00,8.8819,9.05,8.83,9.045,294941.0,range_distribution,weak,risk_off,0.736904999004182,sell,hold,0,0,
5286,2025-11-14 16:00:00+00:00,9.04,9.1955,9.04,9.15,348331.0,range_distribution,weak,risk_off,0.9489051094890525,hold,hold,0,0,
5287,2025-11-14 16:15:00+00:00,9.15,9.23,9.06,9.22,280880.0,range_distribution,weak,risk_off,0.9891891891891894,hold,hold,0,0,
5288,2025-11-14 16:30:00+00:00,9.2299,9.35,9.1501,9.32,273948.0,pullback,weak,risk_off,0.9712918660287088,avoid,avoid,0,0,
5289,2025-11-14 16:45:00+00:00,9.33,9.335,9.1316,9.1401,138128.0,pullback,weak,risk_off,0.7991387559808619,hold,hold,0,0,
5290,2025-11-14 17:00:00+00:00,9.1401,9.15,8.9801,9.05,167255.0,pullback,weak,risk_off,0.7129186602870824,hold,hold,0,0,
5291,2025-11-14 17:15:00+00:00,9.06,9.09,8.98,8.99,98641.0,pullback,weak,risk_off,0.6555023923444981,hold,hold,0,0,
5292,2025-11-14 17:30:00+00:00,9.0,9.02,8.9,8.925,140760.0,pullback,weak,risk_off,0.5933014354066996,hold,hold,0,0,
5293,2025-11-14 17:45:00+00:00,8.925,9.02,8.9013,8.97,112982.0,pullback,weak,risk_off,0.6363636363636372,hold,hold,0,0,
5294,2025-11-14 18:00:00+00:00,8.9699,8.985,8.87,8.92,64809.0,pullback,weak,risk_off,0.5885167464114835,hold,hold,0,0,
5295,2025-11-14 18:15:00+00:00,8.91,9.155,8.84,8.99,216127.0,trend_late,weak,risk_off,0.6555023923444981,sell,hold,0,0,
5296,2025-11-14 18:30:00+00:00,8.99,9.005,8.91,8.965,55036.0,trend_late,weak,risk_off,0.6315789473684212,hold,hold,0,0,
5297,2025-11-14 18:45:00+00:00,8.97,8.9844,8.89,8.94,68421.0,trend_late,weak,risk_off,0.6076555023923443,hold,hold,0,0,
5298,2025-11-14 19:00:00+00:00,8.94,9.11,8.9,9.045,103115.0,trend_late,weak,risk_off,0.7081339712918663,hold,hold,0,0,
5299,2025-11-14 19:15:00+00:00,9.045,9.08,8.955,9.08,73813.0,trend_late,weak,risk_off,0.7416267942583736,hold,hold,0,0,
5300,2025-11-14 19:30:00+00:00,9.0801,9.14,9.03,9.08,119354.0,pullback,weak,risk_off,0.7416267942583736,avoid,avoid,0,0,
5301,2025-11-14 19:45:00+00:00,9.08,9.0823,9.035,9.06,43307.0,range_neutral,weak,risk_off,0.628205128205129,hold,hold,0,0,
5302,2025-11-14 20:00:00+00:00,9.06,9.13,9.06,9.115,57358.0,range_distribution,weak,risk_off,0.6987179487179492,sell,hold,0,0,
5303,2025-11-14 20:15:00+00:00,9.11,9.135,8.9701,9.0007,72404.0,range_neutral,weak,risk_off,0.47865671641791113,avoid,avoid,0,0,
5304,2025-11-14 20:30:00+00:00,9.01,9.05,8.93,8.97,72969.0,range_accumulation,weak,risk_off,0.26923076923077055,hold,hold,0,0,
5305,2025-11-14 20:45:00+00:00,8.97,8.975,8.85,8.905,161858.0,risk_rising,weak,risk_off,0.12745098039215594,reduce,hold,0,0,
5306,2025-11-14 21:00:00+00:00,8.9084,9.125,8.89,9.09,390198.0,range_neutral,weak,risk_off,0.49019607843137275,avoid,avoid,0,0,
5307,2025-11-17 14:30:00+00:00,8.925,8.925,8.66,8.66,138973.0,risk_rising,weak,risk_off,0.0,reduce,hold,0,0,
5308,2025-11-17 14:45:00+00:00,8.66,8.855,8.53,8.68,637974.0,risk_rising,weak,risk_off,0.18633540372670818,hold,hold,0,0,
5309,2025-11-17 15:00:00+00:00,8.685,8.72,8.46,8.47,545346.0,risk_rising,weak,risk_off,0.014388489208632818,hold,hold,0,0,
5310,2025-11-17 15:15:00+00:00,8.4705,8.6,8.4,8.445,363242.0,risk_rising,weak,risk_off,0.0596026490066225,hold,hold,0,0,
5311,2025-11-17 15:30:00+00:00,8.4502,8.52,8.39,8.45,248802.0,risk_rising,weak,risk_off,0.07843137254901807,hold,hold,0,0,
5312,2025-11-17 15:45:00+00:00,8.45,8.45,8.19,8.3307,350655.0,risk_rising,weak,risk_off,0.14580310880829092,hold,hold,0,0,
5313,2025-11-17 16:00:00+00:00,8.335,8.35,8.275,8.3097,124488.0,risk_rising,weak,risk_off,0.12404145077720201,hold,hold,0,0,
5314,2025-11-17 16:15:00+00:00,8.305,8.3186,8.22,8.22,204909.0,risk_rising,weak,risk_off,0.031088082901555587,hold,hold,0,0,
5315,2025-11-17 16:30:00+00:00,8.2199,8.4214,8.21,8.405,139740.0,risk_rising,weak,risk_off,0.2263157894736838,hold,hold,0,0,
5316,2025-11-17 16:45:00+00:00,8.4,8.46,8.4,8.452,79100.0,risk_rising,weak,risk_off,0.2757894736842107,hold,hold,0,0,
5317,2025-11-17 17:00:00+00:00,8.455,8.455,8.4001,8.4313,45442.0,risk_rising,weak,risk_off,0.2540000000000005,hold,hold,0,0,
5318,2025-11-17 17:15:00+00:00,8.43,8.45,8.4,8.43,99434.0,risk_rising,weak,risk_off,0.2526315789473684,hold,hold,0,0,
5319,2025-11-17 17:30:00+00:00,8.44,8.47,8.325,8.4115,161651.0,risk_rising,weak,risk_off,0.23315789473684256,hold,hold,0,0,
5320,2025-11-17 17:45:00+00:00,8.415,8.415,8.32,8.34,51586.0,risk_rising,weak,risk_off,0.15873015873015905,hold,hold,0,0,
5321,2025-11-17 18:00:00+00:00,8.34,8.375,8.3201,8.335,44953.0,risk_rising,weak,risk_off,0.15343915343915482,hold,hold,0,0,
5322,2025-11-17 18:15:00+00:00,8.33,8.33,8.3,8.3,90319.0,risk_rising,weak,risk_off,0.11640211640211764,hold,hold,0,0,
5323,2025-11-17 18:30:00+00:00,8.3,8.31,8.25,8.275,117477.0,risk_rising,weak,risk_off,0.09090909090909177,hold,hold,0,0,
5324,2025-11-17 18:45:00+00:00,8.275,8.29,8.25,8.28,109365.0,range_accumulation,weak,risk_off,0.09625668449197841,avoid,avoid,0,0,
5325,2025-11-17 19:00:00+00:00,8.285,8.295,8.25,8.25,106415.0,risk_rising,weak,risk_off,0.0641711229946529,reduce,hold,0,0,
5326,2025-11-17 19:15:00+00:00,8.25,8.255,8.0,8.09,958799.0,risk_rising,weak,risk_off,0.09729729729729707,hold,hold,0,0,
5327,2025-11-17 19:30:00+00:00,8.09,8.11,8.03,8.07,159487.0,risk_rising,weak,risk_off,0.08187134502924005,hold,hold,0,0,
5328,2025-11-17 19:45:00+00:00,8.06,8.06,7.98,8.025,362916.0,risk_rising,weak,risk_off,0.060810810810810696,hold,hold,0,0,
5329,2025-11-17 20:00:00+00:00,8.025,8.12,7.99,8.0399,220510.0,risk_rising,weak,risk_off,0.09661290322580489,hold,hold,0,0,
5330,2025-11-17 20:15:00+00:00,8.04,8.09,7.985,8.06,165793.0,risk_rising,weak,risk_off,0.1481481481481485,hold,hold,0,0,
5331,2025-11-17 20:30:00+00:00,8.07,8.1,8.03,8.095,139286.0,risk_rising,weak,risk_off,0.23469387755102075,hold,hold,0,0,
5332,2025-11-17 20:45:00+00:00,8.0956,8.145,8.035,8.135,170156.0,risk_rising,weak,risk_off,0.3163265306122435,hold,hold,0,0,
5333,2025-11-17 21:00:00+00:00,8.14,8.29,8.1376,8.285,370067.0,range_neutral,weak,risk_off,0.6224489795918359,avoid,avoid,0,0,
5334,2025-11-18 14:30:00+00:00,8.07,8.3,8.05,8.225,167545.0,risk_rising,weak,risk_off,0.49999999999999817,reduce,hold,0,0,
5335,2025-11-18 14:45:00+00:00,8.205,8.44,8.14,8.39,318313.0,range_distribution,weak,risk_off,0.836734693877551,sell,hold,0,0,
5336,2025-11-18 15:00:00+00:00,8.4,8.45,8.26,8.4299,285723.0,range_distribution,weak,risk_off,0.918163265306121,hold,hold,0,0,
5337,2025-11-18 15:15:00+00:00,8.41,8.42,8.1132,8.26,467009.0,range_neutral,weak,risk_off,0.5714285714285698,avoid,avoid,0,0,
5338,2025-11-18 15:30:00+00:00,8.26,8.56,8.23,8.45,314409.0,range_distribution,weak,risk_off,0.8103448275862049,sell,hold,0,0,
5339,2025-11-18 15:45:00+00:00,8.44,8.45,8.29,8.35,176939.0,pullback,weak,risk_off,0.6379310344827572,avoid,avoid,0,0,
5340,2025-11-18 16:00:00+00:00,8.35,8.39,8.25,8.27,97589.0,pullback,weak,risk_off,0.49999999999999845,hold,hold,0,0,
5341,2025-11-18 16:15:00+00:00,8.281,8.39,8.19,8.315,87880.0,pullback,weak,risk_off,0.57758620689655,hold,hold,0,0,
5342,2025-11-18 16:30:00+00:00,8.3,8.44,8.2884,8.415,116032.0,pullback,weak,risk_off,0.7499999999999977,hold,hold,0,0,
5343,2025-11-18 16:45:00+00:00,8.42,8.48,8.3535,8.4,103827.0,pullback,weak,risk_off,0.7241379310344825,hold,hold,0,0,
5344,2025-11-18 17:00:00+00:00,8.39,8.4,8.329,8.36,36115.0,pullback,weak,risk_off,0.6551724137931016,hold,hold,0,0,
5345,2025-11-18 17:15:00+00:00,8.36,8.3899,8.29,8.31,79594.0,trend_late,weak,risk_off,0.5689655172413793,sell,hold,0,0,
5346,2025-11-18 17:30:00+00:00,8.305,8.36,8.22,8.24,52728.0,trend_late,weak,risk_off,0.4482758620689651,hold,hold,0,0,
5347,2025-11-18 17:45:00+00:00,8.235,8.405,8.225,8.375,71045.0,pullback,weak,risk_off,0.6810344827586199,avoid,avoid,0,0,
5348,2025-11-18 18:00:00+00:00,8.3899,8.63,8.375,8.615,232680.0,pullback,weak,risk_off,0.9767441860465108,hold,hold,0,0,
5349,2025-11-18 18:15:00+00:00,8.615,8.66,8.56,8.655,73881.0,pullback,weak,risk_off,0.9925925925925915,hold,hold,0,0,
5350,2025-11-18 18:30:00+00:00,8.655,8.68,8.5836,8.6,107348.0,pullback,weak,risk_off,0.8769230769230769,hold,hold,0,0,
5351,2025-11-18 18:45:00+00:00,8.59,8.6495,8.51,8.625,107773.0,pullback,weak,risk_off,0.914728682170543,hold,hold,0,0,
5352,2025-11-18 19:00:00+00:00,8.63,8.65,8.55,8.61,88045.0,pullback,weak,risk_off,0.8888888888888883,hold,hold,0,0,
5353,2025-11-18 19:15:00+00:00,8.612,8.64,8.57,8.57,77031.0,pullback,weak,risk_off,0.825396825396826,hold,hold,0,0,
5354,2025-11-18 19:30:00+00:00,8.57,8.59,8.51,8.575,67764.0,pullback,weak,risk_off,0.8147494707127724,hold,hold,0,0,
5355,2025-11-18 19:45:00+00:00,8.57,8.66,8.51,8.53,125580.0,pullback,weak,risk_off,0.7353563867325323,hold,hold,0,0,
5356,2025-11-18 20:00:00+00:00,8.53,8.58,8.47,8.545,88575.0,pullback,weak,risk_off,0.76182074805928,hold,hold,0,0,
5357,2025-11-18 20:15:00+00:00,8.54,8.54,8.45,8.5201,100874.0,pullback,weak,risk_off,0.6736734693877545,hold,hold,0,0,
5358,2025-11-18 20:30:00+00:00,8.53,8.56,8.45,8.475,56396.0,trend_late,weak,risk_off,0.5816326530612246,sell,hold,0,0,
5359,2025-11-18 20:45:00+00:00,8.475,8.475,8.33,8.365,90691.0,trend_late,weak,risk_off,0.3571428571428584,hold,hold,0,0,
5360,2025-11-18 21:00:00+00:00,8.37,8.415,8.275,8.275,247585.0,trend_late,weak,risk_off,0.1734693877551037,hold,hold,0,0,
5361,2025-11-19 14:30:00+00:00,8.41,8.5,8.29,8.315,127002.0,trend_late,weak,risk_off,0.20652173913043273,hold,hold,0,0,
5362,2025-11-19 14:45:00+00:00,8.3122,8.69,8.3,8.52,526311.0,risk_rising,weak,risk_off,0.6382978723404248,reduce,hold,0,0,
5363,2025-11-19 15:00:00+00:00,8.51,8.73,8.41,8.605,400708.0,range_distribution,weak,risk_off,0.7549019607843136,sell,hold,0,0,
5364,2025-11-19 15:15:00+00:00,8.5975,8.8499,8.5975,8.8399,364931.0,range_distribution,weak,risk_off,0.9841244642006671,hold,hold,0,0,
5365,2025-11-19 15:30:00+00:00,8.83,8.93,8.57,8.78,421219.0,range_distribution,weak,risk_off,0.7887323943661964,hold,hold,0,0,
5366,2025-11-19 15:45:00+00:00,8.7585,8.78,8.58,8.615,175821.0,range_neutral,weak,risk_off,0.5531914893617029,avoid,avoid,0,0,
5367,2025-11-19 16:00:00+00:00,8.62,8.62,8.335,8.425,250972.0,risk_rising,weak,risk_off,0.22900763358778703,reduce,hold,0,0,
5368,2025-11-19 16:15:00+00:00,8.42,8.52,8.42,8.4851,104990.0,range_accumulation,weak,risk_off,0.3207633587786245,avoid,avoid,0,0,
5369,2025-11-19 16:30:00+00:00,8.49,8.53,8.42,8.49,98631.0,range_accumulation,weak,risk_off,0.3282442748091604,hold,hold,0,0,
5370,2025-11-19 16:45:00+00:00,8.4801,8.4801,8.36,8.4,140539.0,pullback,weak,risk_off,0.19083969465648873,hold,hold,0,0,
5371,2025-11-19 17:00:00+00:00,8.42,8.4646,8.32,8.34,80972.0,pullback,weak,risk_off,0.09923664122137338,hold,hold,0,0,
5372,2025-11-19 17:15:00+00:00,8.33,8.34,8.1,8.128,206607.0,trend_late,weak,risk_off,0.03373493975903671,sell,hold,0,0,
5373,2025-11-19 17:30:00+00:00,8.13,8.23,8.11,8.135,98591.0,risk_rising,weak,risk_off,0.04216867469879535,reduce,hold,0,0,
5374,2025-11-19 17:45:00+00:00,8.14,8.26,8.02,8.205,125634.0,risk_rising,weak,risk_off,0.20329670329670382,hold,hold,0,0,
5375,2025-11-19 18:00:00+00:00,8.205,8.205,8.14,8.17,42775.0,risk_rising,weak,risk_off,0.1648351648351652,hold,hold,0,0,
5376,2025-11-19 18:15:00+00:00,8.1689,8.29,8.1581,8.2262,91946.0,risk_rising,weak,risk_off,0.22659340659340746,hold,hold,0,0,
5377,2025-11-19 18:30:00+00:00,8.23,8.23,8.09,8.13,50111.0,risk_rising,weak,risk_off,0.12087912087912218,hold,hold,0,0,
5378,2025-11-19 18:45:00+00:00,8.1344,8.205,8.08,8.09,74901.0,risk_rising,weak,risk_off,0.07692307692307722,hold,hold,0,0,
5379,2025-11-19 19:00:00+00:00,8.08,8.1691,8.06,8.095,74702.0,risk_rising,weak,risk_off,0.08241758241758358,hold,hold,0,0,
5380,2025-11-19 19:15:00+00:00,8.11,8.13,8.07,8.09,53565.0,risk_rising,weak,risk_off,0.07692307692307722,hold,hold,0,0,
5381,2025-11-19 19:30:00+00:00,8.09,8.11,8.0412,8.11,77490.0,risk_rising,weak,risk_off,0.09890109890109873,hold,hold,0,0,
5382,2025-11-19 19:45:00+00:00,8.105,8.111,8.025,8.09,142520.0,risk_rising,weak,risk_off,0.07692307692307722,hold,hold,0,0,
5383,2025-11-19 20:00:00+00:00,8.09,8.2037,8.07,8.1434,77404.0,range_accumulation,weak,risk_off,0.13560439560439577,avoid,avoid,0,0,
5384,2025-11-19 20:15:00+00:00,8.15,8.15,8.08,8.13,49034.0,risk_rising,weak,risk_off,0.12087912087912218,reduce,hold,0,0,
5385,2025-11-19 20:30:00+00:00,8.13,8.1691,8.08,8.14,82801.0,risk_rising,weak,risk_off,0.15789473684210661,hold,hold,0,0,
5386,2025-11-19 20:45:00+00:00,8.14,8.17,8.04,8.0585,87591.0,risk_rising,weak,risk_off,0.06416666666666815,hold,hold,0,0,
5387,2025-11-19 21:00:00+00:00,8.053,8.15,8.0388,8.06,311999.0,risk_rising,weak,risk_off,0.07843137254902145,hold,hold,0,0,
5388,2025-11-20 14:30:00+00:00,8.12,8.26,8.11,8.2503,110952.0,range_neutral,weak,risk_off,0.45156862745098003,avoid,avoid,0,0,
5389,2025-11-20 14:45:00+00:00,8.2352,8.47,8.16,8.17,432679.0,range_accumulation,weak,risk_off,0.3260160834601177,hold,hold,0,0,
5390,2025-11-20 15:00:00+00:00,8.1704,8.3099,8.15,8.215,196357.0,range_neutral,weak,risk_off,0.43333333333333296,hold,hold,0,0,
5391,2025-11-20 15:15:00+00:00,8.21,8.25,7.95,7.98,496980.0,risk_rising,weak,risk_off,0.05769230769230812,reduce,hold,0,0,
5392,2025-11-20 15:30:00+00:00,7.965,8.07,7.9,7.94,214978.0,risk_rising,weak,risk_off,0.07017543859649125,hold,hold,0,0,
5393,2025-11-20 15:45:00+00:00,7.94,7.9699,7.82,7.85,327310.0,risk_rising,weak,risk_off,0.04615384615384514,hold,hold,0,0,
5394,2025-11-20 16:00:00+00:00,7.87,7.88,7.74,7.76,461311.0,risk_rising,weak,risk_off,0.027397260273972,hold,hold,0,0,
5395,2025-11-20 16:15:00+00:00,7.77,7.8,7.58,7.58,250302.0,risk_rising,weak,risk_off,0.0,hold,hold,0,0,
5396,2025-11-20 16:30:00+00:00,7.58,7.6379,7.49,7.55,442304.0,risk_rising,weak,risk_off,0.06122448979591794,hold,hold,0,0,
5397,2025-11-20 16:45:00+00:00,7.55,7.55,7.38,7.44,354964.0,risk_rising,weak,risk_off,0.05504587155963345,hold,hold,0,0,
5398,2025-11-20 17:00:00+00:00,7.45,7.5,7.3,7.405,461913.0,risk_rising,weak,risk_off,0.08974358974359005,hold,hold,0,0,
5399,2025-11-20 17:15:00+00:00,7.405,7.45,7.33,7.3995,351726.0,risk_rising,weak,risk_off,0.08504273504273492,hold,hold,0,0,
5400,2025-11-20 17:30:00+00:00,7.38,7.42,7.29,7.32,370629.0,risk_rising,weak,risk_off,0.02542372881355952,hold,hold,0,0,
5401,2025-11-20 17:45:00+00:00,7.33,7.38,7.24,7.305,169018.0,risk_rising,weak,risk_off,0.05284552845528413,hold,hold,0,0,
5402,2025-11-20 18:00:00+00:00,7.3,7.383,7.272,7.369,87516.0,risk_rising,weak,risk_off,0.10487804878048741,hold,hold,0,0,
5403,2025-11-20 18:15:00+00:00,7.3687,7.54,7.3687,7.48,211781.0,risk_rising,weak,risk_off,0.1951219512195123,hold,hold,0,0,
5404,2025-11-20 18:30:00+00:00,7.4852,7.4852,7.37,7.44,111136.0,risk_rising,weak,risk_off,0.16260162601626024,hold,hold,0,0,
5405,2025-11-20 18:45:00+00:00,7.44,7.45,7.34,7.35,101517.0,risk_rising,weak,risk_off,0.08943089430894259,hold,hold,0,0,
5406,2025-11-20 19:00:00+00:00,7.35,7.39,7.26,7.3573,106247.0,risk_rising,weak,risk_off,0.0953658536585367,hold,hold,0,0,
5407,2025-11-20 19:15:00+00:00,7.35,7.35,7.26,7.306,113091.0,risk_rising,weak,risk_off,0.0536585365853657,hold,hold,0,0,
5408,2025-11-20 19:30:00+00:00,7.3,7.37,7.2801,7.305,85863.0,risk_rising,weak,risk_off,0.05284552845528413,hold,hold,0,0,
5409,2025-11-20 19:45:00+00:00,7.3001,7.35,7.28,7.32,77026.0,risk_rising,weak,risk_off,0.07477334330311247,hold,hold,0,0,
5410,2025-11-20 20:00:00+00:00,7.32,7.43,7.27,7.4099,88730.0,range_accumulation,weak,risk_off,0.16821782178217842,avoid,avoid,0,0,
5411,2025-11-20 20:15:00+00:00,7.41,7.415,7.28,7.32,151069.0,range_accumulation,weak,risk_off,0.09638554216867477,hold,hold,0,0,
5412,2025-11-20 20:30:00+00:00,7.315,7.36,7.2805,7.355,61617.0,risk_rising,weak,risk_off,0.15755582956569428,reduce,hold,0,0,
5413,2025-11-20 20:45:00+00:00,7.35,7.355,7.26,7.2903,143302.0,risk_rising,weak,risk_off,0.07859375000000006,hold,hold,0,0,
5414,2025-11-20 21:00:00+00:00,7.295,7.3,7.2,7.22,428058.0,risk_rising,weak,risk_off,0.033333333333332646,hold,hold,0,0,
5415,2025-11-21 14:30:00+00:00,7.14,7.23,7.06,7.2224,81891.0,risk_rising,weak,risk_off,0.2810174770721589,hold,hold,0,0,
5416,2025-11-21 14:45:00+00:00,7.2001,7.215,6.91,7.16,684089.0,risk_rising,weak,risk_off,0.3906250000000002,hold,hold,0,0,
5417,2025-11-21 15:00:00+00:00,7.16,7.325,7.15,7.25,245835.0,risk_rising,weak,risk_off,0.5396825396825395,hold,hold,0,0,
5418,2025-11-21 15:15:00+00:00,7.23,7.23,7.08,7.12,95826.0,risk_rising,weak,risk_off,0.3333333333333333,hold,hold,0,0,
5419,2025-11-21 15:30:00+00:00,7.12,7.18,7.03,7.08,162432.0,risk_rising,weak,risk_off,0.26984126984126977,hold,hold,0,0,
5420,2025-11-21 15:45:00+00:00,7.07,7.11,6.9201,7.11,241347.0,risk_rising,weak,risk_off,0.3174603174603178,hold,hold,0,0,
5421,2025-11-21 16:00:00+00:00,7.115,7.52,7.1,7.22,917559.0,risk_rising,weak,risk_off,0.49206349206349154,hold,hold,0,0,
5422,2025-11-21 16:15:00+00:00,7.21,7.27,7.145,7.2,229864.0,risk_rising,weak,risk_off,0.46031746031746046,hold,hold,0,0,
5423,2025-11-21 16:30:00+00:00,7.2001,7.2709,7.11,7.25,119874.0,risk_rising,weak,risk_off,0.5573770491803282,hold,hold,0,0,
5424,2025-11-21 16:45:00+00:00,7.2401,7.3,7.2,7.2,93424.0,risk_rising,weak,risk_off,0.4754098360655743,hold,hold,0,0,
5425,2025-11-21 17:00:00+00:00,7.22,7.445,7.215,7.395,185810.0,range_distribution,weak,risk_off,0.7950819672131145,sell,hold,0,0,
5426,2025-11-21 17:15:00+00:00,7.4,7.41,7.27,7.32,92544.0,range_distribution,weak,risk_off,0.6721311475409845,hold,hold,0,0,
5427,2025-11-21 17:30:00+00:00,7.31,7.32,7.18,7.235,157581.0,risk_rising,weak,risk_off,0.5327868852459025,reduce,hold,0,0,
5428,2025-11-21 17:45:00+00:00,7.2301,7.2553,7.17,7.175,76940.0,range_neutral,weak,risk_off,0.4344262295081966,avoid,avoid,0,0,
5429,2025-11-21 18:00:00+00:00,7.175,7.2,7.14,7.16,48363.0,range_neutral,weak,risk_off,0.4098360655737709,hold,hold,0,0,
5430,2025-11-21 18:15:00+00:00,7.16,7.175,7.08,7.08,69570.0,trend_late,weak,risk_off,0.2786885245901641,sell,hold,0,0,
5431,2025-11-21 18:30:00+00:00,7.0801,7.125,7.07,7.07,62766.0,trend_late,weak,risk_off,0.2622950819672136,hold,hold,0,0,
5432,2025-11-21 18:45:00+00:00,7.07,7.1258,7.07,7.09,57186.0,trend_late,weak,risk_off,0.2950819672131146,hold,hold,0,0,
5433,2025-11-21 19:00:00+00:00,7.08,7.17,7.005,7.04,122927.0,risk_rising,weak,risk_off,0.21311475409836067,reduce,hold,0,0,
5434,2025-11-21 19:15:00+00:00,7.05,7.13,7.045,7.12,166802.0,risk_rising,weak,risk_off,0.3442622950819675,hold,hold,0,0,
5435,2025-11-21 19:30:00+00:00,7.13,7.16,7.0702,7.15,56184.0,risk_rising,weak,risk_off,0.3934426229508204,hold,hold,0,0,
5436,2025-11-21 19:45:00+00:00,7.15,7.1501,7.06,7.0782,81225.0,risk_rising,weak,risk_off,0.2635439239873315,hold,hold,0,0,
5437,2025-11-21 20:00:00+00:00,7.08,7.08,6.98,7.0456,154748.0,risk_rising,weak,risk_off,0.20920153358893254,hold,hold,0,0,
5438,2025-11-21 20:15:00+00:00,7.0499,7.1158,6.995,7.109,141645.0,risk_rising,weak,risk_off,0.31488581430238427,hold,hold,0,0,
5439,2025-11-21 20:30:00+00:00,7.09,7.12,6.9801,7.0,110360.0,risk_rising,weak,risk_off,0.13318886481080233,hold,hold,0,0,
5440,2025-11-21 20:45:00+00:00,7.0,7.07,6.99,7.045,96946.0,risk_rising,weak,risk_off,0.12037037037036964,hold,hold,0,0,
5441,2025-11-21 21:00:00+00:00,7.045,7.1875,7.025,7.13,911526.0,range_accumulation,weak,risk_off,0.32258064516128926,avoid,avoid,0,0,
5442,2025-11-24 14:30:00+00:00,7.13,7.25,7.0,7.01,147616.0,risk_rising,weak,risk_on,0.0645161290322567,reduce,hold,0,0,
5443,2025-11-24 14:45:00+00:00,7.0559,7.2432,7.01,7.2296,172643.0,range_neutral,weak,risk_on,0.5367741935483854,hold,hold,0,0,
5444,2025-11-24 15:00:00+00:00,7.21,7.275,7.1,7.23,300937.0,range_neutral,weak,risk_on,0.5376344086021507,hold,hold,0,0,
5445,2025-11-24 15:15:00+00:00,7.22,7.25,7.0644,7.1649,176855.0,range_neutral,weak,risk_on,0.42999999999999994,hold,hold,0,0,
5446,2025-11-24 15:30:00+00:00,7.1701,7.185,7.08,7.13,113877.0,range_neutral,weak,risk_on,0.4411764705882339,hold,hold,0,0,
5447,2025-11-24 15:45:00+00:00,7.14,7.18,7.072,7.1675,138590.0,pullback,weak,risk_on,0.6355932203389832,hold,hold,0,0,
5448,2025-11-24 16:00:00+00:00,7.1552,7.24,7.14,7.2301,139733.0,pullback,weak,risk_on,0.8477966101694909,hold,hold,0,0,
5449,2025-11-24 16:15:00+00:00,7.235,7.39,7.23,7.3,219025.0,pullback,weak,risk_on,0.7804878048780487,hold,hold,0,0,
5450,2025-11-24 16:30:00+00:00,7.29,7.36,7.27,7.345,106674.0,pullback,weak,risk_on,0.8902439024390244,hold,hold,0,0,
5451,2025-11-24 16:45:00+00:00,7.345,7.345,7.29,7.33,57307.0,pullback,weak,risk_on,0.8536585365853665,hold,hold,0,0,
5452,2025-11-24 17:00:00+00:00,7.32,7.36,7.3,7.36,66851.0,pullback,weak,risk_on,0.9268292682926843,hold,hold,0,0,
5453,2025-11-24 17:15:00+00:00,7.34,7.38,7.3005,7.359,108401.0,pullback,weak,risk_on,0.9243902439024396,hold,hold,0,0,
5454,2025-11-24 17:30:00+00:00,7.3613,7.45,7.3613,7.43,144699.0,pullback,weak,risk_on,0.9574468085106372,buy,buy,200,200,7.43
5455,2025-11-24 17:45:00+00:00,7.4334,7.45,7.3509,7.375,110478.0,pullback,weak,risk_on,0.8404255319148931,hold,hold,0,200,
5456,2025-11-24 18:00:00+00:00,7.375,7.43,7.36,7.41,48171.0,pullback,weak,risk_on,0.9148936170212765,hold,hold,0,200,
5457,2025-11-24 18:15:00+00:00,7.42,7.42,7.36,7.39,44816.0,pullback,weak,risk_on,0.8723132581400287,hold,hold,0,200,
5458,2025-11-24 18:30:00+00:00,7.3801,7.4,7.35,7.37,57267.0,pullback,weak,risk_on,0.8297510108533729,hold,hold,0,200,
5459,2025-11-24 18:45:00+00:00,7.365,7.42,7.3501,7.42,46737.0,pullback,weak,risk_on,0.9347826086956517,hold,hold,0,200,
5460,2025-11-24 19:00:00+00:00,7.41,7.44,7.385,7.425,73062.0,pullback,weak,risk_on,0.9444444444444436,hold,hold,0,200,
5461,2025-11-24 19:15:00+00:00,7.42,7.44,7.4,7.425,43207.0,pullback,weak,risk_on,0.9444444444444436,hold,hold,0,200,
5462,2025-11-24 19:30:00+00:00,7.425,7.4591,7.35,7.35,71215.0,trend_late,weak,risk_on,0.7570696949454453,hold,hold,0,200,
5463,2025-11-24 19:45:00+00:00,7.355,7.365,7.32,7.33,78825.0,trend_late,weak,risk_on,0.6729161388396248,hold,hold,0,200,
5464,2025-11-24 20:00:00+00:00,7.335,7.365,7.3,7.35,79461.0,trend_late,weak,risk_on,0.7235875348365833,hold,hold,0,200,
5465,2025-11-24 20:15:00+00:00,7.35,7.43,7.33,7.425,97433.0,pullback,weak,risk_on,0.911909067424437,hold,hold,0,200,
5466,2025-11-24 20:30:00+00:00,7.425,7.4298,7.36,7.36,101821.0,trend_late,weak,risk_on,0.7439938000516665,reduce,reduce,-200,0,7.36
5467,2025-11-24 20:45:00+00:00,7.37,7.44,7.36,7.395,144259.0,pullback,weak,risk_on,0.7991225321215901,hold,hold,0,0,
5468,2025-11-24 21:00:00+00:00,7.4,7.44,7.35,7.42,350254.0,pullback,weak,risk_on,0.8293321693583572,hold,hold,0,0,
5469,2025-11-25 14:30:00+00:00,7.3,7.325,7.21,7.25,103797.0,risk_rising,weak,risk_on,0.1605780810919309,hold,hold,0,0,
5470,2025-11-25 14:45:00+00:00,7.26,7.34,6.91,6.93,344254.0,risk_rising,weak,risk_on,0.036423238025859714,hold,hold,0,0,
5471,2025-11-25 15:00:00+00:00,6.935,7.11,6.935,7.0693,356790.0,risk_rising,weak,risk_on,0.2901110908759788,hold,hold,0,0,
5472,2025-11-25 15:15:00+00:00,7.06,7.1499,7.06,7.1074,220080.0,risk_rising,weak,risk_on,0.35949735931524307,hold,hold,0,0,
5473,2025-11-25 15:30:00+00:00,7.1,7.15,7.09,7.145,134896.0,risk_rising,weak,risk_on,0.4279730468038597,hold,hold,0,0,
5474,2025-11-25 15:45:00+00:00,7.14,7.16,7.1,7.16,83240.0,risk_rising,weak,risk_on,0.4552904753232561,hold,hold,0,0,
5475,2025-11-25 16:00:00+00:00,7.17,7.17,7.085,7.135,94250.0,risk_rising,weak,risk_on,0.40976142779092983,hold,hold,0,0,
5476,2025-11-25 16:15:00+00:00,7.135,7.135,7.024,7.055,108826.0,risk_rising,weak,risk_on,0.26406847568748776,hold,hold,0,0,
5477,2025-11-25 16:30:00+00:00,7.055,7.13,7.04,7.06,141025.0,risk_rising,weak,risk_on,0.2731742851939527,hold,hold,0,0,
5478,2025-11-25 16:45:00+00:00,7.065,7.1,7.05,7.0758,105157.0,risk_rising,weak,risk_on,0.30194864323438336,hold,hold,0,0,
5479,2025-11-25 17:00:00+00:00,7.075,7.15,7.07,7.14,125813.0,risk_rising,weak,risk_on,0.4188672372973948,hold,hold,0,0,
5480,2025-11-25 17:15:00+00:00,7.14,7.24,7.14,7.21,138460.0,range_neutral,weak,risk_on,0.5463485703879071,hold,hold,0,0,
5481,2025-11-25 17:30:00+00:00,7.21,7.28,7.17,7.28,117624.0,range_distribution,weak,risk_on,0.6738299034784192,hold,hold,0,0,
5482,2025-11-25 17:45:00+00:00,7.2741,7.395,7.2741,7.3514,149210.0,range_distribution,weak,risk_on,0.8328301886792445,hold,hold,0,0,
5483,2025-11-25 18:00:00+00:00,7.35,7.38,7.33,7.355,101727.0,range_distribution,weak,risk_on,0.8396226415094341,hold,hold,0,0,
5484,2025-11-25 18:15:00+00:00,7.36,7.385,7.34,7.37,70170.0,range_distribution,weak,risk_on,0.8679245283018863,hold,hold,0,0,
5485,2025-11-25 18:30:00+00:00,7.37,7.405,7.34,7.405,89574.0,pullback,weak,risk_on,0.9339622641509432,buy,hold,0,0,
5486,2025-11-25 18:45:00+00:00,7.405,7.425,7.33,7.355,84147.0,pullback,weak,risk_on,0.8396226415094341,hold,hold,0,0,
5487,2025-11-25 19:00:00+00:00,7.36,7.395,7.32,7.335,66685.0,pullback,weak,risk_on,0.8018867924528295,hold,hold,0,0,
5488,2025-11-25 19:15:00+00:00,7.34,7.3462,7.275,7.3116,57275.0,pullback,weak,risk_on,0.7798058252427192,hold,hold,0,0,
5489,2025-11-25 19:30:00+00:00,7.3,7.3,7.24,7.2752,60237.0,pullback,weak,risk_on,0.7091262135922329,hold,hold,0,0,
5490,2025-11-25 19:45:00+00:00,7.28,7.32,7.25,7.32,83966.0,pullback,weak,risk_on,0.7857142857142867,hold,hold,0,0,
5491,2025-11-25 20:00:00+00:00,7.32,7.365,7.295,7.355,72657.0,pullback,weak,risk_on,0.8254364089775575,hold,hold,0,0,
5492,2025-11-25 20:15:00+00:00,7.35,7.355,7.305,7.345,75168.0,trend_late,weak,risk_on,0.8004987531172068,hold,hold,0,0,
5493,2025-11-25 20:30:00+00:00,7.345,7.345,7.28,7.291,87035.0,trend_late,weak,risk_on,0.6658354114713229,hold,hold,0,0,
5494,2025-11-25 20:45:00+00:00,7.3,7.43,7.29,7.395,225034.0,pullback,weak,risk_on,0.9137931034482755,hold,hold,0,0,
5495,2025-11-25 21:00:00+00:00,7.4,7.42,7.31,7.34,490193.0,trend_late,weak,risk_on,0.7783251231527095,hold,hold,0,0,
5496,2025-11-26 14:30:00+00:00,7.31,7.4,7.31,7.4,65919.0,pullback,weak,risk_off,0.9230769230769247,avoid,avoid,0,0,
5497,2025-11-26 14:45:00+00:00,7.33,7.5,7.24,7.48,251414.0,pullback,weak,risk_off,0.9555555555555565,hold,hold,0,0,
5498,2025-11-26 15:00:00+00:00,7.475,7.49,7.28,7.3742,379892.0,pullback,weak,risk_off,0.7074418604651163,hold,hold,0,0,
5499,2025-11-26 15:15:00+00:00,7.4,7.54,7.37,7.37,276130.0,pullback,weak,risk_off,0.5750000000000005,hold,hold,0,0,
5500,2025-11-26 15:30:00+00:00,7.361,7.435,7.36,7.43,114399.0,pullback,weak,risk_off,0.702702702702702,hold,hold,0,0,
5501,2025-11-26 15:45:00+00:00,7.43,7.55,7.43,7.45,102773.0,pullback,weak,risk_off,0.6774193548387104,hold,hold,0,0,
5502,2025-11-26 16:00:00+00:00,7.45,7.5,7.43,7.5,123673.0,pullback,weak,risk_off,0.8387096774193552,hold,hold,0,0,
5503,2025-11-26 16:15:00+00:00,7.495,7.52,7.45,7.46,78269.0,pullback,weak,risk_off,0.7096774193548389,hold,hold,0,0,
5504,2025-11-26 16:30:00+00:00,7.46,7.52,7.415,7.47,82030.0,pullback,weak,risk_off,0.7419354838709672,hold,hold,0,0,
5505,2025-11-26 16:45:00+00:00,7.49,7.5,7.4,7.41,76417.0,pullback,weak,risk_off,0.5483870967741941,hold,hold,0,0,
5506,2025-11-26 17:00:00+00:00,7.4,7.49,7.4,7.48,52126.0,pullback,weak,risk_off,0.7741935483870984,hold,hold,0,0,
5507,2025-11-26 17:15:00+00:00,7.47,7.47,7.395,7.395,75382.0,trend_late,weak,risk_off,0.49999999999999856,sell,hold,0,0,
5508,2025-11-26 17:30:00+00:00,7.41,7.44,7.38,7.41,36314.0,pullback,weak,risk_off,0.5483870967741941,avoid,avoid,0,0,
5509,2025-11-26 17:45:00+00:00,7.405,7.47,7.3894,7.46,21122.0,pullback,weak,risk_off,0.7096774193548389,hold,hold,0,0,
5510,2025-11-26 18:00:00+00:00,7.45,7.57,7.43,7.54,156353.0,pullback,weak,risk_off,0.9090909090909084,hold,hold,0,0,
5511,2025-11-26 18:15:00+00:00,7.53,7.57,7.435,7.54,94288.0,pullback,weak,risk_off,0.9090909090909084,hold,hold,0,0,
5512,2025-11-26 18:30:00+00:00,7.535,7.54,7.48,7.53,34936.0,pullback,weak,risk_off,0.8787878787878787,hold,hold,0,0,
5513,2025-11-26 18:45:00+00:00,7.5283,7.54,7.42,7.475,138791.0,pullback,weak,risk_off,0.7121212121212103,hold,hold,0,0,
5514,2025-11-26 19:00:00+00:00,7.5,7.54,7.47,7.52,43560.0,pullback,weak,risk_off,0.8484848484848464,hold,hold,0,0,
5515,2025-11-26 19:15:00+00:00,7.5196,7.55,7.47,7.5,34002.0,pullback,weak,risk_off,0.7878787878787871,hold,hold,0,0,
5516,2025-11-26 19:30:00+00:00,7.5,7.5156,7.465,7.51,44885.0,pullback,weak,risk_off,0.8181818181818167,hold,hold,0,0,
5517,2025-11-26 19:45:00+00:00,7.5,7.54,7.49,7.52,47510.0,pullback,weak,risk_off,0.8275862068965493,hold,hold,0,0,
5518,2025-11-26 20:00:00+00:00,7.52,7.6,7.49,7.5625,73351.0,pullback,weak,risk_off,0.843750000000001,hold,hold,0,0,
5519,2025-11-26 20:15:00+00:00,7.57,7.59,7.51,7.53,85876.0,pullback,weak,risk_off,0.708333333333335,hold,hold,0,0,
5520,2025-11-26 20:30:00+00:00,7.535,7.56,7.5,7.51,82993.0,trend_late,weak,risk_off,0.590909090909091,sell,hold,0,0,
5521,2025-11-26 20:45:00+00:00,7.5213,7.5455,7.49,7.505,148346.0,trend_late,weak,risk_off,0.5681818181818188,hold,hold,0,0,
5522,2025-11-26 21:00:00+00:00,7.505,7.5255,7.445,7.47,248361.0,trend_late,weak,risk_off,0.4090909090909089,hold,hold,0,0,
5523,2025-11-28 14:30:00+00:00,7.8,7.84,7.71,7.785,135249.0,pullback,weak,neutral,0.8804347826086962,buy,buy,200,200,7.785
5524,2025-11-28 14:45:00+00:00,7.79,8.01,7.73,8.01,648989.0,pullback,weak,neutral,1.0,hold,hold,0,200,
5525,2025-11-28 15:00:00+00:00,8.02,8.32,7.91,8.2501,782052.0,pullback,weak,neutral,0.9256382978723399,hold,hold,0,200,
5526,2025-11-28 15:15:00+00:00,8.29,8.35,8.13,8.2496,617716.0,pullback,weak,neutral,0.8964948453608242,hold,hold,0,200,
5527,2025-11-28 15:30:00+00:00,8.24,8.37,8.19,8.24,447210.0,pullback,weak,neutral,0.8686868686868696,hold,hold,0,200,
5528,2025-11-28 15:45:00+00:00,8.245,8.35,8.2414,8.285,210518.0,pullback,weak,neutral,0.913318376504182,hold,hold,0,200,
5529,2025-11-28 16:00:00+00:00,8.285,8.288,8.1701,8.24,160303.0,pullback,weak,neutral,0.863157894736843,hold,hold,0,200,
5530,2025-11-28 16:15:00+00:00,8.24,8.3,8.2,8.23,125415.0,pullback,weak,neutral,0.8526315789473696,hold,hold,0,200,
5531,2025-11-28 16:30:00+00:00,8.22,8.28,8.19,8.235,126198.0,pullback,weak,neutral,0.8578947368421054,hold,hold,0,200,
5532,2025-11-28 16:45:00+00:00,8.235,8.3,8.14,8.17,155465.0,pullback,weak,neutral,0.7894736842105269,hold,hold,0,200,
5533,2025-11-28 17:00:00+00:00,8.17,8.238,8.15,8.1598,104863.0,pullback,weak,neutral,0.772756756756758,hold,hold,0,200,
5534,2025-11-28 17:15:00+00:00,8.15,8.25,8.13,8.2194,99634.0,pullback,weak,neutral,0.8371891891891902,hold,hold,0,200,
5535,2025-11-28 17:30:00+00:00,8.22,8.235,8.16,8.185,76301.0,trend_late,weak,neutral,0.8000000000000012,reduce,reduce,-200,0,8.185
5536,2025-11-28 17:45:00+00:00,8.185,8.239,8.13,8.2067,128175.0,trend_late,weak,neutral,0.8234594594594598,hold,hold,0,0,
5537,2025-11-28 18:00:00+00:00,8.2,8.265,8.15,8.24,326703.0,pullback,weak,neutral,0.8594594594594603,hold,hold,0,0,
5538,2025-12-02 14:30:00+00:00,7.54,7.59,7.54,7.56,49432.0,trend_late,weak,neutral,0.12432432432432373,hold,hold,0,0,
5539,2025-12-02 14:45:00+00:00,7.555,7.88,7.54,7.88,295351.0,trend_late,weak,neutral,0.4702702702702704,hold,hold,0,0,
5540,2025-12-02 15:00:00+00:00,7.885,8.08,7.87,8.07,529780.0,trend_late,weak,neutral,0.6756756756756764,hold,hold,0,0,
5541,2025-12-02 15:15:00+00:00,8.065,8.15,7.99,8.07,489370.0,risk_rising,weak,neutral,0.6756756756756764,hold,hold,0,0,
5542,2025-12-02 15:30:00+00:00,8.07,8.15,8.025,8.05,206798.0,risk_rising,weak,neutral,0.6144578313253026,hold,hold,0,0,
5543,2025-12-02 15:45:00+00:00,8.05,8.18,7.9601,8.1,319212.0,risk_rising,weak,neutral,0.6746987951807231,hold,hold,0,0,
5544,2025-12-02 16:00:00+00:00,8.09,8.2,7.97,8.0202,290684.0,risk_rising,weak,neutral,0.5785542168674714,hold,hold,0,0,
5545,2025-12-02 16:15:00+00:00,8.03,8.06,7.97,8.01,110485.0,risk_rising,weak,neutral,0.5662650602409641,hold,hold,0,0,
5546,2025-12-02 16:30:00+00:00,8.02,8.0589,7.82,7.84,140373.0,risk_rising,weak,neutral,0.3614457831325303,hold,hold,0,0,
5547,2025-12-02 16:45:00+00:00,7.84,7.92,7.7901,7.83,91525.0,risk_rising,weak,neutral,0.3580246913580249,hold,hold,0,0,
5548,2025-12-02 17:00:00+00:00,7.8313,7.85,7.78,7.84,53525.0,range_neutral,weak,neutral,0.39473684210526255,hold,hold,0,0,
5549,2025-12-02 17:15:00+00:00,7.8499,7.91,7.8445,7.9,90829.0,range_neutral,weak,neutral,0.47368421052631576,hold,hold,0,0,
5550,2025-12-02 17:30:00+00:00,7.91,8.1,7.91,8.1,103213.0,range_distribution,weak,neutral,0.7368421052631567,hold,hold,0,0,
5551,2025-12-02 17:45:00+00:00,8.0925,8.32,8.0925,8.31,263790.0,range_distribution,weak,neutral,0.9871794871794874,hold,hold,0,0,
5552,2025-12-02 18:00:00+00:00,8.32,8.4,8.2201,8.245,219967.0,range_distribution,weak,neutral,0.8197674418604639,hold,hold,0,0,
5553,2025-12-02 18:15:00+00:00,8.24,8.245,8.13,8.155,97181.0,range_distribution,weak,neutral,0.7151162790697664,hold,hold,0,0,
5554,2025-12-02 18:30:00+00:00,8.16,8.19,8.0711,8.165,122419.0,pullback,weak,neutral,0.7267441860465104,buy,buy,200,200,8.165
5555,2025-12-02 18:45:00+00:00,8.16,8.17,8.0501,8.12,70715.0,pullback,weak,neutral,0.6744186046511615,hold,hold,0,200,
5556,2025-12-02 19:00:00+00:00,8.12,8.15,8.09,8.145,54395.0,pullback,weak,neutral,0.7034883720930225,hold,hold,0,200,
5557,2025-12-02 19:15:00+00:00,8.14,8.35,8.13,8.335,143295.0,pullback,weak,neutral,0.9244186046511634,hold,hold,0,200,
5558,2025-12-02 19:30:00+00:00,8.34,8.34,8.205,8.28,124584.0,pullback,weak,neutral,0.8604651162790686,hold,hold,0,200,
5559,2025-12-02 19:45:00+00:00,8.28,8.34,8.2341,8.3201,112739.0,pullback,weak,neutral,0.871129032258064,hold,hold,0,200,
5560,2025-12-02 20:00:00+00:00,8.33,8.45,8.31,8.38,253260.0,pullback,weak,neutral,0.8955223880597035,hold,hold,0,200,
5561,2025-12-02 20:15:00+00:00,8.38,8.3894,8.3,8.315,166935.0,pullback,weak,neutral,0.7985074626865672,hold,hold,0,200,
5562,2025-12-02 20:30:00+00:00,8.32,8.35,8.22,8.25,143098.0,pullback,weak,neutral,0.7014925373134334,hold,hold,0,200,
5563,2025-12-02 20:45:00+00:00,8.25,8.28,8.211,8.25,123077.0,pullback,weak,neutral,0.7014925373134334,hold,hold,0,200,
5564,2025-12-02 21:00:00+00:00,8.2555,8.285,8.17,8.195,400688.0,pullback,weak,neutral,0.6194029850746278,hold,hold,0,200,
5565,2025-12-03 14:30:00+00:00,7.99,7.99,7.75,7.7708,267608.0,trend_late,weak,risk_on,0.02971428571428628,reduce,reduce,-200,0,7.7708
5566,2025-12-03 14:45:00+00:00,7.76,7.9,7.63,7.77,444695.0,trend_late,weak,risk_on,0.1707317073170729,hold,hold,0,0,
5567,2025-12-03 15:00:00+00:00,7.765,7.89,7.715,7.7212,222565.0,risk_rising,weak,risk_on,0.1112195121951217,hold,hold,0,0,
5568,2025-12-03 15:15:00+00:00,7.754,7.895,7.72,7.75,309982.0,risk_rising,weak,risk_on,0.1463414634146344,hold,hold,0,0,
5569,2025-12-03 15:30:00+00:00,7.755,7.79,7.71,7.73,145372.0,risk_rising,weak,risk_on,0.12195121951219585,hold,hold,0,0,
5570,2025-12-03 15:45:00+00:00,7.728,7.92,7.72,7.91,256582.0,risk_rising,weak,risk_on,0.3414634146341469,hold,hold,0,0,
5571,2025-12-03 16:00:00+00:00,7.9188,7.97,7.835,7.93,296370.0,risk_rising,weak,risk_on,0.3658536585365854,hold,hold,0,0,
5572,2025-12-03 16:15:00+00:00,7.93,7.95,7.82,7.85,177911.0,risk_rising,weak,risk_on,0.2682926829268292,hold,hold,0,0,
5573,2025-12-03 16:30:00+00:00,7.85,7.93,7.85,7.8797,88484.0,risk_rising,weak,risk_on,0.3045121951219512,hold,hold,0,0,
5574,2025-12-03 16:45:00+00:00,7.88,7.98,7.875,7.88,116891.0,risk_rising,weak,risk_on,0.304878048780488,hold,hold,0,0,
5575,2025-12-03 17:00:00+00:00,7.88,7.93,7.82,7.855,117313.0,range_accumulation,weak,risk_on,0.2743902439024399,hold,hold,0,0,
5576,2025-12-03 17:15:00+00:00,7.86,7.93,7.83,7.91,44606.0,range_accumulation,weak,risk_on,0.3414634146341469,hold,hold,0,0,
5577,2025-12-03 17:30:00+00:00,7.9,7.96,7.88,7.94,74069.0,range_neutral,weak,risk_on,0.37804878048780577,hold,hold,0,0,
5578,2025-12-03 17:45:00+00:00,7.9379,8.04,7.935,8.0299,58955.0,range_neutral,weak,risk_on,0.4876829268292683,hold,hold,0,0,
5579,2025-12-03 18:00:00+00:00,8.02,8.085,8.02,8.045,74429.0,range_neutral,weak,risk_on,0.5060975609756102,hold,hold,0,0,
5580,2025-12-03 18:15:00+00:00,8.05,8.15,8.03,8.1364,81168.0,range_distribution,weak,risk_on,0.6668422438767447,hold,hold,0,0,
5581,2025-12-03 18:30:00+00:00,8.13,8.1365,8.06,8.13,69963.0,pullback,weak,risk_on,0.6944444444444459,buy,hold,0,0,
5582,2025-12-03 18:45:00+00:00,8.1255,8.24,8.085,8.18,123588.0,pullback,weak,risk_on,0.839694656488549,hold,hold,0,0,
5583,2025-12-03 19:00:00+00:00,8.185,8.21,8.11,8.15,126260.0,pullback,weak,risk_on,0.7938931297709928,hold,hold,0,0,
5584,2025-12-03 19:15:00+00:00,8.15,8.21,8.1,8.105,91695.0,pullback,weak,risk_on,0.7786885245901644,hold,hold,0,0,
5585,2025-12-03 19:30:00+00:00,8.11,8.12,8.06,8.1,66493.0,pullback,weak,risk_on,0.7704918032786877,hold,hold,0,0,
5586,2025-12-03 19:45:00+00:00,8.1,8.1088,8.065,8.0718,52295.0,pullback,weak,risk_on,0.6826415094339613,hold,hold,0,0,
5587,2025-12-03 20:00:00+00:00,8.075,8.16,8.065,8.09,84522.0,pullback,weak,risk_on,0.7169811320754712,hold,hold,0,0,
5588,2025-12-03 20:15:00+00:00,8.09,8.1035,8.01,8.0614,99413.0,pullback,weak,risk_on,0.6630188679245296,hold,hold,0,0,
5589,2025-12-03 20:30:00+00:00,8.07,8.205,8.07,8.17,151795.0,pullback,weak,risk_on,0.865384615384615,hold,hold,0,0,
5590,2025-12-03 20:45:00+00:00,8.175,8.18,8.09,8.165,178898.0,pullback,weak,risk_on,0.8214285714285688,hold,hold,0,0,
5591,2025-12-03 21:00:00+00:00,8.16,8.33,8.15,8.26,607360.0,pullback,weak,risk_on,0.8627450980392151,hold,hold,0,0,
5592,2025-12-04 14:30:00+00:00,8.17,8.2,8.11,8.15,85386.0,trend_late,mixed,neutral,0.6470588235294121,reduce,hold,0,0,
5593,2025-12-04 14:45:00+00:00,8.1351,8.6,8.07,8.46,557508.0,pullback,mixed,neutral,0.8205128205128219,hold,hold,0,0,
5594,2025-12-04 15:00:00+00:00,8.4701,8.5499,8.315,8.39,281094.0,pullback,mixed,neutral,0.7307692307692317,hold,hold,0,0,
5595,2025-12-04 15:15:00+00:00,8.37,8.5599,8.36,8.52,241091.0,pullback,mixed,neutral,0.896103896103896,hold,hold,0,0,
5596,2025-12-04 15:30:00+00:00,8.5193,8.6,8.36,8.4399,413524.0,pullback,mixed,neutral,0.777638888888889,hold,hold,0,0,
5597,2025-12-04 15:45:00+00:00,8.44,8.63,8.42,8.5009,250937.0,pullback,mixed,neutral,0.8142446043165454,hold,hold,0,0,
5598,2025-12-04 16:00:00+00:00,8.52,8.6,8.4301,8.56,221276.0,pullback,mixed,neutral,0.8870967741935482,hold,hold,0,0,
5599,2025-12-04 16:15:00+00:00,8.5924,8.83,8.55,8.74,417021.0,pullback,mixed,neutral,0.8902439024390246,hold,hold,0,0,
5600,2025-12-04 16:30:00+00:00,8.73,8.93,8.7,8.82,473440.0,pullback,mixed,neutral,0.8804347826086962,hold,hold,0,0,
5601,2025-12-04 16:45:00+00:00,8.82,8.84,8.7512,8.79,195761.0,pullback,mixed,neutral,0.8478260869565211,hold,hold,0,0,
5602,2025-12-04 17:00:00+00:00,8.79,8.88,8.72,8.84,160027.0,pullback,mixed,neutral,0.9021739130434784,hold,hold,0,0,
5603,2025-12-04 17:15:00+00:00,8.84,8.86,8.7401,8.825,96378.0,pullback,mixed,neutral,0.8858695652173908,hold,hold,0,0,
5604,2025-12-04 17:30:00+00:00,8.82,9.09,8.8,9.08,373385.0,pullback,mixed,neutral,0.9907407407407409,buy,buy,200,200,9.08
5605,2025-12-04 17:45:00+00:00,9.0899,9.1,9.015,9.05,194089.0,pullback,mixed,neutral,0.9541284403669734,hold,hold,0,200,
5606,2025-12-04 18:00:00+00:00,9.04,9.24,9.03,9.1398,315782.0,pullback,mixed,neutral,0.9185365853658529,hold,hold,0,200,
5607,2025-12-04 18:15:00+00:00,9.14,9.1991,9.09,9.17,147479.0,pullback,mixed,neutral,0.9430894308943087,hold,hold,0,200,
5608,2025-12-04 18:30:00+00:00,9.18,9.271,9.155,9.225,298706.0,pullback,mixed,neutral,0.961698584512905,hold,hold,0,200,
5609,2025-12-04 18:45:00+00:00,9.225,9.27,9.12,9.19,301726.0,pullback,mixed,neutral,0.9325562031640289,hold,hold,0,200,
5610,2025-12-04 19:00:00+00:00,9.2083,9.4445,9.13,9.38,392486.0,pullback,mixed,neutral,0.9530738450345588,hold,hold,0,200,
5611,2025-12-04 19:15:00+00:00,9.38,9.49,9.335,9.34,408748.0,pullback,mixed,neutral,0.8943661971830983,hold,hold,0,200,
5612,2025-12-04 19:30:00+00:00,9.33,9.49,9.25,9.48,471200.0,pullback,mixed,neutral,0.9929577464788734,hold,hold,0,200,
5613,2025-12-04 19:45:00+00:00,9.49,9.85,9.4871,9.7577,565576.0,pullback,mixed,neutral,0.939869706840391,hold,hold,0,200,
5614,2025-12-04 20:00:00+00:00,9.75,9.885,9.71,9.87,459284.0,pullback,mixed,neutral,0.9901639344262292,hold,hold,0,200,
5615,2025-12-04 20:15:00+00:00,9.8601,9.9,9.76,9.8333,272253.0,pullback,mixed,neutral,0.9566883116883111,hold,hold,0,200,
5616,2025-12-04 20:30:00+00:00,9.83,10.0,9.8,9.9745,525789.0,pullback,mixed,neutral,0.9838607594936714,hold,hold,0,200,
5617,2025-12-04 20:45:00+00:00,9.97,9.99,9.8101,9.87,506781.0,pullback,mixed,neutral,0.9171921778457222,hold,hold,0,200,
5618,2025-12-04 21:00:00+00:00,9.8776,9.9713,9.8401,9.95,845690.0,pullback,mixed,neutral,0.9655172413793098,hold,hold,0,200,
5619,2025-12-05 14:30:00+00:00,9.855,9.855,9.51,9.54,269620.0,pullback,leading,neutral,0.6461538461538457,hold,hold,0,200,
5620,2025-12-05 14:45:00+00:00,9.57,10.391,9.5239,10.2201,1570485.0,pullback,leading,neutral,0.8977259126271696,hold,hold,0,200,
5621,2025-12-05 15:00:00+00:00,10.255,10.36,10.0442,10.1899,868784.0,pullback,leading,neutral,0.8796529024536204,hold,hold,0,200,
5622,2025-12-05 15:15:00+00:00,10.15,10.6799,10.15,10.66,1200519.0,pullback,leading,neutral,0.9897412104340655,hold,hold,0,200,
5623,2025-12-05 15:30:00+00:00,10.66,10.66,10.18,10.25,892433.0,pullback,leading,neutral,0.7713176232778338,hold,hold,0,200,
5624,2025-12-05 15:45:00+00:00,10.28,10.34,10.1,10.18,484545.0,pullback,leading,neutral,0.6997417262298034,hold,hold,0,200,
5625,2025-12-05 16:00:00+00:00,10.17,10.2299,9.97,10.12,500102.0,pullback,leading,neutral,0.6606460997636218,hold,hold,0,200,
5626,2025-12-05 16:15:00+00:00,10.1239,10.2,9.91,9.98,353235.0,pullback,leading,neutral,0.55978363419083,hold,hold,0,200,
5627,2025-12-05 16:30:00+00:00,9.985,10.18,9.96,10.015,342976.0,pullback,leading,neutral,0.5737547278671715,hold,hold,0,200,
5628,2025-12-05 16:45:00+00:00,10.01,10.03,9.8,9.95,391619.0,trend_late,leading,neutral,0.532085390089108,reduce,reduce,-200,0,9.95
5629,2025-12-05 17:00:00+00:00,9.95,10.1,9.82,10.03,265705.0,pullback,leading,neutral,0.580682624685463,hold,hold,0,0,
5630,2025-12-05 17:15:00+00:00,10.025,10.05,9.88,9.9078,149153.0,trend_late,leading,neutral,0.4600321700818239,hold,hold,0,0,
5631,2025-12-05 17:30:00+00:00,9.91,10.0,9.87,10.0,169820.0,trend_late,leading,neutral,0.5245122036506049,hold,hold,0,0,
5632,2025-12-05 17:45:00+00:00,9.9999,10.13,9.99,10.05,142936.0,trend_late,leading,neutral,0.4719148222669356,hold,hold,0,0,
5633,2025-12-05 18:00:00+00:00,10.05,10.33,10.05,10.33,361373.0,pullback,leading,neutral,0.7009146080861614,hold,hold,0,0,
5634,2025-12-05 18:15:00+00:00,10.315,10.33,10.1,10.12,274381.0,risk_rising,leading,neutral,0.5214120865031193,hold,hold,0,0,
5635,2025-12-05 18:30:00+00:00,10.12,10.1999,10.04,10.1172,155555.0,risk_rising,leading,neutral,0.5190187195486798,hold,hold,0,0,
5636,2025-12-05 18:45:00+00:00,10.12,10.14,10.07,10.12,117127.0,range_neutral,leading,neutral,0.5214120865031193,hold,hold,0,0,
5637,2025-12-05 19:00:00+00:00,10.113,10.14,10.02,10.04,71703.0,range_neutral,leading,neutral,0.4530301735191036,hold,hold,0,0,
5638,2025-12-05 19:15:00+00:00,10.02,10.1,9.92,10.04,168275.0,range_neutral,leading,neutral,0.4530301735191036,hold,hold,0,0,
5639,2025-12-05 19:30:00+00:00,10.03,10.06,9.95,10.05,72596.0,range_neutral,leading,neutral,0.45510380622837465,hold,hold,0,0,
5640,2025-12-05 19:45:00+00:00,10.0547,10.06,9.935,9.95,64296.0,range_accumulation,leading,neutral,0.17047391749062246,buy,buy,200,200,9.95
5641,2025-12-05 20:00:00+00:00,9.95,10.15,9.92,10.09,95554.0,range_accumulation,leading,neutral,0.32958290714853894,hold,hold,0,200,
5642,2025-12-05 20:15:00+00:00,10.09,10.14,10.07,10.07,83804.0,pullback,leading,neutral,0.31395348837209275,hold,hold,0,200,
5643,2025-12-05 20:30:00+00:00,10.07,10.12,9.945,9.95,120271.0,risk_rising,leading,neutral,0.27777777777777557,hold,hold,0,200,
5644,2025-12-05 20:45:00+00:00,9.945,10.07,9.92,10.06,166141.0,risk_rising,leading,neutral,0.4905660377358492,hold,hold,0,200,
5645,2025-12-05 21:00:00+00:00,10.0545,10.12,9.98,10.1,682493.0,risk_rising,leading,neutral,0.5660377358490553,hold,hold,0,200,
5646,2025-12-08 14:30:00+00:00,10.07,10.0702,10.02,10.055,83902.0,risk_rising,mixed,neutral,0.48113207547169684,reduce,hold,0,200,
5647,2025-12-08 14:45:00+00:00,10.04,10.1,9.63,9.765,757592.0,risk_rising,mixed,neutral,0.19285714285714275,hold,hold,0,200,
5648,2025-12-08 15:00:00+00:00,9.756,9.9725,9.7,9.7483,354554.0,risk_rising,mixed,neutral,0.16899999999999965,hold,hold,0,200,
5649,2025-12-08 15:15:00+00:00,9.77,9.7894,9.41,9.52,481291.0,risk_rising,mixed,neutral,0.11956521739130374,hold,hold,0,200,
5650,2025-12-08 15:30:00+00:00,9.52,9.73,9.47,9.5,296615.0,risk_rising,mixed,neutral,0.09782608695652159,hold,hold,0,200,
5651,2025-12-08 15:45:00+00:00,9.5,9.62,9.44,9.48,267287.0,risk_rising,mixed,neutral,0.07608695652173944,hold,hold,0,200,
5652,2025-12-08 16:00:00+00:00,9.4888,9.64,9.47,9.5601,120503.0,risk_rising,mixed,neutral,0.16315217391304362,hold,hold,0,200,
5653,2025-12-08 16:15:00+00:00,9.5765,9.6,9.47,9.58,157851.0,risk_rising,mixed,neutral,0.1847826086956521,hold,hold,0,200,
5654,2025-12-08 16:30:00+00:00,9.58,9.73,9.57,9.709,124482.0,risk_rising,mixed,neutral,0.3785289277123683,hold,hold,0,200,
5655,2025-12-08 16:45:00+00:00,9.71,10.09,9.67,9.97,582859.0,risk_rising,mixed,neutral,0.7567567567567572,hold,hold,0,200,
5656,2025-12-08 17:00:00+00:00,9.9507,10.15,9.755,9.96,479979.0,risk_rising,mixed,neutral,0.743243243243244,hold,hold,0,200,
5657,2025-12-08 17:15:00+00:00,9.9824,10.26,9.9001,10.26,287684.0,range_distribution,mixed,neutral,1.0,hold,hold,0,200,
5658,2025-12-08 17:30:00+00:00,10.2495,10.2585,10.01,10.08,177395.0,range_distribution,mixed,neutral,0.7882352941176473,hold,hold,0,200,
5659,2025-12-08 17:45:00+00:00,10.075,10.1,9.92,9.9445,143180.0,range_neutral,mixed,neutral,0.6288235294117644,hold,hold,0,200,
5660,2025-12-08 18:00:00+00:00,9.92,10.07,9.85,10.029,123860.0,range_distribution,mixed,neutral,0.7282352941176471,hold,hold,0,200,
5661,2025-12-08 18:15:00+00:00,10.0653,10.11,9.92,10.01,80675.0,pullback,mixed,neutral,0.7058823529411763,buy,hold,0,200,
5662,2025-12-08 18:30:00+00:00,10.02,10.02,9.8114,9.83,71511.0,pullback,mixed,neutral,0.49411764705882366,hold,hold,0,200,
5663,2025-12-08 18:45:00+00:00,9.82,9.87,9.7,9.725,95067.0,pullback,mixed,neutral,0.3705882352941172,hold,hold,0,200,
5664,2025-12-08 19:00:00+00:00,9.725,9.755,9.68,9.73,61821.0,pullback,mixed,neutral,0.3764705882352946,hold,hold,0,200,
5665,2025-12-08 19:15:00+00:00,9.73,9.74,9.63,9.72,88999.0,trend_late,mixed,neutral,0.36470588235294193,hold,hold,0,200,
5666,2025-12-08 19:30:00+00:00,9.72,9.8,9.71,9.74,103348.0,trend_late,mixed,neutral,0.3882352941176473,hold,hold,0,200,
5667,2025-12-08 19:45:00+00:00,9.74,9.84,9.7201,9.8199,61130.0,trend_late,mixed,neutral,0.4822352941176477,hold,hold,0,200,
5668,2025-12-08 20:00:00+00:00,9.81,9.93,9.78,9.82,78627.0,trend_late,mixed,neutral,0.482352941176471,hold,hold,0,200,
5669,2025-12-08 20:15:00+00:00,9.8,9.83,9.71,9.8,137220.0,trend_late,mixed,neutral,0.4390243902439038,hold,hold,0,200,
5670,2025-12-08 20:30:00+00:00,9.794,9.82,9.72,9.725,45626.0,risk_rising,mixed,neutral,0.34756097560975613,hold,hold,0,200,
5671,2025-12-08 20:45:00+00:00,9.72,9.77,9.7,9.735,91549.0,risk_rising,mixed,neutral,0.3354430379746824,hold,hold,0,200,
5672,2025-12-08 21:00:00+00:00,9.7389,9.8,9.645,9.74,392237.0,risk_rising,mixed,neutral,0.341772151898734,hold,hold,0,200,
5673,2025-12-09 14:30:00+00:00,10.2,10.22,9.88,9.91,185462.0,range_neutral,mixed,neutral,0.49275362318840593,hold,hold,0,200,
5674,2025-12-09 14:45:00+00:00,9.93,10.2672,9.51,9.835,1143075.0,range_neutral,mixed,neutral,0.4292128895932391,hold,hold,0,200,
5675,2025-12-09 15:00:00+00:00,9.83,10.03,9.71,9.8275,481320.0,range_neutral,mixed,neutral,0.4193079767564717,hold,hold,0,200,
5676,2025-12-09 15:15:00+00:00,9.835,10.08,9.74,9.8535,412533.0,range_neutral,mixed,neutral,0.4536450079239305,hold,hold,0,200,
5677,2025-12-09 15:30:00+00:00,9.855,10.31,9.82,10.295,545536.0,range_distribution,mixed,neutral,0.9812499999999993,reduce,reduce,-200,0,10.295
5678,2025-12-09 15:45:00+00:00,10.2922,10.39,10.085,10.18,655080.0,pullback,mixed,neutral,0.7613636363636356,hold,hold,0,0,
5679,2025-12-09 16:00:00+00:00,10.15,10.19,10.01,10.1399,301120.0,pullback,mixed,neutral,0.715795454545455,hold,hold,0,0,
5680,2025-12-09 16:15:00+00:00,10.14,10.15,10.0145,10.12,184828.0,pullback,mixed,neutral,0.6931818181818169,hold,hold,0,0,
5681,2025-12-09 16:30:00+00:00,10.119,10.19,10.035,10.115,186818.0,pullback,mixed,neutral,0.6874999999999999,hold,hold,0,0,
5682,2025-12-09 16:45:00+00:00,10.09,10.19,10.04,10.19,131674.0,pullback,mixed,neutral,0.7727272727272717,hold,hold,0,0,
5683,2025-12-09 17:00:00+00:00,10.1871,10.2498,10.08,10.095,169850.0,pullback,mixed,neutral,0.6647727272727276,hold,hold,0,0,
5684,2025-12-09 17:15:00+00:00,10.1003,10.3682,10.05,10.3301,251591.0,pullback,mixed,neutral,0.9319318181818174,hold,hold,0,0,
5685,2025-12-09 17:30:00+00:00,10.34,10.45,10.13,10.23,297678.0,pullback,mixed,neutral,0.7659574468085117,hold,hold,0,0,
5686,2025-12-09 17:45:00+00:00,10.23,10.28,10.135,10.275,173050.0,pullback,mixed,neutral,0.8138297872340435,hold,hold,0,0,
5687,2025-12-09 18:00:00+00:00,10.28,10.46,10.17,10.46,227414.0,pullback,mixed,neutral,1.0,hold,hold,0,0,
5688,2025-12-09 18:15:00+00:00,10.46,10.49,10.3801,10.42,330703.0,pullback,mixed,neutral,0.9285714285714283,hold,hold,0,0,
5689,2025-12-09 18:30:00+00:00,10.43,10.62,10.41,10.59,307231.0,pullback,mixed,neutral,0.9729729729729736,buy,buy,200,200,10.59
5690,2025-12-09 18:45:00+00:00,10.59,10.78,10.55,10.663,536776.0,pullback,mixed,neutral,0.9078740157480322,hold,hold,0,200,
5691,2025-12-09 19:00:00+00:00,10.66,10.66,10.42,10.425,241357.0,pullback,mixed,neutral,0.7204724409448828,hold,hold,0,200,
5692,2025-12-09 19:15:00+00:00,10.4399,10.4399,10.17,10.27,208081.0,pullback,mixed,neutral,0.5984251968503937,hold,hold,0,200,
5693,2025-12-09 19:30:00+00:00,10.27,10.4,10.24,10.39,140567.0,pullback,mixed,neutral,0.6929133858267725,hold,hold,0,200,
5694,2025-12-09 19:45:00+00:00,10.3996,10.44,10.32,10.415,111401.0,pullback,mixed,neutral,0.6588785046728965,hold,hold,0,200,
5695,2025-12-09 20:00:00+00:00,10.42,10.455,10.34,10.375,124095.0,pullback,mixed,neutral,0.6105769230769234,hold,hold,0,200,
5696,2025-12-09 20:15:00+00:00,10.38,10.46,10.36,10.4,105196.0,pullback,mixed,neutral,0.6041666666666673,hold,hold,0,200,
5697,2025-12-09 20:30:00+00:00,10.39,10.425,10.32,10.365,91471.0,trend_late,mixed,neutral,0.46103896103896186,hold,hold,0,200,
5698,2025-12-09 20:45:00+00:00,10.365,10.375,10.31,10.355,119171.0,trend_late,mixed,neutral,0.44805194805194914,hold,hold,0,200,
5699,2025-12-09 21:00:00+00:00,10.35,10.38,10.285,10.32,301066.0,trend_late,mixed,neutral,0.3990855649902032,hold,hold,0,200,
5700,2025-12-10 14:30:00+00:00,10.08,10.08,9.74,9.765,337404.0,risk_rising,mixed,risk_on,0.0240384615384619,reduce,reduce,-200,0,9.765
5701,2025-12-10 14:45:00+00:00,9.7401,9.79,9.33,9.5312,1254466.0,risk_rising,mixed,risk_on,0.13875862068965528,hold,hold,0,0,
5702,2025-12-10 15:00:00+00:00,9.545,9.66,9.43,9.53,568307.0,risk_rising,mixed,risk_on,0.1379310344827582,hold,hold,0,0,
5703,2025-12-10 15:15:00+00:00,9.5412,9.57,9.42,9.42,364845.0,risk_rising,mixed,risk_on,0.06206896551724131,hold,hold,0,0,
5704,2025-12-10 15:30:00+00:00,9.4243,9.5,9.39,9.43,307170.0,risk_rising,mixed,risk_on,0.0689655172413791,hold,hold,0,0,
5705,2025-12-10 15:45:00+00:00,9.43,9.45,9.3,9.41,317093.0,risk_rising,mixed,risk_on,0.07432432432432401,hold,hold,0,0,
5706,2025-12-10 16:00:00+00:00,9.41,9.45,9.21,9.235,394613.0,risk_rising,mixed,risk_on,0.01592356687898,hold,hold,0,0,
5707,2025-12-10 16:15:00+00:00,9.23,9.2399,9.105,9.1483,378404.0,risk_rising,mixed,risk_on,0.025850746268656934,hold,hold,0,0,
5708,2025-12-10 16:30:00+00:00,9.145,9.21,9.12,9.165,317502.0,risk_rising,mixed,risk_on,0.03582089552238732,hold,hold,0,0,
5709,2025-12-10 16:45:00+00:00,9.1644,9.18,9.08,9.145,200016.0,risk_rising,mixed,risk_on,0.038235294117646784,hold,hold,0,0,
5710,2025-12-10 17:00:00+00:00,9.1498,9.3483,9.145,9.3314,206795.0,risk_rising,mixed,risk_on,0.1591139240506331,hold,hold,0,0,
5711,2025-12-10 17:15:00+00:00,9.35,9.38,9.17,9.21,138773.0,risk_rising,mixed,risk_on,0.09420289855072515,hold,hold,0,0,
5712,2025-12-10 17:30:00+00:00,9.2,9.2199,9.0901,9.111,126524.0,risk_rising,mixed,risk_on,0.022463768115942438,hold,hold,0,0,
5713,2025-12-10 17:45:00+00:00,9.1162,9.13,9.08,9.085,90951.0,risk_rising,mixed,risk_on,0.0036231884057976657,hold,hold,0,0,
5714,2025-12-10 18:00:00+00:00,9.0801,9.1798,9.01,9.12,221629.0,risk_rising,mixed,risk_on,0.0758620689655168,hold,hold,0,0,
5715,2025-12-10 18:15:00+00:00,9.11,9.2,9.1001,9.1801,110740.0,risk_rising,mixed,risk_on,0.11731034482758591,hold,hold,0,0,
5716,2025-12-10 18:30:00+00:00,9.18,9.19,9.13,9.17,96062.0,risk_rising,mixed,risk_on,0.11307420494699649,hold,hold,0,0,
5717,2025-12-10 18:45:00+00:00,9.175,9.1846,9.12,9.16,57954.0,range_accumulation,mixed,risk_on,0.1094890510948907,buy,buy,200,200,9.16
5718,2025-12-10 19:00:00+00:00,9.165,9.22,9.1,9.22,120752.0,range_accumulation,mixed,risk_on,0.15328467153284722,hold,hold,0,200,
5719,2025-12-10 19:15:00+00:00,9.2,9.46,9.1101,9.46,343742.0,range_neutral,mixed,risk_on,0.4205607476635523,hold,hold,0,200,
5720,2025-12-10 19:30:00+00:00,9.47,9.52,9.11,9.2637,381752.0,risk_rising,mixed,risk_on,0.32525641025641083,hold,hold,0,200,
5721,2025-12-10 19:45:00+00:00,9.26,9.41,9.1275,9.14,275686.0,risk_rising,mixed,risk_on,0.2000000000000011,hold,hold,0,200,
5722,2025-12-10 20:00:00+00:00,9.14,9.2587,9.0,9.1098,369211.0,risk_rising,mixed,risk_on,0.19263157894736815,hold,hold,0,200,
5723,2025-12-10 20:15:00+00:00,9.1,9.24,9.05,9.2,127608.0,range_neutral,mixed,risk_on,0.3846153846153836,hold,hold,0,200,
5724,2025-12-10 20:30:00+00:00,9.2,9.25,9.14,9.16,156599.0,pullback,mixed,risk_on,0.3076923076923082,hold,hold,0,200,
5725,2025-12-10 20:45:00+00:00,9.17,9.21,9.135,9.1745,195231.0,trend_late,mixed,risk_on,0.33557692307692355,hold,hold,0,200,
5726,2025-12-10 21:00:00+00:00,9.1727,9.1799,9.02,9.02,452228.0,trend_late,mixed,risk_on,0.03846153846153767,hold,hold,0,200,
5727,2025-12-11 14:30:00+00:00,8.87,8.905,8.64,8.7,142800.0,risk_rising,leading,risk_on,0.0681818181818168,reduce,reduce,-200,0,8.7
5728,2025-12-11 14:45:00+00:00,8.705,8.94,8.6001,8.88,321622.0,risk_rising,leading,risk_on,0.3042722035003819,hold,hold,0,0,
5729,2025-12-11 15:00:00+00:00,8.89,8.93,8.8011,8.81,189401.0,risk_rising,leading,risk_on,0.22817697575823573,hold,hold,0,0,
5730,2025-12-11 15:15:00+00:00,8.81,9.25,8.7,9.225,299166.0,risk_rising,leading,risk_on,0.6793129688009567,hold,hold,0,0,
5731,2025-12-11 15:30:00+00:00,9.2284,9.4306,9.15,9.1883,414877.0,range_neutral,leading,risk_on,0.639417327970432,hold,hold,0,0,
5732,2025-12-11 15:45:00+00:00,9.1883,9.28,9.07,9.12,162875.0,range_neutral,leading,risk_on,0.5651701271877375,hold,hold,0,0,
5733,2025-12-11 16:00:00+00:00,9.1,9.209,9.0412,9.1501,105934.0,risk_rising,leading,risk_on,0.5978910751168612,hold,hold,0,0,
5734,2025-12-11 16:15:00+00:00,9.1501,9.1501,9.02,9.03,87058.0,risk_rising,leading,risk_on,0.4673334058049787,hold,hold,0,0,
5735,2025-12-11 16:30:00+00:00,9.03,9.139,9.005,9.13,64814.0,risk_rising,leading,risk_on,0.5760408740080457,hold,hold,0,0,
5736,2025-12-11 16:45:00+00:00,9.1314,9.38,9.13,9.33,164533.0,range_distribution,leading,risk_on,0.793455810414176,hold,hold,0,0,
5737,2025-12-11 17:00:00+00:00,9.3365,9.58,9.3301,9.495,438230.0,range_distribution,leading,risk_on,0.9132564547402788,hold,hold,0,0,
5738,2025-12-11 17:15:00+00:00,9.495,9.52,9.3,9.4203,211291.0,pullback,leading,risk_on,0.8370241861414423,hold,hold,0,0,
5739,2025-12-11 17:30:00+00:00,9.43,9.44,9.37,9.423,113591.0,pullback,leading,risk_on,0.8397795693438107,buy,buy,200,200,9.423
5740,2025-12-11 17:45:00+00:00,9.4279,9.53,9.42,9.51,116639.0,pullback,leading,risk_on,0.9285641391978771,hold,hold,0,200,
5741,2025-12-11 18:00:00+00:00,9.5001,9.54,9.43,9.46,105820.0,pullback,leading,risk_on,0.8775385243392192,hold,hold,0,200,
5742,2025-12-11 18:15:00+00:00,9.48,9.55,9.46,9.49,127464.0,pullback,leading,risk_on,0.9081538932544139,hold,hold,0,200,
5743,2025-12-11 18:30:00+00:00,9.4842,9.55,9.475,9.49,89449.0,pullback,leading,risk_on,0.9081538932544139,hold,hold,0,200,
5744,2025-12-11 18:45:00+00:00,9.48,9.57,9.44,9.555,100920.0,pullback,leading,risk_on,0.9744871925706702,hold,hold,0,200,
5745,2025-12-11 19:00:00+00:00,9.555,9.5587,9.4823,9.535,75843.0,pullback,leading,risk_on,0.954076946627207,hold,hold,0,200,
5746,2025-12-11 19:15:00+00:00,9.535,9.56,9.4165,9.485,127650.0,pullback,leading,risk_on,0.9030513317685472,hold,hold,0,200,
5747,2025-12-11 19:30:00+00:00,9.48,9.59,9.46,9.56,104189.0,pullback,leading,risk_on,0.9696939084756042,hold,hold,0,200,
5748,2025-12-11 19:45:00+00:00,9.5503,9.59,9.52,9.52,64210.0,pullback,leading,risk_on,0.9213483146067413,hold,hold,0,200,
5749,2025-12-11 20:00:00+00:00,9.53,9.57,9.4641,9.49,108873.0,pullback,leading,risk_on,0.8876404494382027,hold,hold,0,200,
5750,2025-12-11 20:15:00+00:00,9.4883,9.55,9.48,9.5001,87061.0,trend_late,leading,risk_on,0.8463247863247859,hold,hold,0,200,
5751,2025-12-11 20:30:00+00:00,9.51,9.57,9.49,9.522,205341.0,pullback,leading,risk_on,0.8837606837606843,hold,hold,0,200,
5752,2025-12-11 20:45:00+00:00,9.5201,9.53,9.37,9.3834,166152.0,trend_late,leading,risk_on,0.6468376068376065,reduce,reduce,-200,0,9.3834
5753,2025-12-11 21:00:00+00:00,9.382,9.4,9.325,9.38,223126.0,trend_late,leading,risk_on,0.6410256410256421,hold,hold,0,0,
5754,2025-12-12 14:30:00+00:00,9.5,9.6595,9.4706,9.645,97533.0,pullback,mixed,neutral,0.9778456837280367,buy,buy,200,200,9.645
5755,2025-12-12 14:45:00+00:00,9.6599,9.98,9.5399,9.835,733209.0,pullback,mixed,neutral,0.8294117647058827,hold,hold,0,200,
5756,2025-12-12 15:00:00+00:00,9.84,9.865,9.59,9.7351,355729.0,pullback,mixed,neutral,0.6398529411764686,hold,hold,0,200,
5757,2025-12-12 15:15:00+00:00,9.73,9.78,9.6437,9.66,216590.0,pullback,mixed,neutral,0.5294117647058817,hold,hold,0,200,
5758,2025-12-12 15:30:00+00:00,9.65,9.8799,9.4301,9.525,430223.0,pullback,mixed,neutral,0.3053435114503828,hold,hold,0,200,
5759,2025-12-12 15:45:00+00:00,9.525,9.6699,9.47,9.6699,195661.0,pullback,mixed,neutral,0.5265648854961836,hold,hold,0,200,
5760,2025-12-12 16:00:00+00:00,9.6535,9.76,9.485,9.58,166009.0,pullback,mixed,neutral,0.3893129770992372,hold,hold,0,200,
5761,2025-12-12 16:15:00+00:00,9.5898,9.61,9.24,9.275,406427.0,trend_late,mixed,neutral,0.04729729729729747,hold,hold,0,200,
5762,2025-12-12 16:30:00+00:00,9.275,9.28,9.15,9.22,257736.0,trend_late,mixed,neutral,0.0843373493975907,hold,hold,0,200,
5763,2025-12-12 16:45:00+00:00,9.22,9.22,9.03,9.06,370420.0,trend_late,mixed,neutral,0.03157894736842221,hold,hold,0,200,
5764,2025-12-12 17:00:00+00:00,9.0639,9.13,9.01,9.0914,120248.0,risk_rising,mixed,neutral,0.0839175257731962,hold,hold,0,200,
5765,2025-12-12 17:15:00+00:00,9.0982,9.27,9.07,9.2528,141090.0,risk_rising,mixed,neutral,0.25030927835051614,hold,hold,0,200,
5766,2025-12-12 17:30:00+00:00,9.25,9.33,9.21,9.24,97158.0,risk_rising,mixed,neutral,0.23711340206185597,reduce,hold,0,200,
5767,2025-12-12 17:45:00+00:00,9.23,9.34,9.215,9.3,38710.0,risk_rising,mixed,neutral,0.2989690721649492,hold,hold,0,200,
5768,2025-12-12 18:00:00+00:00,9.29,9.376,9.28,9.325,74517.0,risk_rising,mixed,neutral,0.3247422680412364,hold,hold,0,200,
5769,2025-12-12 18:15:00+00:00,9.33,9.47,9.3,9.45,86921.0,risk_rising,mixed,neutral,0.4536082474226796,hold,hold,0,200,
5770,2025-12-12 18:30:00+00:00,9.448,9.51,9.431,9.49,109337.0,risk_rising,mixed,neutral,0.4948453608247424,hold,hold,0,200,
5771,2025-12-12 18:45:00+00:00,9.49,9.59,9.47,9.51,119099.0,range_neutral,mixed,neutral,0.5154639175257728,hold,hold,0,200,
5772,2025-12-12 19:00:00+00:00,9.5177,9.5765,9.45,9.5,117761.0,range_neutral,mixed,neutral,0.5051546391752576,hold,hold,0,200,
5773,2025-12-12 19:15:00+00:00,9.505,9.56,9.46,9.53,100489.0,range_neutral,mixed,neutral,0.5360824742268033,hold,hold,0,200,
5774,2025-12-12 19:30:00+00:00,9.525,9.55,9.47,9.545,54217.0,range_neutral,mixed,neutral,0.5515463917525771,hold,hold,0,200,
5775,2025-12-12 19:45:00+00:00,9.545,9.58,9.51,9.53,96301.0,pullback,mixed,neutral,0.5977698586044372,hold,hold,0,200,
5776,2025-12-12 20:00:00+00:00,9.53,9.615,9.52,9.56,107633.0,pullback,mixed,neutral,0.632256581216233,hold,hold,0,200,
5777,2025-12-12 20:15:00+00:00,9.56,9.59,9.44,9.45,149975.0,pullback,mixed,neutral,0.5058052649729852,hold,hold,0,200,
5778,2025-12-12 20:30:00+00:00,9.46,9.47,9.17,9.17,174662.0,trend_late,mixed,neutral,0.2133333333333335,hold,hold,0,200,
5779,2025-12-12 20:45:00+00:00,9.17,9.1706,9.03,9.1256,368926.0,trend_late,mixed,neutral,0.15413333333333412,hold,hold,0,200,
5780,2025-12-12 21:00:00+00:00,9.13,9.23,9.12,9.165,557805.0,trend_late,mixed,neutral,0.2561983471074368,hold,hold,0,200,
5781,2025-12-15 14:30:00+00:00,9.19,9.1903,8.91,8.91,333900.0,trend_late,weak,neutral,0.0,hold,hold,0,200,
5782,2025-12-15 14:45:00+00:00,8.91,9.07,8.49,8.6,817819.0,risk_rising,weak,neutral,0.09777777777777727,hold,hold,0,200,
5783,2025-12-15 15:00:00+00:00,8.61,8.64,8.35,8.355,581725.0,risk_rising,weak,neutral,0.003952569169961091,hold,hold,0,200,
5784,2025-12-15 15:15:00+00:00,8.342,8.55,8.23,8.44,373243.0,risk_rising,weak,neutral,0.15162454873646145,hold,hold,0,200,
5785,2025-12-15 15:30:00+00:00,8.43,8.4966,8.371,8.405,107701.0,risk_rising,weak,neutral,0.12635379061371765,hold,hold,0,200,
5786,2025-12-15 15:45:00+00:00,8.415,8.6,8.3862,8.58,147844.0,risk_rising,weak,neutral,0.2527075812274366,hold,hold,0,200,
5787,2025-12-15 16:00:00+00:00,8.5828,8.605,8.4,8.44,185237.0,risk_rising,weak,neutral,0.15162454873646145,hold,hold,0,200,
5788,2025-12-15 16:15:00+00:00,8.438,8.45,8.4,8.44,96750.0,risk_rising,weak,neutral,0.15162454873646145,hold,hold,0,200,
5789,2025-12-15 16:30:00+00:00,8.44,8.49,8.38,8.3831,104800.0,risk_rising,weak,neutral,0.11054151624548755,hold,hold,0,200,
5790,2025-12-15 16:45:00+00:00,8.38,8.3888,8.2571,8.3,142935.0,risk_rising,weak,neutral,0.050541516245487576,hold,hold,0,200,
5791,2025-12-15 17:00:00+00:00,8.28,8.3699,8.26,8.35,56141.0,risk_rising,weak,neutral,0.0866425992779778,hold,hold,0,200,
5792,2025-12-15 17:15:00+00:00,8.3571,8.365,8.31,8.31,113935.0,risk_rising,weak,neutral,0.05776173285198562,hold,hold,0,200,
5793,2025-12-15 17:30:00+00:00,8.3,8.36,8.3,8.36,33295.0,range_accumulation,weak,neutral,0.09386281588447583,hold,hold,0,200,
5794,2025-12-15 17:45:00+00:00,8.35,8.36,8.3175,8.353,206582.0,risk_rising,weak,neutral,0.08880866425992733,hold,hold,0,200,
5795,2025-12-15 18:00:00+00:00,8.35,8.36,8.26,8.27,38119.0,risk_rising,weak,neutral,0.02888086642599217,hold,hold,0,200,
5796,2025-12-15 18:15:00+00:00,8.28,8.2855,8.22,8.28,92235.0,risk_rising,weak,neutral,0.0437956204379553,hold,hold,0,200,
5797,2025-12-15 18:30:00+00:00,8.275,8.32,8.22,8.29,163482.0,risk_rising,weak,neutral,0.05599999999999881,hold,hold,0,200,
5798,2025-12-15 18:45:00+00:00,8.28,8.33,8.27,8.3099,71508.0,risk_rising,weak,neutral,0.08900990099009912,hold,hold,0,200,
5799,2025-12-15 19:00:00+00:00,8.3,8.42,8.295,8.3785,57843.0,risk_rising,weak,neutral,0.15693069306930704,hold,hold,0,200,
5800,2025-12-15 19:15:00+00:00,8.375,8.42,8.3412,8.3412,61485.0,range_accumulation,weak,neutral,0.12490982170462742,hold,hold,0,200,
5801,2025-12-15 19:30:00+00:00,8.345,8.45,8.34,8.44,58452.0,range_accumulation,weak,neutral,0.25882352941176345,hold,hold,0,200,
5802,2025-12-15 19:45:00+00:00,8.4414,8.45,8.4,8.4091,58974.0,range_neutral,weak,neutral,0.4502380952380949,hold,hold,0,200,
5803,2025-12-15 20:00:00+00:00,8.4,8.4051,8.365,8.381,42324.0,range_neutral,weak,neutral,0.4181818181818173,hold,hold,0,200,
5804,2025-12-15 20:15:00+00:00,8.38,8.41,8.35,8.38,52020.0,range_neutral,weak,neutral,0.41558441558441617,hold,hold,0,200,
5805,2025-12-15 20:30:00+00:00,8.38,8.38,8.31,8.32,78724.0,range_accumulation,weak,neutral,0.25974025974025894,hold,hold,0,200,
5806,2025-12-15 20:45:00+00:00,8.315,8.345,8.2635,8.2635,93823.0,trend_late,weak,neutral,0.11298701298701272,hold,hold,0,200,
5807,2025-12-15 21:00:00+00:00,8.26,8.26,8.14,8.14,458627.0,trend_late,weak,neutral,0.0,hold,hold,0,200,
5808,2025-12-16 14:30:00+00:00,8.07,8.08,7.92,8.0,284506.0,risk_rising,weak,neutral,0.1403508771929825,hold,hold,0,200,
5809,2025-12-16 14:45:00+00:00,7.9833,8.0799,7.812,7.965,387798.0,risk_rising,weak,neutral,0.23981191222570505,hold,hold,0,200,
5810,2025-12-16 15:00:00+00:00,7.9615,8.13,7.96,8.0325,247583.0,risk_rising,weak,neutral,0.3456112852664588,hold,hold,0,200,
5811,2025-12-16 15:15:00+00:00,8.03,8.0458,7.935,7.935,278493.0,risk_rising,weak,neutral,0.19278996865203687,hold,hold,0,200,
5812,2025-12-16 15:30:00+00:00,7.94,7.99,7.8501,7.965,353183.0,risk_rising,weak,neutral,0.23981191222570505,hold,hold,0,200,
5813,2025-12-16 15:45:00+00:00,7.95,8.04,7.9496,8.005,110904.0,risk_rising,weak,neutral,0.30250783699059686,hold,hold,0,200,
5814,2025-12-16 16:00:00+00:00,8.01,8.07,7.945,8.065,101911.0,risk_rising,weak,neutral,0.39655172413793044,hold,hold,0,200,
5815,2025-12-16 16:15:00+00:00,8.065,8.1,7.89,7.935,270033.0,risk_rising,weak,neutral,0.19278996865203687,hold,hold,0,200,
5816,2025-12-16 16:30:00+00:00,7.94,8.02,7.94,7.985,62630.0,risk_rising,weak,neutral,0.27115987460815094,hold,hold,0,200,
5817,2025-12-16 16:45:00+00:00,7.99,8.0,7.9,7.95,71736.0,risk_rising,weak,neutral,0.21630094043887166,hold,hold,0,200,
5818,2025-12-16 17:00:00+00:00,7.95,7.98,7.9,7.915,72882.0,risk_rising,weak,neutral,0.16144200626959235,hold,hold,0,200,
5819,2025-12-16 17:15:00+00:00,7.915,7.92,7.83,7.865,106277.0,risk_rising,weak,neutral,0.08307210031347965,hold,hold,0,200,
5820,2025-12-16 17:30:00+00:00,7.86,7.9,7.84,7.84,118288.0,risk_rising,weak,neutral,0.04388714733542261,hold,hold,0,200,
5821,2025-12-16 17:45:00+00:00,7.835,7.8499,7.73,7.745,207075.0,risk_rising,weak,neutral,0.020833333333332923,hold,hold,0,200,
5822,2025-12-16 18:00:00+00:00,7.745,7.76,7.71,7.7289,187041.0,risk_rising,weak,neutral,0.02700000000000051,hold,hold,0,200,
5823,2025-12-16 18:15:00+00:00,7.72,7.77,7.71,7.7655,151038.0,risk_rising,weak,neutral,0.07928571428571474,hold,hold,0,200,
5824,2025-12-16 18:30:00+00:00,7.76,7.7893,7.75,7.7856,58880.0,risk_rising,weak,neutral,0.11283582089552176,hold,hold,0,200,
5825,2025-12-16 18:45:00+00:00,7.7899,7.875,7.78,7.8725,108633.0,risk_rising,weak,neutral,0.2559055118110228,hold,hold,0,200,
5826,2025-12-16 19:00:00+00:00,7.8725,7.965,7.86,7.92,112038.0,risk_rising,weak,neutral,0.3818181818181819,hold,hold,0,200,
5827,2025-12-16 19:15:00+00:00,7.92,7.92,7.76,7.785,147250.0,risk_rising,weak,neutral,0.17857142857142866,hold,hold,0,200,
5828,2025-12-16 19:30:00+00:00,7.79,7.83,7.755,7.83,96749.0,risk_rising,weak,neutral,0.2857142857142854,hold,hold,0,200,
5829,2025-12-16 19:45:00+00:00,7.825,7.84,7.76,7.7946,112506.0,risk_rising,weak,neutral,0.20142857142857107,hold,hold,0,200,
5830,2025-12-16 20:00:00+00:00,7.8,7.84,7.7801,7.81,102766.0,risk_rising,weak,neutral,0.2564102564102557,hold,hold,0,200,
5831,2025-12-16 20:15:00+00:00,7.81,7.82,7.77,7.79,90295.0,range_accumulation,weak,neutral,0.20512820512820548,hold,hold,0,200,
5832,2025-12-16 20:30:00+00:00,7.7936,7.875,7.785,7.87,145792.0,range_neutral,weak,neutral,0.41025641025641096,hold,hold,0,200,
5833,2025-12-16 20:45:00+00:00,7.87,7.91,7.855,7.895,183883.0,range_neutral,weak,neutral,0.47435897435897373,hold,hold,0,200,
5834,2025-12-16 21:00:00+00:00,7.895,7.93,7.85,7.88,306787.0,range_neutral,weak,neutral,0.43589743589743607,hold,hold,0,200,
5835,2025-12-17 14:30:00+00:00,8.01,8.025,7.96,7.973,69288.0,pullback,weak,neutral,0.8349206349206336,buy,hold,0,200,
5836,2025-12-17 14:45:00+00:00,7.96,8.13,7.8,7.9,329262.0,trend_late,weak,neutral,0.45238095238095244,hold,hold,0,200,
5837,2025-12-17 15:00:00+00:00,7.92,7.925,7.6501,7.7,275347.0,trend_late,weak,neutral,0.10397999583246507,hold,hold,0,200,
5838,2025-12-17 15:15:00+00:00,7.71,7.8163,7.645,7.72,226886.0,trend_late,weak,neutral,0.15463917525773194,hold,hold,0,200,
5839,2025-12-17 15:30:00+00:00,7.71,7.76,7.62,7.72,213645.0,trend_late,weak,neutral,0.19607843137254807,hold,hold,0,200,
5840,2025-12-17 15:45:00+00:00,7.715,7.717,7.59,7.6,194965.0,trend_late,weak,neutral,0.01851851851851809,hold,hold,0,200,
5841,2025-12-17 16:00:00+00:00,7.605,7.6481,7.5498,7.55,194964.0,risk_rising,weak,neutral,0.00034470872112984095,hold,hold,0,200,
5842,2025-12-17 16:15:00+00:00,7.5558,7.62,7.52,7.54,92689.0,risk_rising,weak,neutral,0.032786885245902335,hold,hold,0,200,
5843,2025-12-17 16:30:00+00:00,7.555,7.57,7.5,7.525,236673.0,risk_rising,weak,neutral,0.039682539682540194,hold,hold,0,200,
5844,2025-12-17 16:45:00+00:00,7.5201,7.524,7.4501,7.495,209160.0,risk_rising,weak,neutral,0.06603912340050024,hold,hold,0,200,
5845,2025-12-17 17:00:00+00:00,7.49,7.52,7.42,7.52,144637.0,risk_rising,weak,neutral,0.14084507042253455,hold,hold,0,200,
5846,2025-12-17 17:15:00+00:00,7.52,7.53,7.47,7.505,81594.0,risk_rising,weak,neutral,0.11971830985915474,hold,hold,0,200,
5847,2025-12-17 17:30:00+00:00,7.5,7.55,7.5,7.54,81092.0,risk_rising,weak,neutral,0.1690140845070422,reduce,reduce,-200,0,7.54
5848,2025-12-17 17:45:00+00:00,7.5356,7.6,7.52,7.545,131757.0,risk_rising,weak,neutral,0.1760563380281688,hold,hold,0,0,
5849,2025-12-17 18:00:00+00:00,7.545,7.555,7.45,7.545,113126.0,risk_rising,weak,neutral,0.1760563380281688,hold,hold,0,0,
5850,2025-12-17 18:15:00+00:00,7.54,7.55,7.45,7.48,87255.0,risk_rising,weak,neutral,0.08450704225352172,hold,hold,0,0,
5851,2025-12-17 18:30:00+00:00,7.4896,7.4896,7.4,7.41,114660.0,risk_rising,weak,neutral,0.013698630136986,hold,hold,0,0,
5852,2025-12-17 18:45:00+00:00,7.42,7.43,7.365,7.39,116317.0,risk_rising,weak,neutral,0.032679738562090783,hold,hold,0,0,
5853,2025-12-17 19:00:00+00:00,7.38,7.4,7.33,7.38,79931.0,risk_rising,weak,neutral,0.06249999999999972,hold,hold,0,0,
5854,2025-12-17 19:15:00+00:00,7.38,7.3899,7.325,7.352,66752.0,risk_rising,weak,neutral,0.033540372670807596,hold,hold,0,0,
5855,2025-12-17 19:30:00+00:00,7.355,7.357,7.25,7.2901,248871.0,risk_rising,weak,neutral,0.045568181818181556,hold,hold,0,0,
5856,2025-12-17 19:45:00+00:00,7.29,7.29,7.23,7.25,122028.0,risk_rising,weak,neutral,0.0287769784172656,hold,hold,0,0,
5857,2025-12-17 20:00:00+00:00,7.255,7.309,7.23,7.28,122084.0,risk_rising,weak,neutral,0.0852805730854509,hold,hold,0,0,
5858,2025-12-17 20:15:00+00:00,7.285,7.31,7.225,7.265,172434.0,risk_rising,weak,neutral,0.07476635514018697,hold,hold,0,0,
5859,2025-12-17 20:30:00+00:00,7.265,7.29,7.2,7.24,232033.0,risk_rising,weak,neutral,0.07736943907156688,hold,hold,0,0,
5860,2025-12-17 20:45:00+00:00,7.2456,7.308,7.24,7.305,151466.0,risk_rising,weak,neutral,0.23432269582682325,hold,hold,0,0,
5861,2025-12-17 21:00:00+00:00,7.305,7.31,7.215,7.26,344097.0,risk_rising,weak,neutral,0.14285714285714196,hold,hold,0,0,
5862,2025-12-18 14:30:00+00:00,7.29,7.45,7.29,7.45,72508.0,range_neutral,weak,risk_on,0.6250000000000009,hold,hold,0,0,
5863,2025-12-18 14:45:00+00:00,7.425,7.6,7.41,7.48,416654.0,range_distribution,weak,risk_on,0.7000000000000015,hold,hold,0,0,
5864,2025-12-18 15:00:00+00:00,7.495,7.54,7.33,7.375,245375.0,range_neutral,weak,risk_on,0.43750000000000017,hold,hold,0,0,
5865,2025-12-18 15:15:00+00:00,7.37,7.39,7.13,7.24,221606.0,risk_rising,weak,risk_on,0.23404255319149017,hold,hold,0,0,
5866,2025-12-18 15:30:00+00:00,7.255,7.35,7.19,7.33,146718.0,range_neutral,weak,risk_on,0.42553191489361764,hold,hold,0,0,
5867,2025-12-18 15:45:00+00:00,7.3001,7.38,7.29,7.3312,123210.0,range_neutral,weak,risk_on,0.42808510638297903,hold,hold,0,0,
5868,2025-12-18 16:00:00+00:00,7.35,7.357,7.28,7.31,79920.0,range_neutral,weak,risk_on,0.38297872340425493,hold,hold,0,0,
5869,2025-12-18 16:15:00+00:00,7.31,7.37,7.27,7.32,147088.0,pullback,weak,risk_on,0.4042553191489372,buy,buy,200,200,7.32
5870,2025-12-18 16:30:00+00:00,7.315,7.32,7.23,7.2501,68719.0,trend_late,weak,risk_on,0.2555319148936169,hold,hold,0,200,
5871,2025-12-18 16:45:00+00:00,7.27,7.28,7.2425,7.2606,61573.0,pullback,weak,risk_on,0.27787234042553266,hold,hold,0,200,
5872,2025-12-18 17:00:00+00:00,7.26,7.29,7.235,7.2399,45337.0,trend_late,weak,risk_on,0.23382978723404196,hold,hold,0,200,
5873,2025-12-18 17:15:00+00:00,7.235,7.236,7.15,7.17,96748.0,risk_rising,weak,risk_on,0.08510638297872353,hold,hold,0,200,
5874,2025-12-18 17:30:00+00:00,7.1609,7.21,7.15,7.2,47895.0,risk_rising,weak,risk_on,0.14893617021276664,hold,hold,0,200,
5875,2025-12-18 17:45:00+00:00,7.206,7.2998,7.206,7.29,29033.0,range_accumulation,weak,risk_on,0.3404255319148941,hold,hold,0,200,
5876,2025-12-18 18:00:00+00:00,7.3,7.32,7.235,7.2938,56170.0,risk_rising,weak,risk_on,0.3485106382978729,hold,hold,0,200,
5877,2025-12-18 18:15:00+00:00,7.295,7.3099,7.2682,7.285,36118.0,risk_rising,weak,risk_on,0.3297872340425539,hold,hold,0,200,
5878,2025-12-18 18:30:00+00:00,7.285,7.3,7.265,7.28,31946.0,risk_rising,weak,risk_on,0.31914893617021367,hold,hold,0,200,
5879,2025-12-18 18:45:00+00:00,7.28,7.34,7.28,7.32,34080.0,range_neutral,weak,risk_on,0.4042553191489372,hold,hold,0,200,
5880,2025-12-18 19:00:00+00:00,7.32,7.34,7.29,7.32,18536.0,range_neutral,weak,risk_on,0.4042553191489372,hold,hold,0,200,
5881,2025-12-18 19:15:00+00:00,7.32,7.355,7.265,7.275,58734.0,range_accumulation,weak,risk_on,0.3085106382978735,hold,hold,0,200,
5882,2025-12-18 19:30:00+00:00,7.27,7.2966,7.23,7.27,43669.0,range_accumulation,weak,risk_on,0.2978723404255314,hold,hold,0,200,
5883,2025-12-18 19:45:00+00:00,7.27,7.28,7.23,7.23,31094.0,range_accumulation,weak,risk_on,0.24390243902439146,hold,hold,0,200,
5884,2025-12-18 20:00:00+00:00,7.225,7.26,7.16,7.1603,62317.0,trend_late,weak,risk_on,0.11653846153846331,reduce,reduce,-200,0,7.1603
5885,2025-12-18 20:15:00+00:00,7.175,7.28,7.1696,7.24,47751.0,risk_rising,weak,risk_on,0.39130434782608714,hold,hold,0,0,
5886,2025-12-18 20:30:00+00:00,7.24,7.24,7.19,7.2114,39524.0,risk_rising,weak,risk_on,0.26695652173913054,hold,hold,0,0,
5887,2025-12-18 20:45:00+00:00,7.21,7.22,7.195,7.21,54329.0,risk_rising,weak,risk_on,0.27272727272727126,hold,hold,0,0,
5888,2025-12-18 21:00:00+00:00,7.205,7.2382,7.15,7.1697,226941.0,risk_rising,weak,risk_on,0.08954545454545185,hold,hold,0,0,
5889,2025-12-19 14:30:00+00:00,7.25,7.28,7.21,7.265,105972.0,risk_rising,weak,risk_on,0.5609756097560941,hold,hold,0,0,
5890,2025-12-19 14:45:00+00:00,7.28,7.445,7.28,7.38,242731.0,range_distribution,weak,risk_on,0.7796610169491511,hold,hold,0,0,
5891,2025-12-19 15:00:00+00:00,7.38,7.42,7.3,7.3612,105820.0,range_distribution,weak,risk_on,0.7159322033898301,hold,hold,0,0,
5892,2025-12-19 15:15:00+00:00,7.37,7.39,7.29,7.365,114901.0,range_distribution,weak,risk_on,0.7288135593220336,hold,hold,0,0,
5893,2025-12-19 15:30:00+00:00,7.37,7.44,7.362,7.375,115082.0,range_distribution,weak,risk_on,0.7627118644067786,hold,hold,0,0,
5894,2025-12-19 15:45:00+00:00,7.375,7.41,7.3155,7.36,128821.0,pullback,weak,risk_on,0.7118644067796611,buy,hold,0,0,
5895,2025-12-19 16:00:00+00:00,7.35,7.4,7.32,7.3399,88191.0,pullback,weak,risk_on,0.6437288135593213,hold,hold,0,0,
5896,2025-12-19 16:15:00+00:00,7.34,7.415,7.28,7.375,130412.0,pullback,weak,risk_on,0.7627118644067786,hold,hold,0,0,
5897,2025-12-19 16:30:00+00:00,7.37,7.515,7.3601,7.5016,135295.0,pullback,weak,risk_on,0.9632876712328771,hold,hold,0,0,
5898,2025-12-19 16:45:00+00:00,7.5,7.53,7.46,7.46,118573.0,pullback,weak,risk_on,0.8157894736842097,hold,hold,0,0,
5899,2025-12-19 17:00:00+00:00,7.46,7.49,7.41,7.44,39645.0,pullback,weak,risk_on,0.7631578947368424,hold,hold,0,0,
5900,2025-12-19 17:15:00+00:00,7.4455,7.465,7.39,7.44,59555.0,pullback,weak,risk_on,0.7631578947368424,hold,hold,0,0,
5901,2025-12-19 17:30:00+00:00,7.43,7.46,7.43,7.44,28435.0,pullback,weak,risk_on,0.7631578947368424,hold,hold,0,0,
5902,2025-12-19 17:45:00+00:00,7.43,7.43,7.36,7.3644,44808.0,trend_late,weak,risk_on,0.5642105263157883,hold,hold,0,0,
5903,2025-12-19 18:00:00+00:00,7.3643,7.44,7.36,7.43,68436.0,pullback,weak,risk_on,0.7368421052631564,hold,hold,0,0,
5904,2025-12-19 18:15:00+00:00,7.4298,7.5,7.425,7.475,57114.0,pullback,weak,risk_on,0.8552631578947352,hold,hold,0,0,
5905,2025-12-19 18:30:00+00:00,7.47,7.4899,7.425,7.43,40404.0,pullback,weak,risk_on,0.7368421052631564,hold,hold,0,0,
5906,2025-12-19 18:45:00+00:00,7.44,7.4499,7.37,7.37,40163.0,trend_late,weak,risk_on,0.5789473684210521,reduce,hold,0,0,
5907,2025-12-19 19:00:00+00:00,7.38,7.45,7.375,7.45,46421.0,trend_late,weak,risk_on,0.7894736842105261,hold,hold,0,0,
5908,2025-12-19 19:15:00+00:00,7.445,7.465,7.43,7.43,55756.0,trend_late,weak,risk_on,0.6874999999999987,hold,hold,0,0,
5909,2025-12-19 19:30:00+00:00,7.43,7.47,7.41,7.44,55109.0,pullback,weak,risk_on,0.6400000000000006,hold,hold,0,0,
5910,2025-12-19 19:45:00+00:00,7.4539,7.4799,7.44,7.455,37418.0,pullback,weak,risk_on,0.6999999999999993,hold,hold,0,0,
5911,2025-12-19 20:00:00+00:00,7.458,7.47,7.44,7.46,38829.0,pullback,weak,risk_on,0.7199999999999989,hold,hold,0,0,
5912,2025-12-19 20:15:00+00:00,7.45,7.475,7.41,7.46,65324.0,pullback,weak,risk_on,0.7199999999999989,hold,hold,0,0,
5913,2025-12-19 20:30:00+00:00,7.46,7.58,7.46,7.55,109897.0,pullback,weak,risk_on,0.8999999999999991,hold,hold,0,0,
5914,2025-12-19 20:45:00+00:00,7.555,7.57,7.52,7.545,107185.0,pullback,weak,risk_on,0.8833333333333327,hold,hold,0,0,
5915,2025-12-19 21:00:00+00:00,7.5484,7.65,7.52,7.535,365830.0,pullback,weak,risk_on,0.6891891891891887,hold,hold,0,0,
5916,2025-12-22 14:30:00+00:00,7.63,7.65,7.54,7.54,78285.0,pullback,weak,risk_on,0.6206896551724127,buy,buy,200,200,7.54
5917,2025-12-22 14:45:00+00:00,7.54,8.17,7.54,8.16,1082534.0,pullback,weak,risk_on,0.9876543209876546,hold,hold,0,200,
5918,2025-12-22 15:00:00+00:00,8.16,8.27,8.03,8.14,683959.0,pullback,weak,risk_on,0.8571428571428581,hold,hold,0,200,
5919,2025-12-22 15:15:00+00:00,8.14,8.2,8.08,8.115,218582.0,pullback,weak,risk_on,0.8296703296703303,hold,hold,0,200,
5920,2025-12-22 15:30:00+00:00,8.1156,8.18,8.08,8.09,203830.0,pullback,weak,risk_on,0.8021978021978023,hold,hold,0,200,
5921,2025-12-22 15:45:00+00:00,8.09,8.18,8.0,8.16,330170.0,pullback,weak,risk_on,0.8791208791208797,hold,hold,0,200,
5922,2025-12-22 16:00:00+00:00,8.155,8.23,8.0385,8.19,236001.0,pullback,weak,risk_on,0.912087912087912,hold,hold,0,200,
5923,2025-12-22 16:15:00+00:00,8.18,8.38,8.167,8.28,510066.0,pullback,weak,risk_on,0.9009900990098997,hold,hold,0,200,
5924,2025-12-22 16:30:00+00:00,8.29,8.3329,8.23,8.255,146445.0,pullback,weak,risk_on,0.8762376237623763,hold,hold,0,200,
5925,2025-12-22 16:45:00+00:00,8.26,8.26,8.16,8.22,100812.0,pullback,weak,risk_on,0.8415841584158416,hold,hold,0,200,
5926,2025-12-22 17:00:00+00:00,8.22,8.27,8.16,8.2,136673.0,pullback,weak,risk_on,0.8208955223880584,hold,hold,0,200,
5927,2025-12-22 17:15:00+00:00,8.2,8.23,8.13,8.17,70990.0,pullback,weak,risk_on,0.7835051546391745,hold,hold,0,200,
5928,2025-12-22 17:30:00+00:00,8.16,8.18,8.1,8.13,55530.0,trend_late,weak,risk_on,0.7422680412371135,reduce,reduce,-200,0,8.13
5929,2025-12-22 17:45:00+00:00,8.13,8.135,8.04,8.13,88280.0,pullback,weak,risk_on,0.7422680412371135,hold,hold,0,0,
5930,2025-12-22 18:00:00+00:00,8.15,8.25,8.14,8.22,106015.0,pullback,weak,risk_on,0.8350515463917525,hold,hold,0,0,
5931,2025-12-22 18:15:00+00:00,8.2198,8.24,8.17,8.18,66211.0,pullback,weak,risk_on,0.7938144329896898,hold,hold,0,0,
5932,2025-12-22 18:30:00+00:00,8.185,8.19,8.07,8.15,52316.0,trend_late,weak,risk_on,0.7499999999999998,hold,hold,0,0,
5933,2025-12-22 18:45:00+00:00,8.14,8.18,8.115,8.16,63119.0,trend_late,weak,risk_on,0.7441860465116276,hold,hold,0,0,
5934,2025-12-22 19:00:00+00:00,8.1791,8.1791,8.1,8.147,28883.0,trend_late,weak,risk_on,0.7290697674418603,hold,hold,0,0,
5935,2025-12-22 19:15:00+00:00,8.1282,8.1573,8.09,8.1,24049.0,trend_late,weak,risk_on,0.6666666666666656,hold,hold,0,0,
5936,2025-12-22 19:30:00+00:00,8.097,8.2397,8.09,8.2275,37088.0,range_distribution,weak,risk_on,0.8184523809523792,hold,hold,0,0,
5937,2025-12-22 19:45:00+00:00,8.2244,8.23,8.19,8.21,41452.0,range_neutral,weak,risk_on,0.5526315789473695,hold,hold,0,0,
5938,2025-12-22 20:00:00+00:00,8.21,8.22,8.18,8.19,57546.0,range_neutral,weak,risk_on,0.49999999999999767,hold,hold,0,0,
5939,2025-12-22 20:15:00+00:00,8.195,8.23,8.17,8.17,54097.0,range_neutral,weak,risk_on,0.44736842105263047,hold,hold,0,0,
5940,2025-12-22 20:30:00+00:00,8.16,8.17,8.06,8.1,96688.0,risk_rising,weak,risk_on,0.26315789473684065,hold,hold,0,0,
5941,2025-12-22 20:45:00+00:00,8.1,8.14,8.085,8.125,70400.0,risk_rising,weak,risk_on,0.2532942898975085,hold,hold,0,0,
5942,2025-12-22 21:00:00+00:00,8.125,8.125,8.04,8.045,238449.0,risk_rising,weak,risk_on,0.014705882352943405,hold,hold,0,0,
5943,2025-12-23 14:30:00+00:00,8.26,8.26,8.05,8.115,189882.0,risk_rising,weak,risk_on,0.25606008876749997,hold,hold,0,0,
5944,2025-12-23 14:45:00+00:00,8.115,8.94,8.11,8.9,1464022.0,pullback,weak,risk_on,0.9555555555555565,buy,buy,200,200,8.9
5945,2025-12-23 15:00:00+00:00,8.9,9.11,8.56,8.6,1816593.0,pullback,weak,risk_on,0.5233644859813087,hold,hold,0,200,
5946,2025-12-23 15:15:00+00:00,8.6166,8.85,8.51,8.7802,588995.0,pullback,weak,risk_on,0.6917757009345806,hold,hold,0,200,
5947,2025-12-23 15:30:00+00:00,8.8,9.15,8.7946,8.87,990603.0,pullback,weak,risk_on,0.747747747747747,hold,hold,0,200,
5948,2025-12-23 15:45:00+00:00,8.86,8.9357,8.68,8.695,587774.0,pullback,weak,risk_on,0.5900900900900905,hold,hold,0,200,
5949,2025-12-23 16:00:00+00:00,8.7,8.74,8.41,8.59,785752.0,pullback,weak,risk_on,0.4954954954954956,hold,hold,0,200,
5950,2025-12-23 16:15:00+00:00,8.59,8.6,8.5,8.535,413613.0,pullback,weak,risk_on,0.44594594594594633,hold,hold,0,200,
5951,2025-12-23 16:30:00+00:00,8.53,8.69,8.48,8.5712,397536.0,pullback,weak,risk_on,0.47855855855855817,hold,hold,0,200,
5952,2025-12-23 16:45:00+00:00,8.58,8.61,8.44,8.57,351388.0,pullback,weak,risk_on,0.477477477477478,hold,hold,0,200,
5953,2025-12-23 17:00:00+00:00,8.57,8.6,8.43,8.48,114912.0,pullback,weak,risk_on,0.3963963963963971,hold,hold,0,200,
5954,2025-12-23 17:15:00+00:00,8.47,8.525,8.28,8.3,403734.0,trend_late,weak,risk_on,0.2342342342342354,hold,hold,0,200,
5955,2025-12-23 17:30:00+00:00,8.305,8.3399,8.26,8.2701,190111.0,trend_late,weak,risk_on,0.20729729729729723,hold,hold,0,200,
5956,2025-12-23 17:45:00+00:00,8.26,8.29,8.13,8.22,278954.0,trend_late,weak,risk_on,0.16216216216216334,reduce,hold,0,200,
5957,2025-12-23 18:00:00+00:00,8.22,8.275,8.15,8.17,78184.0,trend_late,weak,risk_on,0.1171171171171177,hold,hold,0,200,
5958,2025-12-23 18:15:00+00:00,8.17,8.24,8.15,8.23,107765.0,risk_rising,weak,risk_on,0.17117117117117214,hold,hold,0,200,
5959,2025-12-23 18:30:00+00:00,8.23,8.32,8.21,8.3,173229.0,risk_rising,weak,risk_on,0.2342342342342354,hold,hold,0,200,
5960,2025-12-23 18:45:00+00:00,8.31,8.34,8.28,8.3161,74101.0,risk_rising,weak,risk_on,0.24873873873873967,hold,hold,0,200,
5961,2025-12-23 19:00:00+00:00,8.31,8.345,8.27,8.29,64203.0,risk_rising,weak,risk_on,0.22522522522522498,hold,hold,0,200,
5962,2025-12-23 19:15:00+00:00,8.29,8.35,8.27,8.33,61491.0,risk_rising,weak,risk_on,0.254545454545454,hold,hold,0,200,
5963,2025-12-23 19:30:00+00:00,8.32,8.32,8.18,8.24,175103.0,risk_rising,weak,risk_on,0.12500000000000064,hold,hold,0,200,
5964,2025-12-23 19:45:00+00:00,8.24,8.29,8.2,8.2,82329.0,risk_rising,weak,risk_on,0.06862745098039072,hold,hold,0,200,
5965,2025-12-23 20:00:00+00:00,8.19,8.22,8.16,8.21,79769.0,risk_rising,weak,risk_on,0.0784313725490197,hold,hold,0,200,
5966,2025-12-23 20:15:00+00:00,8.22,8.34,8.205,8.31,83416.0,range_accumulation,weak,risk_on,0.1764705882352939,hold,hold,0,200,
5967,2025-12-23 20:30:00+00:00,8.3,8.32,8.24,8.27,124903.0,range_accumulation,weak,risk_on,0.17376194613379523,hold,hold,0,200,
5968,2025-12-23 20:45:00+00:00,8.26,8.2728,8.2,8.23,103558.0,range_accumulation,weak,risk_on,0.16393442622950777,hold,hold,0,200,
5969,2025-12-23 21:00:00+00:00,8.235,8.24,8.05,8.08,484872.0,risk_rising,weak,risk_on,0.04687499999999909,hold,hold,0,200,
5970,2025-12-24 14:30:00+00:00,8.12,8.135,7.92,7.93,189744.0,risk_rising,weak,risk_on,0.012987012987012717,hold,hold,0,200,
5971,2025-12-24 14:45:00+00:00,7.965,8.42,7.9317,8.265,498737.0,risk_rising,weak,risk_on,0.5000000000000013,hold,hold,0,200,
5972,2025-12-24 15:00:00+00:00,8.265,8.5,8.19,8.37,606624.0,range_distribution,weak,risk_on,0.6617647058823521,hold,hold,0,200,
5973,2025-12-24 15:15:00+00:00,8.365,8.38,8.1501,8.2,224648.0,risk_rising,weak,risk_on,0.4628099173553705,hold,hold,0,200,
5974,2025-12-24 15:30:00+00:00,8.2193,8.23,8.0607,8.18,245203.0,risk_rising,weak,risk_on,0.4482758620689651,hold,hold,0,200,
5975,2025-12-24 15:45:00+00:00,8.17,8.28,8.1614,8.22,116671.0,range_neutral,weak,risk_on,0.517241379310346,hold,hold,0,200,
5976,2025-12-24 16:00:00+00:00,8.225,8.235,8.17,8.19,51605.0,risk_rising,weak,risk_on,0.46551724137930955,hold,hold,0,200,
5977,2025-12-24 16:15:00+00:00,8.18,8.22,8.11,8.11,134190.0,risk_rising,weak,risk_on,0.3275862068965508,hold,hold,0,200,
5978,2025-12-24 16:30:00+00:00,8.12,8.18,8.1,8.13,113266.0,risk_rising,weak,risk_on,0.3620689655172428,hold,hold,0,200,
5979,2025-12-24 16:45:00+00:00,8.13,8.14,8.02,8.03,135285.0,risk_rising,weak,risk_on,0.1896551724137921,hold,hold,0,200,
5980,2025-12-24 17:00:00+00:00,8.03,8.03,7.97,8.01,164814.0,range_accumulation,weak,risk_on,0.15517241379310318,hold,hold,0,200,
5981,2025-12-24 17:15:00+00:00,8.02,8.22,8.02,8.19,317498.0,risk_rising,weak,risk_on,0.46551724137930955,hold,hold,0,200,
5982,2025-12-24 17:30:00+00:00,8.2,8.275,8.16,8.2599,196722.0,risk_rising,weak,risk_on,0.5860344827586208,hold,hold,0,200,
5983,2025-12-24 17:45:00+00:00,8.255,8.32,8.225,8.265,120158.0,range_neutral,weak,risk_on,0.5948275862068976,hold,hold,0,200,
5984,2025-12-24 18:00:00+00:00,8.27,8.27,8.185,8.25,158140.0,range_neutral,weak,risk_on,0.5689655172413793,hold,hold,0,200,
5985,2025-12-26 14:30:00+00:00,8.31,8.32,8.07,8.09,160670.0,risk_rising,weak,neutral,0.29310344827586193,hold,hold,0,200,
5986,2025-12-26 14:45:00+00:00,8.1096,8.2119,7.77,7.81,519339.0,risk_rising,weak,neutral,0.05479452054794522,hold,hold,0,200,
5987,2025-12-26 15:00:00+00:00,7.82,7.85,7.75,7.78,382662.0,risk_rising,weak,neutral,0.040000000000000334,hold,hold,0,200,
5988,2025-12-26 15:15:00+00:00,7.78,7.82,7.66,7.6675,325493.0,risk_rising,weak,neutral,0.008928571428571768,hold,hold,0,200,
5989,2025-12-26 15:30:00+00:00,7.67,7.87,7.67,7.84,257384.0,risk_rising,weak,neutral,0.214285714285714,hold,hold,0,200,
5990,2025-12-26 15:45:00+00:00,7.85,7.86,7.81,7.81,144750.0,risk_rising,weak,neutral,0.17857142857142796,hold,hold,0,200,
5991,2025-12-26 16:00:00+00:00,7.81,7.86,7.78,7.85,147672.0,risk_rising,weak,neutral,0.22619047619047564,hold,hold,0,200,
5992,2025-12-26 16:15:00+00:00,7.8401,7.87,7.82,7.8348,88904.0,risk_rising,weak,neutral,0.24277777777777795,hold,hold,0,200,
5993,2025-12-26 16:30:00+00:00,7.84,7.9,7.8273,7.86,87078.0,risk_rising,weak,neutral,0.30303030303030326,hold,hold,0,200,
5994,2025-12-26 16:45:00+00:00,7.86,7.96,7.8334,7.93,47980.0,risk_rising,weak,neutral,0.40909090909090834,hold,hold,0,200,
5995,2025-12-26 17:00:00+00:00,7.93,7.98,7.91,7.941,74181.0,risk_rising,weak,neutral,0.4257575757575752,hold,hold,0,200,
5996,2025-12-26 17:15:00+00:00,7.94,7.9513,7.91,7.9133,70783.0,range_neutral,weak,neutral,0.38378787878787785,hold,hold,0,200,
5997,2025-12-26 17:30:00+00:00,7.92,7.97,7.9,7.97,70608.0,range_neutral,weak,neutral,0.469696969696969,hold,hold,0,200,
5998,2025-12-26 17:45:00+00:00,7.965,8.015,7.92,7.925,104550.0,range_neutral,weak,neutral,0.40151515151515094,hold,hold,0,200,
5999,2025-12-26 18:00:00+00:00,7.925,7.9599,7.91,7.91,60592.0,range_neutral,weak,neutral,0.37878787878787873,hold,hold,0,200,
6000,2025-12-26 18:15:00+00:00,7.91,7.93,7.8902,7.895,55768.0,range_neutral,weak,neutral,0.35606060606060513,hold,hold,0,200,
6001,2025-12-26 18:30:00+00:00,7.8929,7.915,7.85,7.85,50561.0,range_accumulation,weak,neutral,0.28787878787878707,hold,hold,0,200,
6002,2025-12-26 18:45:00+00:00,7.85,7.85,7.8,7.8205,86269.0,risk_rising,weak,neutral,0.24318181818181792,hold,hold,0,200,
6003,2025-12-26 19:00:00+00:00,7.825,7.84,7.8,7.805,49753.0,trend_late,weak,neutral,0.219696969696969,hold,hold,0,200,
6004,2025-12-26 19:15:00+00:00,7.8044,7.86,7.8,7.84,35831.0,trend_late,weak,neutral,0.27272727272727226,hold,hold,0,200,
6005,2025-12-26 19:30:00+00:00,7.83,7.8499,7.75,7.755,50810.0,trend_late,weak,neutral,0.17213263272331905,hold,hold,0,200,
6006,2025-12-26 19:45:00+00:00,7.75,7.8077,7.74,7.79,60152.0,trend_late,weak,neutral,0.3661971830985908,hold,hold,0,200,
6007,2025-12-26 20:00:00+00:00,7.79,7.82,7.745,7.745,38945.0,risk_rising,weak,neutral,0.23943661971830948,hold,hold,0,200,
6008,2025-12-26 20:15:00+00:00,7.745,7.8,7.74,7.761,50942.0,risk_rising,weak,neutral,0.26376811594202904,hold,hold,0,200,
6009,2025-12-26 20:30:00+00:00,7.765,7.765,7.7414,7.7414,35891.0,risk_rising,weak,neutral,0.005090909090906909,hold,hold,0,200,
6010,2025-12-26 20:45:00+00:00,7.745,7.745,7.68,7.715,141648.0,risk_rising,weak,neutral,0.10447761194029867,hold,hold,0,200,
6011,2025-12-26 21:00:00+00:00,7.715,7.75,7.68,7.74,215113.0,risk_rising,weak,neutral,0.17910447761194132,hold,hold,0,200,
6012,2025-12-29 14:30:00+00:00,7.445,7.49,7.37,7.41,101945.0,risk_rising,weak,neutral,0.062015503875969005,hold,hold,0,200,
6013,2025-12-29 14:45:00+00:00,7.43,7.79,7.43,7.675,470339.0,risk_rising,weak,neutral,0.4728682170542628,hold,hold,0,200,
6014,2025-12-29 15:00:00+00:00,7.6793,7.68,7.4928,7.5,238734.0,risk_rising,weak,neutral,0.20155038759689892,hold,hold,0,200,
6015,2025-12-29 15:15:00+00:00,7.5001,7.5001,7.4,7.44,164757.0,risk_rising,weak,neutral,0.1085271317829461,hold,hold,0,200,
6016,2025-12-29 15:30:00+00:00,7.44,7.45,7.33,7.35,196350.0,risk_rising,weak,neutral,0.02919708029197016,hold,hold,0,200,
6017,2025-12-29 15:45:00+00:00,7.3457,7.39,7.32,7.37,157289.0,risk_rising,weak,neutral,0.07194244604316519,hold,hold,0,200,
6018,2025-12-29 16:00:00+00:00,7.375,7.41,7.33,7.395,171169.0,risk_rising,weak,neutral,0.11720581340834396,hold,hold,0,200,
6019,2025-12-29 16:15:00+00:00,7.4,7.47,7.38,7.41,67113.0,risk_rising,weak,neutral,0.1475409836065573,hold,hold,0,200,
6020,2025-12-29 16:30:00+00:00,7.4,7.41,7.32,7.35,104884.0,risk_rising,weak,neutral,0.05042016806722584,hold,hold,0,200,
6021,2025-12-29 16:45:00+00:00,7.345,7.38,7.33,7.37,67365.0,risk_rising,weak,neutral,0.09259259259259225,hold,hold,0,200,
6022,2025-12-29 17:00:00+00:00,7.38,7.38,7.32,7.325,81803.0,risk_rising,weak,neutral,0.009259259259259061,hold,hold,0,200,
6023,2025-12-29 17:15:00+00:00,7.33,7.34,7.3,7.3101,126786.0,risk_rising,weak,neutral,0.01803571428571506,hold,hold,0,200,
6024,2025-12-29 17:30:00+00:00,7.3101,7.33,7.31,7.32,31803.0,risk_rising,weak,neutral,0.03637024913620742,hold,hold,0,200,
6025,2025-12-29 17:45:00+00:00,7.317,7.33,7.28,7.29,150450.0,risk_rising,weak,neutral,0.018518518518518122,hold,hold,0,200,
6026,2025-12-29 18:00:00+00:00,7.3,7.31,7.28,7.295,180056.0,risk_rising,weak,neutral,0.027777777777777183,hold,hold,0,200,
6027,2025-12-29 18:15:00+00:00,7.2956,7.31,7.275,7.285,62527.0,risk_rising,weak,neutral,0.01904761904761866,hold,hold,0,200,
6028,2025-12-29 18:30:00+00:00,7.29,7.315,7.27,7.27,56919.0,risk_rising,weak,neutral,0.0,hold,hold,0,200,
6029,2025-12-29 18:45:00+00:00,7.275,7.31,7.2301,7.245,110713.0,risk_rising,weak,neutral,0.026611894981246505,hold,hold,0,200,
6030,2025-12-29 19:00:00+00:00,7.24,7.25,7.22,7.235,93698.0,risk_rising,weak,neutral,0.026315789473685194,hold,hold,0,200,
6031,2025-12-29 19:15:00+00:00,7.2365,7.24,7.21,7.221,78648.0,risk_rising,weak,neutral,0.018965517241379515,hold,hold,0,200,
6032,2025-12-29 19:30:00+00:00,7.225,7.265,7.21,7.225,113285.0,risk_rising,weak,neutral,0.025862068965516686,hold,hold,0,200,
6033,2025-12-29 19:45:00+00:00,7.225,7.24,7.195,7.2,196294.0,risk_rising,weak,neutral,0.010309278350515256,hold,hold,0,200,
6034,2025-12-29 20:00:00+00:00,7.2,7.22,7.19,7.205,61937.0,risk_rising,weak,neutral,0.048371493066751724,hold,hold,0,200,
6035,2025-12-29 20:15:00+00:00,7.205,7.255,7.2,7.255,93950.0,risk_rising,weak,neutral,0.2321428571428559,hold,hold,0,200,
6036,2025-12-29 20:30:00+00:00,7.2501,7.2572,7.2,7.205,117356.0,risk_rising,weak,neutral,0.05357142857142755,hold,hold,0,200,
6037,2025-12-29 20:45:00+00:00,7.21,7.21,7.17,7.185,153127.0,risk_rising,weak,neutral,0.04999999999999896,hold,hold,0,200,
6038,2025-12-29 21:00:00+00:00,7.185,7.28,7.125,7.27,426485.0,risk_rising,weak,neutral,0.42028985507246286,hold,hold,0,200,
6039,2025-12-30 14:30:00+00:00,7.31,7.35,7.28,7.29,48382.0,range_neutral,weak,neutral,0.5789473684210524,hold,hold,0,200,
6040,2025-12-30 14:45:00+00:00,7.3,7.3799,7.18,7.1806,180895.0,risk_rising,weak,neutral,0.21803921568627496,hold,hold,0,200,
6041,2025-12-30 15:00:00+00:00,7.18,7.28,7.16,7.2302,154248.0,range_neutral,weak,neutral,0.4125490196078431,hold,hold,0,200,
6042,2025-12-30 15:15:00+00:00,7.2323,7.2323,7.12,7.158,169111.0,risk_rising,weak,neutral,0.14621008080030878,hold,hold,0,200,
6043,2025-12-30 15:30:00+00:00,7.158,7.18,7.07,7.075,196571.0,risk_rising,weak,neutral,0.01613423685059663,hold,hold,0,200,
6044,2025-12-30 15:45:00+00:00,7.072,7.13,7.05,7.1,223784.0,risk_rising,weak,neutral,0.15156107911488262,hold,hold,0,200,
6045,2025-12-30 16:00:00+00:00,7.1,7.14,7.088,7.12,58231.0,risk_rising,weak,neutral,0.21218551076083728,hold,hold,0,200,
6046,2025-12-30 16:15:00+00:00,7.125,7.14,7.0868,7.13,74675.0,risk_rising,weak,neutral,0.24249772658381327,hold,hold,0,200,
6047,2025-12-30 16:30:00+00:00,7.13,7.185,7.125,7.16,75190.0,risk_rising,weak,neutral,0.3334343740527439,hold,hold,0,200,
6048,2025-12-30 16:45:00+00:00,7.1616,7.17,7.1119,7.13,62971.0,risk_rising,weak,neutral,0.24249772658381327,hold,hold,0,200,
6049,2025-12-30 17:00:00+00:00,7.13,7.165,7.1201,7.145,48748.0,risk_rising,weak,neutral,0.28796605031827727,hold,hold,0,200,
6050,2025-12-30 17:15:00+00:00,7.145,7.16,7.12,7.135,70240.0,risk_rising,weak,neutral,0.25765383449530127,hold,hold,0,200,
6051,2025-12-30 17:30:00+00:00,7.135,7.16,7.125,7.14,39072.0,risk_rising,weak,neutral,0.27280994240678924,hold,hold,0,200,
6052,2025-12-30 17:45:00+00:00,7.14,7.16,7.075,7.075,86321.0,risk_rising,weak,neutral,0.07578053955744266,hold,hold,0,200,
6053,2025-12-30 18:00:00+00:00,7.075,7.095,7.06,7.06,90090.0,risk_rising,weak,neutral,0.030312215822975986,hold,hold,0,200,
6054,2025-12-30 18:15:00+00:00,7.0607,7.09,7.05,7.075,93963.0,risk_rising,weak,neutral,0.07578053955744266,hold,hold,0,200,
6055,2025-12-30 18:30:00+00:00,7.075,7.08,7.02,7.0345,115698.0,risk_rising,weak,neutral,0.04028896915810176,hold,hold,0,200,
6056,2025-12-30 18:45:00+00:00,7.0342,7.05,7.02,7.05,56142.0,risk_rising,weak,neutral,0.08335648791330981,hold,hold,0,200,
6057,2025-12-30 19:00:00+00:00,7.0531,7.06,7.025,7.05,74161.0,risk_rising,weak,neutral,0.08335648791330981,hold,hold,0,200,
6058,2025-12-30 19:15:00+00:00,7.0403,7.05,7.0,7.005,125798.0,risk_rising,weak,neutral,0.013161358252171339,hold,hold,0,200,
6059,2025-12-30 19:30:00+00:00,7.005,7.03,6.99,7.025,146507.0,risk_rising,weak,neutral,0.0897666068222625,hold,hold,0,200,
6060,2025-12-30 19:45:00+00:00,7.03,7.055,7.02,7.02,52120.0,risk_rising,weak,neutral,0.10344827586206674,hold,hold,0,200,
6061,2025-12-30 20:00:00+00:00,7.02,7.02,6.97,6.98,179497.0,risk_rising,weak,neutral,0.03812428516965555,hold,hold,0,200,
6062,2025-12-30 20:15:00+00:00,6.98,7.02,6.98,6.995,88136.0,risk_rising,weak,neutral,0.1162790697674436,hold,hold,0,200,
6063,2025-12-30 20:30:00+00:00,6.995,7.03,6.995,7.0,109955.0,risk_rising,weak,neutral,0.13953488372093148,hold,hold,0,200,
6064,2025-12-30 20:45:00+00:00,6.995,7.0,6.935,6.945,188900.0,risk_rising,weak,neutral,0.0400000000000027,hold,hold,0,200,
6065,2025-12-30 21:00:00+00:00,6.94,6.95,6.9,6.905,352239.0,risk_rising,weak,neutral,0.01754385964912248,hold,hold,0,200,
6066,2025-12-31 14:30:00+00:00,6.88,6.915,6.88,6.91,54296.0,risk_rising,weak,neutral,0.09836065573770582,hold,hold,0,200,
6067,2025-12-31 14:45:00+00:00,6.91,6.96,6.825,6.8758,202552.0,risk_rising,weak,neutral,0.14724637681159353,hold,hold,0,200,
6068,2025-12-31 15:00:00+00:00,6.88,6.95,6.83,6.88,119489.0,risk_rising,weak,neutral,0.16176470588235217,hold,hold,0,200,
6069,2025-12-31 15:15:00+00:00,6.88,6.895,6.85,6.87,148775.0,risk_rising,weak,neutral,0.13432835820895503,hold,hold,0,200,
6070,2025-12-31 15:30:00+00:00,6.87,6.93,6.84,6.892,174107.0,risk_rising,weak,neutral,0.20000000000000054,hold,hold,0,200,
6071,2025-12-31 15:45:00+00:00,6.89,6.942,6.8801,6.9293,96047.0,risk_rising,weak,neutral,0.3113432835820878,hold,hold,0,200,
6072,2025-12-31 16:00:00+00:00,6.9247,6.955,6.905,6.95,95519.0,risk_rising,weak,neutral,0.4629629629629637,hold,hold,0,200,
6073,2025-12-31 16:15:00+00:00,6.9483,6.97,6.872,6.875,180944.0,risk_rising,weak,neutral,0.18867924528301844,hold,hold,0,200,
6074,2025-12-31 16:30:00+00:00,6.875,6.92,6.87,6.885,120226.0,risk_rising,weak,neutral,0.23529411764705738,hold,hold,0,200,
6075,2025-12-31 16:45:00+00:00,6.8806,6.89,6.86,6.865,83497.0,risk_rising,weak,neutral,0.17021276595744736,hold,hold,0,200,
6076,2025-12-31 17:00:00+00:00,6.8699,6.92,6.8699,6.885,77176.0,risk_rising,weak,neutral,0.2553191489361692,hold,hold,0,200,
6077,2025-12-31 17:15:00+00:00,6.8836,6.925,6.88,6.925,39742.0,range_neutral,weak,neutral,0.4347826086956515,hold,hold,0,200,
6078,2025-12-31 17:30:00+00:00,6.93,6.94,6.915,6.915,51828.0,range_neutral,weak,neutral,0.39130434782608714,hold,hold,0,200,
6079,2025-12-31 17:45:00+00:00,6.915,6.955,6.9,6.9236,113919.0,range_neutral,weak,neutral,0.428695652173915,hold,hold,0,200,
6080,2025-12-31 18:00:00+00:00,6.9226,6.925,6.885,6.8902,105295.0,risk_rising,weak,neutral,0.3180487804878044,hold,hold,0,200,
6081,2025-12-31 18:15:00+00:00,6.895,6.9259,6.8845,6.915,47992.0,risk_rising,weak,neutral,0.4390243902439016,hold,hold,0,200,
6082,2025-12-31 18:30:00+00:00,6.92,6.92,6.88,6.8801,53333.0,risk_rising,weak,neutral,0.26878048780487546,hold,hold,0,200,
6083,2025-12-31 18:45:00+00:00,6.885,6.9,6.87,6.8707,39587.0,risk_rising,weak,neutral,0.26114285714285784,hold,hold,0,200,
6084,2025-12-31 19:00:00+00:00,6.88,6.89,6.86,6.89,92903.0,range_neutral,weak,neutral,0.4482758620689634,hold,hold,0,200,
6085,2025-12-31 19:15:00+00:00,6.885,6.89,6.83,6.84,123637.0,trend_late,weak,neutral,0.10344827586206706,hold,hold,0,200,
6086,2025-12-31 19:30:00+00:00,6.8307,6.839,6.785,6.785,258062.0,risk_rising,weak,neutral,0.0,hold,hold,0,200,
6087,2025-12-31 19:45:00+00:00,6.79,6.81,6.77,6.8,126234.0,risk_rising,weak,neutral,0.1500000000000011,hold,hold,0,200,
6088,2025-12-31 20:00:00+00:00,6.805,6.82,6.775,6.775,129031.0,risk_rising,weak,neutral,0.025000000000003887,hold,hold,0,200,
6089,2025-12-31 20:15:00+00:00,6.775,6.81,6.75,6.795,170204.0,risk_rising,weak,neutral,0.20454545454545445,hold,hold,0,200,
6090,2025-12-31 20:30:00+00:00,6.8,6.825,6.79,6.82,85697.0,risk_rising,weak,neutral,0.31818181818181984,hold,hold,0,200,
6091,2025-12-31 20:45:00+00:00,6.83,6.855,6.8007,6.85,144288.0,risk_rising,weak,neutral,0.4545454545454534,hold,hold,0,200,
6092,2025-12-31 21:00:00+00:00,6.855,6.94,6.83,6.92,338948.0,range_distribution,weak,neutral,0.7727272727272733,hold,hold,0,200,
6093,2026-01-02 14:30:00+00:00,7.1,7.3,7.09,7.29,105669.0,range_distribution,weak,risk_on,0.9818181818181821,hold,hold,0,200,
6094,2026-01-02 14:45:00+00:00,7.29,7.64,7.19,7.584,552609.0,pullback,weak,risk_on,0.9370786516853932,buy,hold,0,200,
6095,2026-01-02 15:00:00+00:00,7.575,7.9,7.57,7.83,899459.0,pullback,weak,risk_on,0.9391304347826085,hold,hold,0,200,
6096,2026-01-02 15:15:00+00:00,7.82,7.93,7.6402,7.7,465860.0,pullback,weak,risk_on,0.8050847457627122,hold,hold,0,200,
6097,2026-01-02 15:30:00+00:00,7.695,7.88,7.67,7.81,268957.0,pullback,weak,risk_on,0.8983050847457626,hold,hold,0,200,
6098,2026-01-02 15:45:00+00:00,7.81,8.0,7.81,7.96,418659.0,pullback,weak,risk_on,0.968,hold,hold,0,200,
6099,2026-01-02 16:00:00+00:00,7.95,8.215,7.9267,8.15,649855.0,pullback,weak,risk_on,0.9556313993174065,hold,hold,0,200,
6100,2026-01-02 16:15:00+00:00,8.14,8.23,8.04,8.215,347203.0,pullback,weak,risk_on,0.9898648648648645,hold,hold,0,200,
6101,2026-01-02 16:30:00+00:00,8.22,8.225,8.115,8.17,228377.0,pullback,weak,risk_on,0.9594594594594591,hold,hold,0,200,
6102,2026-01-02 16:45:00+00:00,8.1791,8.191,8.0809,8.19,163081.0,pullback,weak,risk_on,0.9729729729729724,hold,hold,0,200,
6103,2026-01-02 17:00:00+00:00,8.1991,8.21,8.13,8.18,134539.0,pullback,weak,risk_on,0.9662162162162158,hold,hold,0,200,
6104,2026-01-02 17:15:00+00:00,8.1824,8.2,8.11,8.1785,236985.0,pullback,weak,risk_on,0.9652027027027021,hold,hold,0,200,
6105,2026-01-02 17:30:00+00:00,8.1755,8.25,8.17,8.1757,276289.0,pullback,weak,risk_on,0.9504666666666672,hold,hold,0,200,
6106,2026-01-02 17:45:00+00:00,8.1793,8.205,8.06,8.11,323662.0,pullback,weak,risk_on,0.9066666666666663,hold,hold,0,200,
6107,2026-01-02 18:00:00+00:00,8.105,8.1399,8.02,8.025,205672.0,pullback,weak,risk_on,0.8500000000000002,hold,hold,0,200,
6108,2026-01-02 18:15:00+00:00,8.0201,8.035,7.94,8.02,209018.0,pullback,weak,risk_on,0.8466666666666663,hold,hold,0,200,
6109,2026-01-02 18:30:00+00:00,8.02,8.17,8.02,8.165,140371.0,pullback,weak,risk_on,0.9417808219178077,hold,hold,0,200,
6110,2026-01-02 18:45:00+00:00,8.165,8.225,8.12,8.21,108002.0,trend_late,weak,risk_on,0.9724004691920243,reduce,hold,0,200,
6111,2026-01-02 19:00:00+00:00,8.22,8.33,8.18,8.3144,254125.0,pullback,weak,risk_on,0.9895999999999994,hold,hold,0,200,
6112,2026-01-02 19:15:00+00:00,8.315,8.45,8.3101,8.415,300732.0,pullback,weak,risk_on,0.9742647058823528,hold,hold,0,200,
6113,2026-01-02 19:30:00+00:00,8.42,8.48,8.34,8.37,335551.0,pullback,weak,risk_on,0.9147286821705417,hold,hold,0,200,
6114,2026-01-02 19:45:00+00:00,8.38,8.42,8.335,8.355,200656.0,pullback,weak,risk_on,0.8626373626373627,hold,hold,0,200,
6115,2026-01-02 20:00:00+00:00,8.3559,8.4,8.2931,8.34,171065.0,pullback,weak,risk_on,0.8332936413431763,hold,hold,0,200,
6116,2026-01-02 20:15:00+00:00,8.34,8.4,8.33,8.375,136568.0,pullback,weak,risk_on,0.8703703703703699,hold,hold,0,200,
6117,2026-01-02 20:30:00+00:00,8.375,8.45,8.3401,8.365,201327.0,pullback,weak,risk_on,0.8283582089552237,hold,hold,0,200,
6118,2026-01-02 20:45:00+00:00,8.3607,8.37,8.255,8.275,214792.0,pullback,weak,risk_on,0.6294957527561901,hold,hold,0,200,
6119,2026-01-02 21:00:00+00:00,8.275,8.29,8.07,8.12,769575.0,trend_late,weak,risk_on,0.33333333333333115,hold,hold,0,200,
6120,2026-01-05 14:30:00+00:00,8.7,8.86,8.68,8.83,248329.0,pullback,leading,risk_on,0.9673913043478267,buy,hold,0,200,
6121,2026-01-05 14:45:00+00:00,8.86,9.9,8.83,9.6945,2947291.0,pullback,leading,risk_on,0.8951530612244895,hold,hold,0,200,
6122,2026-01-05 15:00:00+00:00,9.688,9.8898,9.52,9.535,1495906.0,pullback,leading,risk_on,0.8137755102040816,hold,hold,0,200,
6123,2026-01-05 15:15:00+00:00,9.52,9.77,9.5,9.555,850764.0,pullback,leading,risk_on,0.8239795918367344,hold,hold,0,200,
6124,2026-01-05 15:30:00+00:00,9.55,9.67,9.27,9.36,971861.0,pullback,leading,risk_on,0.7244897959183668,hold,hold,0,200,
6125,2026-01-05 15:45:00+00:00,9.3639,9.48,9.24,9.24,567330.0,pullback,leading,risk_on,0.6632653061224489,hold,hold,0,200,
6126,2026-01-05 16:00:00+00:00,9.24,9.3648,9.18,9.3,489125.0,pullback,leading,risk_on,0.6938775510204084,hold,hold,0,200,
6127,2026-01-05 16:15:00+00:00,9.3,9.43,9.21,9.2377,345642.0,pullback,leading,risk_on,0.6620918367346939,hold,hold,0,200,
6128,2026-01-05 16:30:00+00:00,9.21,9.44,9.2,9.31,232977.0,pullback,leading,risk_on,0.6861702127659577,hold,hold,0,200,
6129,2026-01-05 16:45:00+00:00,9.315,9.41,9.14,9.31,361409.0,pullback,leading,risk_on,0.6775956284153006,hold,hold,0,200,
6130,2026-01-05 17:00:00+00:00,9.3,9.41,9.3,9.3287,194167.0,pullback,leading,risk_on,0.6878142076502728,hold,hold,0,200,
6131,2026-01-05 17:15:00+00:00,9.33,9.3754,9.285,9.285,153113.0,trend_late,leading,risk_on,0.663934426229508,hold,hold,0,200,
6132,2026-01-05 17:30:00+00:00,9.286,9.3499,9.28,9.3374,119455.0,trend_late,leading,risk_on,0.6925683060109291,reduce,reduce,-200,0,9.3374
6133,2026-01-05 17:45:00+00:00,9.3399,9.34,9.302,9.325,101387.0,trend_late,leading,risk_on,0.6857923497267754,hold,hold,0,0,
6134,2026-01-05 18:00:00+00:00,9.3261,9.41,9.305,9.3099,480765.0,trend_late,leading,risk_on,0.6775409836065576,hold,hold,0,0,
6135,2026-01-05 18:15:00+00:00,9.3,9.31,9.2,9.24,200288.0,trend_late,leading,risk_on,0.6393442622950819,hold,hold,0,0,
6136,2026-01-05 18:30:00+00:00,9.25,9.29,9.205,9.2763,124196.0,trend_late,leading,risk_on,0.6591803278688527,hold,hold,0,0,
6137,2026-01-05 18:45:00+00:00,9.28,9.3107,9.215,9.2855,124960.0,pullback,leading,risk_on,0.6642076502732243,hold,hold,0,0,
6138,2026-01-05 19:00:00+00:00,9.29,9.435,9.29,9.42,188536.0,pullback,leading,risk_on,0.7377049180327867,hold,hold,0,0,
6139,2026-01-05 19:15:00+00:00,9.415,9.495,9.39,9.43,255134.0,range_neutral,leading,risk_on,0.6147540983606554,hold,hold,0,0,
6140,2026-01-05 19:30:00+00:00,9.44,9.63,9.43,9.615,555237.0,range_distribution,leading,risk_on,0.733644859813084,hold,hold,0,0,
6141,2026-01-05 19:45:00+00:00,9.6172,9.735,9.58,9.585,416315.0,pullback,leading,risk_on,0.593491597759404,hold,hold,0,0,
6142,2026-01-05 20:00:00+00:00,9.585,9.59,9.48,9.485,177444.0,pullback,leading,risk_on,0.5476190476190467,hold,hold,0,0,
6143,2026-01-05 20:15:00+00:00,9.4801,9.56,9.42,9.455,159007.0,pullback,leading,risk_on,0.5294117647058826,hold,hold,0,0,
6144,2026-01-05 20:30:00+00:00,9.455,9.5683,9.4,9.465,252466.0,pullback,leading,risk_on,0.5462184873949578,buy,buy,200,200,9.465
6145,2026-01-05 20:45:00+00:00,9.46,9.4872,9.3913,9.46,193854.0,pullback,leading,risk_on,0.5378151260504217,hold,hold,0,200,
6146,2026-01-05 21:00:00+00:00,9.455,9.49,9.33,9.385,847621.0,pullback,leading,risk_on,0.4117647058823524,hold,hold,0,200,
6147,2026-01-06 14:30:00+00:00,10.23,10.23,9.93,10.095,444064.0,pullback,leading,risk_on,0.8761467889908259,hold,hold,0,200,
6148,2026-01-06 14:45:00+00:00,10.1,10.75,10.0,10.215,2508657.0,pullback,leading,risk_on,0.667701863354037,hold,hold,0,200,
6149,2026-01-06 15:00:00+00:00,10.215,10.23,9.825,10.025,1384499.0,pullback,leading,risk_on,0.5322580645161294,hold,hold,0,200,
6150,2026-01-06 15:15:00+00:00,10.0272,10.27,9.95,10.02,784442.0,pullback,leading,risk_on,0.529032258064516,hold,hold,0,200,
6151,2026-01-06 15:30:00+00:00,10.02,10.205,10.014,10.075,596497.0,pullback,leading,risk_on,0.5645161290322578,hold,hold,0,200,
6152,2026-01-06 15:45:00+00:00,10.075,10.1,9.9599,10.055,316868.0,pullback,leading,risk_on,0.5516129032258065,hold,hold,0,200,
6153,2026-01-06 16:00:00+00:00,10.055,10.5,10.014,10.4858,755561.0,pullback,leading,risk_on,0.8295483870967738,hold,hold,0,200,
6154,2026-01-06 16:15:00+00:00,10.4879,10.55,10.23,10.2653,460882.0,pullback,leading,risk_on,0.6872903225806453,hold,hold,0,200,
6155,2026-01-06 16:30:00+00:00,10.26,10.2773,9.95,9.97,333432.0,pullback,leading,risk_on,0.49514563106796156,hold,hold,0,200,
6156,2026-01-06 16:45:00+00:00,9.9746,10.05,9.875,10.018,312259.0,pullback,leading,risk_on,0.5231270358306194,hold,hold,0,200,
6157,2026-01-06 17:00:00+00:00,10.0299,10.1057,10.0,10.055,176787.0,trend_late,leading,risk_on,0.5239726027397261,reduce,reduce,-200,0,10.055
6158,2026-01-06 17:15:00+00:00,10.055,10.06,9.93,9.9344,153394.0,trend_late,leading,risk_on,0.42563380281690144,hold,hold,0,0,
6159,2026-01-06 17:30:00+00:00,9.935,10.08,9.935,10.05,178807.0,pullback,leading,risk_on,0.5070422535211272,hold,hold,0,0,
6160,2026-01-06 17:45:00+00:00,10.05,10.06,9.85,9.9372,179740.0,trend_late,leading,risk_on,0.42760563380281735,hold,hold,0,0,
6161,2026-01-06 18:00:00+00:00,9.94,10.07,9.9329,9.955,261579.0,trend_late,leading,risk_on,0.44014084507042256,hold,hold,0,0,
6162,2026-01-06 18:15:00+00:00,9.9589,10.04,9.9,10.015,100886.0,trend_late,leading,risk_on,0.48239436619718346,hold,hold,0,0,
6163,2026-01-06 18:30:00+00:00,10.02,10.18,9.975,10.18,292856.0,trend_late,leading,risk_on,0.5985915492957744,hold,hold,0,0,
6164,2026-01-06 18:45:00+00:00,10.18,10.55,10.18,10.465,586502.0,pullback,leading,risk_on,0.7992957746478873,hold,hold,0,0,
6165,2026-01-06 19:00:00+00:00,10.47,10.938,10.45,10.87,1325490.0,pullback,leading,risk_on,0.9577114427860688,hold,hold,0,0,
6166,2026-01-06 19:15:00+00:00,10.89,11.43,10.825,11.345,1964363.0,breakout_setup,leading,risk_on,0.9470404984423682,hold,hold,0,0,
6167,2026-01-06 19:30:00+00:00,11.345,11.49,11.13,11.17,1351241.0,pullback,leading,risk_on,0.8078078078078077,hold,hold,0,0,
6168,2026-01-06 19:45:00+00:00,11.16,11.86,11.09,11.8235,1387034.0,breakout_setup,leading,risk_on,0.982063882063882,hold,hold,0,0,
6169,2026-01-06 20:00:00+00:00,11.824,11.89,11.5,11.605,1166518.0,breakout_setup,leading,risk_on,0.8602941176470588,buy,buy,200,200,11.605
6170,2026-01-06 20:15:00+00:00,11.61,11.66,11.47,11.5408,468684.0,breakout_setup,leading,risk_on,0.828823529411765,hold,hold,0,200,
6171,2026-01-06 20:30:00+00:00,11.54,11.95,11.48,11.9299,1240341.0,breakout,leading,risk_on,0.9904285714285718,hold,hold,0,200,
6172,2026-01-06 20:45:00+00:00,11.925,12.0,11.77,11.89,1426223.0,breakout_setup,leading,risk_on,0.9488372093023258,hold,hold,0,200,
6173,2026-01-06 21:00:00+00:00,11.8963,11.93,11.67,11.82,1734679.0,breakout_setup,leading,risk_on,0.916279069767442,hold,hold,0,200,
6174,2026-01-07 14:30:00+00:00,12.31,13.1481,12.23,13.125,1336699.0,breakout,leading,neutral,0.9929959673751556,hold,hold,0,200,
6175,2026-01-07 14:45:00+00:00,13.11,13.73,12.53,13.0799,6748103.0,breakout_setup,leading,neutral,0.8324484536082474,hold,hold,0,200,
6176,2026-01-07 15:00:00+00:00,13.06,13.26,12.48,12.65,2823544.0,pullback,leading,neutral,0.7216494845360825,hold,hold,0,200,
6177,2026-01-07 15:15:00+00:00,12.66,12.74,12.33,12.535,1971497.0,pullback,leading,neutral,0.6920103092783505,hold,hold,0,200,
6178,2026-01-07 15:30:00+00:00,12.54,12.7,12.39,12.4179,1259998.0,pullback,leading,neutral,0.6618298969072163,hold,hold,0,200,
6179,2026-01-07 15:45:00+00:00,12.41,12.8,12.26,12.658,1562221.0,pullback,leading,neutral,0.7237113402061853,hold,hold,0,200,
6180,2026-01-07 16:00:00+00:00,12.66,12.75,12.56,12.6845,715493.0,pullback,leading,neutral,0.7270234986945169,hold,hold,0,200,
6181,2026-01-07 16:15:00+00:00,12.68,12.74,12.45,12.55,633173.0,pullback,leading,neutral,0.6919060052219322,hold,hold,0,200,
6182,2026-01-07 16:30:00+00:00,12.55,13.05,12.5,13.03,1165069.0,breakout_setup,leading,neutral,0.8135818908122501,hold,hold,0,200,
6183,2026-01-07 16:45:00+00:00,13.0455,13.98,13.0,13.84,3751873.0,breakout,leading,neutral,0.963157894736842,hold,hold,0,200,
6184,2026-01-07 17:00:00+00:00,13.843,13.97,13.21,13.43,2421296.0,breakout_setup,leading,neutral,0.8441926345609063,hold,hold,0,200,
6185,2026-01-07 17:15:00+00:00,13.43,13.5,13.0,13.3,1199458.0,breakout_setup,leading,neutral,0.7844690966719494,hold,hold,0,200,
6186,2026-01-07 17:30:00+00:00,13.3,13.39,13.18,13.23,693282.0,pullback,leading,neutral,0.740484429065744,hold,hold,0,200,
6187,2026-01-07 17:45:00+00:00,13.225,13.39,13.0753,13.0753,753248.0,pullback,leading,neutral,0.6869550173010381,hold,hold,0,200,
6188,2026-01-07 18:00:00+00:00,13.085,13.085,12.76,12.81,1173687.0,pullback,leading,neutral,0.5338645418326693,hold,hold,0,200,
6189,2026-01-07 18:15:00+00:00,12.83,12.98,12.705,12.86,463662.0,pullback,leading,neutral,0.5537848605577685,hold,hold,0,200,
6190,2026-01-07 18:30:00+00:00,12.845,13.2432,12.83,13.21,538165.0,pullback,leading,neutral,0.6920000000000002,hold,hold,0,200,
6191,2026-01-07 18:45:00+00:00,13.22,13.33,13.16,13.22,669605.0,pullback,leading,neutral,0.6709956709956711,hold,hold,0,200,
6192,2026-01-07 19:00:00+00:00,13.23,13.53,13.21,13.508,862063.0,breakout_setup,leading,neutral,0.7956709956709952,hold,hold,0,200,
6193,2026-01-07 19:15:00+00:00,13.52,13.7598,13.3,13.315,1321908.0,trend_late,leading,neutral,0.6199999999999994,reduce,reduce,-200,0,13.315
6194,2026-01-07 19:30:00+00:00,13.3207,13.6043,13.3,13.57,786589.0,breakout_setup,leading,neutral,0.7616279069767442,hold,hold,0,0,
6195,2026-01-07 19:45:00+00:00,13.5791,13.5906,13.2601,13.375,628487.0,pullback,leading,neutral,0.6482558139534883,hold,hold,0,0,
6196,2026-01-07 20:00:00+00:00,13.375,13.49,13.27,13.33,430205.0,pullback,leading,neutral,0.6220930232558138,hold,hold,0,0,
6197,2026-01-07 20:15:00+00:00,13.324,13.42,13.18,13.38,523188.0,pullback,leading,neutral,0.6511627906976748,hold,hold,0,0,
6198,2026-01-07 20:30:00+00:00,13.37,13.6,13.3339,13.425,727934.0,pullback,leading,neutral,0.6773255813953492,hold,hold,0,0,
6199,2026-01-07 20:45:00+00:00,13.43,13.6,13.41,13.5225,1226694.0,pullback,leading,neutral,0.7009803921568633,hold,hold,0,0,
6200,2026-01-07 21:00:00+00:00,13.5099,13.788,13.4,13.745,2032315.0,breakout_setup,leading,neutral,0.8464052287581693,hold,hold,0,0,
6201,2026-01-08 14:30:00+00:00,12.61,12.61,12.27,12.5051,586941.0,trend_late,weak,neutral,0.13748538011695957,hold,hold,0,0,
6202,2026-01-08 14:45:00+00:00,12.4968,14.47,12.45,14.4471,3923736.0,breakout,weak,neutral,0.9895909090909091,hold,hold,0,0,
6203,2026-01-08 15:00:00+00:00,14.445,15.2,14.37,14.4801,5583416.0,breakout_setup,weak,neutral,0.7543003412969286,hold,hold,0,0,
6204,2026-01-08 15:15:00+00:00,14.49,14.6,14.03,14.375,2148643.0,pullback,weak,neutral,0.7184300341296931,buy,buy,200,200,14.375
6205,2026-01-08 15:30:00+00:00,14.39,14.97,14.24,14.725,1970233.0,breakout_setup,weak,neutral,0.8378839590443687,hold,hold,0,200,
6206,2026-01-08 15:45:00+00:00,14.725,14.88,13.41,13.4339,2447787.0,pullback,weak,neutral,0.3972354948805461,hold,hold,0,200,
6207,2026-01-08 16:00:00+00:00,13.4328,13.569,13.09,13.515,1612569.0,pullback,weak,neutral,0.42491467576791847,hold,hold,0,200,
6208,2026-01-08 16:15:00+00:00,13.51,13.53,13.08,13.1538,814692.0,trend_late,weak,neutral,0.301638225255973,hold,hold,0,200,
6209,2026-01-08 16:30:00+00:00,13.1521,13.4993,13.1521,13.47,412503.0,trend_late,weak,neutral,0.4095563139931745,hold,hold,0,200,
6210,2026-01-08 16:45:00+00:00,13.4601,13.68,13.27,13.65,786055.0,trend_late,weak,neutral,0.47098976109215046,hold,hold,0,200,
6211,2026-01-08 17:00:00+00:00,13.65,13.65,13.47,13.5227,327484.0,pullback,weak,neutral,0.42754266211604125,hold,hold,0,200,
6212,2026-01-08 17:15:00+00:00,13.525,13.85,13.4005,13.71,596315.0,trend_late,weak,neutral,0.49146757679180936,hold,hold,0,200,
6213,2026-01-08 17:30:00+00:00,13.71,13.75,13.4027,13.427,337940.0,trend_late,weak,neutral,0.3948805460750854,hold,hold,0,200,
6214,2026-01-08 17:45:00+00:00,13.4216,13.8,13.17,13.65,607884.0,risk_rising,weak,neutral,0.47098976109215046,hold,hold,0,200,
6215,2026-01-08 18:00:00+00:00,13.647,14.0,13.58,13.9245,512050.0,risk_rising,weak,neutral,0.5646757679180889,hold,hold,0,200,
6216,2026-01-08 18:15:00+00:00,13.9399,13.99,13.43,13.48,395771.0,range_neutral,weak,neutral,0.4129692832764508,hold,hold,0,200,
6217,2026-01-08 18:30:00+00:00,13.48,13.66,13.4202,13.47,268042.0,risk_rising,weak,neutral,0.4095563139931745,reduce,hold,0,200,
6218,2026-01-08 18:45:00+00:00,13.4699,13.4859,13.3,13.38,228871.0,range_neutral,weak,neutral,0.3788395904436865,hold,hold,0,200,
6219,2026-01-08 19:00:00+00:00,13.39,13.64,13.3861,13.54,261375.0,range_neutral,weak,neutral,0.4334470989761091,hold,hold,0,200,
6220,2026-01-08 19:15:00+00:00,13.535,13.59,13.21,13.23,334907.0,risk_rising,weak,neutral,0.32764505119453957,hold,hold,0,200,
6221,2026-01-08 19:30:00+00:00,13.23,13.5699,13.21,13.48,371544.0,risk_rising,weak,neutral,0.37454545454545496,hold,hold,0,200,
6222,2026-01-08 19:45:00+00:00,13.47,13.49,13.21,13.3716,294801.0,risk_rising,weak,neutral,0.13754716981132115,hold,hold,0,200,
6223,2026-01-08 20:00:00+00:00,13.38,13.52,13.29,13.345,241185.0,risk_rising,weak,neutral,0.14021164021164048,hold,hold,0,200,
6224,2026-01-08 20:15:00+00:00,13.345,13.58,13.31,13.48,248328.0,risk_rising,weak,neutral,0.21164021164021177,hold,hold,0,200,
6225,2026-01-08 20:30:00+00:00,13.4899,13.515,13.39,13.453,123642.0,risk_rising,weak,neutral,0.20722222222222178,hold,hold,0,200,
6226,2026-01-08 20:45:00+00:00,13.45,13.55,13.4,13.495,279713.0,range_neutral,weak,neutral,0.45108695652173825,hold,hold,0,200,
6227,2026-01-08 21:00:00+00:00,13.49,13.74,13.45,13.46,623716.0,risk_rising,weak,neutral,0.41304347826087046,hold,hold,0,200,
6228,2026-01-09 14:30:00+00:00,14.275,14.65,14.275,14.611,494676.0,range_distribution,leading,risk_on,0.9739635489685562,hold,hold,0,200,
6229,2026-01-09 14:45:00+00:00,14.615,15.5,13.7,15.32,4995297.0,breakout,leading,risk_on,0.9227467811158799,buy,buy,200,400,15.32
6230,2026-01-09 15:00:00+00:00,15.32,15.86,15.162,15.78,3559368.0,breakout,leading,risk_on,0.9702602230483272,hold,hold,0,400,
6231,2026-01-09 15:15:00+00:00,15.79,15.87,15.3,15.4,1935416.0,breakout_setup,leading,risk_on,0.8259259259259263,hold,hold,0,400,
6232,2026-01-09 15:30:00+00:00,15.39,15.85,15.299,15.83,1418625.0,breakout,leading,risk_on,0.9851851851851855,hold,hold,0,400,
6233,2026-01-09 15:45:00+00:00,15.8255,16.27,15.67,15.835,1643147.0,breakout,leading,risk_on,0.8596774193548391,hold,hold,0,400,
6234,2026-01-09 16:00:00+00:00,15.8203,16.0799,15.61,16.0277,989631.0,breakout,leading,risk_on,0.9208169934640522,hold,hold,0,400,
6235,2026-01-09 16:15:00+00:00,16.04,16.05,15.66,15.7329,636777.0,breakout_setup,leading,risk_on,0.8244771241830069,hold,hold,0,400,
6236,2026-01-09 16:30:00+00:00,15.735,15.98,15.61,15.91,510414.0,breakout,leading,risk_on,0.8823529411764707,hold,hold,0,400,
6237,2026-01-09 16:45:00+00:00,15.91,16.17,15.68,15.855,1168226.0,breakout,leading,risk_on,0.8643790849673205,hold,hold,0,400,
6238,2026-01-09 17:00:00+00:00,15.84,15.86,15.56,15.73,742139.0,breakout_setup,leading,risk_on,0.8235294117647061,hold,hold,0,400,
6239,2026-01-09 17:15:00+00:00,15.74,15.79,15.45,15.5501,467568.0,breakout_setup,leading,risk_on,0.7647385620915035,hold,hold,0,400,
6240,2026-01-09 17:30:00+00:00,15.555,15.975,15.49,15.96,588914.0,breakout,leading,risk_on,0.8986928104575167,hold,hold,0,400,
6241,2026-01-09 17:45:00+00:00,15.96,16.05,15.8087,15.8101,528495.0,breakout_setup,leading,risk_on,0.8497058823529413,hold,hold,0,400,
6242,2026-01-09 18:00:00+00:00,15.83,15.85,15.55,15.57,351178.0,trend_late,leading,risk_on,0.7651006711409398,reduce,reduce,-200,200,15.57
6243,2026-01-09 18:15:00+00:00,15.57,15.785,15.57,15.5838,279496.0,trend_late,leading,risk_on,0.7681756756756758,hold,hold,0,200,
6244,2026-01-09 18:30:00+00:00,15.5801,15.735,15.5301,15.67,257076.0,trend_late,leading,risk_on,0.7916666666666667,hold,hold,0,200,
6245,2026-01-09 18:45:00+00:00,15.65,15.7894,15.61,15.76,241125.0,breakout_setup,leading,risk_on,0.8222996515679443,hold,hold,0,200,
6246,2026-01-09 19:00:00+00:00,15.7699,15.88,15.55,15.58,356118.0,trend_late,leading,risk_on,0.7553191489361704,hold,hold,0,200,
6247,2026-01-09 19:15:00+00:00,15.58,15.73,15.21,15.4,544125.0,trend_late,leading,risk_on,0.6614785992217902,hold,hold,0,200,
6248,2026-01-09 19:30:00+00:00,15.4281,15.48,15.1,15.115,534631.0,risk_rising,leading,risk_on,0.5505836575875489,hold,hold,0,200,
6249,2026-01-09 19:45:00+00:00,15.11,15.22,14.97,15.07,662284.0,risk_rising,leading,risk_on,0.07692307692307672,hold,hold,0,200,
6250,2026-01-09 20:00:00+00:00,15.07,15.25,14.93,14.97,349868.0,risk_rising,leading,risk_on,0.02985074626865741,hold,hold,0,200,
6251,2026-01-09 20:15:00+00:00,14.97,15.18,14.94,15.12,319535.0,risk_rising,leading,risk_on,0.14179104477611904,hold,hold,0,200,
6252,2026-01-09 20:30:00+00:00,15.13,15.18,14.9101,15.025,293597.0,risk_rising,leading,risk_on,0.08449150672843626,hold,hold,0,200,
6253,2026-01-09 20:45:00+00:00,15.025,15.08,14.85,14.8692,534414.0,risk_rising,leading,risk_on,0.014545454545454266,hold,hold,0,200,
6254,2026-01-09 21:00:00+00:00,14.86,15.05,14.75,14.975,1270126.0,risk_rising,leading,risk_on,0.15845070422535168,hold,hold,0,200,
6255,2026-01-12 14:30:00+00:00,16.36,16.44,15.53,15.565,1085575.0,risk_rising,leading,risk_on,0.4822485207100585,hold,hold,0,200,
6256,2026-01-12 14:45:00+00:00,15.6,15.9766,14.44,14.47,5497457.0,risk_rising,leading,risk_on,0.015000000000000555,hold,hold,0,200,
6257,2026-01-12 15:00:00+00:00,14.43,14.8,14.1204,14.2515,3250252.0,risk_rising,leading,risk_on,0.05651836523538538,hold,hold,0,200,
6258,2026-01-12 15:15:00+00:00,14.2812,14.5,13.93,14.3401,2082446.0,risk_rising,leading,risk_on,0.1633864541832668,hold,hold,0,200,
6259,2026-01-12 15:30:00+00:00,14.35,14.42,14.09,14.1784,832248.0,risk_rising,leading,risk_on,0.09896414342629482,hold,hold,0,200,
6260,2026-01-12 15:45:00+00:00,14.16,14.22,13.74,13.82,1502030.0,risk_rising,leading,risk_on,0.029629629629629645,hold,hold,0,200,
6261,2026-01-12 16:00:00+00:00,13.83,14.39,13.82,14.335,991177.0,risk_rising,leading,risk_on,0.22037037037037052,hold,hold,0,200,
6262,2026-01-12 16:15:00+00:00,14.335,14.35,14.12,14.22,798134.0,risk_rising,leading,risk_on,0.17777777777777787,hold,hold,0,200,
6263,2026-01-12 16:30:00+00:00,14.245,14.36,14.17,14.2795,495030.0,risk_rising,leading,risk_on,0.19981481481481486,hold,hold,0,200,
6264,2026-01-12 16:45:00+00:00,14.28,14.32,14.1,14.255,419511.0,risk_rising,leading,risk_on,0.19074074074074088,hold,hold,0,200,
6265,2026-01-12 17:00:00+00:00,14.26,14.32,14.17,14.17,427324.0,risk_rising,leading,risk_on,0.1592592592592591,hold,hold,0,200,
6266,2026-01-12 17:15:00+00:00,14.185,14.2399,14.02,14.03,355138.0,risk_rising,leading,risk_on,0.10740740740740705,hold,hold,0,200,
6267,2026-01-12 17:30:00+00:00,14.0246,14.255,13.96,14.0832,361892.0,risk_rising,leading,risk_on,0.12711111111111087,hold,hold,0,200,
6268,2026-01-12 17:45:00+00:00,14.095,14.29,14.05,14.255,209286.0,risk_rising,leading,risk_on,0.19074074074074088,hold,hold,0,200,
6269,2026-01-12 18:00:00+00:00,14.252,14.32,14.03,14.0871,379585.0,risk_rising,leading,risk_on,0.12855555555555526,hold,hold,0,200,
6270,2026-01-12 18:15:00+00:00,14.0888,14.17,14.005,14.0512,241396.0,range_accumulation,leading,risk_on,0.11525925925925902,buy,hold,0,200,
6271,2026-01-12 18:30:00+00:00,14.07,14.43,14.06,14.35,399051.0,range_accumulation,leading,risk_on,0.2259259259259256,hold,hold,0,200,
6272,2026-01-12 18:45:00+00:00,14.362,14.55,14.3,14.31,532658.0,range_accumulation,leading,risk_on,0.21111111111111114,hold,hold,0,200,
6273,2026-01-12 19:00:00+00:00,14.3199,14.56,14.24,14.453,458567.0,range_accumulation,leading,risk_on,0.2640740740740737,hold,hold,0,200,
6274,2026-01-12 19:15:00+00:00,14.455,14.82,14.41,14.685,731858.0,range_accumulation,leading,risk_on,0.35,hold,hold,0,200,
6275,2026-01-12 19:30:00+00:00,14.6838,14.77,14.52,14.6899,352885.0,pullback,leading,risk_on,0.42470714477331656,hold,hold,0,200,
6276,2026-01-12 19:45:00+00:00,14.69,14.7,14.45,14.58,410645.0,breakout_setup,leading,risk_on,0.7777777777777776,hold,hold,0,200,
6277,2026-01-12 20:00:00+00:00,14.59,14.7897,14.51,14.76,310599.0,breakout,leading,risk_on,0.944444444444444,hold,hold,0,200,
6278,2026-01-12 20:15:00+00:00,14.77,14.85,14.55,14.7191,386572.0,breakout,leading,risk_on,0.8820720720720716,hold,hold,0,200,
6279,2026-01-12 20:30:00+00:00,14.715,14.87,14.7,14.79,386570.0,breakout,leading,risk_on,0.9292035398230087,hold,hold,0,200,
6280,2026-01-12 20:45:00+00:00,14.7999,14.92,14.7382,14.8307,466254.0,breakout,leading,risk_on,0.9188181818181821,hold,hold,0,200,
6281,2026-01-12 21:00:00+00:00,14.82,14.885,14.695,14.75,808898.0,breakout_setup,leading,risk_on,0.8229166666666665,hold,hold,0,200,
6282,2026-01-13 14:30:00+00:00,14.35,14.57,14.3236,14.57,316446.0,pullback,mixed,neutral,0.6354166666666667,hold,hold,0,200,
6283,2026-01-13 14:45:00+00:00,14.555,14.69,13.56,14.1688,2786332.0,trend_late,mixed,neutral,0.4476470588235286,reduce,reduce,-200,0,14.1688
6284,2026-01-13 15:00:00+00:00,14.165,14.335,13.84,13.9222,1090849.0,trend_late,mixed,neutral,0.26632352941176457,hold,hold,0,0,
6285,2026-01-13 15:15:00+00:00,13.89,14.05,13.72,13.9,770779.0,trend_late,mixed,neutral,0.25,hold,hold,0,0,
6286,2026-01-13 15:30:00+00:00,13.9,14.04,13.73,13.91,558354.0,trend_late,mixed,neutral,0.25735294117647045,hold,hold,0,0,
6287,2026-01-13 15:45:00+00:00,13.91,13.98,13.76,13.84,441721.0,risk_rising,mixed,neutral,0.2058823529411761,hold,hold,0,0,
6288,2026-01-13 16:00:00+00:00,13.8395,13.99,13.56,13.65,465115.0,risk_rising,mixed,neutral,0.06617647058823521,hold,hold,0,0,
6289,2026-01-13 16:15:00+00:00,13.65,13.83,13.47,13.79,822185.0,risk_rising,mixed,neutral,0.22068965517241287,hold,hold,0,0,
6290,2026-01-13 16:30:00+00:00,13.78,13.851,13.39,13.39,524463.0,risk_rising,mixed,neutral,0.0,hold,hold,0,0,
6291,2026-01-13 16:45:00+00:00,13.4,13.54,13.36,13.52,626668.0,risk_rising,mixed,neutral,0.10256410256410262,hold,hold,0,0,
6292,2026-01-13 17:00:00+00:00,13.52,13.52,13.31,13.3359,500088.0,risk_rising,mixed,neutral,0.01608695652173916,hold,hold,0,0,
6293,2026-01-13 17:15:00+00:00,13.335,13.4538,13.29,13.44,413449.0,risk_rising,mixed,neutral,0.09202453987730079,hold,hold,0,0,
6294,2026-01-13 17:30:00+00:00,13.44,13.66,13.3944,13.55,597676.0,risk_rising,mixed,neutral,0.1595092024539886,hold,hold,0,0,
6295,2026-01-13 17:45:00+00:00,13.55,14.15,13.51,13.728,1295020.0,risk_rising,mixed,neutral,0.268711656441718,hold,hold,0,0,
6296,2026-01-13 18:00:00+00:00,13.7226,13.74,13.48,13.65,279523.0,risk_rising,mixed,neutral,0.2208588957055221,hold,hold,0,0,
6297,2026-01-13 18:15:00+00:00,13.64,13.6499,13.27,13.6146,487638.0,risk_rising,mixed,neutral,0.20884848484848467,hold,hold,0,0,
6298,2026-01-13 18:30:00+00:00,13.615,13.62,13.4,13.6,215942.0,risk_rising,mixed,neutral,0.2,hold,hold,0,0,
6299,2026-01-13 18:45:00+00:00,13.5901,13.79,13.57,13.6881,285567.0,risk_rising,mixed,neutral,0.25339393939393984,hold,hold,0,0,
6300,2026-01-13 19:00:00+00:00,13.69,13.79,13.6,13.61,169170.0,range_accumulation,mixed,neutral,0.21052631578947356,buy,buy,200,200,13.61
6301,2026-01-13 19:15:00+00:00,13.6,13.6,13.5,13.575,189909.0,range_accumulation,mixed,neutral,0.214788732394366,hold,hold,0,200,
6302,2026-01-13 19:30:00+00:00,13.5767,13.81,13.53,13.8099,186092.0,range_neutral,mixed,neutral,0.3802112676056346,hold,hold,0,200,
6303,2026-01-13 19:45:00+00:00,13.81,13.895,13.7214,13.87,189179.0,range_neutral,mixed,neutral,0.5633802816901399,hold,hold,0,200,
6304,2026-01-13 20:00:00+00:00,13.875,14.205,13.87,14.1689,430341.0,breakout,mixed,neutral,0.9613903743315515,hold,hold,0,200,
6305,2026-01-13 20:15:00+00:00,14.165,14.17,13.96,13.98,324649.0,breakout_setup,mixed,neutral,0.759358288770054,hold,hold,0,200,
6306,2026-01-13 20:30:00+00:00,13.96,13.99,13.79,13.79,222810.0,pullback,mixed,neutral,0.5561497326203201,hold,hold,0,200,
6307,2026-01-13 20:45:00+00:00,13.79,13.94,13.72,13.8777,249872.0,pullback,mixed,neutral,0.6499465240641721,hold,hold,0,200,
6308,2026-01-13 21:00:00+00:00,13.87,13.9,13.52,13.53,497254.0,trend_late,mixed,neutral,0.27807486631016004,hold,hold,0,200,
6309,2026-01-14 14:30:00+00:00,13.73,13.93,13.45,13.919,582304.0,pullback,leading,risk_off,0.6941176470588242,hold,hold,0,200,
6310,2026-01-14 14:45:00+00:00,13.87,14.1,13.2705,13.76,2020946.0,pullback,leading,risk_off,0.5240641711229946,hold,hold,0,200,
6311,2026-01-14 15:00:00+00:00,13.8,14.56,13.7,14.18,1693238.0,pullback,leading,risk_off,0.7054263565891469,hold,hold,0,200,
6312,2026-01-14 15:15:00+00:00,14.168,14.58,14.021,14.565,1275709.0,breakout,leading,risk_off,0.9885496183206103,hold,hold,0,200,
6313,2026-01-14 15:30:00+00:00,14.57,15.2,14.49,14.565,2996437.0,pullback,leading,risk_off,0.6709844559585493,hold,hold,0,200,
6314,2026-01-14 15:45:00+00:00,14.56,14.61,14.11,14.23,1466769.0,pullback,leading,risk_off,0.49740932642487096,hold,hold,0,200,
6315,2026-01-14 16:00:00+00:00,14.236,14.28,13.96,14.0844,1102493.0,pullback,leading,risk_off,0.42196891191709895,hold,hold,0,200,
6316,2026-01-14 16:15:00+00:00,14.1299,14.22,14.01,14.2,344999.0,pullback,leading,risk_off,0.4818652849740932,hold,hold,0,200,
6317,2026-01-14 16:30:00+00:00,14.1999,14.5,14.16,14.495,1016933.0,pullback,leading,risk_off,0.6346203679709768,hold,hold,0,200,
6318,2026-01-14 16:45:00+00:00,14.49,15.36,14.4203,15.19,2604199.0,breakout,leading,risk_off,0.9186408231634362,hold,hold,0,200,
6319,2026-01-14 17:00:00+00:00,15.17,15.55,15.0601,15.3832,2233331.0,breakout,leading,risk_off,0.9268260583461284,hold,hold,0,200,
6320,2026-01-14 17:15:00+00:00,15.3899,15.91,15.34,15.6298,1949676.0,breakout,leading,risk_off,0.8938435309717747,hold,hold,0,200,
6321,2026-01-14 17:30:00+00:00,15.6364,16.13,15.6001,15.81,1991663.0,breakout,leading,risk_off,0.8880923238328384,hold,hold,0,200,
6322,2026-01-14 17:45:00+00:00,15.8217,16.75,15.77,16.72,2161540.0,breakout,leading,risk_off,0.9913780715620057,hold,hold,0,200,
6323,2026-01-14 18:00:00+00:00,16.72,17.0,16.15,16.215,3071294.0,breakout_setup,leading,risk_off,0.7895160209143316,hold,hold,0,200,
6324,2026-01-14 18:15:00+00:00,16.23,17.3,16.2,17.2664,2555315.0,breakout,leading,risk_off,0.9916614964635811,hold,hold,0,200,
6325,2026-01-14 18:30:00+00:00,17.27,18.14,17.19,18.1,2984068.0,breakout,leading,risk_off,0.991785604271486,hold,hold,0,200,
6326,2026-01-14 18:45:00+00:00,18.1,18.44,17.6472,17.812,3191847.0,breakout,leading,risk_off,0.8785182319373247,hold,hold,0,200,
6327,2026-01-14 19:00:00+00:00,17.81,18.34,17.47,18.23,2789344.0,breakout,leading,risk_off,0.9593771157752199,hold,hold,0,200,
6328,2026-01-14 19:15:00+00:00,18.2299,18.35,17.75,18.145,2171736.0,breakout,leading,risk_off,0.9429345197794754,hold,hold,0,200,
6329,2026-01-14 19:30:00+00:00,18.145,18.28,17.9,18.24,1425417.0,breakout,leading,risk_off,0.9613115388335424,hold,hold,0,200,
6330,2026-01-14 19:45:00+00:00,18.24,18.4,17.8,18.12,1395525.0,breakout,leading,risk_off,0.9324894514767932,hold,hold,0,200,
6331,2026-01-14 20:00:00+00:00,18.12,19.05,18.05,18.47,3019562.0,breakout,leading,risk_off,0.8860510805500978,hold,hold,0,200,
6332,2026-01-14 20:15:00+00:00,18.46,18.6,17.89,18.12,2379844.0,breakout_setup,leading,risk_off,0.8172888015717092,hold,hold,0,200,
6333,2026-01-14 20:30:00+00:00,18.14,18.59,18.1,18.26,1284217.0,breakout_setup,leading,risk_off,0.844793713163065,hold,hold,0,200,
6334,2026-01-14 20:45:00+00:00,18.28,18.2999,17.82,17.965,1564754.0,breakout_setup,leading,risk_off,0.7868369351669939,hold,hold,0,200,
6335,2026-01-14 21:00:00+00:00,17.98,18.06,17.72,17.92,1709421.0,trend_late,leading,risk_off,0.775793650793651,reduce,reduce,-200,0,17.92
6336,2026-01-15 14:30:00+00:00,16.98,17.15,16.54,16.62,1137280.0,trend_late,weak,risk_off,0.5030674846625768,sell,hold,0,0,
6337,2026-01-15 14:45:00+00:00,16.655,17.85,16.41,17.615,3600540.0,trend_late,weak,risk_off,0.6900447113203876,hold,hold,0,0,
6338,2026-01-15 15:00:00+00:00,17.595,18.01,17.41,17.84,2183373.0,trend_late,weak,risk_off,0.6967342539913279,hold,hold,0,0,
6339,2026-01-15 15:15:00+00:00,17.84,18.0,17.35,17.53,1254413.0,trend_late,weak,risk_off,0.5902964959568735,hold,hold,0,0,
6340,2026-01-15 15:30:00+00:00,17.504,17.66,16.795,16.94,1892290.0,trend_late,weak,risk_off,0.38838806921939806,hold,hold,0,0,
6341,2026-01-15 15:45:00+00:00,16.94,17.65,16.9201,17.58,1496726.0,risk_rising,weak,risk_off,0.5518292682926823,reduce,hold,0,0,
6342,2026-01-15 16:00:00+00:00,17.57,17.65,16.97,17.4,1108782.0,risk_rising,weak,risk_off,0.4310344827586204,hold,hold,0,0,
6343,2026-01-15 16:15:00+00:00,17.3834,17.76,17.16,17.31,982034.0,risk_rising,weak,risk_off,0.3894736842105259,hold,hold,0,0,
6344,2026-01-15 16:30:00+00:00,17.33,17.4899,17.05,17.29,859497.0,risk_rising,weak,risk_off,0.33333333333333287,hold,hold,0,0,
6345,2026-01-15 16:45:00+00:00,17.29,17.29,17.075,17.1362,438847.0,risk_rising,weak,risk_off,0.275075757575757,hold,hold,0,0,
6346,2026-01-15 17:00:00+00:00,17.1204,17.25,17.05,17.135,265922.0,range_accumulation,weak,risk_off,0.2746212121212126,avoid,avoid,0,0,
6347,2026-01-15 17:15:00+00:00,17.1412,17.29,17.07,17.235,308036.0,risk_rising,weak,risk_off,0.31249999999999967,reduce,hold,0,0,
6348,2026-01-15 17:30:00+00:00,17.23,17.25,17.04,17.17,340318.0,risk_rising,weak,risk_off,0.2878787878787884,hold,hold,0,0,
6349,2026-01-15 17:45:00+00:00,17.17,17.25,16.99,17.055,348957.0,risk_rising,weak,risk_off,0.2443181818181816,hold,hold,0,0,
6350,2026-01-15 18:00:00+00:00,17.07,17.21,17.02,17.066,261774.0,range_accumulation,weak,risk_off,0.24848484848484798,avoid,avoid,0,0,
6351,2026-01-15 18:15:00+00:00,17.07,17.18,16.94,17.07,228627.0,risk_rising,weak,risk_off,0.3013698630136985,reduce,hold,0,0,
6352,2026-01-15 18:30:00+00:00,17.05,17.3799,17.02,17.35,435180.0,risk_rising,weak,risk_off,0.43119266055045935,hold,hold,0,0,
6353,2026-01-15 18:45:00+00:00,17.35,17.5,17.27,17.47,753338.0,range_neutral,weak,risk_off,0.560876236837927,avoid,avoid,0,0,
6354,2026-01-15 19:00:00+00:00,17.47,17.5,17.34,17.34,467842.0,range_neutral,weak,risk_off,0.5636363636363639,hold,hold,0,0,
6355,2026-01-15 19:15:00+00:00,17.35,17.503,17.31,17.4901,457621.0,range_distribution,weak,risk_off,0.6750625000000005,sell,hold,0,0,
6356,2026-01-15 19:30:00+00:00,17.49,17.77,17.32,17.63,763473.0,range_distribution,weak,risk_off,0.7624999999999986,hold,hold,0,0,
6357,2026-01-15 19:45:00+00:00,17.6354,17.6354,17.202,17.37,355798.0,range_neutral,weak,risk_off,0.4732510288065838,avoid,avoid,0,0,
6358,2026-01-15 20:00:00+00:00,17.3699,17.45,17.19,17.24,322841.0,pullback,weak,risk_off,0.36929460580912643,hold,hold,0,0,
6359,2026-01-15 20:15:00+00:00,17.2282,17.39,17.0782,17.0794,353402.0,pullback,weak,risk_off,0.29169230769230625,hold,hold,0,0,
6360,2026-01-15 20:30:00+00:00,17.07,17.09,16.75,16.8039,897953.0,trend_late,weak,risk_off,0.05284313725490074,sell,hold,0,0,
6361,2026-01-15 20:45:00+00:00,16.8034,17.16,16.7601,17.09,736270.0,pullback,weak,risk_off,0.3333333333333333,avoid,avoid,0,0,
6362,2026-01-15 21:00:00+00:00,17.09,17.28,16.985,17.24,1403076.0,trend_late,weak,risk_off,0.4803921568627438,sell,hold,0,0,
6363,2026-01-16 14:30:00+00:00,17.3,17.5,17.25,17.435,259757.0,trend_late,weak,neutral,0.6715686274509794,reduce,hold,0,0,
6364,2026-01-16 14:45:00+00:00,17.39,17.48,15.69,16.4096,3118897.0,risk_rising,weak,neutral,0.3459615384615392,hold,hold,0,0,
6365,2026-01-16 15:00:00+00:00,16.39,17.07,16.39,16.69,1291817.0,risk_rising,weak,neutral,0.4807692307692316,hold,hold,0,0,
6366,2026-01-16 15:15:00+00:00,16.693,17.2,16.69,16.92,585940.0,risk_rising,weak,neutral,0.5913461538461549,hold,hold,0,0,
6367,2026-01-16 15:30:00+00:00,16.9058,17.25,16.87,17.125,676673.0,risk_rising,weak,neutral,0.6899038461538464,hold,hold,0,0,
6368,2026-01-16 15:45:00+00:00,17.12,17.14,16.65,16.79,541518.0,risk_rising,weak,neutral,0.5288461538461536,hold,hold,0,0,
6369,2026-01-16 16:00:00+00:00,16.8,17.94,16.72,17.92,1601860.0,range_distribution,weak,neutral,0.9911111111111113,hold,hold,0,0,
6370,2026-01-16 16:15:00+00:00,17.9325,18.13,17.57,17.72,1438251.0,range_distribution,weak,neutral,0.831967213114754,hold,hold,0,0,
6371,2026-01-16 16:30:00+00:00,17.73,17.93,17.35,17.485,567457.0,range_distribution,weak,neutral,0.7356557377049181,hold,hold,0,0,
6372,2026-01-16 16:45:00+00:00,17.485,17.5199,17.22,17.3377,424631.0,range_distribution,weak,neutral,0.6752868852459026,hold,hold,0,0,
6373,2026-01-16 17:00:00+00:00,17.35,17.68,17.24,17.43,467273.0,risk_rising,weak,neutral,0.7131147540983609,hold,hold,0,0,
6374,2026-01-16 17:15:00+00:00,17.42,17.6,17.35,17.43,249680.0,pullback,weak,neutral,0.7131147540983609,hold,hold,0,0,
6375,2026-01-16 17:30:00+00:00,17.44,17.52,17.32,17.43,211248.0,pullback,weak,neutral,0.7131147540983609,buy,buy,200,200,17.43
6376,2026-01-16 17:45:00+00:00,17.46,17.62,17.33,17.44,151630.0,pullback,weak,neutral,0.7172131147540992,hold,hold,0,200,
6377,2026-01-16 18:00:00+00:00,17.425,17.69,17.38,17.58,263007.0,breakout_setup,weak,neutral,0.7745901639344259,hold,hold,0,200,
6378,2026-01-16 18:15:00+00:00,17.6,17.8,17.5,17.6648,333886.0,breakout_setup,weak,neutral,0.8093442622950822,hold,hold,0,200,
6379,2026-01-16 18:30:00+00:00,17.675,18.0,17.66,17.94,719659.0,breakout,weak,neutral,0.9221311475409846,hold,hold,0,200,
6380,2026-01-16 18:45:00+00:00,17.94,18.0,17.85,17.905,403083.0,breakout,weak,neutral,0.9077868852459025,hold,hold,0,200,
6381,2026-01-16 19:00:00+00:00,17.88,18.0,17.84,17.9012,275985.0,breakout,weak,neutral,0.9062295081967214,hold,hold,0,200,
6382,2026-01-16 19:15:00+00:00,17.91,18.0,17.845,17.8575,476947.0,breakout,weak,neutral,0.8883196721311486,hold,hold,0,200,
6383,2026-01-16 19:30:00+00:00,17.87,17.95,17.68,17.685,285994.0,breakout_setup,weak,neutral,0.817622950819672,hold,hold,0,200,
6384,2026-01-16 19:45:00+00:00,17.69,17.7999,17.61,17.7601,293455.0,breakout_setup,weak,neutral,0.7874137931034494,hold,hold,0,200,
6385,2026-01-16 20:00:00+00:00,17.791,17.9,17.618,17.65,243355.0,pullback,weak,neutral,0.6756756756756754,hold,hold,0,200,
6386,2026-01-16 20:15:00+00:00,17.64,17.91,17.38,17.535,513393.0,pullback,weak,neutral,0.5979729729729738,hold,hold,0,200,
6387,2026-01-16 20:30:00+00:00,17.539,17.62,17.232,17.232,293052.0,trend_late,weak,neutral,0.3932432432432436,reduce,reduce,-200,0,17.232
6388,2026-01-16 20:45:00+00:00,17.24,17.44,17.2,17.22,363989.0,trend_late,weak,neutral,0.35460992907801414,hold,hold,0,0,
6389,2026-01-16 21:00:00+00:00,17.22,17.69,17.19,17.66,856846.0,trend_late,weak,neutral,0.5,hold,hold,0,0,
6390,2026-01-20 14:30:00+00:00,18.9,18.94,18.39,18.9,1187126.0,breakout,mixed,risk_off,0.9771428571428556,hold,hold,0,0,
6391,2026-01-20 14:45:00+00:00,18.8,19.15,17.406,17.68,5870291.0,trend_late,mixed,risk_off,0.24999999999999956,hold,hold,0,0,
6392,2026-01-20 15:00:00+00:00,17.6538,17.6727,16.59,16.9001,3347425.0,risk_rising,mixed,risk_off,0.12113281249999946,hold,hold,0,0,
6393,2026-01-20 15:15:00+00:00,16.955,17.25,16.73,17.21,1355003.0,risk_rising,mixed,risk_off,0.2421875000000005,hold,hold,0,0,
6394,2026-01-20 15:30:00+00:00,17.22,17.3,16.88,17.05,738268.0,risk_rising,mixed,risk_off,0.17968750000000042,hold,hold,0,0,
6395,2026-01-20 15:45:00+00:00,17.05,17.23,16.91,17.09,753228.0,risk_rising,mixed,risk_off,0.1953125000000001,hold,hold,0,0,
6396,2026-01-20 16:00:00+00:00,17.09,17.22,16.92,17.03,788955.0,risk_rising,mixed,risk_off,0.17187500000000058,hold,hold,0,0,
6397,2026-01-20 16:15:00+00:00,17.0299,17.1607,16.8,17.145,884118.0,risk_rising,mixed,risk_off,0.216796875,hold,hold,0,0,
6398,2026-01-20 16:30:00+00:00,17.145,17.3,17.04,17.18,639980.0,risk_rising,mixed,risk_off,0.23046875000000006,hold,hold,0,0,
6399,2026-01-20 16:45:00+00:00,17.175,17.2,16.9826,17.03,587333.0,risk_rising,mixed,risk_off,0.17187500000000058,hold,hold,0,0,
6400,2026-01-20 17:00:00+00:00,17.0399,17.1,16.86,17.0107,621007.0,risk_rising,mixed,risk_off,0.1643359375000001,hold,hold,0,0,
6401,2026-01-20 17:15:00+00:00,17.0092,17.1,16.83,16.89,506252.0,risk_rising,mixed,risk_off,0.11718750000000033,hold,hold,0,0,
6402,2026-01-20 17:30:00+00:00,16.88,17.0399,16.75,16.865,487093.0,risk_rising,mixed,risk_off,0.1074218749999995,hold,hold,0,0,
6403,2026-01-20 17:45:00+00:00,16.86,16.8951,16.5,16.67,1065931.0,risk_rising,mixed,risk_off,0.0641509433962271,hold,hold,0,0,
6404,2026-01-20 18:00:00+00:00,16.655,16.88,16.39,16.455,532564.0,risk_rising,mixed,risk_off,0.02355072463768035,hold,hold,0,0,
6405,2026-01-20 18:15:00+00:00,16.455,16.81,16.455,16.755,407318.0,risk_rising,mixed,risk_off,0.13224637681159374,hold,hold,0,0,
6406,2026-01-20 18:30:00+00:00,16.7544,16.7544,16.59,16.6228,204382.0,risk_rising,mixed,risk_off,0.08434782608695694,hold,hold,0,0,
6407,2026-01-20 18:45:00+00:00,16.635,16.7399,16.43,16.45,686193.0,risk_rising,mixed,risk_off,0.02173913043478216,hold,hold,0,0,
6408,2026-01-20 19:00:00+00:00,16.455,16.5897,16.37,16.525,540341.0,risk_rising,mixed,risk_off,0.05575539568345242,hold,hold,0,0,
6409,2026-01-20 19:15:00+00:00,16.525,16.5499,16.375,16.42,333698.0,risk_rising,mixed,risk_off,0.017985611510791637,hold,hold,0,0,
6410,2026-01-20 19:30:00+00:00,16.4196,16.6,16.36,16.363,308700.0,risk_rising,mixed,risk_off,0.001075268817204342,hold,hold,0,0,
6411,2026-01-20 19:45:00+00:00,16.36,16.52,16.2,16.49,577879.0,risk_rising,mixed,risk_off,0.19691722686222532,hold,hold,0,0,
6412,2026-01-20 20:00:00+00:00,16.4995,16.8,16.47,16.65,551328.0,risk_rising,mixed,risk_off,0.4090909090909079,hold,hold,0,0,
6413,2026-01-20 20:15:00+00:00,16.65,16.902,16.573,16.77,411091.0,range_neutral,mixed,risk_off,0.5181818181818177,hold,hold,0,0,
6414,2026-01-20 20:30:00+00:00,16.761,17.0,16.73,16.985,609208.0,range_distribution,mixed,risk_off,0.7136363636363628,hold,hold,0,0,
6415,2026-01-20 20:45:00+00:00,16.9855,17.33,16.96,17.215,963142.0,range_distribution,mixed,risk_off,0.8982300884955765,hold,hold,0,0,
6416,2026-01-20 21:00:00+00:00,17.21,17.27,16.97,17.2,1225393.0,range_distribution,mixed,risk_off,0.8849557522123902,hold,hold,0,0,
6417,2026-01-21 14:30:00+00:00,17.44,17.9398,17.38,17.8686,484381.0,breakout,leading,neutral,0.9590757558340034,buy,buy,200,200,17.8686
6418,2026-01-21 14:45:00+00:00,17.85,18.28,17.4,17.66,3139538.0,pullback,leading,neutral,0.7019230769230768,hold,hold,0,200,
6419,2026-01-21 15:00:00+00:00,17.675,18.6,16.8,16.965,3781425.0,pullback,leading,neutral,0.31875,hold,hold,0,200,
6420,2026-01-21 15:15:00+00:00,16.96,17.03,16.32,16.88,2205676.0,pullback,leading,neutral,0.28333333333333294,hold,hold,0,200,
6421,2026-01-21 15:30:00+00:00,16.8807,17.26,16.23,16.4379,1726125.0,trend_late,leading,neutral,0.09912499999999982,hold,hold,0,200,
6422,2026-01-21 15:45:00+00:00,16.44,16.525,15.77,15.9446,2700150.0,trend_late,leading,neutral,0.06169611307420486,hold,hold,0,200,
6423,2026-01-21 16:00:00+00:00,15.95,16.28,15.81,16.155,959944.0,trend_late,leading,neutral,0.1360424028268556,hold,hold,0,200,
6424,2026-01-21 16:15:00+00:00,16.16,16.2,15.92,16.13,545914.0,trend_late,leading,neutral,0.12720848056537074,hold,hold,0,200,
6425,2026-01-21 16:30:00+00:00,16.1254,16.21,15.8001,15.82,528166.0,trend_late,leading,neutral,0.017667844522968438,hold,hold,0,200,
6426,2026-01-21 16:45:00+00:00,15.81,15.98,15.45,15.58,1380441.0,risk_rising,leading,neutral,0.04126984126984149,hold,hold,0,200,
6427,2026-01-21 17:00:00+00:00,15.57,15.6357,15.23,15.3601,957293.0,risk_rising,leading,neutral,0.03860534124629043,hold,hold,0,200,
6428,2026-01-21 17:15:00+00:00,15.36,15.53,15.35,15.452,492598.0,risk_rising,leading,neutral,0.06587537091988115,hold,hold,0,200,
6429,2026-01-21 17:30:00+00:00,15.46,15.6699,15.42,15.4651,429331.0,risk_rising,leading,neutral,0.06976261127596413,reduce,reduce,-200,0,15.4651
6430,2026-01-21 17:45:00+00:00,15.4662,15.52,14.954,15.075,941211.0,risk_rising,leading,neutral,0.03318705430608849,hold,hold,0,0,
6431,2026-01-21 18:00:00+00:00,15.08,15.34,15.05,15.2,626084.0,risk_rising,leading,neutral,0.06747120131651087,hold,hold,0,0,
6432,2026-01-21 18:15:00+00:00,15.1999,15.1999,14.6001,14.65,1120846.0,risk_rising,leading,neutral,0.0124753118827973,hold,hold,0,0,
6433,2026-01-21 18:30:00+00:00,14.65,15.32,14.6359,14.8601,992952.0,risk_rising,leading,neutral,0.06500162504062593,hold,hold,0,0,
6434,2026-01-21 18:45:00+00:00,14.86,14.9285,14.6311,14.71,453113.0,risk_rising,leading,neutral,0.02747568689217265,hold,hold,0,0,
6435,2026-01-21 19:00:00+00:00,14.715,14.9288,14.71,14.79,241616.0,risk_rising,leading,neutral,0.04747618690467253,hold,hold,0,0,
6436,2026-01-21 19:15:00+00:00,14.78,14.885,14.5301,14.775,412518.0,risk_rising,leading,neutral,0.06017346863559328,hold,hold,0,0,
6437,2026-01-21 19:30:00+00:00,14.77,15.44,14.6,15.09,1014583.0,risk_rising,leading,neutral,0.1375709476891325,hold,hold,0,0,
6438,2026-01-21 19:45:00+00:00,15.09,15.31,14.84,15.1457,1587141.0,risk_rising,leading,neutral,0.1512567876360599,hold,hold,0,0,
6439,2026-01-21 20:00:00+00:00,15.1488,15.47,14.9412,15.265,1081719.0,risk_rising,leading,neutral,0.2692040001465258,hold,hold,0,0,
6440,2026-01-21 20:15:00+00:00,15.28,15.78,15.05,15.05,2088258.0,risk_rising,leading,neutral,0.19044653650316903,hold,hold,0,0,
6441,2026-01-21 20:30:00+00:00,15.05,15.45,14.75,14.815,1693745.0,risk_rising,leading,neutral,0.14281417614918063,hold,hold,0,0,
6442,2026-01-21 20:45:00+00:00,14.8158,15.63,14.8158,15.4956,1094956.0,range_neutral,leading,neutral,0.5517458140465166,hold,hold,0,0,
6443,2026-01-21 21:00:00+00:00,15.4945,15.63,15.24,15.28,1411476.0,range_neutral,leading,neutral,0.4463956187868322,hold,hold,0,0,
6444,2026-01-22 14:30:00+00:00,15.75,15.75,15.51,15.5649,354040.0,range_neutral,leading,risk_on,0.6159890469670811,hold,hold,0,0,
6445,2026-01-22 14:45:00+00:00,15.567,16.4,15.25,15.915,2840265.0,pullback,leading,risk_on,0.7406278410610195,buy,buy,200,200,15.915
6446,2026-01-22 15:00:00+00:00,15.9199,17.7,15.82,17.2824,4695497.0,breakout,leading,risk_on,0.8682608284173001,hold,hold,0,200,
6447,2026-01-22 15:15:00+00:00,17.28,18.07,16.77,18.03,4408166.0,breakout,leading,risk_on,0.9887002457696548,hold,hold,0,200,
6448,2026-01-22 15:30:00+00:00,18.0001,18.1499,17.19,17.48,2441678.0,breakout_setup,leading,risk_on,0.8149345267694352,hold,hold,0,200,
6449,2026-01-22 15:45:00+00:00,17.455,17.75,17.3,17.4,1262503.0,breakout_setup,leading,risk_on,0.7928338582242112,hold,hold,0,200,
6450,2026-01-22 16:00:00+00:00,17.4299,18.01,17.365,17.755,1510469.0,breakout,leading,risk_on,0.8909055748936405,hold,hold,0,200,
6451,2026-01-22 16:15:00+00:00,17.76,17.85,17.5,17.7399,1191291.0,breakout,leading,risk_on,0.8867340737057295,hold,hold,0,200,
6452,2026-01-22 16:30:00+00:00,17.745,18.25,17.6,18.05,1742105.0,breakout,leading,risk_on,0.9462351138471466,hold,hold,0,200,
6453,2026-01-22 16:45:00+00:00,18.0371,18.18,17.7502,18.15,1019991.0,breakout,leading,risk_on,0.9731175569235728,hold,hold,0,200,
6454,2026-01-22 17:00:00+00:00,18.148,18.5,18.02,18.0973,1700822.0,breakout,leading,risk_on,0.8985616766165396,hold,hold,0,200,
6455,2026-01-22 17:15:00+00:00,18.095,18.4,18.08,18.23,784964.0,breakout,leading,risk_on,0.931988211289957,hold,hold,0,200,
6456,2026-01-22 17:30:00+00:00,18.23,18.47,18.2,18.291,847138.0,breakout,leading,risk_on,0.9464102564102566,hold,hold,0,200,
6457,2026-01-22 17:45:00+00:00,18.28,18.67,18.16,18.55,1151051.0,breakout,leading,risk_on,0.9693877551020406,hold,hold,0,200,
6458,2026-01-22 18:00:00+00:00,18.555,18.6472,18.04,18.39,854672.0,breakout,leading,risk_on,0.9285714285714283,hold,hold,0,200,
6459,2026-01-22 18:15:00+00:00,18.39,18.74,18.35,18.63,860169.0,breakout,leading,risk_on,0.9724310776942358,hold,hold,0,200,
6460,2026-01-22 18:30:00+00:00,18.635,18.93,18.6,18.91,1039845.0,breakout,leading,risk_on,0.9952153110047848,hold,hold,0,200,
6461,2026-01-22 18:45:00+00:00,18.91,18.99,18.67,18.98,907584.0,breakout,leading,risk_on,0.9976043313688855,hold,hold,0,200,
6462,2026-01-22 19:00:00+00:00,18.97,19.24,18.8,19.2399,1036602.0,breakout,leading,risk_on,0.9999750000000001,hold,hold,0,200,
6463,2026-01-22 19:15:00+00:00,19.24,19.64,19.0501,19.3627,3172974.0,breakout,leading,risk_on,0.9368337129840546,hold,hold,0,200,
6464,2026-01-22 19:30:00+00:00,19.34,19.6799,19.28,19.53,1281845.0,breakout,leading,risk_on,0.9661617643739139,hold,hold,0,200,
6465,2026-01-22 19:45:00+00:00,19.53,19.57,19.32,19.47,752932.0,breakout,leading,risk_on,0.945620352858882,hold,hold,0,200,
6466,2026-01-22 20:00:00+00:00,19.465,20.0,19.11,19.1284,1334188.0,pullback,leading,risk_on,0.7301547987616097,hold,hold,0,200,
6467,2026-01-22 20:15:00+00:00,19.1396,19.47,19.1,19.415,1016718.0,breakout_setup,leading,risk_on,0.7918149466192167,hold,hold,0,200,
6468,2026-01-22 20:30:00+00:00,19.4006,19.4006,19.02,19.11,715418.0,pullback,leading,risk_on,0.6703703703703701,hold,hold,0,200,
6469,2026-01-22 20:45:00+00:00,19.11,19.14,18.54,18.7301,1270217.0,pullback,leading,risk_on,0.5180645161290326,hold,hold,0,200,
6470,2026-01-22 21:00:00+00:00,18.74,18.75,18.28,18.425,1516272.0,trend_late,leading,risk_on,0.3700000000000003,reduce,reduce,-200,0,18.425
6471,2026-01-23 14:30:00+00:00,18.55,18.58,18.21,18.23,612124.0,trend_late,leading,neutral,0.26249999999999973,hold,hold,0,0,
6472,2026-01-23 14:45:00+00:00,18.25,18.3799,17.35,17.37,2810629.0,trend_late,leading,neutral,0.007547169811320598,hold,hold,0,0,
6473,2026-01-23 15:00:00+00:00,17.3713,17.49,17.03,17.0497,1951763.0,risk_rising,leading,neutral,0.0066329966329967275,hold,hold,0,0,
6474,2026-01-23 15:15:00+00:00,17.04,17.23,16.89,17.09,1975782.0,risk_rising,leading,neutral,0.06430868167202551,hold,hold,0,0,
6475,2026-01-23 15:30:00+00:00,17.0876,17.76,17.07,17.75,1941975.0,risk_rising,leading,neutral,0.27652733118971046,hold,hold,0,0,
6476,2026-01-23 15:45:00+00:00,17.74,18.48,17.6,18.18,2809778.0,risk_rising,leading,neutral,0.4147909967845657,hold,hold,0,0,
6477,2026-01-23 16:00:00+00:00,18.165,18.48,18.05,18.32,1014911.0,risk_rising,leading,neutral,0.45980707395498394,hold,hold,0,0,
6478,2026-01-23 16:15:00+00:00,18.31,18.48,18.11,18.4799,789743.0,risk_rising,leading,neutral,0.5112218649517686,hold,hold,0,0,
6479,2026-01-23 16:30:00+00:00,18.47,18.65,18.12,18.27,1057949.0,risk_rising,leading,neutral,0.4437299035369773,hold,hold,0,0,
6480,2026-01-23 16:45:00+00:00,18.27,18.43,18.11,18.41,649868.0,risk_rising,leading,neutral,0.48874598070739544,hold,hold,0,0,
6481,2026-01-23 17:00:00+00:00,18.4161,18.6,18.12,18.28,647013.0,range_neutral,leading,neutral,0.44694533762057903,hold,hold,0,0,
6482,2026-01-23 17:15:00+00:00,18.28,18.58,18.26,18.42,477508.0,range_neutral,leading,neutral,0.49196141479099725,hold,hold,0,0,
6483,2026-01-23 17:30:00+00:00,18.41,18.65,18.33,18.5516,536919.0,range_neutral,leading,neutral,0.5342765273311898,hold,hold,0,0,
6484,2026-01-23 17:45:00+00:00,18.55,18.5756,18.22,18.32,432647.0,range_neutral,leading,neutral,0.45980707395498394,hold,hold,0,0,
6485,2026-01-23 18:00:00+00:00,18.32,18.4,18.23,18.365,369305.0,pullback,leading,neutral,0.47427652733118913,buy,buy,200,200,18.365
6486,2026-01-23 18:15:00+00:00,18.38,19.0,18.36,18.7853,1412656.0,pullback,leading,neutral,0.7346124031007752,hold,hold,0,200,
6487,2026-01-23 18:30:00+00:00,18.76,18.9921,18.73,18.8203,701189.0,breakout_setup,leading,neutral,0.768860033458137,hold,hold,0,200,
6488,2026-01-23 18:45:00+00:00,18.82,18.9,18.51,18.83,528178.0,breakout,leading,neutral,0.8622222222222212,hold,hold,0,200,
6489,2026-01-23 19:00:00+00:00,18.835,19.28,18.71,19.14,1094773.0,breakout,leading,neutral,0.9414225941422592,hold,hold,0,200,
6490,2026-01-23 19:15:00+00:00,19.18,19.87,19.09,19.8651,2162891.0,breakout,leading,neutral,0.9983557046979868,hold,hold,0,200,
6491,2026-01-23 19:30:00+00:00,19.87,20.49,19.7712,20.34,3018423.0,breakout,leading,neutral,0.9583333333333337,hold,hold,0,200,
6492,2026-01-23 19:45:00+00:00,20.33,20.74,20.19,20.41,2249873.0,breakout,leading,neutral,0.9142857142857147,hold,hold,0,200,
6493,2026-01-23 20:00:00+00:00,20.3901,20.6997,19.57,19.7002,2072053.0,pullback,leading,neutral,0.7299220779220779,hold,hold,0,200,
6494,2026-01-23 20:15:00+00:00,19.702,20.29,19.6684,20.2108,1562947.0,breakout,leading,neutral,0.8558038147138965,hold,hold,0,200,
6495,2026-01-23 20:30:00+00:00,20.24,20.49,19.81,19.81,1545831.0,pullback,leading,neutral,0.7038216560509553,hold,hold,0,200,
6496,2026-01-23 20:45:00+00:00,19.82,20.64,19.82,20.53,1180258.0,breakout,leading,neutral,0.9219330855018597,hold,hold,0,200,
6497,2026-01-23 21:00:00+00:00,20.54,20.73,20.35,20.615,2525122.0,breakout,leading,neutral,0.9524714828897338,hold,hold,0,200,
6498,2026-01-26 14:30:00+00:00,21.78,21.86,20.44,20.62,952242.0,pullback,mixed,risk_off,0.6693333333333338,hold,hold,0,200,
6499,2026-01-26 14:45:00+00:00,20.65,21.02,19.0,19.265,5223646.0,pullback,mixed,risk_off,0.30800000000000033,hold,hold,0,200,
6500,2026-01-26 15:00:00+00:00,19.2525,19.58,18.99,19.1199,3172212.0,trend_late,mixed,risk_off,0.26735294117647074,reduce,reduce,-200,0,19.1199
6501,2026-01-26 15:15:00+00:00,19.08,19.1,18.64,19.065,2174064.0,trend_late,mixed,risk_off,0.23214285714285776,hold,hold,0,0,
6502,2026-01-26 15:30:00+00:00,19.07,19.11,18.55,18.7938,1408874.0,trend_late,mixed,risk_off,0.1576373626373632,hold,hold,0,0,
6503,2026-01-26 15:45:00+00:00,18.79,18.82,18.06,18.33,2005212.0,trend_late,mixed,risk_off,0.07105263157894724,hold,hold,0,0,
6504,2026-01-26 16:00:00+00:00,18.33,19.19,18.33,18.92,1684849.0,trend_late,mixed,risk_off,0.22631578947368494,hold,hold,0,0,
6505,2026-01-26 16:15:00+00:00,18.905,19.13,18.695,18.72,812335.0,risk_rising,mixed,risk_off,0.1736842105263158,hold,hold,0,0,
6506,2026-01-26 16:30:00+00:00,18.73,18.75,18.5,18.58,756932.0,risk_rising,mixed,risk_off,0.13684210526315777,hold,hold,0,0,
6507,2026-01-26 16:45:00+00:00,18.5799,18.71,18.5,18.63,456894.0,risk_rising,mixed,risk_off,0.15000000000000005,hold,hold,0,0,
6508,2026-01-26 17:00:00+00:00,18.6257,18.82,18.5155,18.605,514652.0,risk_rising,mixed,risk_off,0.14342105263157937,hold,hold,0,0,
6509,2026-01-26 17:15:00+00:00,18.6,18.76,18.53,18.68,426887.0,risk_rising,mixed,risk_off,0.16315789473684233,hold,hold,0,0,
6510,2026-01-26 17:30:00+00:00,18.675,18.96,18.6,18.925,539615.0,risk_rising,mixed,risk_off,0.2276315789473689,hold,hold,0,0,
6511,2026-01-26 17:45:00+00:00,18.9399,18.97,18.71,18.7899,461719.0,risk_rising,mixed,risk_off,0.19207894736842118,hold,hold,0,0,
6512,2026-01-26 18:00:00+00:00,18.785,18.9,18.6222,18.6275,350387.0,risk_rising,mixed,risk_off,0.14934210526315855,hold,hold,0,0,
6513,2026-01-26 18:15:00+00:00,18.63,18.75,18.6,18.6899,288713.0,range_accumulation,mixed,risk_off,0.16576315789473756,hold,hold,0,0,
6514,2026-01-26 18:30:00+00:00,18.69,18.78,18.57,18.5714,316359.0,risk_rising,mixed,risk_off,0.13457894736842152,hold,hold,0,0,
6515,2026-01-26 18:45:00+00:00,18.575,18.66,18.53,18.66,271899.0,risk_rising,mixed,risk_off,0.15789473684210562,hold,hold,0,0,
6516,2026-01-26 19:00:00+00:00,18.658,18.71,18.51,18.51,380415.0,risk_rising,mixed,risk_off,0.11842105263157968,hold,hold,0,0,
6517,2026-01-26 19:15:00+00:00,18.505,18.56,18.15,18.18,832059.0,risk_rising,mixed,risk_off,0.03157894736842131,hold,hold,0,0,
6518,2026-01-26 19:30:00+00:00,18.1701,18.18,18.0,18.02,899094.0,risk_rising,mixed,risk_off,0.00662251655629125,hold,hold,0,0,
6519,2026-01-26 19:45:00+00:00,18.0101,18.02,17.79,17.91,1127373.0,risk_rising,mixed,risk_off,0.06703910614525198,hold,hold,0,0,
6520,2026-01-26 20:00:00+00:00,17.915,17.92,17.62,17.625,638589.0,risk_rising,mixed,risk_off,0.003184713375795544,hold,hold,0,0,
6521,2026-01-26 20:15:00+00:00,17.625,17.87,17.6,17.855,469716.0,risk_rising,mixed,risk_off,0.16037735849056542,hold,hold,0,0,
6522,2026-01-26 20:30:00+00:00,17.86,17.98,17.77,17.83,388387.0,risk_rising,mixed,risk_off,0.14465408805031252,hold,hold,0,0,
6523,2026-01-26 20:45:00+00:00,17.815,18.22,17.8144,18.22,558178.0,risk_rising,mixed,risk_off,0.3899371069182374,hold,hold,0,0,
6524,2026-01-26 21:00:00+00:00,18.21,18.37,18.05,18.3,954823.0,risk_rising,mixed,risk_off,0.4575163398692813,hold,hold,0,0,
6525,2026-01-27 14:30:00+00:00,17.66,17.72,17.5,17.5057,455870.0,risk_rising,mixed,neutral,0.0038775510204087965,hold,hold,0,0,
6526,2026-01-27 14:45:00+00:00,17.51,17.845,16.6201,16.895,3702416.0,risk_rising,mixed,neutral,0.11698370143410317,hold,hold,0,0,
6527,2026-01-27 15:00:00+00:00,16.89,16.96,16.2,16.36,2559779.0,risk_rising,mixed,neutral,0.05776173285198562,hold,hold,0,0,
6528,2026-01-27 15:15:00+00:00,16.36,16.8,16.2,16.5883,1371502.0,risk_rising,mixed,neutral,0.14018050541516283,hold,hold,0,0,
6529,2026-01-27 15:30:00+00:00,16.6,16.82,16.43,16.695,1047762.0,risk_rising,mixed,neutral,0.1787003610108307,hold,hold,0,0,
6530,2026-01-27 15:45:00+00:00,16.7001,16.7559,16.505,16.7422,505409.0,risk_rising,mixed,neutral,0.1957400722021665,hold,hold,0,0,
6531,2026-01-27 16:00:00+00:00,16.74,17.32,16.74,17.195,1099708.0,risk_rising,mixed,neutral,0.36851851851851897,hold,hold,0,0,
6532,2026-01-27 16:15:00+00:00,17.19,17.21,17.02,17.07,583176.0,risk_rising,mixed,neutral,0.33720930232558155,hold,hold,0,0,
6533,2026-01-27 16:30:00+00:00,17.07,17.25,17.0,17.135,496137.0,risk_rising,mixed,neutral,0.36240310077519444,hold,hold,0,0,
6534,2026-01-27 16:45:00+00:00,17.1368,17.6,17.0778,17.3674,754611.0,risk_rising,mixed,neutral,0.46509960159362546,hold,hold,0,0,
6535,2026-01-27 17:00:00+00:00,17.365,17.54,17.3,17.42,685481.0,risk_rising,mixed,neutral,0.48605577689243096,hold,hold,0,0,
6536,2026-01-27 17:15:00+00:00,17.419,18.55,17.38,18.0193,2638645.0,range_distribution,mixed,neutral,0.7708898305084756,hold,hold,0,0,
6537,2026-01-27 17:30:00+00:00,18.0193,18.1,17.9092,18.01,686966.0,range_distribution,mixed,neutral,0.7702127659574474,hold,hold,0,0,
6538,2026-01-27 17:45:00+00:00,18.0099,18.35,17.98,18.17,835724.0,range_distribution,mixed,neutral,0.8382978723404261,hold,hold,0,0,
6539,2026-01-27 18:00:00+00:00,18.17,18.18,17.86,18.115,588790.0,breakout_setup,mixed,neutral,0.8148936170212757,buy,hold,0,0,
6540,2026-01-27 18:15:00+00:00,18.1138,18.1138,17.89,17.925,335230.0,pullback,mixed,neutral,0.7340425531914895,hold,hold,0,0,
6541,2026-01-27 18:30:00+00:00,17.925,18.21,17.83,18.0861,376775.0,breakout_setup,mixed,neutral,0.8025957446808502,hold,hold,0,0,
6542,2026-01-27 18:45:00+00:00,18.09,18.29,18.04,18.1,440087.0,breakout_setup,mixed,neutral,0.8085106382978727,hold,hold,0,0,
6543,2026-01-27 19:00:00+00:00,18.095,18.4094,18.095,18.3785,407822.0,breakout,mixed,neutral,0.927021276595744,hold,hold,0,0,
6544,2026-01-27 19:15:00+00:00,18.38,18.44,18.24,18.31,381455.0,breakout,mixed,neutral,0.8978723404255311,hold,hold,0,0,
6545,2026-01-27 19:30:00+00:00,18.305,18.57,18.25,18.48,577409.0,breakout,mixed,neutral,0.9620253164556963,hold,hold,0,0,
6546,2026-01-27 19:45:00+00:00,18.47,18.69,18.44,18.67,520625.0,breakout,mixed,neutral,0.9919678714859439,hold,hold,0,0,
6547,2026-01-27 20:00:00+00:00,18.68,18.85,18.5,18.54,712298.0,breakout,mixed,neutral,0.8830188679245276,hold,hold,0,0,
6548,2026-01-27 20:15:00+00:00,18.5399,18.6,18.32,18.525,550546.0,breakout,mixed,neutral,0.8657024793388419,hold,hold,0,0,
6549,2026-01-27 20:30:00+00:00,18.53,18.67,18.32,18.36,464005.0,breakout_setup,mixed,neutral,0.7910447761194024,hold,hold,0,0,
6550,2026-01-27 20:45:00+00:00,18.35,18.63,18.35,18.4701,592959.0,breakout_setup,mixed,neutral,0.81995260663507,hold,hold,0,0,
6551,2026-01-27 21:00:00+00:00,18.475,18.48,18.15,18.2501,1043737.0,pullback,mixed,neutral,0.6757297297297291,hold,hold,0,0,
6552,2026-01-28 14:30:00+00:00,17.96,17.96,17.315,17.3499,354816.0,trend_late,mixed,neutral,0.18913513513513588,reduce,hold,0,0,
6553,2026-01-28 14:45:00+00:00,17.34,17.75,17.16,17.7499,1369897.0,trend_late,mixed,neutral,0.379246134747771,hold,hold,0,0,
6554,2026-01-28 15:00:00+00:00,17.7399,18.105,17.41,17.41,946356.0,trend_late,mixed,neutral,0.14792899408284013,hold,hold,0,0,
6555,2026-01-28 15:15:00+00:00,17.4102,17.6,17.35,17.4301,689504.0,risk_rising,mixed,neutral,0.15982248520710007,hold,hold,0,0,
6556,2026-01-28 15:30:00+00:00,17.44,17.55,17.32,17.48,696118.0,risk_rising,mixed,neutral,0.18934911242603553,hold,hold,0,0,
6557,2026-01-28 15:45:00+00:00,17.47,17.59,17.25,17.4299,546387.0,risk_rising,mixed,neutral,0.15970414201183408,hold,hold,0,0,
6558,2026-01-28 16:00:00+00:00,17.415,17.7,17.33,17.3801,627958.0,risk_rising,mixed,neutral,0.13023668639053163,hold,hold,0,0,
6559,2026-01-28 16:15:00+00:00,17.38,17.72,17.355,17.6832,266289.0,risk_rising,mixed,neutral,0.30958579881656734,hold,hold,0,0,
6560,2026-01-28 16:30:00+00:00,17.6908,17.76,17.5,17.52,338314.0,risk_rising,mixed,neutral,0.21301775147928945,hold,hold,0,0,
6561,2026-01-28 16:45:00+00:00,17.5134,17.55,17.34,17.3667,377368.0,risk_rising,mixed,neutral,0.12230769230769306,hold,hold,0,0,
6562,2026-01-28 17:00:00+00:00,17.365,17.53,17.32,17.38,323693.0,range_accumulation,mixed,neutral,0.13017751479289863,hold,hold,0,0,
6563,2026-01-28 17:15:00+00:00,17.36,17.54,17.3,17.49,243979.0,risk_rising,mixed,neutral,0.19526627218934794,hold,hold,0,0,
6564,2026-01-28 17:30:00+00:00,17.49,17.57,17.4,17.42,222950.0,range_accumulation,mixed,neutral,0.15384615384615466,buy,buy,200,200,17.42
6565,2026-01-28 17:45:00+00:00,17.4,17.465,17.3211,17.3501,179598.0,risk_rising,mixed,neutral,0.11248520710059225,hold,hold,0,200,
6566,2026-01-28 18:00:00+00:00,17.355,17.515,17.13,17.185,450617.0,risk_rising,mixed,neutral,0.031976744186046305,hold,hold,0,200,
6567,2026-01-28 18:15:00+00:00,17.1837,17.2599,17.01,17.2195,468637.0,risk_rising,mixed,neutral,0.1262048192771075,hold,hold,0,200,
6568,2026-01-28 18:30:00+00:00,17.23,17.28,17.07,17.21,271982.0,risk_rising,mixed,neutral,0.12048192771084293,hold,hold,0,200,
6569,2026-01-28 18:45:00+00:00,17.21,17.33,17.14,17.24,186877.0,risk_rising,mixed,neutral,0.1419753086419736,hold,hold,0,200,
6570,2026-01-28 19:00:00+00:00,17.2397,17.33,17.08,17.135,189835.0,risk_rising,mixed,neutral,0.08503401360544224,hold,hold,0,200,
6571,2026-01-28 19:15:00+00:00,17.13,17.53,17.0,17.45,488897.0,range_neutral,mixed,neutral,0.4072398190045241,hold,hold,0,200,
6572,2026-01-28 19:30:00+00:00,17.4428,17.528,17.0,17.215,434370.0,risk_rising,mixed,neutral,0.19457013574660614,hold,hold,0,200,
6573,2026-01-28 19:45:00+00:00,17.245,17.4,17.01,17.375,310513.0,risk_rising,mixed,neutral,0.3393665158371039,hold,hold,0,200,
6574,2026-01-28 20:00:00+00:00,17.3758,17.56,17.04,17.09,446835.0,risk_rising,mixed,neutral,0.11842105263157851,hold,hold,0,200,
6575,2026-01-28 20:15:00+00:00,17.09,17.322,17.09,17.32,275487.0,risk_rising,mixed,neutral,0.4210526315789469,hold,hold,0,200,
6576,2026-01-28 20:30:00+00:00,17.305,17.3899,17.16,17.1968,315306.0,range_accumulation,mixed,neutral,0.25894736842105165,hold,hold,0,200,
6577,2026-01-28 20:45:00+00:00,17.1846,17.27,17.095,17.1765,275983.0,risk_rising,mixed,neutral,0.23223684210526369,reduce,reduce,-200,0,17.1765
6578,2026-01-28 21:00:00+00:00,17.175,17.19,17.05,17.065,638286.0,risk_rising,mixed,neutral,0.08552631578947519,hold,hold,0,0,
6579,2026-01-29 14:30:00+00:00,15.75,15.85,15.01,15.125,1012678.0,risk_rising,weak,neutral,0.041818181818181865,hold,hold,0,0,
6580,2026-01-29 14:45:00+00:00,15.142,15.1999,14.75,15.1696,2707700.0,risk_rising,weak,neutral,0.14879432624113503,hold,hold,0,0,
6581,2026-01-29 15:00:00+00:00,15.1666,15.45,14.624,14.83,1909788.0,risk_rising,weak,neutral,0.06992532247114716,hold,hold,0,0,
6582,2026-01-29 15:15:00+00:00,14.83,14.88,14.615,14.83,870012.0,risk_rising,weak,neutral,0.07275803722504225,hold,hold,0,0,
6583,2026-01-29 15:30:00+00:00,14.825,14.93,14.33,14.425,1428253.0,risk_rising,weak,neutral,0.029320987654321184,hold,hold,0,0,
6584,2026-01-29 15:45:00+00:00,14.41,14.43,13.94,13.95,2389535.0,risk_rising,weak,neutral,0.002762430939226461,hold,hold,0,0,
6585,2026-01-29 16:00:00+00:00,13.953,14.4298,13.9093,14.2099,1883441.0,risk_rising,weak,neutral,0.08234037307913535,hold,hold,0,0,
6586,2026-01-29 16:15:00+00:00,14.21,14.43,14.06,14.37,571116.0,risk_rising,weak,neutral,0.12619497630591375,hold,hold,0,0,
6587,2026-01-29 16:30:00+00:00,14.3799,14.42,14.16,14.27,471556.0,risk_rising,weak,neutral,0.09880296929356006,hold,hold,0,0,
6588,2026-01-29 16:45:00+00:00,14.285,14.44,14.07,14.3963,610849.0,risk_rising,weak,neutral,0.13339907415016306,hold,hold,0,0,
6589,2026-01-29 17:00:00+00:00,14.3948,14.625,14.3916,14.585,635909.0,risk_rising,weak,neutral,0.1850877913824749,hold,hold,0,0,
6590,2026-01-29 17:15:00+00:00,14.5875,14.7498,14.45,14.52,425172.0,risk_rising,weak,neutral,0.16728298682444456,hold,hold,0,0,
6591,2026-01-29 17:30:00+00:00,14.505,14.74,14.49,14.72,344766.0,risk_rising,weak,neutral,0.22206700084915246,hold,hold,0,0,
6592,2026-01-29 17:45:00+00:00,14.72,14.9899,14.69,14.815,651843.0,risk_rising,weak,neutral,0.2480894075108883,hold,hold,0,0,
6593,2026-01-29 18:00:00+00:00,14.8101,14.818,14.53,14.5799,319555.0,range_accumulation,weak,neutral,0.1836907990248447,hold,hold,0,0,
6594,2026-01-29 18:15:00+00:00,14.5555,14.5799,14.43,14.4601,229512.0,range_accumulation,weak,neutral,0.15824857783140853,hold,hold,0,0,
6595,2026-01-29 18:30:00+00:00,14.48,14.51,14.13,14.155,486068.0,risk_rising,weak,neutral,0.07059127736597119,hold,hold,0,0,
6596,2026-01-29 18:45:00+00:00,14.16,14.4,14.13,14.35,300058.0,risk_rising,weak,neutral,0.13113339482845826,hold,hold,0,0,
6597,2026-01-29 19:00:00+00:00,14.34,14.53,14.26,14.277,279369.0,range_accumulation,weak,neutral,0.1120797390800741,hold,hold,0,0,
6598,2026-01-29 19:15:00+00:00,14.275,14.432,14.2686,14.325,143140.0,risk_rising,weak,neutral,0.21420106147266418,hold,hold,0,0,
6599,2026-01-29 19:30:00+00:00,14.3225,14.6,14.28,14.28,373854.0,risk_rising,weak,neutral,0.24060491984163013,hold,hold,0,0,
6600,2026-01-29 19:45:00+00:00,14.27,14.34,14.1,14.335,365542.0,risk_rising,weak,neutral,0.27630297916531515,hold,hold,0,0,
6601,2026-01-29 20:00:00+00:00,14.3399,14.37,14.02,14.055,410040.0,risk_rising,weak,neutral,0.1348325004627056,hold,hold,0,0,
6602,2026-01-29 20:15:00+00:00,14.055,14.34,13.96,14.105,578638.0,risk_rising,weak,neutral,0.18110309087543988,hold,hold,0,0,
6603,2026-01-29 20:30:00+00:00,14.105,14.14,13.93,13.95,555031.0,risk_rising,weak,neutral,0.03766426059596453,hold,hold,0,0,
6604,2026-01-29 20:45:00+00:00,13.95,14.29,13.94,14.275,553876.0,risk_rising,weak,neutral,0.33842309827873424,hold,hold,0,0,
6605,2026-01-29 21:00:00+00:00,14.275,14.3094,14.07,14.165,1267197.0,range_accumulation,weak,neutral,0.22171903009717828,hold,hold,0,0,
6606,2026-01-30 14:30:00+00:00,14.02,14.39,14.02,14.375,227096.0,range_neutral,weak,neutral,0.4198509293329559,hold,hold,0,0,
6607,2026-01-30 14:45:00+00:00,14.3775,15.0999,14.21,14.7656,2290219.0,range_distribution,weak,neutral,0.7142490811180437,hold,hold,0,0,
6608,2026-01-30 15:00:00+00:00,14.7601,14.97,14.24,14.2863,1141800.0,risk_rising,weak,neutral,0.30455594495256083,hold,hold,0,0,
6609,2026-01-30 15:15:00+00:00,14.28,14.66,14.22,14.5,1006176.0,range_neutral,weak,neutral,0.4872211300111122,hold,hold,0,0,
6610,2026-01-30 15:30:00+00:00,14.5001,14.742,14.45,14.7,636585.0,range_distribution,weak,neutral,0.6581759124711509,hold,hold,0,0,
6611,2026-01-30 15:45:00+00:00,14.69,14.87,14.56,14.81,624336.0,breakout_setup,weak,neutral,0.7522010428241735,hold,hold,0,0,
6612,2026-01-30 16:00:00+00:00,14.82,14.85,14.5114,14.5114,474738.0,pullback,weak,neutral,0.4969655526113345,buy,buy,200,200,14.5114
6613,2026-01-30 16:15:00+00:00,14.5036,14.52,13.96,14.02,950684.0,pullback,weak,neutral,0.07692965210701756,hold,hold,0,200,
6614,2026-01-30 16:30:00+00:00,14.0201,14.03,13.74,13.835,899904.0,trend_late,weak,neutral,0.06985807779983871,hold,hold,0,200,
6615,2026-01-30 16:45:00+00:00,13.835,13.9513,13.74,13.885,389170.0,trend_late,weak,neutral,0.10662548716817384,hold,hold,0,200,
6616,2026-01-30 17:00:00+00:00,13.88,13.88,13.75,13.8,245191.0,trend_late,weak,neutral,0.04412089124200347,hold,hold,0,200,
6617,2026-01-30 17:15:00+00:00,13.7901,13.9,13.71,13.765,252235.0,risk_rising,weak,neutral,0.039571192172098535,hold,hold,0,200,
6618,2026-01-30 17:30:00+00:00,13.77,14.0,13.76,13.885,318660.0,risk_rising,weak,neutral,0.12590833872940432,hold,hold,0,200,
6619,2026-01-30 17:45:00+00:00,13.8854,13.89,13.57,13.66,474701.0,risk_rising,weak,neutral,0.05882737433819196,hold,hold,0,200,
6620,2026-01-30 18:00:00+00:00,13.67,13.6801,13.5,13.54,298034.0,risk_rising,weak,neutral,0.025001562597661824,hold,hold,0,200,
6621,2026-01-30 18:15:00+00:00,13.5477,13.58,13.42,13.4305,230639.0,risk_rising,weak,neutral,0.006250372045955354,hold,hold,0,200,
6622,2026-01-30 18:30:00+00:00,13.43,13.46,13.3,13.3,316431.0,risk_rising,weak,neutral,0.0,hold,hold,0,200,
6623,2026-01-30 18:45:00+00:00,13.31,13.3555,13.26,13.315,246394.0,risk_rising,weak,neutral,0.02989292896353047,hold,hold,0,200,
6624,2026-01-30 19:00:00+00:00,13.32,13.76,13.31,13.695,322555.0,risk_rising,weak,neutral,0.23642589271156067,reduce,reduce,-200,0,13.695
6625,2026-01-30 19:15:00+00:00,13.68,13.68,13.4,13.42,203435.0,risk_rising,weak,neutral,0.08696124789390736,hold,hold,0,0,
6626,2026-01-30 19:30:00+00:00,13.43,13.56,13.177,13.185,324171.0,risk_rising,weak,neutral,0.004160382755213945,hold,hold,0,0,
6627,2026-01-30 19:45:00+00:00,13.18,13.48,13.17,13.4,228645.0,risk_rising,weak,neutral,0.12777777777777796,hold,hold,0,0,
6628,2026-01-30 20:00:00+00:00,13.39,13.5599,13.25,13.28,190472.0,risk_rising,weak,neutral,0.06470588235294086,hold,hold,0,0,
6629,2026-01-30 20:15:00+00:00,13.28,13.31,13.2,13.235,224466.0,risk_rising,weak,neutral,0.038235294117646784,hold,hold,0,0,
6630,2026-01-30 20:30:00+00:00,13.235,13.2999,13.14,13.18,313421.0,risk_rising,weak,neutral,0.023121387283236518,hold,hold,0,0,
6631,2026-01-30 20:45:00+00:00,13.1745,13.295,13.06,13.1801,534876.0,risk_rising,weak,neutral,0.06709497206703857,hold,hold,0,0,
6632,2026-01-30 21:00:00+00:00,13.185,13.23,13.06,13.165,789402.0,risk_rising,weak,neutral,0.0719178082191772,hold,hold,0,0,
6633,2026-02-02 14:30:00+00:00,13.85,14.35,13.83,14.325,414698.0,range_distribution,weak,risk_on,0.9806201550387594,hold,hold,0,0,
6634,2026-02-02 14:45:00+00:00,14.3499,14.92,13.6,13.61,3434623.0,risk_rising,weak,risk_on,0.2956989247311823,hold,hold,0,0,
6635,2026-02-02 15:00:00+00:00,13.62,13.87,12.85,12.9484,1825622.0,risk_rising,weak,risk_on,0.04753623188405788,hold,hold,0,0,
6636,2026-02-02 15:15:00+00:00,12.9488,13.76,12.91,13.55,1765375.0,range_accumulation,weak,risk_on,0.3381642512077299,hold,hold,0,0,
6637,2026-02-02 15:30:00+00:00,13.55,13.68,13.2601,13.465,877301.0,range_accumulation,weak,risk_on,0.29710144927536236,hold,hold,0,0,
6638,2026-02-02 15:45:00+00:00,13.465,13.75,13.4199,13.7265,529395.0,pullback,weak,risk_on,0.4234299516908212,buy,buy,200,200,13.7265
6639,2026-02-02 16:00:00+00:00,13.73,13.87,13.5301,13.5501,695884.0,pullback,weak,risk_on,0.3382125603864738,hold,hold,0,200,
6640,2026-02-02 16:15:00+00:00,13.55,13.86,13.49,13.7214,665957.0,pullback,weak,risk_on,0.4209661835748789,hold,hold,0,200,
6641,2026-02-02 16:30:00+00:00,13.715,13.82,13.315,13.35,352252.0,pullback,weak,risk_on,0.24154589371980673,hold,hold,0,200,
6642,2026-02-02 16:45:00+00:00,13.33,13.33,13.11,13.21,383709.0,pullback,weak,risk_on,0.17391304347826142,hold,hold,0,200,
6643,2026-02-02 17:00:00+00:00,13.22,13.2797,13.115,13.1531,257399.0,trend_late,weak,risk_on,0.14642512077294711,hold,hold,0,200,
6644,2026-02-02 17:15:00+00:00,13.16,13.47,13.1417,13.445,328642.0,trend_late,weak,risk_on,0.2874396135265703,hold,hold,0,200,
6645,2026-02-02 17:30:00+00:00,13.445,13.47,13.29,13.32,256018.0,pullback,weak,risk_on,0.22705314009661864,hold,hold,0,200,
6646,2026-02-02 17:45:00+00:00,13.31,13.32,13.02,13.045,308018.0,trend_late,weak,risk_on,0.09420289855072476,hold,hold,0,200,
6647,2026-02-02 18:00:00+00:00,13.04,13.17,13.04,13.1138,214906.0,risk_rising,weak,risk_on,0.12743961352656993,hold,hold,0,200,
6648,2026-02-02 18:15:00+00:00,13.1,13.1,12.9242,12.9822,461703.0,risk_rising,weak,risk_on,0.06386473429951738,hold,hold,0,200,
6649,2026-02-02 18:30:00+00:00,12.9899,13.055,12.925,12.925,243677.0,risk_rising,weak,risk_on,0.03623188405797152,hold,hold,0,200,
6650,2026-02-02 18:45:00+00:00,12.92,13.0499,12.86,13.02,256438.0,risk_rising,weak,risk_on,0.08212560386473425,reduce,reduce,-200,0,13.02
6651,2026-02-02 19:00:00+00:00,13.03,13.19,12.955,13.05,233530.0,risk_rising,weak,risk_on,0.0966183574879232,hold,hold,0,0,
6652,2026-02-02 19:15:00+00:00,13.05,13.13,12.97,12.98,120242.0,risk_rising,weak,risk_on,0.06280193236715012,hold,hold,0,0,
6653,2026-02-02 19:30:00+00:00,12.9764,13.24,12.94,13.02,280074.0,risk_rising,weak,risk_on,0.08212560386473425,hold,hold,0,0,
6654,2026-02-02 19:45:00+00:00,13.02,13.1,12.866,13.07,271449.0,risk_rising,weak,risk_on,0.21568627450980463,hold,hold,0,0,
6655,2026-02-02 20:00:00+00:00,13.08,13.27,12.74,12.765,552002.0,risk_rising,weak,risk_on,0.022123893805310067,hold,hold,0,0,
6656,2026-02-02 20:15:00+00:00,12.785,13.0,12.7445,12.825,311440.0,risk_rising,weak,risk_on,0.07522123893805234,hold,hold,0,0,
6657,2026-02-02 20:30:00+00:00,12.82,12.89,12.5,12.51,791383.0,risk_rising,weak,risk_on,0.00729927007299255,hold,hold,0,0,
6658,2026-02-02 20:45:00+00:00,12.518,12.8,12.5,12.7,557215.0,risk_rising,weak,risk_on,0.1459854014598536,hold,hold,0,0,
6659,2026-02-02 21:00:00+00:00,12.7,12.73,12.47,12.58,647758.0,risk_rising,weak,risk_on,0.07913669064748168,hold,hold,0,0,
6660,2026-02-03 14:30:00+00:00,13.45,13.54,13.3,13.485,332288.0,range_distribution,weak,risk_off,0.7518518518518511,sell,hold,0,0,
6661,2026-02-03 14:45:00+00:00,13.5,14.35,13.46,13.72,3322934.0,range_distribution,weak,risk_off,0.6648936170212769,hold,hold,0,0,
6662,2026-02-03 15:00:00+00:00,13.74,14.42,13.7,13.87,1974475.0,range_distribution,weak,risk_off,0.7179487179487175,hold,hold,0,0,
6663,2026-02-03 15:15:00+00:00,13.88,14.2799,13.8,14.1293,1029369.0,breakout,weak,risk_off,0.8509230769230772,hold,hold,0,0,
6664,2026-02-03 15:30:00+00:00,14.115,14.64,14.102,14.352,1449511.0,breakout,weak,risk_off,0.8672811059907833,hold,hold,0,0,
6665,2026-02-03 15:45:00+00:00,14.36,14.47,14.14,14.24,648702.0,breakout_setup,weak,risk_off,0.8156682027649768,avoid,avoid,0,0,
6666,2026-02-03 16:00:00+00:00,14.235,14.62,14.225,14.4459,662107.0,breakout,weak,risk_off,0.9105529953917048,hold,hold,0,0,
6667,2026-02-03 16:15:00+00:00,14.46,14.48,14.0,14.104,632616.0,breakout_setup,weak,risk_off,0.7529953917050685,hold,hold,0,0,
6668,2026-02-03 16:30:00+00:00,14.0974,14.19,13.9109,13.97,485571.0,pullback,weak,risk_off,0.6912442396313364,hold,hold,0,0,
6669,2026-02-03 16:45:00+00:00,13.98,14.1296,13.9201,14.125,274961.0,breakout_setup,weak,risk_off,0.7626728110599076,hold,hold,0,0,
6670,2026-02-03 17:00:00+00:00,14.125,14.34,14.12,14.21,361375.0,breakout_setup,weak,risk_off,0.8018433179723503,hold,hold,0,0,
6671,2026-02-03 17:15:00+00:00,14.22,14.44,14.14,14.23,406501.0,breakout_setup,weak,risk_off,0.8110599078341013,hold,hold,0,0,
6672,2026-02-03 17:30:00+00:00,14.23,14.46,14.23,14.34,318788.0,breakout,weak,risk_off,0.8617511520737324,hold,hold,0,0,
6673,2026-02-03 17:45:00+00:00,14.34,14.5,14.3,14.37,317459.0,breakout,weak,risk_off,0.8755760368663589,hold,hold,0,0,
6674,2026-02-03 18:00:00+00:00,14.3737,14.58,14.25,14.259,448587.0,trend_late,weak,risk_off,0.8244239631336404,sell,hold,0,0,
6675,2026-02-03 18:15:00+00:00,14.27,14.49,14.13,14.2,381158.0,trend_late,weak,risk_off,0.7972350230414741,hold,hold,0,0,
6676,2026-02-03 18:30:00+00:00,14.2101,14.42,13.95,14.08,515404.0,trend_late,weak,risk_off,0.7419354838709675,hold,hold,0,0,
6677,2026-02-03 18:45:00+00:00,14.09,14.245,14.03,14.0762,268418.0,trend_late,weak,risk_off,0.7401843317972348,hold,hold,0,0,
6678,2026-02-03 19:00:00+00:00,14.08,14.38,14.03,14.09,567045.0,pullback,weak,risk_off,0.746543778801843,avoid,avoid,0,0,
6679,2026-02-03 19:15:00+00:00,14.074,14.405,14.04,14.4,295306.0,breakout_setup,weak,risk_off,0.8208955223880595,hold,hold,0,0,
6680,2026-02-03 19:30:00+00:00,14.4,14.72,14.13,14.16,1074931.0,trend_late,weak,risk_off,0.5555555555555551,sell,hold,0,0,
6681,2026-02-03 19:45:00+00:00,14.17,14.5299,14.1301,14.5,348271.0,breakout_setup,weak,risk_off,0.7843137254901957,avoid,avoid,0,0,
6682,2026-02-03 20:00:00+00:00,14.4951,14.7999,14.45,14.735,647378.0,breakout,weak,risk_off,0.9350935093509353,hold,hold,0,0,
6683,2026-02-03 20:15:00+00:00,14.735,14.95,14.735,14.77,721320.0,breakout_setup,weak,risk_off,0.8267731690886346,hold,hold,0,0,
6684,2026-02-03 20:30:00+00:00,14.77,15.04,14.77,14.88,765149.0,breakout,weak,risk_off,0.8582942166327177,hold,hold,0,0,
6685,2026-02-03 20:45:00+00:00,14.87,15.088,14.84,15.07,448363.0,breakout,weak,risk_off,0.9847081811231001,hold,hold,0,0,
6686,2026-02-03 21:00:00+00:00,15.0739,15.4,15.0,15.16,1328078.0,breakout_setup,weak,risk_off,0.8388288227788596,hold,hold,0,0,
6687,2026-02-04 14:30:00+00:00,14.78,14.85,14.3,14.3216,607995.0,pullback,weak,risk_off,0.2758041770196764,hold,hold,0,0,
6688,2026-02-04 14:45:00+00:00,14.35,14.66,14.12,14.41,1857318.0,pullback,weak,risk_off,0.3310358808027571,hold,hold,0,0,
6689,2026-02-04 15:00:00+00:00,14.4358,14.5,13.73,13.76,1156171.0,trend_late,weak,risk_off,0.017964071856287043,sell,hold,0,0,
6690,2026-02-04 15:15:00+00:00,13.76,13.87,13.56,13.83,877210.0,trend_late,weak,risk_off,0.1467391304347824,hold,hold,0,0,
6691,2026-02-04 15:30:00+00:00,13.825,13.8365,13.63,13.64,507172.0,trend_late,weak,risk_off,0.04347826086956526,hold,hold,0,0,
6692,2026-02-04 15:45:00+00:00,13.63,13.7438,13.3,13.6733,888817.0,trend_late,weak,risk_off,0.17776190476190415,hold,hold,0,0,
6693,2026-02-04 16:00:00+00:00,13.67,13.9,13.55,13.81,501646.0,risk_rising,weak,risk_off,0.2428571428571428,reduce,hold,0,0,
6694,2026-02-04 16:15:00+00:00,13.81,13.8269,13.565,13.64,354172.0,risk_rising,weak,risk_off,0.16190476190476186,hold,hold,0,0,
6695,2026-02-04 16:30:00+00:00,13.64,13.745,13.5,13.57,270832.0,risk_rising,weak,risk_off,0.1285714285714284,hold,hold,0,0,
6696,2026-02-04 16:45:00+00:00,13.565,13.635,13.2123,13.23,365655.0,risk_rising,weak,risk_off,0.008090688851304845,hold,hold,0,0,
6697,2026-02-04 17:00:00+00:00,13.235,13.29,13.13,13.165,565313.0,risk_rising,weak,risk_off,0.015418502202642455,hold,hold,0,0,
6698,2026-02-04 17:15:00+00:00,13.16,13.19,12.945,12.945,748111.0,risk_rising,weak,risk_off,0.0,hold,hold,0,0,
6699,2026-02-04 17:30:00+00:00,12.94,12.945,12.6721,12.695,512392.0,risk_rising,weak,risk_off,0.008394735877414832,hold,hold,0,0,
6700,2026-02-04 17:45:00+00:00,12.695,12.845,12.67,12.73,787420.0,risk_rising,weak,risk_off,0.021978021978022157,hold,hold,0,0,
6701,2026-02-04 18:00:00+00:00,12.7221,12.88,12.62,12.66,491108.0,risk_rising,weak,risk_off,0.01438848920863342,hold,hold,0,0,
6702,2026-02-04 18:15:00+00:00,12.661,12.82,12.6503,12.765,293258.0,risk_rising,weak,risk_off,0.05215827338129543,hold,hold,0,0,
6703,2026-02-04 18:30:00+00:00,12.76,12.85,12.69,12.71,349702.0,risk_rising,weak,risk_off,0.032374100719425036,hold,hold,0,0,
6704,2026-02-04 18:45:00+00:00,12.7101,12.83,12.7,12.72,299961.0,risk_rising,weak,risk_off,0.03597122302158323,hold,hold,0,0,
6705,2026-02-04 19:00:00+00:00,12.721,12.84,12.7,12.75,383715.0,risk_rising,weak,risk_off,0.04676258992805782,hold,hold,0,0,
6706,2026-02-04 19:15:00+00:00,12.755,12.82,12.745,12.765,303880.0,risk_rising,weak,risk_off,0.06502242152466427,hold,hold,0,0,
6707,2026-02-04 19:30:00+00:00,12.7674,12.825,12.745,12.791,259792.0,risk_rising,weak,risk_off,0.08382352941176523,hold,hold,0,0,
6708,2026-02-04 19:45:00+00:00,12.795,12.92,12.77,12.895,298003.0,risk_rising,weak,risk_off,0.146276595744681,hold,hold,0,0,
6709,2026-02-04 20:00:00+00:00,12.895,13.29,12.895,13.185,612249.0,range_neutral,weak,risk_off,0.4414062500000006,avoid,avoid,0,0,
6710,2026-02-04 20:15:00+00:00,13.1873,13.28,12.9902,13.165,385445.0,range_neutral,weak,risk_off,0.42578124999999956,hold,hold,0,0,
6711,2026-02-04 20:30:00+00:00,13.165,13.165,12.82,12.8465,473719.0,range_accumulation,weak,risk_off,0.176953125000001,hold,hold,0,0,
6712,2026-02-04 20:45:00+00:00,12.8401,12.95,12.82,12.91,349874.0,range_accumulation,weak,risk_off,0.22656250000000053,hold,hold,0,0,
6713,2026-02-04 21:00:00+00:00,12.9126,13.04,12.87,13.04,591611.0,range_accumulation,weak,risk_off,0.34799900571712616,hold,hold,0,0,
6714,2026-02-05 14:30:00+00:00,12.51,12.78,12.472,12.59,343771.0,risk_rising,weak,risk_off,0.09269442262372377,reduce,hold,0,0,
6715,2026-02-05 14:45:00+00:00,12.595,12.69,12.2,12.375,1457608.0,trend_late,weak,risk_off,0.12195121951219558,sell,hold,0,0,
6716,2026-02-05 15:00:00+00:00,12.375,12.43,11.93,11.9385,1116756.0,risk_rising,weak,risk_off,0.006249999999999804,reduce,hold,0,0,
6717,2026-02-05 15:15:00+00:00,11.94,12.1199,11.81,11.925,1101866.0,risk_rising,weak,risk_off,0.07770270270270292,hold,hold,0,0,
6718,2026-02-05 15:30:00+00:00,11.92,12.0,11.62,11.665,976090.0,risk_rising,weak,risk_off,0.026946107784431097,hold,hold,0,0,
6719,2026-02-05 15:45:00+00:00,11.665,11.85,11.42,11.735,1072821.0,risk_rising,weak,risk_off,0.16844919786096238,hold,hold,0,0,
6720,2026-02-05 16:00:00+00:00,11.725,11.778,11.5514,11.67,452022.0,risk_rising,weak,risk_off,0.13368983957219258,hold,hold,0,0,
6721,2026-02-05 16:15:00+00:00,11.68,11.693,11.525,11.597,387768.0,risk_rising,weak,risk_off,0.09465240641711213,hold,hold,0,0,
6722,2026-02-05 16:30:00+00:00,11.6,11.9,11.57,11.7869,429970.0,risk_rising,weak,risk_off,0.19620320855614945,hold,hold,0,0,
6723,2026-02-05 16:45:00+00:00,11.79,11.83,11.71,11.71,186686.0,risk_rising,weak,risk_off,0.15508021390374388,hold,hold,0,0,
6724,2026-02-05 17:00:00+00:00,11.71,11.79,11.42,11.575,331464.0,risk_rising,weak,risk_off,0.08288770053475905,hold,hold,0,0,
6725,2026-02-05 17:15:00+00:00,11.575,11.655,11.475,11.4801,435172.0,risk_rising,weak,risk_off,0.032139037433155236,hold,hold,0,0,
6726,2026-02-05 17:30:00+00:00,11.49,11.585,11.43,11.5104,395238.0,risk_rising,weak,risk_off,0.048342245989305206,hold,hold,0,0,
6727,2026-02-05 17:45:00+00:00,11.51,11.5877,11.46,11.54,322124.0,risk_rising,weak,risk_off,0.06417112299465201,hold,hold,0,0,
6728,2026-02-05 18:00:00+00:00,11.54,11.61,11.485,11.525,193481.0,risk_rising,weak,risk_off,0.05614973262032111,hold,hold,0,0,
6729,2026-02-05 18:15:00+00:00,11.5228,11.59,11.42,11.425,163301.0,risk_rising,weak,risk_off,0.0026881720430111736,hold,hold,0,0,
6730,2026-02-05 18:30:00+00:00,11.425,11.44,11.31,11.3101,387811.0,risk_rising,weak,risk_off,5.390835579502265e-05,hold,hold,0,0,
6731,2026-02-05 18:45:00+00:00,11.3169,11.355,11.21,11.215,244400.0,risk_rising,weak,risk_off,0.0027322404371579287,hold,hold,0,0,
6732,2026-02-05 19:00:00+00:00,11.21,11.37,11.195,11.315,342010.0,risk_rising,weak,risk_off,0.06504065040650368,hold,hold,0,0,
6733,2026-02-05 19:15:00+00:00,11.32,11.37,11.27,11.33,236508.0,risk_rising,weak,risk_off,0.08517350157728698,hold,hold,0,0,
6734,2026-02-05 19:30:00+00:00,11.335,11.4,11.1331,11.17,507032.0,risk_rising,weak,risk_off,0.023700944183954843,hold,hold,0,0,
6735,2026-02-05 19:45:00+00:00,11.17,11.18,11.111,11.125,395596.0,risk_rising,weak,risk_off,0.01061410159211475,hold,hold,0,0,
6736,2026-02-05 20:00:00+00:00,11.125,11.13,11.055,11.07,383751.0,risk_rising,weak,risk_off,0.014085829655367239,hold,hold,0,0,
6737,2026-02-05 20:15:00+00:00,11.062,11.15,10.96,10.98,511219.0,risk_rising,weak,risk_off,0.019230769230768836,hold,hold,0,0,
6738,2026-02-05 20:30:00+00:00,10.985,10.985,10.625,10.6472,1372777.0,risk_rising,weak,risk_off,0.017411764705882172,hold,hold,0,0,
6739,2026-02-05 20:45:00+00:00,10.64,10.71,10.545,10.5754,940648.0,risk_rising,weak,risk_off,0.022435424354243685,hold,hold,0,0,
6740,2026-02-05 21:00:00+00:00,10.575,10.68,10.55,10.665,1499787.0,risk_rising,weak,risk_off,0.08856088560885549,hold,hold,0,0,
6741,2026-02-06 14:30:00+00:00,11.16,11.27,11.0,11.04,673382.0,risk_rising,weak,risk_on,0.3653136531365307,hold,hold,0,0,
6742,2026-02-06 14:45:00+00:00,11.0499,11.0854,10.45,10.79,1838724.0,risk_rising,weak,risk_on,0.24637681159420266,hold,hold,0,0,
6743,2026-02-06 15:00:00+00:00,10.79,11.0,10.46,10.49,1153532.0,risk_rising,weak,risk_on,0.02985074626865741,hold,hold,0,0,
6744,2026-02-06 15:15:00+00:00,10.4879,10.83,10.39,10.585,744868.0,risk_rising,weak,risk_on,0.15415019762845886,hold,hold,0,0,
6745,2026-02-06 15:30:00+00:00,10.585,10.725,10.5102,10.7,513278.0,risk_rising,weak,risk_on,0.2540983606557369,hold,hold,0,0,
6746,2026-02-06 15:45:00+00:00,10.705,10.96,10.7,10.8355,774199.0,risk_rising,weak,risk_on,0.36516393442622913,hold,hold,0,0,
6747,2026-02-06 16:00:00+00:00,10.83,10.985,10.72,10.86,496757.0,risk_rising,weak,risk_on,0.3852459016393437,hold,hold,0,0,
6748,2026-02-06 16:15:00+00:00,10.86,10.935,10.8,10.83,308991.0,range_neutral,weak,risk_on,0.3666666666666665,hold,hold,0,0,
6749,2026-02-06 16:30:00+00:00,10.835,10.845,10.77,10.8254,251522.0,range_neutral,weak,risk_on,0.4146666666666667,hold,hold,0,0,
6750,2026-02-06 16:45:00+00:00,10.825,10.85,10.7513,10.7899,336810.0,range_neutral,weak,risk_on,0.39594059405940485,hold,hold,0,0,
6751,2026-02-06 17:00:00+00:00,10.78,10.83,10.63,10.6527,425799.0,risk_rising,weak,risk_on,0.260099009900989,hold,hold,0,0,
6752,2026-02-06 17:15:00+00:00,10.655,10.83,10.6526,10.745,446935.0,risk_rising,weak,risk_on,0.35148514851485024,hold,hold,0,0,
6753,2026-02-06 17:30:00+00:00,10.75,10.8288,10.7201,10.8288,251896.0,range_neutral,weak,risk_on,0.4344554455445533,hold,hold,0,0,
6754,2026-02-06 17:45:00+00:00,10.8254,10.83,10.72,10.79,261839.0,range_neutral,weak,risk_on,0.4545454545454534,hold,hold,0,0,
6755,2026-02-06 18:00:00+00:00,10.79,10.8999,10.77,10.86,636362.0,pullback,weak,risk_on,0.5340909090909084,buy,buy,200,200,10.86
6756,2026-02-06 18:15:00+00:00,10.87,11.0,10.85,10.94,477103.0,pullback,weak,risk_on,0.6249999999999994,hold,hold,0,200,
6757,2026-02-06 18:30:00+00:00,10.945,11.1,10.87,10.945,502215.0,pullback,weak,risk_on,0.6306818181818186,hold,hold,0,200,
6758,2026-02-06 18:45:00+00:00,10.95,11.16,10.9101,11.08,497139.0,pullback,weak,risk_on,0.7840909090909094,hold,hold,0,200,
6759,2026-02-06 19:00:00+00:00,11.08,11.25,11.005,11.15,353820.0,pullback,weak,risk_on,0.8636363636363644,hold,hold,0,200,
6760,2026-02-06 19:15:00+00:00,11.14,11.21,11.08,11.1001,301414.0,pullback,weak,risk_on,0.8069318181818178,hold,hold,0,200,
6761,2026-02-06 19:30:00+00:00,11.115,11.1968,11.0645,11.1,275150.0,pullback,weak,risk_on,0.8255813953488367,hold,hold,0,200,
6762,2026-02-06 19:45:00+00:00,11.11,11.17,11.089,11.155,255015.0,pullback,weak,risk_on,0.8895348837209294,hold,hold,0,200,
6763,2026-02-06 20:00:00+00:00,11.155,11.2,10.94,10.9461,508922.0,pullback,weak,risk_on,0.6466279069767433,hold,hold,0,200,
6764,2026-02-06 20:15:00+00:00,10.95,11.0498,10.94,10.94,223998.0,pullback,weak,risk_on,0.5809678291430114,hold,hold,0,200,
6765,2026-02-06 20:30:00+00:00,10.95,11.045,10.81,10.9,408433.0,pullback,weak,risk_on,0.43548387096774177,hold,hold,0,200,
6766,2026-02-06 20:45:00+00:00,10.905,11.03,10.885,10.9807,256319.0,pullback,weak,risk_on,0.5656451612903229,hold,hold,0,200,
6767,2026-02-06 21:00:00+00:00,10.985,11.075,10.96,11.025,637881.0,pullback,weak,risk_on,0.6370967741935485,hold,hold,0,200,
6768,2026-02-09 14:30:00+00:00,10.8,10.9,10.29,10.3,386758.0,trend_late,weak,risk_on,0.010416666666668286,reduce,reduce,-200,0,10.3
6769,2026-02-09 14:45:00+00:00,10.29,10.6998,10.2,10.66,919652.0,trend_late,weak,risk_on,0.4380952380952386,hold,hold,0,0,
6770,2026-02-09 15:00:00+00:00,10.655,10.92,10.52,10.73,694623.0,risk_rising,weak,risk_on,0.5047619047619055,hold,hold,0,0,
6771,2026-02-09 15:15:00+00:00,10.72,10.97,10.68,10.94,517413.0,risk_rising,weak,risk_on,0.7047619047619045,hold,hold,0,0,
6772,2026-02-09 15:30:00+00:00,10.935,11.2,10.89,11.07,986849.0,risk_rising,weak,risk_on,0.828571428571429,hold,hold,0,0,
6773,2026-02-09 15:45:00+00:00,11.08,11.1997,10.95,11.07,378586.0,range_distribution,weak,risk_on,0.828571428571429,hold,hold,0,0,
6774,2026-02-09 16:00:00+00:00,11.07,11.25,11.02,11.18,440638.0,range_distribution,weak,risk_on,0.9333333333333331,hold,hold,0,0,
6775,2026-02-09 16:15:00+00:00,11.1746,11.3,11.09,11.3,296208.0,range_distribution,weak,risk_on,1.0,hold,hold,0,0,
6776,2026-02-09 16:30:00+00:00,11.29,11.36,11.21,11.315,246217.0,range_distribution,weak,risk_on,0.9612068965517242,hold,hold,0,0,
6777,2026-02-09 16:45:00+00:00,11.32,11.3399,11.2,11.29,296823.0,range_distribution,weak,risk_on,0.9396551724137928,hold,hold,0,0,
6778,2026-02-09 17:00:00+00:00,11.29,11.35,11.22,11.27,133433.0,pullback,weak,risk_on,0.9224137931034484,hold,hold,0,0,
6779,2026-02-09 17:15:00+00:00,11.2625,11.49,11.25,11.4835,359702.0,pullback,weak,risk_on,0.9949612403100768,hold,hold,0,0,
6780,2026-02-09 17:30:00+00:00,11.4769,11.53,11.343,11.43,404043.0,pullback,weak,risk_on,0.9248120300751882,buy,buy,200,200,11.43
6781,2026-02-09 17:45:00+00:00,11.415,11.52,11.3834,11.455,307877.0,pullback,weak,risk_on,0.9436090225563916,hold,hold,0,200,
6782,2026-02-09 18:00:00+00:00,11.455,11.475,11.32,11.325,205283.0,pullback,weak,risk_on,0.8458646616541353,hold,hold,0,200,
6783,2026-02-09 18:15:00+00:00,11.325,11.4828,11.31,11.46,80014.0,pullback,weak,risk_on,0.9473684210526327,hold,hold,0,200,
6784,2026-02-09 18:30:00+00:00,11.442,11.4599,11.11,11.35,469584.0,pullback,weak,risk_on,0.8646616541353386,hold,hold,0,200,
6785,2026-02-09 18:45:00+00:00,11.3501,11.62,11.3501,11.595,333170.0,pullback,weak,risk_on,0.9823943661971841,hold,hold,0,200,
6786,2026-02-09 19:00:00+00:00,11.5886,11.971,11.5886,11.8531,536495.0,pullback,weak,risk_on,0.933427442123094,hold,hold,0,200,
6787,2026-02-09 19:15:00+00:00,11.85,11.93,11.8,11.83,364565.0,pullback,weak,risk_on,0.9203839638622248,hold,hold,0,200,
6788,2026-02-09 19:30:00+00:00,11.82,12.08,11.79,12.045,416389.0,pullback,weak,risk_on,0.9813829787234042,hold,hold,0,200,
6789,2026-02-09 19:45:00+00:00,12.05,12.18,12.04,12.1,437032.0,pullback,weak,risk_on,0.9518072289156626,hold,hold,0,200,
6790,2026-02-09 20:00:00+00:00,12.1,12.16,11.9,11.945,468011.0,pullback,weak,risk_on,0.8433333333333337,hold,hold,0,200,
6791,2026-02-09 20:15:00+00:00,11.941,12.15,11.941,12.09,370332.0,pullback,weak,risk_on,0.930232558139535,hold,hold,0,200,
6792,2026-02-09 20:30:00+00:00,12.09,12.13,11.925,11.99,329145.0,pullback,weak,risk_on,0.8455284552845533,hold,hold,0,200,
6793,2026-02-09 20:45:00+00:00,11.98,12.07,11.9301,12.0,293155.0,pullback,weak,risk_on,0.8448275862068968,hold,hold,0,200,
6794,2026-02-09 21:00:00+00:00,12.0,12.0884,11.92,11.98,746389.0,pullback,weak,risk_on,0.8165137614678906,hold,hold,0,200,
6795,2026-02-10 14:30:00+00:00,12.08,12.14,11.93,11.93,193192.0,pullback,weak,risk_off,0.766355140186916,avoid,avoid,0,200,
6796,2026-02-10 14:45:00+00:00,11.92,12.38,11.72,11.727,1201187.0,trend_late,weak,risk_off,0.4858267716535435,sell,sell,-200,0,11.727
6797,2026-02-10 15:00:00+00:00,11.722,11.93,11.72,11.7709,602321.0,trend_late,weak,risk_off,0.5203937007874009,hold,hold,0,0,
6798,2026-02-10 15:15:00+00:00,11.785,11.94,11.7,11.8,308208.0,trend_late,weak,risk_off,0.5433070866141737,hold,hold,0,0,
6799,2026-02-10 15:30:00+00:00,11.8,11.9,11.71,11.825,192600.0,trend_late,weak,risk_off,0.5629921259842513,hold,hold,0,0,
6800,2026-02-10 15:45:00+00:00,11.825,12.0196,11.8,11.8375,340808.0,trend_late,weak,risk_off,0.5728346456692914,hold,hold,0,0,
6801,2026-02-10 16:00:00+00:00,11.83,11.9,11.81,11.88,147331.0,trend_late,weak,risk_off,0.6062992125984256,hold,hold,0,0,
6802,2026-02-10 16:15:00+00:00,11.89,11.89,11.68,11.71,258554.0,trend_late,weak,risk_off,0.47244094488189037,hold,hold,0,0,
6803,2026-02-10 16:30:00+00:00,11.7043,11.7633,11.65,11.68,164961.0,risk_rising,weak,risk_off,0.44881889763779503,reduce,hold,0,0,
6804,2026-02-10 16:45:00+00:00,11.66,11.71,11.56,11.62,173157.0,risk_rising,weak,risk_off,0.26206427808525046,hold,hold,0,0,
6805,2026-02-10 17:00:00+00:00,11.61,11.6734,11.57,11.66,132942.0,risk_rising,weak,risk_off,0.12195121951219465,hold,hold,0,0,
6806,2026-02-10 17:15:00+00:00,11.66,11.6693,11.595,11.638,125777.0,risk_rising,weak,risk_off,0.09512195121951143,hold,hold,0,0,
6807,2026-02-10 17:30:00+00:00,11.64,11.7054,11.63,11.63,81677.0,risk_rising,weak,risk_off,0.0853658536585369,hold,hold,0,0,
6808,2026-02-10 17:45:00+00:00,11.6307,11.67,11.56,11.61,74092.0,risk_rising,weak,risk_off,0.06097560975609624,hold,hold,0,0,
6809,2026-02-10 18:00:00+00:00,11.6101,11.67,11.59,11.62,87254.0,risk_rising,weak,risk_off,0.07317073170731549,hold,hold,0,0,
6810,2026-02-10 18:15:00+00:00,11.62,11.63,11.45,11.46,189699.0,risk_rising,weak,risk_off,0.010752688172044675,hold,hold,0,0,
6811,2026-02-10 18:30:00+00:00,11.45,11.465,11.23,11.2421,249738.0,risk_rising,weak,risk_off,0.010521739130434972,hold,hold,0,0,
6812,2026-02-10 18:45:00+00:00,11.235,11.25,11.08,11.09,250546.0,risk_rising,weak,risk_off,0.0076923076923075245,hold,hold,0,0,
6813,2026-02-10 19:00:00+00:00,11.09,11.21,11.02,11.15,246820.0,risk_rising,weak,risk_off,0.09558823529411814,hold,hold,0,0,
6814,2026-02-10 19:15:00+00:00,11.14,11.22,11.11,11.15,139295.0,risk_rising,weak,risk_off,0.09558823529411814,hold,hold,0,0,
6815,2026-02-10 19:30:00+00:00,11.15,11.2102,11.1245,11.19,91293.0,risk_rising,weak,risk_off,0.12499999999999983,hold,hold,0,0,
6816,2026-02-10 19:45:00+00:00,11.1973,11.3,11.1973,11.27,157014.0,risk_rising,weak,risk_off,0.25010004001600616,hold,hold,0,0,
6817,2026-02-10 20:00:00+00:00,11.269,11.3154,11.22,11.29,149693.0,risk_rising,weak,risk_off,0.2701080432172862,hold,hold,0,0,
6818,2026-02-10 20:15:00+00:00,11.31,11.37,11.18,11.185,212031.0,risk_rising,weak,risk_off,0.165066026410565,hold,hold,0,0,
6819,2026-02-10 20:30:00+00:00,11.185,11.21,11.03,11.055,224324.0,risk_rising,weak,risk_off,0.03501400560224101,hold,hold,0,0,
6820,2026-02-10 20:45:00+00:00,11.055,11.175,11.05,11.165,190310.0,risk_rising,weak,risk_off,0.16477272727272665,hold,hold,0,0,
6821,2026-02-10 21:00:00+00:00,11.17,11.2,10.97,11.04,793793.0,risk_rising,weak,risk_off,0.07608695652173751,hold,hold,0,0,
6822,2026-02-11 14:30:00+00:00,11.425,11.47,11.3266,11.395,163319.0,range_neutral,weak,neutral,0.5357367956636829,hold,hold,0,0,
6823,2026-02-11 14:45:00+00:00,11.41,11.62,11.03,11.18,1001655.0,range_accumulation,weak,neutral,0.28378378378378244,hold,hold,0,0,
6824,2026-02-11 15:00:00+00:00,11.1772,11.25,10.71,10.835,929755.0,risk_rising,weak,neutral,0.12557765722322706,hold,hold,0,0,
6825,2026-02-11 15:15:00+00:00,10.84,10.86,10.5801,10.67,439964.0,risk_rising,weak,neutral,0.07988980716253456,hold,hold,0,0,
6826,2026-02-11 15:30:00+00:00,10.68,10.68,10.41,10.46,457814.0,risk_rising,weak,neutral,0.038598116411919674,hold,hold,0,0,
6827,2026-02-11 15:45:00+00:00,10.46,10.64,10.43,10.63,312756.0,risk_rising,weak,neutral,0.17460317460317515,hold,hold,0,0,
6828,2026-02-11 16:00:00+00:00,10.62,10.84,10.58,10.755,247719.0,risk_rising,weak,neutral,0.2738095238095244,hold,hold,0,0,
6829,2026-02-11 16:15:00+00:00,10.75,10.8,10.658,10.725,120354.0,risk_rising,weak,neutral,0.25819672131147486,hold,hold,0,0,
6830,2026-02-11 16:30:00+00:00,10.73,10.85,10.7,10.73,90326.0,risk_rising,weak,neutral,0.2644628099173558,hold,hold,0,0,
6831,2026-02-11 16:45:00+00:00,10.73,10.7975,10.68,10.78,81961.0,risk_rising,weak,neutral,0.30578512396694174,hold,hold,0,0,
6832,2026-02-11 17:00:00+00:00,10.79,10.81,10.65,10.6508,95942.0,risk_rising,weak,neutral,0.19900826446281017,hold,hold,0,0,
6833,2026-02-11 17:15:00+00:00,10.658,10.69,10.595,10.68,74908.0,risk_rising,weak,neutral,0.2231404958677684,hold,hold,0,0,
6834,2026-02-11 17:30:00+00:00,10.6801,10.78,10.64,10.7,173946.0,risk_rising,weak,neutral,0.23966942148760279,hold,hold,0,0,
6835,2026-02-11 17:45:00+00:00,10.7,10.72,10.65,10.66,54031.0,risk_rising,weak,neutral,0.20661157024793403,hold,hold,0,0,
6836,2026-02-11 18:00:00+00:00,10.67,10.67,10.54,10.5426,67900.0,range_accumulation,weak,neutral,0.10958677685950426,hold,hold,0,0,
6837,2026-02-11 18:15:00+00:00,10.5441,10.61,10.53,10.5793,71857.0,risk_rising,weak,neutral,0.13991735537190075,hold,hold,0,0,
6838,2026-02-11 18:30:00+00:00,10.58,10.65,10.5,10.525,127961.0,risk_rising,weak,neutral,0.09504132231404984,hold,hold,0,0,
6839,2026-02-11 18:45:00+00:00,10.53,10.61,10.525,10.58,63413.0,risk_rising,weak,neutral,0.1404958677685951,hold,hold,0,0,
6840,2026-02-11 19:00:00+00:00,10.59,10.635,10.49,10.605,159320.0,risk_rising,weak,neutral,0.16115702479338878,hold,hold,0,0,
6841,2026-02-11 19:15:00+00:00,10.6055,10.82,10.6,10.8,152249.0,range_accumulation,weak,neutral,0.32231404958677756,hold,hold,0,0,
6842,2026-02-11 19:30:00+00:00,10.8,10.89,10.68,10.72,381413.0,range_accumulation,weak,neutral,0.2561983471074386,hold,hold,0,0,
6843,2026-02-11 19:45:00+00:00,10.73,10.96,10.71,10.86,236119.0,range_neutral,weak,neutral,0.5357142857142849,hold,hold,0,0,
6844,2026-02-11 20:00:00+00:00,10.86,10.98,10.75,10.855,206308.0,range_distribution,weak,neutral,0.780701754385965,hold,hold,0,0,
6845,2026-02-11 20:15:00+00:00,10.86,10.86,10.725,10.7559,93966.0,pullback,weak,neutral,0.6068421052631582,buy,buy,200,200,10.7559
6846,2026-02-11 20:30:00+00:00,10.755,10.775,10.52,10.59,268305.0,pullback,weak,neutral,0.2909090909090908,hold,hold,0,200,
6847,2026-02-11 20:45:00+00:00,10.59,10.68,10.55,10.67,277295.0,pullback,weak,neutral,0.36734693877550945,hold,hold,0,200,
6848,2026-02-11 21:00:00+00:00,10.66,10.75,10.6,10.72,349877.0,pullback,weak,neutral,0.4693877551020415,hold,hold,0,200,
6849,2026-02-12 14:30:00+00:00,10.5,10.61,10.17,10.18,217322.0,trend_late,weak,risk_off,0.012345679012345408,sell,sell,-200,0,10.18
6850,2026-02-12 14:45:00+00:00,10.16,10.35,9.81,9.82,1367222.0,risk_rising,weak,risk_off,0.008547008547008366,reduce,hold,0,0,
6851,2026-02-12 15:00:00+00:00,9.83,9.99,9.7,9.825,841723.0,risk_rising,weak,risk_off,0.09765624999999992,hold,hold,0,0,
6852,2026-02-12 15:15:00+00:00,9.837,9.95,9.82,9.92,315864.0,risk_rising,weak,risk_off,0.17187500000000033,hold,hold,0,0,
6853,2026-02-12 15:30:00+00:00,9.93,9.94,9.75,9.9399,317533.0,risk_rising,weak,risk_off,0.18742187500000018,hold,hold,0,0,
6854,2026-02-12 15:45:00+00:00,9.93,9.9365,9.75,9.875,329559.0,risk_rising,weak,risk_off,0.13671875000000044,hold,hold,0,0,
6855,2026-02-12 16:00:00+00:00,9.88,9.94,9.81,9.91,228256.0,risk_rising,weak,risk_off,0.16406250000000053,hold,hold,0,0,
6856,2026-02-12 16:15:00+00:00,9.91,9.9668,9.78,9.78,243929.0,risk_rising,weak,risk_off,0.0625,hold,hold,0,0,
6857,2026-02-12 16:30:00+00:00,9.77,9.83,9.66,9.6819,751658.0,risk_rising,weak,risk_off,0.016590909090909448,hold,hold,0,0,
6858,2026-02-12 16:45:00+00:00,9.685,9.84,9.65,9.8001,236911.0,risk_rising,weak,risk_off,0.11285714285714295,hold,hold,0,0,
6859,2026-02-12 17:00:00+00:00,9.805,9.835,9.6801,9.6824,309934.0,risk_rising,weak,risk_off,0.024360902255638417,hold,hold,0,0,
6860,2026-02-12 17:15:00+00:00,9.68,9.91,9.6711,9.84,219050.0,range_accumulation,weak,risk_off,0.1428571428571425,avoid,avoid,0,0,
6861,2026-02-12 17:30:00+00:00,9.8301,10.0,9.8301,9.8687,227201.0,range_accumulation,weak,risk_off,0.164436090225564,hold,hold,0,0,
6862,2026-02-12 17:45:00+00:00,9.88,10.03,9.8724,9.9906,130998.0,range_accumulation,weak,risk_off,0.2560902255639099,hold,hold,0,0,
6863,2026-02-12 18:00:00+00:00,10.0,10.05,9.845,9.87,170805.0,risk_rising,weak,risk_off,0.1654135338345856,reduce,hold,0,0,
6864,2026-02-12 18:15:00+00:00,9.8601,9.96,9.86,9.91,85192.0,range_accumulation,weak,risk_off,0.21487603305785122,avoid,avoid,0,0,
6865,2026-02-12 18:30:00+00:00,9.91,9.935,9.815,9.87,177767.0,risk_rising,weak,risk_off,0.19555555555555454,reduce,hold,0,0,
6866,2026-02-12 18:45:00+00:00,9.855,9.96,9.8401,9.935,75451.0,range_accumulation,weak,risk_off,0.2590909090909093,avoid,avoid,0,0,
6867,2026-02-12 19:00:00+00:00,9.93,10.0,9.88,9.92,138110.0,range_accumulation,weak,risk_off,0.24545454545454515,hold,hold,0,0,
6868,2026-02-12 19:15:00+00:00,9.955,10.025,9.92,9.97,133703.0,pullback,weak,risk_off,0.3333333333333339,hold,hold,0,0,
6869,2026-02-12 19:30:00+00:00,9.97,10.0661,9.875,9.9279,120948.0,pullback,weak,risk_off,0.39699999999999885,hold,hold,0,0,
6870,2026-02-12 19:45:00+00:00,9.925,9.99,9.9101,9.98,80835.0,pullback,weak,risk_off,0.7930785868781542,hold,hold,0,0,
6871,2026-02-12 20:00:00+00:00,9.98,10.06,9.9,9.98,176315.0,pullback,weak,risk_off,0.7930785868781542,hold,hold,0,0,
6872,2026-02-12 20:15:00+00:00,9.99,10.01,9.915,9.915,96386.0,trend_late,weak,risk_off,0.6368661379476056,sell,hold,0,0,
6873,2026-02-12 20:30:00+00:00,9.9164,9.9254,9.83,9.87,215855.0,pullback,weak,risk_off,0.5287190579187666,avoid,avoid,0,0,
6874,2026-02-12 20:45:00+00:00,9.8673,9.9,9.83,9.85,183987.0,trend_late,weak,risk_off,0.48065368901706135,sell,hold,0,0,
6875,2026-02-12 21:00:00+00:00,9.845,9.865,9.82,9.835,261373.0,trend_late,weak,risk_off,0.4446046623407845,hold,hold,0,0,
6876,2026-02-13 14:30:00+00:00,9.95,9.97,9.665,9.68,114390.0,trend_late,weak,risk_off,0.07209805335255792,hold,hold,0,0,
6877,2026-02-13 14:45:00+00:00,9.67,9.69,9.2,9.4862,1067839.0,risk_rising,weak,risk_off,0.33044683062002134,reduce,hold,0,0,
6878,2026-02-13 15:00:00+00:00,9.5,9.65,9.46,9.56,416321.0,risk_rising,weak,risk_off,0.4156563907170081,hold,hold,0,0,
6879,2026-02-13 15:15:00+00:00,9.57,9.78,9.515,9.78,354902.0,risk_rising,weak,risk_off,0.6696686294885109,hold,hold,0,0,
6880,2026-02-13 15:30:00+00:00,9.772,9.885,9.66,9.88,282538.0,risk_rising,weak,risk_off,0.7851287380210143,hold,hold,0,0,
6881,2026-02-13 15:45:00+00:00,9.88,9.8993,9.685,9.7054,206825.0,risk_rising,weak,risk_off,0.5835353885232643,hold,hold,0,0,
6882,2026-02-13 16:00:00+00:00,9.7002,9.78,9.6301,9.75,144583.0,risk_rising,weak,risk_off,0.6350305969287611,hold,hold,0,0,
6883,2026-02-13 16:15:00+00:00,9.76,9.797,9.7201,9.77,79189.0,risk_rising,weak,risk_off,0.6581226186352609,hold,hold,0,0,
6884,2026-02-13 16:30:00+00:00,9.7697,9.86,9.762,9.86,129822.0,range_distribution,weak,risk_off,0.7620367163145124,sell,hold,0,0,
6885,2026-02-13 16:45:00+00:00,9.85,9.95,9.82,9.945,220806.0,range_distribution,weak,risk_off,0.86017780856714,hold,hold,0,0,
6886,2026-02-13 17:00:00+00:00,9.945,10.03,9.8516,9.9121,556538.0,range_distribution,weak,risk_off,0.8221914328599472,hold,hold,0,0,
6887,2026-02-13 17:15:00+00:00,9.9136,10.05,9.855,10.015,259560.0,range_distribution,weak,risk_off,0.9409998845398916,hold,hold,0,0,
6888,2026-02-13 17:30:00+00:00,10.0197,10.1,10.01,10.05,139784.0,pullback,weak,risk_off,0.9444444444444456,avoid,avoid,0,0,
6889,2026-02-13 17:45:00+00:00,10.05,10.07,9.86,9.8601,248740.0,pullback,weak,risk_off,0.733444444444444,hold,hold,0,0,
6890,2026-02-13 18:00:00+00:00,9.87,9.89,9.8218,9.86,77761.0,trend_late,weak,risk_off,0.7333333333333332,sell,hold,0,0,
6891,2026-02-13 18:15:00+00:00,9.85,9.86,9.73,9.84,210210.0,pullback,weak,risk_off,0.7111111111111115,avoid,avoid,0,0,
6892,2026-02-13 18:30:00+00:00,9.84,9.87,9.68,9.71,103123.0,trend_late,weak,risk_off,0.5666666666666682,sell,hold,0,0,
6893,2026-02-13 18:45:00+00:00,9.735,9.845,9.72,9.84,100602.0,pullback,weak,risk_off,0.7111111111111115,avoid,avoid,0,0,
6894,2026-02-13 19:00:00+00:00,9.8401,9.85,9.7,9.74,143526.0,trend_late,weak,risk_off,0.6000000000000008,sell,hold,0,0,
6895,2026-02-13 19:15:00+00:00,9.74,9.74,9.58,9.605,169175.0,trend_late,weak,risk_off,0.45000000000000107,hold,hold,0,0,
6896,2026-02-13 19:30:00+00:00,9.6035,9.6399,9.45,9.5,247902.0,trend_late,weak,risk_off,0.333333333333334,hold,hold,0,0,
6897,2026-02-13 19:45:00+00:00,9.505,9.57,9.41,9.565,386996.0,risk_rising,weak,risk_off,0.22463768115941954,reduce,hold,0,0,
6898,2026-02-13 20:00:00+00:00,9.565,9.6,9.395,9.42,298318.0,risk_rising,weak,risk_off,0.03546099290780192,hold,hold,0,0,
6899,2026-02-13 20:15:00+00:00,9.41,9.44,9.35,9.375,213448.0,risk_rising,weak,risk_off,0.033333333333333805,hold,hold,0,0,
6900,2026-02-13 20:30:00+00:00,9.375,9.38,9.26,9.32,220166.0,risk_rising,weak,risk_off,0.07142857142857204,hold,hold,0,0,
6901,2026-02-13 20:45:00+00:00,9.32,9.345,9.215,9.25,435463.0,risk_rising,weak,risk_off,0.039548022598870226,hold,hold,0,0,
6902,2026-02-13 21:00:00+00:00,9.245,9.31,9.18,9.23,601475.0,risk_rising,weak,risk_off,0.0543478260869573,hold,hold,0,0,
6903,2026-02-17 14:30:00+00:00,9.13,9.15,8.91,8.935,256840.0,risk_rising,weak,risk_off,0.021008403361344845,hold,hold,0,0,
6904,2026-02-17 14:45:00+00:00,8.93,9.01,8.71,8.7493,843530.0,risk_rising,weak,risk_off,0.028273381294963335,hold,hold,0,0,
6905,2026-02-17 15:00:00+00:00,8.75,8.77,8.62,8.74,556178.0,risk_rising,weak,risk_off,0.08108108108108172,hold,hold,0,0,
6906,2026-02-17 15:15:00+00:00,8.75,8.89,8.74,8.8565,228971.0,risk_rising,weak,risk_off,0.1597972972972981,hold,hold,0,0,
6907,2026-02-17 15:30:00+00:00,8.8598,9.01,8.7,8.75,255727.0,risk_rising,weak,risk_off,0.08783783783783834,hold,hold,0,0,
6908,2026-02-17 15:45:00+00:00,8.7499,8.815,8.71,8.785,260236.0,risk_rising,weak,risk_off,0.11379310344827641,hold,hold,0,0,
6909,2026-02-17 16:00:00+00:00,8.8,8.92,8.785,8.91,151814.0,risk_rising,weak,risk_off,0.22834645669291387,hold,hold,0,0,
6910,2026-02-17 16:15:00+00:00,8.92,9.09,8.9,9.065,245075.0,risk_rising,weak,risk_off,0.3560000000000002,hold,hold,0,0,
6911,2026-02-17 16:30:00+00:00,9.075,9.09,8.886,8.89,139062.0,risk_rising,weak,risk_off,0.21600000000000108,hold,hold,0,0,
6912,2026-02-17 16:45:00+00:00,8.8951,9.01,8.8951,8.98,93404.0,risk_rising,weak,risk_off,0.29268292682926916,hold,hold,0,0,
6913,2026-02-17 17:00:00+00:00,8.98,9.0,8.8641,8.95,119792.0,range_accumulation,weak,risk_off,0.26829268292682923,avoid,avoid,0,0,
6914,2026-02-17 17:15:00+00:00,8.9599,9.04,8.9484,8.99,79559.0,range_accumulation,weak,risk_off,0.33035714285714346,hold,hold,0,0,
6915,2026-02-17 17:30:00+00:00,8.986,9.04,8.96,9.0,63189.0,range_neutral,weak,risk_off,0.37258554760270635,hold,hold,0,0,
6916,2026-02-17 17:45:00+00:00,9.01,9.035,8.93,8.94,141168.0,range_accumulation,weak,risk_off,0.3265306122448981,hold,hold,0,0,
6917,2026-02-17 18:00:00+00:00,8.95,8.99,8.91,8.97,95343.0,range_neutral,weak,risk_off,0.3571428571428584,hold,hold,0,0,
6918,2026-02-17 18:15:00+00:00,8.975,9.03,8.97,8.975,97904.0,range_neutral,weak,risk_off,0.43292682926829307,hold,hold,0,0,
6919,2026-02-17 18:30:00+00:00,8.98,9.1365,8.96,9.101,123537.0,pullback,weak,risk_off,0.6328947368421062,hold,hold,0,0,
6920,2026-02-17 18:45:00+00:00,9.1101,9.21,9.11,9.2,141105.0,pullback,weak,risk_off,0.7999999999999985,hold,hold,0,0,
6921,2026-02-17 19:00:00+00:00,9.208,9.39,9.1501,9.2983,259574.0,pullback,weak,risk_off,0.8809090909090895,hold,hold,0,0,
6922,2026-02-17 19:15:00+00:00,9.2998,9.4199,9.28,9.39,209550.0,pullback,weak,risk_off,0.9626203275409432,hold,hold,0,0,
6923,2026-02-17 19:30:00+00:00,9.38,9.408,9.24,9.27,138695.0,pullback,weak,risk_off,0.8126015751968991,hold,hold,0,0,
6924,2026-02-17 19:45:00+00:00,9.27,9.385,9.27,9.36,81460.0,pullback,weak,risk_off,0.925115639454931,hold,hold,0,0,
6925,2026-02-17 20:00:00+00:00,9.37,9.37,9.26,9.33,155060.0,pullback,weak,risk_off,0.8751215446589804,hold,hold,0,0,
6926,2026-02-17 20:15:00+00:00,9.33,9.35,9.28,9.3053,96073.0,pullback,weak,risk_off,0.8408112237810818,hold,hold,0,0,
6927,2026-02-17 20:30:00+00:00,9.3,9.5,9.15,9.21,506687.0,pullback,weak,risk_off,0.632911392405064,hold,hold,0,0,
6928,2026-02-17 20:45:00+00:00,9.2061,9.37,9.205,9.365,153765.0,pullback,weak,risk_off,0.8111888111888115,hold,hold,0,0,
6929,2026-02-17 21:00:00+00:00,9.36,9.44,9.305,9.33,391257.0,pullback,weak,risk_off,0.7326623682969019,hold,hold,0,0,
6930,2026-02-18 14:30:00+00:00,9.2,9.2928,9.0,9.0,132891.0,trend_late,weak,risk_off,0.21371284793206413,sell,hold,0,0,
6931,2026-02-18 14:45:00+00:00,9.0,9.24,9.0,9.0841,391912.0,trend_late,weak,risk_off,0.34596634690989,hold,hold,0,0,
6932,2026-02-18 15:00:00+00:00,9.07,9.29,9.03,9.283,388794.0,trend_late,weak,risk_off,0.658751376002515,hold,hold,0,0,
6933,2026-02-18 15:15:00+00:00,9.28,9.7,9.2401,9.59,508803.0,pullback,weak,risk_off,0.8607594936708867,avoid,avoid,0,0,
6934,2026-02-18 15:30:00+00:00,9.59,9.62,9.465,9.47,328821.0,pullback,weak,risk_off,0.7088607594936723,hold,hold,0,0,
6935,2026-02-18 15:45:00+00:00,9.4603,9.58,9.41,9.53,177332.0,pullback,weak,risk_off,0.7848101265822783,hold,hold,0,0,
6936,2026-02-18 16:00:00+00:00,9.53,9.64,9.53,9.6299,141872.0,pullback,weak,risk_off,0.9112658227848099,hold,hold,0,0,
6937,2026-02-18 16:15:00+00:00,9.625,9.67,9.56,9.67,166125.0,pullback,weak,risk_off,0.9594594594594602,hold,hold,0,0,
6938,2026-02-18 16:30:00+00:00,9.67,9.75,9.61,9.6445,336567.0,pullback,weak,risk_off,0.8664556962025325,hold,hold,0,0,
6939,2026-02-18 16:45:00+00:00,9.65,9.74,9.62,9.74,121267.0,pullback,weak,risk_off,0.9866666666666669,hold,hold,0,0,
6940,2026-02-18 17:00:00+00:00,9.7309,9.7492,9.65,9.69,148068.0,pullback,weak,risk_off,0.9199999999999994,hold,hold,0,0,
6941,2026-02-18 17:15:00+00:00,9.7,9.77,9.69,9.73,153357.0,pullback,weak,risk_off,0.9480519480519491,hold,hold,0,0,
6942,2026-02-18 17:30:00+00:00,9.72,9.7292,9.5834,9.6,140558.0,pullback,weak,risk_off,0.7792207792207791,hold,hold,0,0,
6943,2026-02-18 17:45:00+00:00,9.612,9.6311,9.56,9.56,76312.0,trend_late,weak,risk_off,0.7272727272727283,sell,hold,0,0,
6944,2026-02-18 18:00:00+00:00,9.57,9.66,9.57,9.66,90848.0,pullback,weak,risk_off,0.8571428571428578,avoid,avoid,0,0,
6945,2026-02-18 18:15:00+00:00,9.67,9.685,9.5714,9.58,80207.0,pullback,weak,risk_off,0.7532467532467537,hold,hold,0,0,
6946,2026-02-18 18:30:00+00:00,9.585,9.585,9.46,9.52,182947.0,trend_late,weak,risk_off,0.6753246753246751,sell,hold,0,0,
6947,2026-02-18 18:45:00+00:00,9.5292,9.58,9.47,9.53,134750.0,trend_late,weak,risk_off,0.6883116883116879,hold,hold,0,0,
6948,2026-02-18 19:00:00+00:00,9.5,9.57,9.47,9.57,99056.0,trend_late,weak,risk_off,0.7402597402597411,hold,hold,0,0,
6949,2026-02-18 19:15:00+00:00,9.58,9.585,9.51,9.53,55671.0,trend_late,weak,risk_off,0.6883116883116879,hold,hold,0,0,
6950,2026-02-18 19:30:00+00:00,9.52,9.55,9.41,9.435,177884.0,trend_late,weak,risk_off,0.5649350649350658,hold,hold,0,0,
6951,2026-02-18 19:45:00+00:00,9.44,9.46,9.4,9.43,71103.0,risk_rising,weak,risk_off,0.5405405405405409,reduce,hold,0,0,
6952,2026-02-18 20:00:00+00:00,9.43,9.44,9.3,9.3648,172662.0,risk_rising,weak,risk_off,0.2353274202679766,hold,hold,0,0,
6953,2026-02-18 20:15:00+00:00,9.36,9.42,9.31,9.315,114628.0,risk_rising,weak,risk_off,0.03191489361701878,hold,hold,0,0,
6954,2026-02-18 20:30:00+00:00,9.315,9.335,9.19,9.25,159097.0,risk_rising,weak,risk_off,0.10344827586206981,hold,hold,0,0,
6955,2026-02-18 20:45:00+00:00,9.26,9.365,9.26,9.355,112584.0,risk_rising,weak,risk_off,0.2844827586206912,hold,hold,0,0,
6956,2026-02-18 21:00:00+00:00,9.35,9.4,9.28,9.31,296746.0,risk_rising,weak,risk_off,0.20689655172413962,hold,hold,0,0,
6957,2026-02-19 14:30:00+00:00,9.12,9.1857,8.93,8.96,166716.0,risk_rising,weak,risk_off,0.03571428571428707,hold,hold,0,0,
6958,2026-02-19 14:45:00+00:00,8.955,8.99,8.75,8.765,827637.0,risk_rising,weak,risk_off,0.01470588235294174,hold,hold,0,0,
6959,2026-02-19 15:00:00+00:00,8.76,9.0853,8.75,9.0097,319428.0,risk_rising,weak,risk_off,0.2546078431372555,hold,hold,0,0,
6960,2026-02-19 15:15:00+00:00,9.0,9.085,8.98,9.085,170237.0,risk_rising,weak,risk_off,0.3284313725490206,hold,hold,0,0,
6961,2026-02-19 15:30:00+00:00,9.07,9.16,9.03,9.07,152634.0,risk_rising,weak,risk_off,0.32679738562091515,hold,hold,0,0,
6962,2026-02-19 15:45:00+00:00,9.08,9.25,9.07,9.1735,160678.0,risk_rising,weak,risk_off,0.4529411764705887,hold,hold,0,0,
6963,2026-02-19 16:00:00+00:00,9.18,9.22,9.1201,9.19,110821.0,risk_rising,weak,risk_off,0.47058823529411686,hold,hold,0,0,
6964,2026-02-19 16:15:00+00:00,9.18,9.18,9.12,9.165,68906.0,risk_rising,weak,risk_off,0.443850267379678,hold,hold,0,0,
6965,2026-02-19 16:30:00+00:00,9.1668,9.2,9.13,9.18,60937.0,risk_rising,weak,risk_off,0.5149700598802387,hold,hold,0,0,
6966,2026-02-19 16:45:00+00:00,9.18,9.23,9.16,9.165,93829.0,risk_rising,weak,risk_off,0.4970059880239506,hold,hold,0,0,
6967,2026-02-19 17:00:00+00:00,9.16,9.16,9.065,9.085,125460.0,range_neutral,weak,risk_off,0.40119760479041977,avoid,avoid,0,0,
6968,2026-02-19 17:15:00+00:00,9.0831,9.16,9.07,9.1,79554.0,range_neutral,weak,risk_off,0.4191616766467057,hold,hold,0,0,
6969,2026-02-19 17:30:00+00:00,9.1,9.2,9.0925,9.16,84907.0,range_neutral,weak,risk_off,0.5124999999999997,hold,hold,0,0,
6970,2026-02-19 17:45:00+00:00,9.1599,9.18,9.095,9.115,108599.0,range_neutral,weak,risk_off,0.5140845070422532,hold,hold,0,0,
6971,2026-02-19 18:00:00+00:00,9.12,9.14,9.04,9.055,98538.0,risk_rising,weak,risk_off,0.4420289855072463,reduce,hold,0,0,
6972,2026-02-19 18:15:00+00:00,9.06,9.1,9.035,9.095,60387.0,trend_late,weak,risk_off,0.5149253731343294,sell,hold,0,0,
6973,2026-02-19 18:30:00+00:00,9.095,9.1,9.03,9.0788,53206.0,trend_late,weak,risk_off,0.5058461538461525,hold,hold,0,0,
6974,2026-02-19 18:45:00+00:00,9.09,9.12,9.08,9.1151,41532.0,trend_late,weak,risk_off,0.5616923076923074,hold,hold,0,0,
6975,2026-02-19 19:00:00+00:00,9.12,9.14,9.085,9.12,63324.0,trend_late,weak,risk_off,0.5692307692307678,hold,hold,0,0,
6976,2026-02-19 19:15:00+00:00,9.13,9.2,9.11,9.19,92637.0,pullback,weak,risk_off,0.879999999999999,avoid,avoid,0,0,
6977,2026-02-19 19:30:00+00:00,9.19,9.28,9.155,9.22,244448.0,pullback,weak,risk_off,0.8867924528301909,hold,hold,0,0,
6978,2026-02-19 19:45:00+00:00,9.22,9.3369,9.2,9.3369,117487.0,pullback,weak,risk_off,1.0,hold,hold,0,0,
6979,2026-02-19 20:00:00+00:00,9.33,9.35,9.27,9.34,101576.0,pullback,weak,risk_off,0.9729729729729735,hold,hold,0,0,
6980,2026-02-19 20:15:00+00:00,9.35,9.38,9.3101,9.33,93534.0,pullback,weak,risk_off,0.8571428571428557,hold,hold,0,0,
6981,2026-02-19 20:30:00+00:00,9.32,9.4399,9.28,9.3695,167257.0,pullback,weak,risk_off,0.828250792876313,hold,hold,0,0,
6982,2026-02-19 20:45:00+00:00,9.38,9.49,9.37,9.4883,168858.0,pullback,weak,risk_off,0.9963043478260879,hold,hold,0,0,
6983,2026-02-19 21:00:00+00:00,9.49,9.51,9.36,9.39,286770.0,pullback,weak,risk_off,0.7500000000000019,hold,hold,0,0,
6984,2026-02-20 14:30:00+00:00,9.32,9.38,9.224,9.355,101816.0,pullback,weak,risk_off,0.6770833333333349,hold,hold,0,0,
6985,2026-02-20 14:45:00+00:00,9.355,9.48,9.23,9.38,269899.0,pullback,weak,risk_off,0.729166666666669,hold,hold,0,0,
6986,2026-02-20 15:00:00+00:00,9.4,9.435,9.21,9.3743,236251.0,pullback,weak,risk_off,0.7172916666666671,hold,hold,0,0,
6987,2026-02-20 15:15:00+00:00,9.37,9.58,9.3,9.3112,433477.0,pullback,weak,risk_off,0.5112727272727269,hold,hold,0,0,
6988,2026-02-20 15:30:00+00:00,9.31,9.3155,9.175,9.24,266135.0,trend_late,weak,risk_off,0.3818181818181829,sell,hold,0,0,
6989,2026-02-20 15:45:00+00:00,9.25,9.34,9.15,9.2254,295005.0,trend_late,weak,risk_off,0.35527272727272885,hold,hold,0,0,
6990,2026-02-20 16:00:00+00:00,9.22,9.3,9.16,9.27,133349.0,trend_late,weak,risk_off,0.4363636363636362,hold,hold,0,0,
6991,2026-02-20 16:15:00+00:00,9.27,9.41,9.27,9.33,130181.0,trend_late,weak,risk_off,0.5454545454545461,hold,hold,0,0,
6992,2026-02-20 16:30:00+00:00,9.3359,9.365,9.14,9.1532,244585.0,trend_late,weak,risk_off,0.22400000000000087,hold,hold,0,0,
6993,2026-02-20 16:45:00+00:00,9.1516,9.2189,9.1209,9.2189,108077.0,risk_rising,weak,risk_off,0.27779999999999916,reduce,hold,0,0,
6994,2026-02-20 17:00:00+00:00,9.2168,9.265,9.14,9.1641,128158.0,risk_rising,weak,risk_off,0.15979797979797725,hold,hold,0,0,
6995,2026-02-20 17:15:00+00:00,9.16,9.16,8.95,8.95,241397.0,risk_rising,weak,risk_off,0.0,hold,hold,0,0,
6996,2026-02-20 17:30:00+00:00,8.955,9.01,8.88,9.01,285168.0,risk_rising,weak,risk_off,0.18571428571428447,hold,hold,0,0,
6997,2026-02-20 17:45:00+00:00,9.015,9.0172,8.9132,9.01,140891.0,risk_rising,weak,risk_off,0.18571428571428447,hold,hold,0,0,
6998,2026-02-20 18:00:00+00:00,9.01,9.09,8.96,9.0601,117509.0,risk_rising,weak,risk_off,0.2572857142857138,hold,hold,0,0,
6999,2026-02-20 18:15:00+00:00,9.08,9.11,9.05,9.075,93613.0,risk_rising,weak,risk_off,0.27857142857142675,hold,hold,0,0,
7000,2026-02-20 18:30:00+00:00,9.07,9.07,8.97,9.0,90537.0,risk_rising,weak,risk_off,0.1714285714285705,hold,hold,0,0,
7001,2026-02-20 18:45:00+00:00,8.9917,9.15,8.985,9.14,138787.0,risk_rising,weak,risk_off,0.3714285714285715,hold,hold,0,0,
7002,2026-02-20 19:00:00+00:00,9.13,9.33,9.06,9.32,186632.0,range_neutral,weak,risk_off,0.6285714285714284,avoid,avoid,0,0,
7003,2026-02-20 19:15:00+00:00,9.33,9.33,9.225,9.275,151639.0,range_neutral,weak,risk_off,0.5642857142857143,hold,hold,0,0,
7004,2026-02-20 19:30:00+00:00,9.2754,9.2754,9.11,9.12,114707.0,risk_rising,weak,risk_off,0.342857142857141,reduce,hold,0,0,
7005,2026-02-20 19:45:00+00:00,9.1128,9.18,9.11,9.135,79316.0,range_neutral,weak,risk_off,0.3642857142857132,avoid,avoid,0,0,
7006,2026-02-20 20:00:00+00:00,9.1261,9.14,8.98,8.99,170280.0,risk_rising,weak,risk_off,0.1571428571428565,reduce,hold,0,0,
7007,2026-02-20 20:15:00+00:00,8.99,9.08,8.985,9.04,106118.0,range_accumulation,weak,risk_off,0.30188679245282746,avoid,avoid,0,0,
7008,2026-02-20 20:30:00+00:00,9.04,9.04,8.95,9.025,110985.0,risk_rising,weak,risk_off,0.2735849056603769,reduce,hold,0,0,
7009,2026-02-20 20:45:00+00:00,9.025,9.12,9.01,9.11,94022.0,range_neutral,weak,risk_off,0.43396226415094136,avoid,avoid,0,0,
7010,2026-02-20 21:00:00+00:00,9.11,9.135,9.04,9.065,335570.0,pullback,weak,risk_off,0.34905660377358294,hold,hold,0,0,
7011,2026-02-23 14:30:00+00:00,9.01,9.03,8.8,8.86,145438.0,trend_late,weak,risk_off,0.10619469026548456,sell,hold,0,0,
7012,2026-02-23 14:45:00+00:00,8.85,8.9863,8.74,8.94,494513.0,risk_rising,weak,risk_off,0.3389830508474565,reduce,hold,0,0,
7013,2026-02-23 15:00:00+00:00,8.91,9.32,8.9,9.22,613204.0,risk_rising,weak,risk_off,0.8135593220338992,hold,hold,0,0,
7014,2026-02-23 15:15:00+00:00,9.22,9.29,9.09,9.26,214703.0,range_distribution,weak,risk_off,0.8813559322033894,sell,hold,0,0,
7015,2026-02-23 15:30:00+00:00,9.265,9.59,9.23,9.527,764230.0,range_distribution,weak,risk_off,0.9258823529411757,hold,hold,0,0,
7016,2026-02-23 15:45:00+00:00,9.52,9.58,9.4,9.49,372280.0,pullback,weak,risk_off,0.882352941176471,avoid,avoid,0,0,
7017,2026-02-23 16:00:00+00:00,9.48,9.5291,9.41,9.49,184647.0,pullback,weak,risk_off,0.882352941176471,hold,hold,0,0,
7018,2026-02-23 16:15:00+00:00,9.5,9.75,9.45,9.6301,539289.0,pullback,weak,risk_off,0.8812871287128718,hold,hold,0,0,
7019,2026-02-23 16:30:00+00:00,9.6391,9.69,9.58,9.6699,312056.0,pullback,weak,risk_off,0.9206930693069308,hold,hold,0,0,
7020,2026-02-23 16:45:00+00:00,9.67,9.74,9.53,9.55,263839.0,pullback,weak,risk_off,0.8019801980198027,hold,hold,0,0,
7021,2026-02-23 17:00:00+00:00,9.555,9.79,9.5101,9.775,249311.0,pullback,weak,risk_off,0.9857142857142869,hold,hold,0,0,
7022,2026-02-23 17:15:00+00:00,9.775,9.86,9.6802,9.858,309933.0,pullback,weak,risk_off,0.9982142857142867,hold,hold,0,0,
7023,2026-02-23 17:30:00+00:00,9.86,9.93,9.82,9.863,439145.0,pullback,weak,risk_off,0.9436974789915965,hold,hold,0,0,
7024,2026-02-23 17:45:00+00:00,9.86,9.86,9.71,9.82,227492.0,pullback,weak,risk_off,0.9075630252100845,hold,hold,0,0,
7025,2026-02-23 18:00:00+00:00,9.8298,9.9407,9.75,9.9,247435.0,pullback,weak,risk_off,0.9661031065211966,hold,hold,0,0,
7026,2026-02-23 18:15:00+00:00,9.91,10.09,9.9097,10.05,490716.0,pullback,weak,risk_off,0.970370370370371,hold,hold,0,0,
7027,2026-02-23 18:30:00+00:00,10.0472,10.145,10.045,10.1078,277556.0,pullback,weak,risk_off,0.9735231316725976,hold,hold,0,0,
7028,2026-02-23 18:45:00+00:00,10.1,10.24,10.0874,10.23,304266.0,pullback,weak,risk_off,0.9933333333333335,hold,hold,0,0,
7029,2026-02-23 19:00:00+00:00,10.23,10.3,10.1,10.1755,381449.0,pullback,weak,risk_off,0.920192307692307,hold,hold,0,0,
7030,2026-02-23 19:15:00+00:00,10.18,10.18,10.11,10.15,211501.0,pullback,weak,risk_off,0.9038461538461536,hold,hold,0,0,
7031,2026-02-23 19:30:00+00:00,10.1544,10.1599,10.02,10.0547,223197.0,pullback,weak,risk_off,0.8427564102564101,hold,hold,0,0,
7032,2026-02-23 19:45:00+00:00,10.055,10.16,10.055,10.14,227958.0,pullback,weak,risk_off,0.8857142857142857,hold,hold,0,0,
7033,2026-02-23 20:00:00+00:00,10.14,10.27,10.09,10.21,312164.0,pullback,weak,risk_off,0.9256198347107439,hold,hold,0,0,
7034,2026-02-23 20:15:00+00:00,10.21,10.27,10.09,10.14,230630.0,pullback,weak,risk_off,0.850467289719626,hold,hold,0,0,
7035,2026-02-23 20:30:00+00:00,10.14,10.14,10.01,10.09,200449.0,pullback,weak,risk_off,0.7666666666666658,hold,hold,0,0,
7036,2026-02-23 20:45:00+00:00,10.09,10.27,10.0801,10.255,304014.0,pullback,weak,risk_off,0.9494382022471911,hold,hold,0,0,
7037,2026-02-23 21:00:00+00:00,10.255,10.35,10.23,10.3,883938.0,pullback,weak,risk_off,0.9444444444444456,hold,hold,0,0,
7038,2026-02-24 14:30:00+00:00,10.05,10.0618,9.94,10.025,243861.0,trend_late,weak,risk_off,0.613049172520539,sell,hold,0,0,
7039,2026-02-24 14:45:00+00:00,10.0,11.05,9.98,10.9599,1939488.0,pullback,weak,risk_off,0.9414897071238384,avoid,avoid,0,0,
7040,2026-02-24 15:00:00+00:00,10.97,11.45,10.8201,11.02,1772543.0,pullback,weak,risk_off,0.7783390896437962,hold,hold,0,0,
7041,2026-02-24 15:15:00+00:00,11.015,11.21,10.93,11.05,938583.0,pullback,weak,risk_off,0.7739857611029503,hold,hold,0,0,
7042,2026-02-24 15:30:00+00:00,11.0401,11.28,11.0007,11.27,605634.0,pullback,weak,risk_off,0.896551724137931,hold,hold,0,0,
7043,2026-02-24 15:45:00+00:00,11.27,11.3499,10.86,10.91,644689.0,pullback,weak,risk_off,0.6896551724137933,hold,hold,0,0,
7044,2026-02-24 16:00:00+00:00,10.895,10.9456,10.53,10.545,770411.0,pullback,weak,risk_off,0.4676470588235296,hold,hold,0,0,
7045,2026-02-24 16:15:00+00:00,10.5407,10.73,10.48,10.61,578930.0,pullback,weak,risk_off,0.4546516912289809,hold,hold,0,0,
7046,2026-02-24 16:30:00+00:00,10.6045,10.62,10.51,10.58,265400.0,pullback,weak,risk_off,0.42384105960264945,hold,hold,0,0,
7047,2026-02-24 16:45:00+00:00,10.5771,10.78,10.55,10.7,248624.0,pullback,weak,risk_off,0.5033112582781456,hold,hold,0,0,
7048,2026-02-24 17:00:00+00:00,10.71,10.75,10.52,10.6199,317277.0,pullback,weak,risk_off,0.45026490066225167,hold,hold,0,0,
7049,2026-02-24 17:15:00+00:00,10.6001,10.6499,10.4807,10.61,224115.0,trend_late,weak,risk_off,0.44370860927152317,sell,hold,0,0,
7050,2026-02-24 17:30:00+00:00,10.61,10.61,10.5,10.56,154586.0,trend_late,weak,risk_off,0.41059602649006693,hold,hold,0,0,
7051,2026-02-24 17:45:00+00:00,10.568,10.65,10.5401,10.57,171193.0,trend_late,weak,risk_off,0.4172185430463582,hold,hold,0,0,
7052,2026-02-24 18:00:00+00:00,10.561,10.64,10.5,10.55,172964.0,trend_late,weak,risk_off,0.4039735099337757,hold,hold,0,0,
7053,2026-02-24 18:15:00+00:00,10.56,10.7568,10.55,10.68,240021.0,trend_late,weak,risk_off,0.49006622516556314,hold,hold,0,0,
7054,2026-02-24 18:30:00+00:00,10.68,10.85,10.6622,10.8203,245839.0,range_neutral,weak,risk_off,0.5829801324503313,avoid,avoid,0,0,
7055,2026-02-24 18:45:00+00:00,10.84,10.9572,10.8106,10.925,263027.0,range_distribution,weak,risk_off,0.6523178807947029,sell,hold,0,0,
7056,2026-02-24 19:00:00+00:00,10.923,10.93,10.78,10.915,255837.0,range_neutral,weak,risk_off,0.6456953642384105,avoid,avoid,0,0,
7057,2026-02-24 19:15:00+00:00,10.9167,10.93,10.66,10.78,208083.0,range_neutral,weak,risk_off,0.5562913907284768,hold,hold,0,0,
7058,2026-02-24 19:30:00+00:00,10.76,10.7899,10.665,10.715,202462.0,range_neutral,weak,risk_off,0.5,hold,hold,0,0,
7059,2026-02-24 19:45:00+00:00,10.72,10.85,10.71,10.83,308485.0,range_neutral,weak,risk_off,0.3608247422680413,hold,hold,0,0,
7060,2026-02-24 20:00:00+00:00,10.8309,10.843,10.66,10.7396,148895.0,pullback,weak,risk_off,0.2984251063340604,hold,hold,0,0,
7061,2026-02-24 20:15:00+00:00,10.75,10.7699,10.64,10.725,99580.0,pullback,weak,risk_off,0.2816415679963207,hold,hold,0,0,
7062,2026-02-24 20:30:00+00:00,10.72,10.76,10.55,10.61,221326.0,pullback,weak,risk_off,0.14944246465110828,hold,hold,0,0,
7063,2026-02-24 20:45:00+00:00,10.619,10.895,10.61,10.85,342717.0,pullback,weak,risk_off,0.7753562447611051,hold,hold,0,0,
7064,2026-02-24 21:00:00+00:00,10.865,10.865,10.71,10.73,482380.0,trend_late,weak,risk_off,0.5238893545683153,sell,hold,0,0,
7065,2026-02-25 14:30:00+00:00,10.98,11.08,10.85,11.07,232147.0,pullback,weak,neutral,0.9833138661772071,buy,buy,200,200,11.07
7066,2026-02-25 14:45:00+00:00,11.0793,11.17,10.57,10.94,1283592.0,pullback,weak,neutral,0.666328159001885,hold,hold,0,200,
7067,2026-02-25 15:00:00+00:00,10.94,10.94,10.73,10.88,474668.0,pullback,weak,neutral,0.5792833309154223,hold,hold,0,200,
7068,2026-02-25 15:15:00+00:00,10.86,10.9,10.7707,10.83,197842.0,pullback,weak,neutral,0.5067459741767008,hold,hold,0,200,
7069,2026-02-25 15:30:00+00:00,10.84,10.9899,10.73,10.93,325786.0,pullback,weak,neutral,0.641791044776119,hold,hold,0,200,
7070,2026-02-25 15:45:00+00:00,10.9434,11.15,10.9156,11.13,278868.0,pullback,weak,neutral,0.9402985074626878,hold,hold,0,200,
7071,2026-02-25 16:00:00+00:00,11.14,11.2,10.99,11.075,249163.0,pullback,weak,neutral,0.8214285714285713,hold,hold,0,200,
7072,2026-02-25 16:15:00+00:00,11.0791,11.19,11.045,11.1,211780.0,pullback,weak,neutral,0.8461538461538464,hold,hold,0,200,
7073,2026-02-25 16:30:00+00:00,11.095,11.17,11.02,11.1699,237248.0,pullback,weak,neutral,0.953692307692309,hold,hold,0,200,
7074,2026-02-25 16:45:00+00:00,11.16,11.19,11.104,11.16,213022.0,pullback,weak,neutral,0.9384615384615397,hold,hold,0,200,
7075,2026-02-25 17:00:00+00:00,11.16,11.27,11.14,11.2133,293801.0,pullback,weak,neutral,0.9212500000000008,hold,hold,0,200,
7076,2026-02-25 17:15:00+00:00,11.22,11.25,11.1221,11.229,156563.0,pullback,weak,neutral,0.943055555555555,hold,hold,0,200,
7077,2026-02-25 17:30:00+00:00,11.2299,11.26,11.03,11.08,246998.0,pullback,weak,neutral,0.7361111111111114,hold,hold,0,200,
7078,2026-02-25 17:45:00+00:00,11.07,11.09,11.0143,11.06,115517.0,pullback,weak,neutral,0.7083333333333341,hold,hold,0,200,
7079,2026-02-25 18:00:00+00:00,11.06,11.18,11.06,11.17,176719.0,pullback,weak,neutral,0.8611111111111114,hold,hold,0,200,
7080,2026-02-25 18:15:00+00:00,11.1682,11.17,11.1107,11.1107,119707.0,trend_late,weak,neutral,0.7787499999999996,reduce,reduce,-200,0,11.1107
7081,2026-02-25 18:30:00+00:00,11.11,11.11,11.0203,11.0203,127999.0,trend_late,weak,neutral,0.6531944444444454,hold,hold,0,0,
7082,2026-02-25 18:45:00+00:00,11.0237,11.03,10.92,10.9999,196685.0,trend_late,weak,neutral,0.6141428571428577,hold,hold,0,0,
7083,2026-02-25 19:00:00+00:00,11.0,11.06,10.93,11.0,157897.0,trend_late,weak,neutral,0.6142857142857145,hold,hold,0,0,
7084,2026-02-25 19:15:00+00:00,11.0,11.02,10.88,10.92,71935.0,trend_late,weak,neutral,0.5,hold,hold,0,0,
7085,2026-02-25 19:30:00+00:00,10.91,10.97,10.885,10.96,95081.0,trend_late,weak,neutral,0.5571428571428585,hold,hold,0,0,
7086,2026-02-25 19:45:00+00:00,10.96,11.04,10.94,10.9993,150705.0,risk_rising,weak,neutral,0.4987037037037034,hold,hold,0,0,
7087,2026-02-25 20:00:00+00:00,11.0,11.045,10.96,11.02,103361.0,risk_rising,weak,neutral,0.5370370370370363,hold,hold,0,0,
7088,2026-02-25 20:15:00+00:00,11.015,11.016,10.935,10.935,69071.0,risk_rising,weak,neutral,0.37962962962963037,hold,hold,0,0,
7089,2026-02-25 20:30:00+00:00,10.935,11.0,10.7737,10.8283,210369.0,risk_rising,weak,neutral,0.1100141043723568,hold,hold,0,0,
7090,2026-02-25 20:45:00+00:00,10.825,10.86,10.81,10.835,109309.0,risk_rising,weak,neutral,0.12351400362684073,hold,hold,0,0,
7091,2026-02-25 21:00:00+00:00,10.8318,10.835,10.6801,10.77,425401.0,risk_rising,weak,neutral,0.15239871164604182,hold,hold,0,0,
7092,2026-02-26 14:30:00+00:00,10.45,10.46,10.25,10.295,204980.0,risk_rising,mixed,neutral,0.04411764705882348,hold,hold,0,0,
7093,2026-02-26 14:45:00+00:00,10.27,10.7499,10.26,10.54,463879.0,risk_rising,mixed,neutral,0.28431372549019535,hold,hold,0,0,
7094,2026-02-26 15:00:00+00:00,10.5401,10.63,10.43,10.56,664681.0,risk_rising,mixed,neutral,0.3039215686274516,hold,hold,0,0,
7095,2026-02-26 15:15:00+00:00,10.57,10.68,10.33,10.36,218634.0,risk_rising,mixed,neutral,0.10891089108910837,hold,hold,0,0,
7096,2026-02-26 15:30:00+00:00,10.35,10.46,10.32,10.38,364950.0,risk_rising,mixed,neutral,0.12871287128712952,hold,hold,0,0,
7097,2026-02-26 15:45:00+00:00,10.4,10.7,10.375,10.7,207452.0,risk_rising,mixed,neutral,0.4838709677419349,hold,hold,0,0,
7098,2026-02-26 16:00:00+00:00,10.7,11.13,10.64,10.8999,707978.0,risk_rising,mixed,neutral,0.6988172043010761,hold,hold,0,0,
7099,2026-02-26 16:15:00+00:00,10.88,10.95,10.82,10.83,181313.0,range_neutral,mixed,neutral,0.6304347826086958,hold,hold,0,0,
7100,2026-02-26 16:30:00+00:00,10.834,10.85,10.71,10.76,127690.0,risk_rising,mixed,neutral,0.5795454545454538,hold,hold,0,0,
7101,2026-02-26 16:45:00+00:00,10.77,10.8599,10.6401,10.6512,159341.0,risk_rising,mixed,neutral,0.45590909090908976,hold,hold,0,0,
7102,2026-02-26 17:00:00+00:00,10.651,10.72,10.55,10.58,90373.0,range_neutral,mixed,neutral,0.3749999999999997,hold,hold,0,0,
7103,2026-02-26 17:15:00+00:00,10.5802,10.66,10.545,10.545,50862.0,range_accumulation,mixed,neutral,0.3352272727272724,hold,hold,0,0,
7104,2026-02-26 17:30:00+00:00,10.545,10.59,10.5255,10.54,39559.0,risk_rising,mixed,neutral,0.3295454545454533,hold,hold,0,0,
7105,2026-02-26 17:45:00+00:00,10.56,10.59,10.4223,10.4223,134149.0,range_accumulation,mixed,neutral,0.19579545454545424,buy,buy,200,200,10.4223
7106,2026-02-26 18:00:00+00:00,10.4339,10.435,10.31,10.3535,98431.0,risk_rising,mixed,neutral,0.11761363636363668,hold,hold,0,200,
7107,2026-02-26 18:15:00+00:00,10.38,10.39,10.32,10.37,77737.0,risk_rising,mixed,neutral,0.13636363636363535,hold,hold,0,200,
7108,2026-02-26 18:30:00+00:00,10.3574,10.46,10.355,10.407,83649.0,risk_rising,mixed,neutral,0.1784090909090908,hold,hold,0,200,
7109,2026-02-26 18:45:00+00:00,10.41,10.57,10.41,10.555,46971.0,risk_rising,mixed,neutral,0.34659090909090845,hold,hold,0,200,
7110,2026-02-26 19:00:00+00:00,10.5523,10.65,10.46,10.63,230574.0,risk_rising,mixed,neutral,0.4318181818181823,hold,hold,0,200,
7111,2026-02-26 19:15:00+00:00,10.63,10.76,10.61,10.7407,104454.0,range_neutral,mixed,neutral,0.5576136363636363,hold,hold,0,200,
7112,2026-02-26 19:30:00+00:00,10.735,10.76,10.61,10.6301,122254.0,range_neutral,mixed,neutral,0.4254022988505751,hold,hold,0,200,
7113,2026-02-26 19:45:00+00:00,10.6303,10.7077,10.58,10.7077,90009.0,range_neutral,mixed,neutral,0.4850000000000003,hold,hold,0,200,
7114,2026-02-26 20:00:00+00:00,10.7001,10.735,10.58,10.685,125975.0,range_neutral,mixed,neutral,0.45731707317073156,hold,hold,0,200,
7115,2026-02-26 20:15:00+00:00,10.6829,10.84,10.6829,10.81,187056.0,range_neutral,mixed,neutral,0.6097560975609754,hold,hold,0,200,
7116,2026-02-26 20:30:00+00:00,10.81,10.94,10.78,10.84,170011.0,pullback,mixed,neutral,0.6463414634146332,hold,hold,0,200,
7117,2026-02-26 20:45:00+00:00,10.845,10.985,10.84,10.965,247136.0,pullback,mixed,neutral,0.798780487804877,hold,hold,0,200,
7118,2026-02-26 21:00:00+00:00,10.965,11.04,10.87,10.875,440456.0,pullback,mixed,neutral,0.7739726027397268,hold,hold,0,200,
7119,2026-02-27 14:30:00+00:00,10.55,10.57,10.42,10.5487,80522.0,trend_late,weak,risk_off,0.3269863013698632,sell,sell,-200,0,10.5487
7120,2026-02-27 14:45:00+00:00,10.5,10.64,10.26,10.495,494521.0,trend_late,weak,risk_off,0.3012820512820508,hold,hold,0,0,
7121,2026-02-27 15:00:00+00:00,10.54,10.55,10.38,10.42,145423.0,trend_late,weak,risk_off,0.20512820512820548,hold,hold,0,0,
7122,2026-02-27 15:15:00+00:00,10.43,10.58,10.385,10.42,192080.0,trend_late,weak,risk_off,0.20512820512820548,hold,hold,0,0,
7123,2026-02-27 15:30:00+00:00,10.42,10.42,10.2602,10.32,249300.0,trend_late,weak,risk_off,0.07692307692307762,hold,hold,0,0,
7124,2026-02-27 15:45:00+00:00,10.32,10.371,10.28,10.37,96211.0,trend_late,weak,risk_off,0.1410256410256404,hold,hold,0,0,
7125,2026-02-27 16:00:00+00:00,10.3697,10.3697,10.13,10.14,379481.0,risk_rising,weak,risk_off,0.010989010989010775,reduce,hold,0,0,
7126,2026-02-27 16:15:00+00:00,10.13,10.1445,9.97,10.0272,593090.0,risk_rising,weak,risk_off,0.05345794392523364,hold,hold,0,0,
7127,2026-02-27 16:30:00+00:00,10.02,10.08,10.02,10.07,115626.0,risk_rising,weak,risk_off,0.09345794392523345,hold,hold,0,0,
7128,2026-02-27 16:45:00+00:00,10.06,10.0925,10.04,10.055,96409.0,risk_rising,weak,risk_off,0.07943925233644784,hold,hold,0,0,
7129,2026-02-27 17:00:00+00:00,10.055,10.06,10.0,10.06,134566.0,risk_rising,weak,risk_off,0.08411214953271026,hold,hold,0,0,
7130,2026-02-27 17:15:00+00:00,10.07,10.095,9.99,10.01,220722.0,risk_rising,weak,risk_off,0.03738317757009271,hold,hold,0,0,
7131,2026-02-27 17:30:00+00:00,10.0079,10.0079,9.89,9.9691,211132.0,risk_rising,weak,risk_off,0.06878260869565106,hold,hold,0,0,
7132,2026-02-27 17:45:00+00:00,9.96,10.0297,9.91,9.915,87665.0,risk_rising,weak,risk_off,0.0217391304347814,hold,hold,0,0,
7133,2026-02-27 18:00:00+00:00,9.915,9.935,9.88,9.91,93625.0,risk_rising,weak,risk_off,0.025862068965516728,hold,hold,0,0,
7134,2026-02-27 18:15:00+00:00,9.9,9.91,9.8,9.81,167722.0,risk_rising,weak,risk_off,0.008064516129032097,hold,hold,0,0,
7135,2026-02-27 18:30:00+00:00,9.8101,9.84,9.77,9.83,88779.0,risk_rising,weak,risk_off,0.047244094488189385,hold,hold,0,0,
7136,2026-02-27 18:45:00+00:00,9.825,9.9255,9.82,9.92,110530.0,risk_rising,weak,risk_off,0.11811023622047276,hold,hold,0,0,
7137,2026-02-27 19:00:00+00:00,9.9157,9.965,9.885,9.9607,69701.0,risk_rising,weak,risk_off,0.1501574803149604,hold,hold,0,0,
7138,2026-02-27 19:15:00+00:00,9.96,10.07,9.96,10.0589,134283.0,range_accumulation,weak,risk_off,0.3320689655172409,avoid,avoid,0,0,
7139,2026-02-27 19:30:00+00:00,10.055,10.09,10.0101,10.015,70875.0,risk_rising,weak,risk_off,0.2816091954022997,reduce,hold,0,0,
7140,2026-02-27 19:45:00+00:00,10.015,10.07,9.97,9.985,128508.0,risk_rising,weak,risk_off,0.2654320987654318,hold,hold,0,0,
7141,2026-02-27 20:00:00+00:00,9.985,10.0,9.93,9.989,57565.0,range_accumulation,weak,risk_off,0.2703703703703717,avoid,avoid,0,0,
7142,2026-02-27 20:15:00+00:00,9.99,10.06,9.955,10.045,95904.0,range_neutral,weak,risk_off,0.4230769230769234,hold,hold,0,0,
7143,2026-02-27 20:30:00+00:00,10.0485,10.17,10.0162,10.16,163972.0,range_neutral,weak,risk_off,0.64891846921797,hold,hold,0,0,
7144,2026-02-27 20:45:00+00:00,10.16,10.19,10.055,10.065,198983.0,pullback,weak,risk_off,0.49191262297815536,hold,hold,0,0,
7145,2026-02-27 21:00:00+00:00,10.065,10.15,10.04,10.145,380734.0,pullback,weak,risk_off,0.892857142857143,hold,hold,0,0,
7146,2026-03-02 14:30:00+00:00,9.72,9.74,9.6,9.6873,272195.0,trend_late,leading,risk_off,0.14796610169491667,reduce,hold,0,0,
7147,2026-03-02 14:45:00+00:00,9.68,10.48,9.67,10.42,748320.0,pullback,leading,risk_off,0.9318181818181813,hold,hold,0,0,
7148,2026-03-02 15:00:00+00:00,10.405,10.69,10.23,10.3352,545024.0,pullback,leading,risk_off,0.6744954128440375,hold,hold,0,0,
7149,2026-03-02 15:15:00+00:00,10.34,10.6,10.315,10.51,319797.0,pullback,leading,risk_off,0.8348623853211011,hold,hold,0,0,
7150,2026-03-02 15:30:00+00:00,10.5201,10.7555,10.49,10.63,435359.0,pullback,leading,risk_off,0.8913890090869764,hold,hold,0,0,
7151,2026-03-02 15:45:00+00:00,10.63,10.79,10.53,10.78,284072.0,pullback,leading,risk_off,0.9915966386554623,hold,hold,0,0,
7152,2026-03-02 16:00:00+00:00,10.77,10.94,10.61,10.625,385786.0,pullback,leading,risk_off,0.7649253731343287,hold,hold,0,0,
7153,2026-03-02 16:15:00+00:00,10.625,10.6791,10.4443,10.465,238632.0,pullback,leading,risk_off,0.6455223880597017,hold,hold,0,0,
7154,2026-03-02 16:30:00+00:00,10.455,10.79,10.455,10.69,277084.0,pullback,leading,risk_off,0.8134328358208955,hold,hold,0,0,
7155,2026-03-02 16:45:00+00:00,10.69,10.9,10.645,10.855,339441.0,pullback,leading,risk_off,0.9365671641791051,hold,hold,0,0,
7156,2026-03-02 17:00:00+00:00,10.86,10.96,10.77,10.805,330599.0,pullback,leading,risk_off,0.8860294117647052,hold,hold,0,0,
7157,2026-03-02 17:15:00+00:00,10.8,10.8,10.6501,10.73,106307.0,pullback,leading,risk_off,0.8308823529411763,hold,hold,0,0,
7158,2026-03-02 17:30:00+00:00,10.73,10.85,10.695,10.845,188248.0,pullback,leading,risk_off,0.9154411764705882,hold,hold,0,0,
7159,2026-03-02 17:45:00+00:00,10.845,10.885,10.7601,10.83,149016.0,pullback,leading,risk_off,0.9044117647058819,hold,hold,0,0,
7160,2026-03-02 18:00:00+00:00,10.825,10.86,10.795,10.86,82676.0,pullback,leading,risk_off,0.9264705882352932,hold,hold,0,0,
7161,2026-03-02 18:15:00+00:00,10.85,10.93,10.8228,10.91,195672.0,pullback,leading,risk_off,0.9632352941176465,hold,hold,0,0,
7162,2026-03-02 18:30:00+00:00,10.92,10.99,10.8517,10.93,177985.0,pullback,leading,risk_off,0.9568345323741004,hold,hold,0,0,
7163,2026-03-02 18:45:00+00:00,10.95,11.055,10.905,10.975,262568.0,pullback,leading,risk_off,0.9450171821305842,hold,hold,0,0,
7164,2026-03-02 19:00:00+00:00,10.98,10.99,10.87,10.91,207088.0,pullback,leading,risk_off,0.9003436426116841,hold,hold,0,0,
7165,2026-03-02 19:15:00+00:00,10.92,10.9495,10.81,10.9,140522.0,pullback,leading,risk_off,0.8934707903780074,hold,hold,0,0,
7166,2026-03-02 19:30:00+00:00,10.8902,11.0,10.85,10.98,155848.0,pullback,leading,risk_off,0.945848375451264,hold,hold,0,0,
7167,2026-03-02 19:45:00+00:00,10.985,11.1311,10.9724,10.985,198560.0,pullback,leading,risk_off,0.8378648318721555,hold,hold,0,0,
7168,2026-03-02 20:00:00+00:00,10.98,10.98,10.81,10.815,137602.0,trend_late,leading,risk_off,0.61267001592942,hold,hold,0,0,
7169,2026-03-02 20:15:00+00:00,10.815,10.96,10.755,10.78,208317.0,trend_late,leading,risk_off,0.488788584740826,hold,hold,0,0,
7170,2026-03-02 20:30:00+00:00,10.7729,10.8896,10.7729,10.8896,107906.0,pullback,leading,risk_off,0.6483692486895744,hold,hold,0,0,
7171,2026-03-02 20:45:00+00:00,10.88,10.89,10.8,10.805,109432.0,trend_late,leading,risk_off,0.5251892836342452,hold,hold,0,0,
7172,2026-03-02 21:00:00+00:00,10.805,10.8799,10.76,10.805,405800.0,trend_late,leading,risk_off,0.5251892836342452,hold,hold,0,0,
7173,2026-03-03 14:30:00+00:00,10.13,10.2599,10.06,10.24,182718.0,risk_rising,weak,risk_off,0.16805153580431315,hold,hold,0,0,
7174,2026-03-03 14:45:00+00:00,10.24,10.24,9.88,9.905,808702.0,risk_rising,weak,risk_off,0.01998241547438142,hold,hold,0,0,
7175,2026-03-03 15:00:00+00:00,9.905,9.99,9.76,9.833,621236.0,risk_rising,weak,risk_off,0.0532419225439431,hold,hold,0,0,
7176,2026-03-03 15:15:00+00:00,9.84,9.89,9.62,9.685,514343.0,risk_rising,weak,risk_off,0.04301502216928148,hold,hold,0,0,
7177,2026-03-03 15:30:00+00:00,9.67,9.695,9.31,9.3309,841264.0,risk_rising,weak,risk_off,0.011476580088956816,hold,hold,0,0,
7178,2026-03-03 15:45:00+00:00,9.32,9.6399,9.32,9.61,411735.0,risk_rising,weak,risk_off,0.16473559936302182,hold,hold,0,0,
7179,2026-03-03 16:00:00+00:00,9.6,9.6557,9.5401,9.58,189112.0,risk_rising,weak,risk_off,0.14826203942671992,hold,hold,0,0,
7180,2026-03-03 16:15:00+00:00,9.57,9.785,9.549,9.72,247061.0,risk_rising,weak,risk_off,0.22513865246279735,hold,hold,0,0,
7181,2026-03-03 16:30:00+00:00,9.71,9.72,9.6,9.64,197745.0,risk_rising,weak,risk_off,0.18120915929932468,hold,hold,0,0,
7182,2026-03-03 16:45:00+00:00,9.645,9.7199,9.6037,9.717,140399.0,risk_rising,weak,risk_off,0.22349129646916707,hold,hold,0,0,
7183,2026-03-03 17:00:00+00:00,9.71,9.81,9.705,9.77,174841.0,risk_rising,weak,risk_off,0.2525945856899672,hold,hold,0,0,
7184,2026-03-03 17:15:00+00:00,9.75,9.775,9.695,9.71,78960.0,risk_rising,weak,risk_off,0.21964746581736339,hold,hold,0,0,
7185,2026-03-03 17:30:00+00:00,9.72,9.8899,9.71,9.823,149964.0,risk_rising,weak,risk_off,0.28169787491076825,hold,hold,0,0,
7186,2026-03-03 17:45:00+00:00,9.82,9.87,9.77,9.86,88890.0,range_accumulation,weak,risk_off,0.3020152654988738,avoid,avoid,0,0,
7187,2026-03-03 18:00:00+00:00,9.8601,9.93,9.84,9.9,142279.0,range_neutral,weak,risk_off,0.35329341317365265,hold,hold,0,0,
7188,2026-03-03 18:15:00+00:00,9.905,9.9066,9.84,9.865,69659.0,range_accumulation,weak,risk_off,0.33636363636363614,hold,hold,0,0,
7189,2026-03-03 18:30:00+00:00,9.865,10.04,9.855,10.025,123192.0,range_neutral,weak,risk_off,0.45253164556962017,hold,hold,0,0,
7190,2026-03-03 18:45:00+00:00,10.025,10.135,10.02,10.105,79339.0,range_neutral,weak,risk_off,0.5031645569620252,hold,hold,0,0,
7191,2026-03-03 19:00:00+00:00,10.104,10.14,10.0,10.0499,157214.0,pullback,weak,risk_off,0.4713039047073057,hold,hold,0,0,
7192,2026-03-03 19:15:00+00:00,10.04,10.0873,9.91,9.98,99335.0,pullback,weak,risk_off,0.7053374039372569,hold,hold,0,0,
7193,2026-03-03 19:30:00+00:00,9.98,10.01,9.93,9.96,70917.0,pullback,weak,risk_off,0.6989247311827963,hold,hold,0,0,
7194,2026-03-03 19:45:00+00:00,9.97,10.0248,9.91,10.0,53747.0,pullback,weak,risk_off,0.8313253012048186,hold,hold,0,0,
7195,2026-03-03 20:00:00+00:00,10.01,10.0655,9.9601,9.995,80752.0,pullback,weak,risk_off,0.8253012048192755,hold,hold,0,0,
7196,2026-03-03 20:15:00+00:00,10.0,10.0598,9.91,9.935,64747.0,pullback,weak,risk_off,0.753012048192771,hold,hold,0,0,
7197,2026-03-03 20:30:00+00:00,9.93,9.94,9.8401,9.8725,118336.0,trend_late,weak,risk_off,0.6737804878048781,sell,hold,0,0,
7198,2026-03-03 20:45:00+00:00,9.875,9.955,9.87,9.94,134401.0,pullback,weak,risk_off,0.6666111018503066,avoid,avoid,0,0,
7199,2026-03-03 21:00:00+00:00,9.935,9.935,9.8,9.81,318065.0,trend_late,weak,risk_off,0.4416243654822344,sell,hold,0,0,
7200,2026-03-04 14:30:00+00:00,10.025,10.28,10.01,10.15,116151.0,pullback,leading,neutral,0.808823529411766,buy,buy,200,200,10.15
7201,2026-03-04 14:45:00+00:00,10.18,10.3,9.93,9.94,362307.0,trend_late,leading,neutral,0.4829814735027994,hold,hold,0,200,
7202,2026-03-04 15:00:00+00:00,9.9606,10.04,9.85,10.005,281548.0,pullback,leading,neutral,0.5123966942148765,hold,hold,0,200,
7203,2026-03-04 15:15:00+00:00,10.005,10.22,9.9987,10.14,298187.0,pullback,leading,neutral,0.7355371900826446,hold,hold,0,200,
7204,2026-03-04 15:30:00+00:00,10.136,10.245,10.1101,10.1989,139963.0,pullback,leading,neutral,0.828644067796609,hold,hold,0,200,
7205,2026-03-04 15:45:00+00:00,10.2,10.22,10.1,10.16,100582.0,pullback,leading,neutral,0.7358490566037731,hold,hold,0,200,
7206,2026-03-04 16:00:00+00:00,10.15,10.17,10.0501,10.14,139325.0,pullback,leading,neutral,0.6799999999999997,hold,hold,0,200,
7207,2026-03-04 16:15:00+00:00,10.15,10.15,10.035,10.07,132757.0,pullback,leading,neutral,0.5399999999999991,hold,hold,0,200,
7208,2026-03-04 16:30:00+00:00,10.08,10.105,9.825,9.91,433303.0,trend_late,leading,neutral,0.21999999999999886,hold,hold,0,200,
7209,2026-03-04 16:45:00+00:00,9.91,10.0183,9.8701,10.0,117563.0,pullback,leading,neutral,0.3999999999999986,hold,hold,0,200,
7210,2026-03-04 17:00:00+00:00,9.99,10.03,9.96,10.0,164500.0,trend_late,leading,neutral,0.3999999999999986,hold,hold,0,200,
7211,2026-03-04 17:15:00+00:00,9.996,10.03,9.92,9.92,107088.0,trend_late,leading,neutral,0.23999999999999844,hold,hold,0,200,
7212,2026-03-04 17:30:00+00:00,9.93,10.01,9.93,9.995,128836.0,trend_late,leading,neutral,0.389999999999997,reduce,reduce,-200,0,9.995
7213,2026-03-04 17:45:00+00:00,9.99,10.03,9.965,10.0,49277.0,trend_late,leading,neutral,0.3999999999999986,hold,hold,0,0,
7214,2026-03-04 18:00:00+00:00,9.9913,10.0,9.955,9.98,38067.0,trend_late,leading,neutral,0.35999999999999943,hold,hold,0,0,
7215,2026-03-04 18:15:00+00:00,9.98,9.99,9.92,9.925,119383.0,risk_rising,leading,neutral,0.25,hold,hold,0,0,
7216,2026-03-04 18:30:00+00:00,9.925,9.98,9.9,9.9609,59218.0,risk_rising,leading,neutral,0.32179999999999964,hold,hold,0,0,
7217,2026-03-04 18:45:00+00:00,9.966,10.045,9.9501,10.025,81971.0,risk_rising,leading,neutral,0.4499999999999993,hold,hold,0,0,
7218,2026-03-04 19:00:00+00:00,10.0283,10.06,9.99,10.0516,96607.0,range_neutral,leading,neutral,0.5031999999999996,hold,hold,0,0,
7219,2026-03-04 19:15:00+00:00,10.06,10.08,9.96,9.99,119880.0,risk_rising,leading,neutral,0.3473684210526325,hold,hold,0,0,
7220,2026-03-04 19:30:00+00:00,10.0,10.05,9.985,9.9901,202773.0,risk_rising,leading,neutral,0.3475789473684215,hold,hold,0,0,
7221,2026-03-04 19:45:00+00:00,10.0,10.03,9.975,10.03,60791.0,range_neutral,leading,neutral,0.48809523809523836,hold,hold,0,0,
7222,2026-03-04 20:00:00+00:00,10.03,10.08,9.9993,10.0601,68224.0,range_neutral,leading,neutral,0.5597619047619071,hold,hold,0,0,
7223,2026-03-04 20:15:00+00:00,10.061,10.1,9.9807,9.99,74930.0,risk_rising,leading,neutral,0.3928571428571451,hold,hold,0,0,
7224,2026-03-04 20:30:00+00:00,9.99,10.0397,9.985,10.036,79009.0,range_neutral,leading,neutral,0.5341772151898724,hold,hold,0,0,
7225,2026-03-04 20:45:00+00:00,10.03,10.055,10.01,10.0125,79508.0,pullback,leading,neutral,0.5434782608695642,buy,hold,0,0,
7226,2026-03-04 21:00:00+00:00,10.01,10.025,9.935,10.0,217457.0,pullback,leading,neutral,0.5384615384615389,hold,hold,0,0,
7227,2026-03-05 14:30:00+00:00,9.96,10.08,9.82,10.08,58776.0,pullback,weak,risk_off,0.9122807017543848,avoid,avoid,0,0,
7228,2026-03-05 14:45:00+00:00,10.09,10.1,9.75,9.86,461482.0,trend_late,weak,risk_off,0.314285714285713,sell,hold,0,0,
7229,2026-03-05 15:00:00+00:00,9.8796,10.1699,9.8,10.0942,352968.0,pullback,weak,risk_off,0.8197189807096942,avoid,avoid,0,0,
7230,2026-03-05 15:15:00+00:00,10.105,10.25,10.03,10.13,343924.0,pullback,weak,risk_off,0.7600000000000016,hold,hold,0,0,
7231,2026-03-05 15:30:00+00:00,10.14,10.18,9.92,9.93,167158.0,trend_late,weak,risk_off,0.35999999999999943,sell,hold,0,0,
7232,2026-03-05 15:45:00+00:00,9.93,10.01,9.9,9.995,167741.0,trend_late,weak,risk_off,0.48999999999999844,hold,hold,0,0,
7233,2026-03-05 16:00:00+00:00,9.98,9.99,9.91,9.96,68014.0,trend_late,weak,risk_off,0.4200000000000017,hold,hold,0,0,
7234,2026-03-05 16:15:00+00:00,9.942,9.96,9.68,9.79,208998.0,risk_rising,weak,risk_off,0.19298245614034978,reduce,hold,0,0,
7235,2026-03-05 16:30:00+00:00,9.7872,9.79,9.6001,9.6814,190826.0,risk_rising,weak,risk_off,0.12509616864133025,hold,hold,0,0,
7236,2026-03-05 16:45:00+00:00,9.685,9.71,9.62,9.67,139077.0,risk_rising,weak,risk_off,0.10755500846284113,hold,hold,0,0,
7237,2026-03-05 17:00:00+00:00,9.66,9.8399,9.66,9.79,77367.0,risk_rising,weak,risk_off,0.2921987998153555,hold,hold,0,0,
7238,2026-03-05 17:15:00+00:00,9.795,9.9499,9.7713,9.7713,159403.0,risk_rising,weak,risk_off,0.26342514232958997,hold,hold,0,0,
7239,2026-03-05 17:30:00+00:00,9.775,9.775,9.51,9.51,192452.0,risk_rising,weak,risk_off,0.0,hold,hold,0,0,
7240,2026-03-05 17:45:00+00:00,9.51,9.51,9.37,9.375,275855.0,risk_rising,weak,risk_off,0.005681818181819065,hold,hold,0,0,
7241,2026-03-05 18:00:00+00:00,9.38,9.4,9.3,9.34,177042.0,risk_rising,weak,risk_off,0.04210526315789387,hold,hold,0,0,
7242,2026-03-05 18:15:00+00:00,9.34,9.415,9.33,9.39,147779.0,risk_rising,weak,risk_off,0.09473684210526308,hold,hold,0,0,
7243,2026-03-05 18:30:00+00:00,9.395,9.4,9.28,9.3499,333905.0,risk_rising,weak,risk_off,0.07206185567010358,hold,hold,0,0,
7244,2026-03-05 18:45:00+00:00,9.345,9.47,9.33,9.42,260574.0,risk_rising,weak,risk_off,0.14432989690721698,hold,hold,0,0,
7245,2026-03-05 19:00:00+00:00,9.42,9.5,9.41,9.49,210551.0,risk_rising,weak,risk_off,0.21649484536082547,hold,hold,0,0,
7246,2026-03-05 19:15:00+00:00,9.485,9.54,9.44,9.485,255381.0,risk_rising,weak,risk_off,0.21134020618556695,hold,hold,0,0,
7247,2026-03-05 19:30:00+00:00,9.48,9.52,9.3325,9.36,178292.0,risk_rising,weak,risk_off,0.08247422680412372,hold,hold,0,0,
7248,2026-03-05 19:45:00+00:00,9.36,9.48,9.34,9.43,140389.0,risk_rising,weak,risk_off,0.15463917525773221,hold,hold,0,0,
7249,2026-03-05 20:00:00+00:00,9.435,9.48,9.4,9.44,172775.0,risk_rising,weak,risk_off,0.16494845360824745,hold,hold,0,0,
7250,2026-03-05 20:15:00+00:00,9.44,9.6,9.42,9.53,169933.0,range_accumulation,weak,risk_off,0.2777777777777777,avoid,avoid,0,0,
7251,2026-03-05 20:30:00+00:00,9.5202,9.62,9.51,9.565,232797.0,range_neutral,weak,risk_off,0.39041095890410954,hold,hold,0,0,
7252,2026-03-05 20:45:00+00:00,9.56,9.59,9.5,9.505,137395.0,range_accumulation,weak,risk_off,0.31690140845070586,hold,hold,0,0,
7253,2026-03-05 21:00:00+00:00,9.505,9.66,9.505,9.66,660446.0,range_neutral,weak,risk_off,0.5588235294117646,hold,hold,0,0,
7254,2026-03-06 14:30:00+00:00,9.43,9.43,9.3601,9.41,48591.0,risk_rising,weak,risk_off,0.19405881474847103,reduce,hold,0,0,
7255,2026-03-06 14:45:00+00:00,9.433,9.5,9.24,9.4601,298397.0,risk_rising,weak,risk_off,0.31004366812227163,hold,hold,0,0,
7256,2026-03-06 15:00:00+00:00,9.48,9.5399,9.215,9.3338,309073.0,risk_rising,weak,risk_off,0.16165464689073383,hold,hold,0,0,
7257,2026-03-06 15:15:00+00:00,9.34,9.58,9.3361,9.5699,194076.0,pullback,weak,risk_off,0.48292284664580326,avoid,avoid,0,0,
7258,2026-03-06 15:30:00+00:00,9.57,9.81,9.57,9.645,345948.0,pullback,weak,risk_off,0.7226890756302509,hold,hold,0,0,
7259,2026-03-06 15:45:00+00:00,9.65,9.74,9.475,9.4762,227432.0,pullback,weak,risk_off,0.4389915966386559,hold,hold,0,0,
7260,2026-03-06 16:00:00+00:00,9.48,9.48,9.31,9.4299,196969.0,trend_late,weak,risk_off,0.36117647058823504,sell,hold,0,0,
7261,2026-03-06 16:15:00+00:00,9.4199,9.43,9.3301,9.42,138950.0,trend_late,weak,risk_off,0.3445378151260502,hold,hold,0,0,
7262,2026-03-06 16:30:00+00:00,9.435,9.47,9.39,9.3975,189194.0,trend_late,weak,risk_off,0.3067226890756316,hold,hold,0,0,
7263,2026-03-06 16:45:00+00:00,9.395,9.42,9.32,9.365,256005.0,risk_rising,weak,risk_off,0.2521008403361348,reduce,hold,0,0,
7264,2026-03-06 17:00:00+00:00,9.365,9.45,9.345,9.445,74726.0,range_neutral,weak,risk_off,0.3865546218487398,avoid,avoid,0,0,
7265,2026-03-06 17:15:00+00:00,9.44,9.45,9.38,9.41,71511.0,risk_rising,weak,risk_off,0.3277310924369749,reduce,hold,0,0,
7266,2026-03-06 17:30:00+00:00,9.4014,9.44,9.35,9.42,90976.0,range_accumulation,weak,risk_off,0.3445378151260502,avoid,avoid,0,0,
7267,2026-03-06 17:45:00+00:00,9.4155,9.435,9.29,9.315,184571.0,risk_rising,weak,risk_off,0.1680672268907555,reduce,hold,0,0,
7268,2026-03-06 18:00:00+00:00,9.31,9.43,9.305,9.4,120126.0,risk_rising,weak,risk_off,0.31092436974789966,hold,hold,0,0,
7269,2026-03-06 18:15:00+00:00,9.3999,9.45,9.3,9.43,263034.0,risk_rising,weak,risk_off,0.36134453781512543,hold,hold,0,0,
7270,2026-03-06 18:30:00+00:00,9.43,9.445,9.34,9.41,217394.0,risk_rising,weak,risk_off,0.3277310924369749,hold,hold,0,0,
7271,2026-03-06 18:45:00+00:00,9.41,9.44,9.2813,9.305,180189.0,risk_rising,weak,risk_off,0.15126050420168027,hold,hold,0,0,
7272,2026-03-06 19:00:00+00:00,9.31,9.315,9.16,9.205,164955.0,risk_rising,weak,risk_off,0.06923076923076908,hold,hold,0,0,
7273,2026-03-06 19:15:00+00:00,9.21,9.235,9.145,9.165,163317.0,risk_rising,weak,risk_off,0.03007518796992413,hold,hold,0,0,
7274,2026-03-06 19:30:00+00:00,9.165,9.2199,9.12,9.1956,123215.0,risk_rising,weak,risk_off,0.10956521739130624,hold,hold,0,0,
7275,2026-03-06 19:45:00+00:00,9.19,9.2,9.11,9.115,84248.0,risk_rising,weak,risk_off,0.0071428571428582485,hold,hold,0,0,
7276,2026-03-06 20:00:00+00:00,9.112,9.13,9.0,9.045,232900.0,risk_rising,weak,risk_off,0.055555555555555435,hold,hold,0,0,
7277,2026-03-06 20:15:00+00:00,9.0402,9.09,8.95,8.9708,327572.0,risk_rising,weak,risk_off,0.02418604651162934,hold,hold,0,0,
7278,2026-03-06 20:30:00+00:00,8.975,8.995,8.8845,8.935,261179.0,risk_rising,weak,risk_off,0.059029807130334615,hold,hold,0,0,
7279,2026-03-06 20:45:00+00:00,8.9371,8.985,8.882,8.885,222356.0,risk_rising,weak,risk_off,0.00501672240802694,hold,hold,0,0,
7280,2026-03-06 21:00:00+00:00,8.885,8.9,8.8,8.8,795995.0,risk_rising,weak,risk_off,0.0,hold,hold,0,0,
7281,2026-03-09 13:30:00+00:00,8.505,8.565,8.34,8.37,228736.0,risk_rising,weak,risk_off,0.026548672566371098,hold,hold,0,0,
7282,2026-03-09 13:45:00+00:00,8.38,8.55,8.28,8.435,476432.0,risk_rising,weak,risk_off,0.13247863247863345,hold,hold,0,0,
7283,2026-03-09 14:00:00+00:00,8.45,8.56,8.3101,8.38,384780.0,risk_rising,weak,risk_off,0.08547008547008669,hold,hold,0,0,
7284,2026-03-09 14:15:00+00:00,8.4,8.4987,8.27,8.33,356263.0,risk_rising,weak,risk_off,0.05084745762711908,hold,hold,0,0,
7285,2026-03-09 14:30:00+00:00,8.33,8.58,8.33,8.57,197734.0,risk_rising,weak,risk_off,0.2542372881355939,hold,hold,0,0,
7286,2026-03-09 14:45:00+00:00,8.5714,8.61,8.43,8.45,310725.0,risk_rising,weak,risk_off,0.15254237288135572,hold,hold,0,0,
7287,2026-03-09 15:00:00+00:00,8.4499,8.51,8.365,8.48,195903.0,risk_rising,weak,risk_off,0.17796610169491603,hold,hold,0,0,
7288,2026-03-09 15:15:00+00:00,8.475,8.51,8.44,8.505,132584.0,risk_rising,weak,risk_off,0.19915254237288244,hold,hold,0,0,
7289,2026-03-09 15:30:00+00:00,8.51,8.56,8.47,8.51,89881.0,risk_rising,weak,risk_off,0.20425531914893622,hold,hold,0,0,
7290,2026-03-09 15:45:00+00:00,8.5128,8.515,8.42,8.515,124194.0,risk_rising,weak,risk_off,0.20940170940171027,hold,hold,0,0,
7291,2026-03-09 16:00:00+00:00,8.515,8.645,8.5112,8.61,162102.0,range_accumulation,weak,risk_off,0.325358851674641,avoid,avoid,0,0,
7292,2026-03-09 16:15:00+00:00,8.6039,8.6199,8.56,8.615,73187.0,range_neutral,weak,risk_off,0.35751295336787636,hold,hold,0,0,
7293,2026-03-09 16:30:00+00:00,8.615,8.7292,8.575,8.7292,103772.0,range_neutral,weak,risk_off,0.48341930729550514,hold,hold,0,0,
7294,2026-03-09 16:45:00+00:00,8.7299,8.82,8.69,8.81,118439.0,range_neutral,weak,risk_off,0.5806451612903237,hold,hold,0,0,
7295,2026-03-09 17:00:00+00:00,8.8075,8.83,8.735,8.74,97659.0,range_neutral,weak,risk_off,0.5465116279069767,hold,hold,0,0,
7296,2026-03-09 17:15:00+00:00,8.7352,8.745,8.63,8.6401,169634.0,pullback,weak,risk_off,0.45134146341463494,hold,hold,0,0,
7297,2026-03-09 17:30:00+00:00,8.64,8.665,8.58,8.6,140668.0,pullback,weak,risk_off,0.45517241379310375,hold,hold,0,0,
7298,2026-03-09 17:45:00+00:00,8.6001,8.65,8.6,8.61,66956.0,pullback,weak,risk_off,0.4755244755244754,hold,hold,0,0,
7299,2026-03-09 18:00:00+00:00,8.615,8.635,8.52,8.53,167332.0,pullback,weak,risk_off,0.41269841269841184,hold,hold,0,0,
7300,2026-03-09 18:15:00+00:00,8.53,8.65,8.5,8.6254,130855.0,pullback,weak,risk_off,0.6346428571428588,hold,hold,0,0,
7301,2026-03-09 18:30:00+00:00,8.6222,8.69,8.6113,8.6299,101064.0,pullback,weak,risk_off,0.6426785714285702,hold,hold,0,0,
7302,2026-03-09 18:45:00+00:00,8.625,8.69,8.625,8.65,158315.0,pullback,weak,risk_off,0.6785714285714294,hold,hold,0,0,
7303,2026-03-09 19:00:00+00:00,8.65,8.7,8.625,8.675,117221.0,trend_late,weak,risk_off,0.7232142857142871,sell,hold,0,0,
7304,2026-03-09 19:15:00+00:00,8.66,8.71,8.615,8.685,114763.0,trend_late,weak,risk_off,0.7100000000000009,hold,hold,0,0,
7305,2026-03-09 19:30:00+00:00,8.69,9.0,8.67,8.922,559737.0,pullback,weak,risk_off,0.8771653543307095,avoid,avoid,0,0,
7306,2026-03-09 19:45:00+00:00,8.93,8.9988,8.885,8.89,245335.0,pullback,weak,risk_off,0.826771653543308,hold,hold,0,0,
7307,2026-03-09 20:00:00+00:00,8.9,8.985,8.835,8.93,497015.0,pullback,weak,risk_off,0.8793103448275857,hold,hold,0,0,
7308,2026-03-10 13:30:00+00:00,8.99,9.13,8.97,9.085,168507.0,pullback,leading,risk_off,0.9366197183098594,hold,hold,0,0,
7309,2026-03-10 13:45:00+00:00,9.09,9.21,8.91,9.155,454662.0,pullback,leading,risk_off,0.9303797468354412,hold,hold,0,0,
7310,2026-03-10 14:00:00+00:00,9.17,9.39,9.112,9.12,544595.0,pullback,leading,risk_off,0.6966292134831448,hold,hold,0,0,
7311,2026-03-10 14:15:00+00:00,9.12,9.2899,9.1,9.23,449167.0,pullback,leading,risk_off,0.8202247191011236,hold,hold,0,0,
7312,2026-03-10 14:30:00+00:00,9.2399,9.44,9.22,9.4172,392128.0,pullback,leading,risk_off,0.9757446808510637,hold,hold,0,0,
7313,2026-03-10 14:45:00+00:00,9.42,9.6,9.41,9.57,685853.0,pullback,leading,risk_off,0.9727272727272733,hold,hold,0,0,
7314,2026-03-10 15:00:00+00:00,9.57,9.69,9.43,9.4524,503710.0,pullback,leading,risk_off,0.8003361344537825,hold,hold,0,0,
7315,2026-03-10 15:15:00+00:00,9.46,9.505,9.375,9.38,236655.0,pullback,leading,risk_off,0.7394957983193287,hold,hold,0,0,
7316,2026-03-10 15:30:00+00:00,9.39,9.6255,9.39,9.62,257952.0,pullback,leading,risk_off,0.9411764705882351,hold,hold,0,0,
7317,2026-03-10 15:45:00+00:00,9.63,9.755,9.6201,9.74,402022.0,pullback,leading,risk_off,0.9880478087649398,hold,hold,0,0,
7318,2026-03-10 16:00:00+00:00,9.745,9.86,9.7,9.735,515824.0,pullback,leading,risk_off,0.9080882352941176,hold,hold,0,0,
7319,2026-03-10 16:15:00+00:00,9.74,9.8,9.68,9.77,323724.0,pullback,leading,risk_off,0.9338235294117648,hold,hold,0,0,
7320,2026-03-10 16:30:00+00:00,9.779,9.779,9.63,9.71,225209.0,pullback,leading,risk_off,0.8798750700728769,hold,hold,0,0,
7321,2026-03-10 16:45:00+00:00,9.715,9.8607,9.69,9.81,458489.0,pullback,leading,risk_off,0.9592999919723857,hold,hold,0,0,
7322,2026-03-10 17:00:00+00:00,9.81,10.05,9.8,10.0161,574346.0,pullback,leading,risk_off,0.9763763066202085,hold,hold,0,0,
7323,2026-03-10 17:15:00+00:00,10.02,10.2,10.0,10.14,533639.0,pullback,leading,risk_off,0.9621451104100954,hold,hold,0,0,
7324,2026-03-10 17:30:00+00:00,10.135,10.45,10.12,10.37,816013.0,pullback,leading,risk_off,0.9550561797752808,hold,hold,0,0,
7325,2026-03-10 17:45:00+00:00,10.374,10.45,10.2301,10.2701,606306.0,pullback,leading,risk_off,0.8886068111455108,hold,hold,0,0,
7326,2026-03-10 18:00:00+00:00,10.28,10.3796,10.15,10.225,358768.0,pullback,leading,risk_off,0.8606811145510836,hold,hold,0,0,
7327,2026-03-10 18:15:00+00:00,10.225,10.2622,10.0,10.0924,349110.0,pullback,leading,risk_off,0.7677922077922079,hold,hold,0,0,
7328,2026-03-10 18:30:00+00:00,10.0958,10.34,10.0958,10.25,586439.0,pullback,leading,risk_off,0.8701298701298705,hold,hold,0,0,
7329,2026-03-10 18:45:00+00:00,10.26,10.3558,10.1804,10.21,391218.0,pullback,leading,risk_off,0.8222222222222233,hold,hold,0,0,
7330,2026-03-10 19:00:00+00:00,10.215,10.34,10.035,10.035,305476.0,pullback,leading,risk_off,0.6925925925925931,hold,hold,0,0,
7331,2026-03-10 19:15:00+00:00,10.035,10.15,9.95,10.02,462172.0,pullback,leading,risk_off,0.6504065040650405,hold,hold,0,0,
7332,2026-03-10 19:30:00+00:00,10.02,10.11,9.92,9.9286,375740.0,trend_late,leading,risk_off,0.5149767441860463,reduce,hold,0,0,
7333,2026-03-10 19:45:00+00:00,9.925,10.18,9.9201,10.085,434487.0,trend_late,leading,risk_off,0.660465116279071,hold,hold,0,0,
7334,2026-03-10 20:00:00+00:00,10.0828,10.11,9.99,10.065,639840.0,trend_late,leading,risk_off,0.641860465116279,hold,hold,0,0,
7335,2026-03-11 13:30:00+00:00,9.95,10.04,9.88,9.965,129764.0,trend_late,mixed,neutral,0.5424528301886792,hold,hold,0,0,
7336,2026-03-11 13:45:00+00:00,9.951,10.23,9.765,9.89,740396.0,trend_late,mixed,neutral,0.32521990601277295,hold,hold,0,0,
7337,2026-03-11 14:00:00+00:00,9.88,9.9931,9.78,9.94,349728.0,trend_late,mixed,neutral,0.378048780487804,hold,hold,0,0,
7338,2026-03-11 14:15:00+00:00,9.93,10.07,9.82,10.04,410531.0,risk_rising,mixed,neutral,0.4999999999999989,hold,hold,0,0,
7339,2026-03-11 14:30:00+00:00,10.03,10.0656,9.9,9.99,316579.0,risk_rising,mixed,neutral,0.43902439024390255,hold,hold,0,0,
7340,2026-03-11 14:45:00+00:00,9.99,10.048,9.85,9.9322,236680.0,risk_rising,mixed,neutral,0.3186842105263164,hold,hold,0,0,
7341,2026-03-11 15:00:00+00:00,9.94,10.0178,9.79,9.81,328787.0,risk_rising,mixed,neutral,0.06569343065693432,hold,hold,0,0,
7342,2026-03-11 15:15:00+00:00,9.825,9.83,9.5801,9.59,414544.0,risk_rising,mixed,neutral,0.011380618461892202,hold,hold,0,0,
7343,2026-03-11 15:30:00+00:00,9.58,9.61,9.44,9.44,455542.0,risk_rising,mixed,neutral,0.0,hold,hold,0,0,
7344,2026-03-11 15:45:00+00:00,9.4499,9.56,9.4301,9.51,247266.0,risk_rising,mixed,neutral,0.0783410138248851,hold,hold,0,0,
7345,2026-03-11 16:00:00+00:00,9.5,9.5599,9.44,9.49,227806.0,risk_rising,mixed,neutral,0.06308583464981643,hold,hold,0,0,
7346,2026-03-11 16:15:00+00:00,9.4999,9.53,9.31,9.34,312748.0,risk_rising,mixed,neutral,0.02868617326448591,hold,hold,0,0,
7347,2026-03-11 16:30:00+00:00,9.3451,9.45,9.32,9.43,262923.0,risk_rising,mixed,neutral,0.11474469305794534,hold,hold,0,0,
7348,2026-03-11 16:45:00+00:00,9.44,9.49,9.43,9.44,110266.0,risk_rising,mixed,neutral,0.12430675081277398,hold,hold,0,0,
7349,2026-03-11 17:00:00+00:00,9.43,9.52,9.43,9.455,135916.0,risk_rising,mixed,neutral,0.14077669902912587,hold,hold,0,0,
7350,2026-03-11 17:15:00+00:00,9.46,9.485,9.405,9.45,152147.0,risk_rising,mixed,neutral,0.15217391304347697,hold,hold,0,0,
7351,2026-03-11 17:30:00+00:00,9.46,9.54,9.45,9.52,103978.0,risk_rising,mixed,neutral,0.2282608695652164,hold,hold,0,0,
7352,2026-03-11 17:45:00+00:00,9.51,9.5299,9.3303,9.41,164703.0,risk_rising,mixed,neutral,0.10869565217391267,hold,hold,0,0,
7353,2026-03-11 18:00:00+00:00,9.41,9.44,9.365,9.42,106700.0,risk_rising,mixed,neutral,0.11956521739130374,hold,hold,0,0,
7354,2026-03-11 18:15:00+00:00,9.415,9.51,9.41,9.45,137171.0,risk_rising,mixed,neutral,0.15217391304347697,hold,hold,0,0,
7355,2026-03-11 18:30:00+00:00,9.455,9.63,9.445,9.61,236447.0,range_accumulation,mixed,neutral,0.32608695652173797,hold,hold,0,0,
7356,2026-03-11 18:45:00+00:00,9.6,9.679,9.555,9.59,214878.0,range_neutral,mixed,neutral,0.3684210526315782,hold,hold,0,0,
7357,2026-03-11 19:00:00+00:00,9.595,9.6,9.5,9.58,116522.0,range_neutral,mixed,neutral,0.3552631578947364,hold,hold,0,0,
7358,2026-03-11 19:15:00+00:00,9.58,9.62,9.535,9.5699,82282.0,range_accumulation,mixed,neutral,0.34396506087877216,hold,hold,0,0,
7359,2026-03-11 19:30:00+00:00,9.56,9.59,9.51,9.57,100639.0,range_neutral,mixed,neutral,0.35230352303523027,hold,hold,0,0,
7360,2026-03-11 19:45:00+00:00,9.57,9.75,9.57,9.72,197823.0,pullback,mixed,neutral,0.5792596778751071,buy,buy,200,200,9.72
7361,2026-03-11 20:00:00+00:00,9.72,9.75,9.67,9.7,383314.0,pullback,mixed,neutral,0.7499999999999983,hold,hold,0,200,
7362,2026-03-12 13:30:00+00:00,9.5,9.5699,9.34,9.34,101983.0,trend_late,weak,risk_off,0.0681818181818168,sell,sell,-200,0,9.34
7363,2026-03-12 13:45:00+00:00,9.334,9.48,9.25,9.405,391779.0,trend_late,weak,risk_off,0.3099999999999987,hold,hold,0,0,
7364,2026-03-12 14:00:00+00:00,9.39,9.49,9.24,9.49,319423.0,pullback,weak,risk_off,0.49019607843137275,avoid,avoid,0,0,
7365,2026-03-12 14:15:00+00:00,9.49,9.55,9.45,9.48,175549.0,trend_late,weak,risk_off,0.47058823529411825,sell,hold,0,0,
7366,2026-03-12 14:30:00+00:00,9.4845,9.4845,9.2,9.2201,255117.0,trend_late,weak,risk_off,0.03654545454545653,hold,hold,0,0,
7367,2026-03-12 14:45:00+00:00,9.23,9.28,9.18,9.26,212578.0,risk_rising,weak,risk_off,0.1403508771929825,reduce,hold,0,0,
7368,2026-03-12 15:00:00+00:00,9.26,9.35,9.17,9.18,187931.0,risk_rising,weak,risk_off,0.01724137931034446,hold,hold,0,0,
7369,2026-03-12 15:15:00+00:00,9.185,9.24,9.08,9.12,215493.0,risk_rising,weak,risk_off,0.05970149253731217,hold,hold,0,0,
7370,2026-03-12 15:30:00+00:00,9.13,9.265,9.08,9.24,275561.0,risk_rising,weak,risk_off,0.23880597014925398,hold,hold,0,0,
7371,2026-03-12 15:45:00+00:00,9.24,9.43,9.18,9.4,141938.0,risk_rising,weak,risk_off,0.47761194029850795,hold,hold,0,0,
7372,2026-03-12 16:00:00+00:00,9.4,9.4275,9.322,9.34,109023.0,risk_rising,weak,risk_off,0.38805970149253705,hold,hold,0,0,
7373,2026-03-12 16:15:00+00:00,9.35,9.42,9.29,9.36,106688.0,risk_rising,weak,risk_off,0.4179104477611931,hold,hold,0,0,
7374,2026-03-12 16:30:00+00:00,9.36,9.47,9.32,9.36,125836.0,risk_rising,weak,risk_off,0.4179104477611931,hold,hold,0,0,
7375,2026-03-12 16:45:00+00:00,9.365,9.47,9.35,9.405,133061.0,risk_rising,weak,risk_off,0.48507462686567066,hold,hold,0,0,
7376,2026-03-12 17:00:00+00:00,9.4,9.5,9.375,9.47,116008.0,range_neutral,weak,risk_off,0.5820895522388069,avoid,avoid,0,0,
7377,2026-03-12 17:15:00+00:00,9.48,9.57,9.44,9.44,100075.0,range_neutral,weak,risk_off,0.5373134328358201,hold,hold,0,0,
7378,2026-03-12 17:30:00+00:00,9.439,9.49,9.425,9.49,82566.0,range_neutral,weak,risk_off,0.611940298507463,hold,hold,0,0,
7379,2026-03-12 17:45:00+00:00,9.49,9.53,9.43,9.44,75875.0,pullback,weak,risk_off,0.5373134328358201,hold,hold,0,0,
7380,2026-03-12 18:00:00+00:00,9.43,9.475,9.3901,9.445,77229.0,pullback,weak,risk_off,0.5447761194029854,hold,hold,0,0,
7381,2026-03-12 18:15:00+00:00,9.45,9.51,9.44,9.505,58513.0,pullback,weak,risk_off,0.8673469387755113,hold,hold,0,0,
7382,2026-03-12 18:30:00+00:00,9.51,9.53,9.4,9.46,69297.0,pullback,weak,risk_off,0.775510204081634,hold,hold,0,0,
7383,2026-03-12 18:45:00+00:00,9.4599,9.49,9.43,9.49,86067.0,pullback,weak,risk_off,0.836734693877551,hold,hold,0,0,
7384,2026-03-12 19:00:00+00:00,9.5,9.505,9.36,9.43,90501.0,pullback,weak,risk_off,0.7142857142857133,hold,hold,0,0,
7385,2026-03-12 19:15:00+00:00,9.44,9.44,9.3632,9.395,80477.0,trend_late,weak,risk_off,0.6428571428571416,sell,hold,0,0,
7386,2026-03-12 19:30:00+00:00,9.39,9.44,9.385,9.44,88624.0,trend_late,weak,risk_off,0.7346938775510189,hold,hold,0,0,
7387,2026-03-12 19:45:00+00:00,9.45,9.49,9.335,9.3559,201682.0,trend_late,weak,risk_off,0.5630612244897958,hold,hold,0,0,
7388,2026-03-12 20:00:00+00:00,9.355,9.42,9.28,9.31,358017.0,trend_late,weak,risk_off,0.4693877551020415,hold,hold,0,0,
7389,2026-03-13 13:30:00+00:00,9.4,9.68,9.4,9.591,97864.0,pullback,weak,risk_off,0.8516666666666659,avoid,avoid,0,0,
7390,2026-03-13 13:45:00+00:00,9.555,9.6669,9.45,9.61,352349.0,pullback,weak,risk_off,0.8599999999999994,hold,hold,0,0,
7391,2026-03-13 14:00:00+00:00,9.5991,9.62,9.4648,9.49,297718.0,trend_late,weak,risk_off,0.5250000000000017,sell,hold,0,0,
7392,2026-03-13 14:15:00+00:00,9.5045,9.53,9.265,9.265,213691.0,trend_late,weak,risk_off,0.0,hold,hold,0,0,
7393,2026-03-13 14:30:00+00:00,9.265,9.28,9.1675,9.26,314358.0,risk_rising,weak,risk_off,0.18048780487804778,reduce,hold,0,0,
7394,2026-03-13 14:45:00+00:00,9.25,9.38,9.25,9.33,257806.0,risk_rising,weak,risk_off,0.31707317073170704,hold,hold,0,0,
7395,2026-03-13 15:00:00+00:00,9.33,9.41,9.22,9.28,177871.0,risk_rising,weak,risk_off,0.21951219512194944,hold,hold,0,0,
7396,2026-03-13 15:15:00+00:00,9.29,9.34,9.23,9.325,141063.0,risk_rising,weak,risk_off,0.3073170731707299,hold,hold,0,0,
7397,2026-03-13 15:30:00+00:00,9.32,9.365,9.22,9.26,139392.0,risk_rising,weak,risk_off,0.18048780487804778,hold,hold,0,0,
7398,2026-03-13 15:45:00+00:00,9.27,9.31,9.1118,9.18,166708.0,risk_rising,weak,risk_off,0.12002815909890752,hold,hold,0,0,
7399,2026-03-13 16:00:00+00:00,9.17,9.28,9.135,9.14,98551.0,risk_rising,weak,risk_off,0.049630411826821624,hold,hold,0,0,
7400,2026-03-13 16:15:00+00:00,9.1301,9.18,9.09,9.135,182015.0,risk_rising,weak,risk_off,0.07627118644067786,hold,hold,0,0,
7401,2026-03-13 16:30:00+00:00,9.13,9.13,9.03,9.07,137701.0,risk_rising,weak,risk_off,0.06153846153846292,hold,hold,0,0,
7402,2026-03-13 16:45:00+00:00,9.075,9.16,9.05,9.13,92575.0,risk_rising,weak,risk_off,0.15384615384615594,hold,hold,0,0,
7403,2026-03-13 17:00:00+00:00,9.13,9.25,9.1101,9.21,164374.0,risk_rising,weak,risk_off,0.27692307692307905,hold,hold,0,0,
7404,2026-03-13 17:15:00+00:00,9.215,9.215,9.115,9.19,77190.0,risk_rising,weak,risk_off,0.24615384615384625,hold,hold,0,0,
7405,2026-03-13 17:30:00+00:00,9.2,9.2,9.035,9.04,168150.0,risk_rising,weak,risk_off,0.015384615384615049,hold,hold,0,0,
7406,2026-03-13 17:45:00+00:00,9.04,9.082,8.99,9.05,169926.0,risk_rising,weak,risk_off,0.08695652173913122,hold,hold,0,0,
7407,2026-03-13 18:00:00+00:00,9.045,9.045,8.9401,8.97,99664.0,risk_rising,weak,risk_off,0.04041086633329011,hold,hold,0,0,
7408,2026-03-13 18:15:00+00:00,8.98,9.02,8.955,8.985,63991.0,risk_rising,weak,risk_off,0.0606838761994866,hold,hold,0,0,
7409,2026-03-13 18:30:00+00:00,8.99,9.03,8.9,8.97,111121.0,risk_rising,weak,risk_off,0.09127656800104357,hold,hold,0,0,
7410,2026-03-13 18:45:00+00:00,8.965,9.005,8.93,8.97,65865.0,risk_rising,weak,risk_off,0.09722222222222276,hold,hold,0,0,
7411,2026-03-13 19:00:00+00:00,8.965,9.0166,8.955,8.98,67720.0,risk_rising,weak,risk_off,0.1269841269841273,hold,hold,0,0,
7412,2026-03-13 19:15:00+00:00,8.975,9.0,8.95,8.984,52561.0,risk_rising,weak,risk_off,0.1647058823529405,hold,hold,0,0,
7413,2026-03-13 19:30:00+00:00,8.9901,9.015,8.9201,8.976,97160.0,risk_rising,weak,risk_off,0.1490196078431383,hold,hold,0,0,
7414,2026-03-13 19:45:00+00:00,8.98,8.995,8.96,8.97,106596.0,risk_rising,weak,risk_off,0.13725490196078494,hold,hold,0,0,
7415,2026-03-13 20:00:00+00:00,8.9716,9.06,8.93,9.05,477946.0,range_accumulation,weak,risk_off,0.3225806451612912,avoid,avoid,0,0,
7416,2026-03-16 13:30:00+00:00,9.2,9.5,9.2,9.43,200724.0,range_distribution,weak,risk_on,0.8833333333333327,reduce,hold,0,0,
7417,2026-03-16 13:45:00+00:00,9.43,9.55,9.29,9.325,644698.0,range_distribution,weak,risk_on,0.6538461538461519,hold,hold,0,0,
7418,2026-03-16 14:00:00+00:00,9.32,9.32,8.9765,9.08,505615.0,range_accumulation,weak,risk_on,0.27692307692307633,hold,hold,0,0,
7419,2026-03-16 14:15:00+00:00,9.07,9.1,8.95,9.035,439624.0,pullback,weak,risk_on,0.20769230769230726,hold,hold,0,0,
7420,2026-03-16 14:30:00+00:00,9.03,9.1,9.01,9.02,217748.0,pullback,weak,risk_on,0.18461538461538332,hold,hold,0,0,
7421,2026-03-16 14:45:00+00:00,9.02,9.05,8.92,8.99,291413.0,pullback,weak,risk_on,0.13846153846153816,hold,hold,0,0,
7422,2026-03-16 15:00:00+00:00,8.995,9.0,8.91,8.995,187306.0,pullback,weak,risk_on,0.14615384615384433,hold,hold,0,0,
7423,2026-03-16 15:15:00+00:00,8.995,9.0,8.91,8.93,201155.0,trend_late,weak,risk_on,0.04615384615384514,hold,hold,0,0,
7424,2026-03-16 15:30:00+00:00,8.94,9.075,8.91,9.02,343140.0,pullback,weak,risk_on,0.18461538461538332,hold,hold,0,0,
7425,2026-03-16 15:45:00+00:00,9.04,9.235,9.0,9.2084,334432.0,pullback,weak,risk_on,0.4744615384615365,hold,hold,0,0,
7426,2026-03-16 16:00:00+00:00,9.2055,9.22,9.0,9.03,290692.0,trend_late,weak,risk_on,0.19999999999999837,hold,hold,0,0,
7427,2026-03-16 16:15:00+00:00,9.02,9.02,8.9,8.935,198265.0,risk_rising,weak,risk_on,0.053846153846154036,hold,hold,0,0,
7428,2026-03-16 16:30:00+00:00,8.93,8.95,8.8,8.81,328027.0,risk_rising,weak,risk_on,0.01333333333333305,hold,hold,0,0,
7429,2026-03-16 16:45:00+00:00,8.8,8.875,8.77,8.835,233610.0,risk_rising,weak,risk_on,0.08333333333333486,hold,hold,0,0,
7430,2026-03-16 17:00:00+00:00,8.835,8.91,8.79,8.91,185021.0,risk_rising,weak,risk_on,0.17948717948717996,hold,hold,0,0,
7431,2026-03-16 17:15:00+00:00,8.9,8.9,8.765,8.825,154662.0,risk_rising,weak,risk_on,0.07643312101910664,hold,hold,0,0,
7432,2026-03-16 17:30:00+00:00,8.825,8.888,8.815,8.85,183087.0,risk_rising,weak,risk_on,0.10828025477706887,hold,hold,0,0,
7433,2026-03-16 17:45:00+00:00,8.86,8.935,8.8524,8.935,122241.0,range_accumulation,weak,risk_on,0.21656050955414,hold,hold,0,0,
7434,2026-03-16 18:00:00+00:00,8.94,8.9401,8.88,8.8848,124353.0,risk_rising,weak,risk_on,0.15261146496815245,hold,hold,0,0,
7435,2026-03-16 18:15:00+00:00,8.8802,9.05,8.88,9.045,117112.0,risk_rising,weak,risk_on,0.3566878980891711,hold,hold,0,0,
7436,2026-03-16 18:30:00+00:00,9.0423,9.13,9.0207,9.075,214114.0,range_neutral,weak,risk_on,0.3949044585987244,hold,hold,0,0,
7437,2026-03-16 18:45:00+00:00,9.0701,9.08,8.99,9.0434,102939.0,range_neutral,weak,risk_on,0.501621621621621,hold,hold,0,0,
7438,2026-03-16 19:00:00+00:00,9.045,9.12,9.04,9.12,78619.0,range_distribution,weak,risk_on,0.7553191489361691,hold,hold,0,0,
7439,2026-03-16 19:15:00+00:00,9.1232,9.21,9.09,9.15,155827.0,pullback,weak,risk_on,0.8191489361702143,buy,buy,200,200,9.15
7440,2026-03-16 19:30:00+00:00,9.16,9.25,9.11,9.16,144215.0,pullback,weak,risk_on,0.8144329896907218,hold,hold,0,200,
7441,2026-03-16 19:45:00+00:00,9.155,9.175,9.12,9.175,84723.0,pullback,weak,risk_on,0.8453608247422694,hold,hold,0,200,
7442,2026-03-16 20:00:00+00:00,9.18,9.225,9.12,9.13,294991.0,pullback,weak,risk_on,0.7525773195876302,hold,hold,0,200,
7443,2026-03-17 13:30:00+00:00,9.04,9.09,8.95,8.97,79198.0,pullback,weak,risk_on,0.4226804123711347,hold,hold,0,200,
7444,2026-03-17 13:45:00+00:00,8.99,9.25,8.99,9.155,298930.0,pullback,weak,risk_on,0.8041237113402047,hold,hold,0,200,
7445,2026-03-17 14:00:00+00:00,9.155,9.32,9.12,9.23,337929.0,pullback,weak,risk_on,0.837837837837838,hold,hold,0,200,
7446,2026-03-17 14:15:00+00:00,9.23,9.34,9.12,9.19,368747.0,pullback,weak,risk_on,0.7391304347826078,hold,hold,0,200,
7447,2026-03-17 14:30:00+00:00,9.19,9.33,9.16,9.28,185274.0,pullback,weak,risk_on,0.8956521739130425,hold,hold,0,200,
7448,2026-03-17 14:45:00+00:00,9.28,9.32,9.215,9.265,223079.0,pullback,weak,risk_on,0.8695652173913054,hold,hold,0,200,
7449,2026-03-17 15:00:00+00:00,9.27,9.295,9.16,9.1987,162407.0,pullback,weak,risk_on,0.7542608695652183,hold,hold,0,200,
7450,2026-03-17 15:15:00+00:00,9.195,9.201,9.14,9.17,145490.0,pullback,weak,risk_on,0.7043478260869562,hold,hold,0,200,
7451,2026-03-17 15:30:00+00:00,9.175,9.18,9.0999,9.15,83933.0,trend_late,weak,risk_on,0.6380952380952393,reduce,reduce,-200,0,9.15
7452,2026-03-17 15:45:00+00:00,9.16,9.16,9.03,9.095,89152.0,trend_late,weak,risk_on,0.49753896636587575,hold,hold,0,0,
7453,2026-03-17 16:00:00+00:00,9.09,9.1695,9.09,9.121,87411.0,pullback,weak,risk_on,0.5239130434782612,hold,hold,0,0,
7454,2026-03-17 16:15:00+00:00,9.125,9.19,9.11,9.13,83396.0,trend_late,weak,risk_on,0.5434782608695663,hold,hold,0,0,
7455,2026-03-17 16:30:00+00:00,9.14,9.1759,9.1,9.125,41682.0,trend_late,weak,risk_on,0.4487179487179499,hold,hold,0,0,
7456,2026-03-17 16:45:00+00:00,9.12,9.13,9.045,9.065,53862.0,trend_late,weak,risk_on,0.294871794871795,hold,hold,0,0,
7457,2026-03-17 17:00:00+00:00,9.065,9.13,9.055,9.12,70491.0,risk_rising,weak,risk_on,0.43589743589743507,hold,hold,0,0,
7458,2026-03-17 17:15:00+00:00,9.115,9.16,9.09,9.09,50355.0,risk_rising,weak,risk_on,0.3589743589743599,hold,hold,0,0,
7459,2026-03-17 17:30:00+00:00,9.095,9.165,9.085,9.16,56021.0,risk_rising,weak,risk_on,0.5384615384615399,hold,hold,0,0,
7460,2026-03-17 17:45:00+00:00,9.165,9.18,9.11,9.13,35372.0,risk_rising,weak,risk_on,0.4615384615384647,hold,hold,0,0,
7461,2026-03-17 18:00:00+00:00,9.13,9.185,9.12,9.185,56358.0,range_neutral,weak,risk_on,0.6025641025641048,hold,hold,0,0,
7462,2026-03-17 18:15:00+00:00,9.186,9.28,9.18,9.26,153652.0,range_distribution,weak,risk_on,0.7948717948717949,hold,hold,0,0,
7463,2026-03-17 18:30:00+00:00,9.275,9.34,9.18,9.2,190133.0,range_neutral,weak,risk_on,0.599999999999998,hold,hold,0,0,
7464,2026-03-17 18:45:00+00:00,9.2,9.25,9.19,9.205,34637.0,range_neutral,weak,risk_on,0.5645161290322595,hold,hold,0,0,
7465,2026-03-17 19:00:00+00:00,9.205,9.265,9.2,9.245,55764.0,range_distribution,weak,risk_on,0.6935483870967726,hold,hold,0,0,
7466,2026-03-17 19:15:00+00:00,9.25,9.275,9.215,9.24,56417.0,pullback,weak,risk_on,0.6774193548387113,buy,hold,0,0,
7467,2026-03-17 19:30:00+00:00,9.24,9.25,9.18,9.205,57301.0,pullback,weak,risk_on,0.5645161290322595,hold,hold,0,0,
7468,2026-03-17 19:45:00+00:00,9.2,9.215,9.1701,9.195,50074.0,pullback,weak,risk_on,0.5322580645161311,hold,hold,0,0,
7469,2026-03-17 20:00:00+00:00,9.19,9.24,9.12,9.19,304955.0,pullback,weak,risk_on,0.5161290322580642,hold,hold,0,0,
7470,2026-03-18 13:30:00+00:00,8.99,8.99,8.91,8.92,75308.0,trend_late,weak,neutral,0.023255813953487893,reduce,hold,0,0,
7471,2026-03-18 13:45:00+00:00,8.927,8.98,8.72,8.9205,463399.0,trend_late,weak,neutral,0.3233870967741938,hold,hold,0,0,
7472,2026-03-18 14:00:00+00:00,8.9096,8.95,8.83,8.875,222246.0,risk_rising,weak,neutral,0.24999999999999928,hold,hold,0,0,
7473,2026-03-18 14:15:00+00:00,8.875,8.94,8.809,8.845,210019.0,risk_rising,weak,neutral,0.20161290322580672,hold,hold,0,0,
7474,2026-03-18 14:30:00+00:00,8.8409,8.87,8.78,8.84,144108.0,risk_rising,weak,neutral,0.1935483870967732,hold,hold,0,0,
7475,2026-03-18 14:45:00+00:00,8.84,8.91,8.815,8.905,144349.0,risk_rising,weak,neutral,0.29838709677419184,hold,hold,0,0,
7476,2026-03-18 15:00:00+00:00,8.9001,8.9599,8.87,8.9593,139969.0,risk_rising,weak,neutral,0.38596774193548444,hold,hold,0,0,
7477,2026-03-18 15:15:00+00:00,8.96,8.97,8.905,8.94,56336.0,risk_rising,weak,neutral,0.354838709677418,hold,hold,0,0,
7478,2026-03-18 15:30:00+00:00,8.9322,8.95,8.8,8.82,112884.0,risk_rising,weak,neutral,0.1612903225806448,hold,hold,0,0,
7479,2026-03-18 15:45:00+00:00,8.8186,8.8618,8.81,8.8471,81140.0,risk_rising,weak,neutral,0.2049999999999981,hold,hold,0,0,
7480,2026-03-18 16:00:00+00:00,8.835,8.835,8.775,8.795,136679.0,risk_rising,weak,neutral,0.12096774193548288,hold,hold,0,0,
7481,2026-03-18 16:15:00+00:00,8.795,8.795,8.73,8.755,152592.0,risk_rising,weak,neutral,0.05645161290322611,hold,hold,0,0,
7482,2026-03-18 16:30:00+00:00,8.755,8.7999,8.72,8.7994,137576.0,risk_rising,weak,neutral,0.1280645161290319,hold,hold,0,0,
7483,2026-03-18 16:45:00+00:00,8.795,8.82,8.75,8.805,91506.0,risk_rising,weak,neutral,0.15315315315315156,hold,hold,0,0,
7484,2026-03-18 17:00:00+00:00,8.805,8.85,8.805,8.83,66531.0,risk_rising,weak,neutral,0.19819819819819728,hold,hold,0,0,
7485,2026-03-18 17:15:00+00:00,8.825,8.825,8.77,8.805,48389.0,risk_rising,weak,neutral,0.15315315315315156,hold,hold,0,0,
7486,2026-03-18 17:30:00+00:00,8.8001,8.85,8.7999,8.844,41833.0,risk_rising,weak,neutral,0.23396226415094137,hold,hold,0,0,
7487,2026-03-18 17:45:00+00:00,8.8399,8.96,8.835,8.955,187086.0,range_neutral,weak,neutral,0.4519230769230762,hold,hold,0,0,
7488,2026-03-18 18:00:00+00:00,8.96,8.974,8.895,8.9499,85665.0,range_neutral,weak,neutral,0.44211538461538286,hold,hold,0,0,
7489,2026-03-18 18:15:00+00:00,8.94,8.99,8.91,8.94,84685.0,range_distribution,weak,neutral,0.8148148148148119,hold,hold,0,0,
7490,2026-03-18 18:30:00+00:00,8.94,8.99,8.915,8.94,67556.0,range_distribution,weak,neutral,0.8148148148148119,hold,hold,0,0,
7491,2026-03-18 18:45:00+00:00,8.94,8.99,8.88,8.89,121497.0,pullback,weak,neutral,0.6296296296296303,buy,buy,200,200,8.89
7492,2026-03-18 19:00:00+00:00,8.88,8.9,8.81,8.86,70181.0,pullback,weak,neutral,0.5185185185185148,hold,hold,0,200,
7493,2026-03-18 19:15:00+00:00,8.855,8.9001,8.835,8.855,78776.0,pullback,weak,neutral,0.5,hold,hold,0,200,
7494,2026-03-18 19:30:00+00:00,8.855,8.8601,8.8,8.805,102327.0,trend_late,weak,neutral,0.3148148148148119,hold,hold,0,200,
7495,2026-03-18 19:45:00+00:00,8.81,8.845,8.792,8.795,109224.0,trend_late,weak,neutral,0.27777777777777557,hold,hold,0,200,
7496,2026-03-18 20:00:00+00:00,8.7945,8.815,8.71,8.73,360519.0,trend_late,weak,neutral,0.07142857142857006,hold,hold,0,200,
7497,2026-03-19 13:30:00+00:00,8.4,8.4,8.15,8.19,257505.0,risk_rising,weak,neutral,0.04761904761904661,reduce,reduce,-200,0,8.19
7498,2026-03-19 13:45:00+00:00,8.21,8.21,8.03,8.075,547942.0,risk_rising,weak,neutral,0.04687499999999988,hold,hold,0,0,
7499,2026-03-19 14:00:00+00:00,8.075,8.1794,8.0,8.1701,577100.0,risk_rising,weak,neutral,0.17181818181818148,hold,hold,0,0,
7500,2026-03-19 14:15:00+00:00,8.17,8.22,8.13,8.145,220493.0,risk_rising,weak,neutral,0.146464646464646,hold,hold,0,0,
7501,2026-03-19 14:30:00+00:00,8.14,8.17,8.04,8.075,226473.0,risk_rising,weak,neutral,0.07575757575757502,hold,hold,0,0,
7502,2026-03-19 14:45:00+00:00,8.075,8.195,8.05,8.1428,135380.0,risk_rising,weak,neutral,0.1442424242424236,hold,hold,0,0,
7503,2026-03-19 15:00:00+00:00,8.145,8.19,8.06,8.11,133097.0,risk_rising,weak,neutral,0.11111111111111051,hold,hold,0,0,
7504,2026-03-19 15:15:00+00:00,8.11,8.26,8.1,8.235,217130.0,risk_rising,weak,neutral,0.23737373737373674,hold,hold,0,0,
7505,2026-03-19 15:30:00+00:00,8.235,8.31,8.185,8.185,182203.0,risk_rising,weak,neutral,0.18686868686868732,hold,hold,0,0,
7506,2026-03-19 15:45:00+00:00,8.19,8.215,8.1397,8.1724,164895.0,risk_rising,weak,neutral,0.17414141414141376,hold,hold,0,0,
7507,2026-03-19 16:00:00+00:00,8.17,8.2159,8.13,8.185,176134.0,risk_rising,weak,neutral,0.18686868686868732,hold,hold,0,0,
7508,2026-03-19 16:15:00+00:00,8.185,8.25,8.175,8.22,85937.0,range_accumulation,weak,neutral,0.22222222222222282,hold,hold,0,0,
7509,2026-03-19 16:30:00+00:00,8.215,8.265,8.205,8.26,83399.0,range_accumulation,weak,neutral,0.2626262626262624,hold,hold,0,0,
7510,2026-03-19 16:45:00+00:00,8.265,8.34,8.245,8.31,101378.0,range_accumulation,weak,neutral,0.3131313131313136,hold,hold,0,0,
7511,2026-03-19 17:00:00+00:00,8.3001,8.312,8.225,8.26,94039.0,range_accumulation,weak,neutral,0.2888567936895898,hold,hold,0,0,
7512,2026-03-19 17:15:00+00:00,8.255,8.26,8.155,8.165,79473.0,range_accumulation,weak,neutral,0.183312965226085,hold,hold,0,0,
7513,2026-03-19 17:30:00+00:00,8.1687,8.24,8.1687,8.24,57174.0,range_accumulation,weak,neutral,0.2790373212417166,hold,hold,0,0,
7514,2026-03-19 17:45:00+00:00,8.24,8.2497,8.16,8.17,79312.0,risk_rising,weak,neutral,0.20118343195266247,hold,hold,0,0,
7515,2026-03-19 18:00:00+00:00,8.17,8.25,8.155,8.22,62565.0,pullback,weak,neutral,0.2699386503067494,buy,buy,200,200,8.22
7516,2026-03-19 18:15:00+00:00,8.22,8.335,8.205,8.315,97394.0,pullback,weak,neutral,0.7874999999999981,hold,hold,0,200,
7517,2026-03-19 18:30:00+00:00,8.32,8.36,8.3,8.32,81295.0,pullback,weak,neutral,0.8888888888888911,hold,hold,0,200,
7518,2026-03-19 18:45:00+00:00,8.315,8.35,8.2445,8.25,140763.0,pullback,weak,neutral,0.6944444444444455,hold,hold,0,200,
7519,2026-03-19 19:00:00+00:00,8.2498,8.33,8.24,8.33,82066.0,pullback,weak,neutral,0.9062500000000021,hold,hold,0,200,
7520,2026-03-19 19:15:00+00:00,8.34,8.51,8.34,8.48,264228.0,pullback,weak,neutral,0.9361702127659589,hold,hold,0,200,
7521,2026-03-19 19:30:00+00:00,8.49,8.51,8.41,8.43,81902.0,pullback,weak,neutral,0.8260869565217386,hold,hold,0,200,
7522,2026-03-19 19:45:00+00:00,8.434,8.505,8.415,8.475,190748.0,pullback,weak,neutral,0.9222222222222218,hold,hold,0,200,
7523,2026-03-19 20:00:00+00:00,8.48,8.48,8.38,8.43,315685.0,pullback,weak,neutral,0.8048780487804877,hold,hold,0,200,
7524,2026-03-20 13:30:00+00:00,8.43,8.48,8.43,8.43,73310.0,pullback,weak,neutral,0.7894736842105256,hold,hold,0,200,
7525,2026-03-20 13:45:00+00:00,8.44,8.4499,8.21,8.24,382512.0,pullback,weak,neutral,0.28947368421052555,hold,hold,0,200,
7526,2026-03-20 14:00:00+00:00,8.2492,8.265,8.0,8.0986,469414.0,trend_late,weak,neutral,0.19333333333333214,reduce,hold,0,200,
7527,2026-03-20 14:15:00+00:00,8.1,8.14,8.01,8.03,244759.0,trend_late,weak,neutral,0.05882352941176348,hold,hold,0,200,
7528,2026-03-20 14:30:00+00:00,8.025,8.08,8.025,8.08,200301.0,trend_late,weak,neutral,0.1568627450980394,hold,hold,0,200,
7529,2026-03-20 14:45:00+00:00,8.08,8.1003,8.03,8.039,280852.0,trend_late,weak,neutral,0.07647058823529357,hold,hold,0,200,
7530,2026-03-20 15:00:00+00:00,8.0387,8.05,7.86,7.965,526502.0,risk_rising,weak,neutral,0.16153846153846096,hold,hold,0,200,
7531,2026-03-20 15:15:00+00:00,7.965,7.98,7.78,7.94,380618.0,risk_rising,weak,neutral,0.21917808219178114,hold,hold,0,200,
7532,2026-03-20 15:30:00+00:00,7.9398,7.9398,7.81,7.84,238075.0,risk_rising,weak,neutral,0.08219178082191733,hold,hold,0,200,
7533,2026-03-20 15:45:00+00:00,7.845,7.9099,7.8401,7.9001,187065.0,risk_rising,weak,neutral,0.1645205479452054,hold,hold,0,200,
7534,2026-03-20 16:00:00+00:00,7.905,7.97,7.8901,7.97,113324.0,risk_rising,weak,neutral,0.2602739726027392,hold,hold,0,200,
7535,2026-03-20 16:15:00+00:00,7.98,8.03,7.945,8.025,159362.0,risk_rising,weak,neutral,0.3356164383561647,hold,hold,0,200,
7536,2026-03-20 16:30:00+00:00,8.02,8.02,7.955,7.9999,130745.0,risk_rising,weak,neutral,0.30123287671232896,hold,hold,0,200,
7537,2026-03-20 16:45:00+00:00,7.99,8.01,7.945,8.0001,99995.0,risk_rising,weak,neutral,0.30150684931506805,hold,hold,0,200,
7538,2026-03-20 17:00:00+00:00,8.0001,8.025,7.965,7.9879,87417.0,risk_rising,weak,neutral,0.28479452054794474,hold,hold,0,200,
7539,2026-03-20 17:15:00+00:00,7.9854,7.9899,7.88,7.91,135306.0,risk_rising,weak,neutral,0.17808219178082188,hold,hold,0,200,
7540,2026-03-20 17:30:00+00:00,7.9,7.9,7.83,7.855,220895.0,risk_rising,weak,neutral,0.10273972602739757,hold,hold,0,200,
7541,2026-03-20 17:45:00+00:00,7.85,7.855,7.76,7.785,287706.0,risk_rising,weak,neutral,0.0335570469798662,hold,hold,0,200,
7542,2026-03-20 18:00:00+00:00,7.7884,7.83,7.76,7.805,130064.0,risk_rising,weak,neutral,0.06249999999999985,hold,hold,0,200,
7543,2026-03-20 18:15:00+00:00,7.81,7.8186,7.77,7.795,73670.0,risk_rising,weak,neutral,0.048611111111111265,hold,hold,0,200,
7544,2026-03-20 18:30:00+00:00,7.79,7.79,7.68,7.68,255542.0,risk_rising,weak,neutral,0.0,hold,hold,0,200,
7545,2026-03-20 18:45:00+00:00,7.6836,7.6836,7.61,7.645,261856.0,risk_rising,weak,neutral,0.053435114503815634,hold,hold,0,200,
7546,2026-03-20 19:00:00+00:00,7.645,7.65,7.59,7.6301,135073.0,risk_rising,weak,neutral,0.07290909090909045,hold,hold,0,200,
7547,2026-03-20 19:15:00+00:00,7.63,7.68,7.61,7.665,271021.0,risk_rising,weak,neutral,0.14697236919459153,hold,hold,0,200,
7548,2026-03-20 19:30:00+00:00,7.67,7.7599,7.635,7.755,244814.0,risk_rising,weak,neutral,0.32333921222810064,hold,hold,0,200,
7549,2026-03-20 19:45:00+00:00,7.75,7.76,7.62,7.62,255392.0,risk_rising,weak,neutral,0.06521739130434824,hold,hold,0,200,
7550,2026-03-20 20:00:00+00:00,7.6215,7.75,7.59,7.75,604038.0,risk_rising,weak,neutral,0.36363636363636437,hold,hold,0,200,
7551,2026-03-23 13:30:00+00:00,7.93,7.99,7.82,7.865,194701.0,range_neutral,weak,neutral,0.6250000000000016,hold,hold,0,200,
7552,2026-03-23 13:45:00+00:00,7.81,7.88,7.62,7.7,489131.0,risk_rising,weak,neutral,0.250000000000001,hold,hold,0,200,
7553,2026-03-23 14:00:00+00:00,7.69,7.835,7.645,7.8292,376739.0,range_neutral,weak,neutral,0.5436363636363649,hold,hold,0,200,
7554,2026-03-23 14:15:00+00:00,7.81,7.94,7.7901,7.94,299383.0,range_distribution,weak,neutral,0.7954545454545475,hold,hold,0,200,
7555,2026-03-23 14:30:00+00:00,7.935,8.02,7.79,7.85,441331.0,range_neutral,weak,neutral,0.5977011494252862,hold,hold,0,200,
7556,2026-03-23 14:45:00+00:00,7.8499,8.02,7.8175,8.015,361405.0,range_distribution,weak,neutral,0.977011494252874,hold,hold,0,200,
7557,2026-03-23 15:00:00+00:00,8.02,8.0799,7.955,8.07,458387.0,pullback,weak,neutral,0.9797917942437232,buy,hold,0,200,
7558,2026-03-23 15:15:00+00:00,8.065,8.1,8.031,8.0778,214415.0,pullback,weak,neutral,0.9564705882352945,hold,hold,0,200,
7559,2026-03-23 15:30:00+00:00,8.0704,8.09,7.99,8.0599,224071.0,pullback,weak,neutral,0.92137254901961,hold,hold,0,200,
7560,2026-03-23 15:45:00+00:00,8.0585,8.12,7.925,7.935,340276.0,pullback,weak,neutral,0.6509433962264154,hold,hold,0,200,
7561,2026-03-23 16:00:00+00:00,7.93,8.0,7.83,7.84,229797.0,trend_late,weak,neutral,0.47169811320754773,hold,hold,0,200,
7562,2026-03-23 16:15:00+00:00,7.8399,7.9999,7.82,7.9799,155477.0,pullback,weak,neutral,0.7356603773584913,hold,hold,0,200,
7563,2026-03-23 16:30:00+00:00,7.9799,8.0099,7.87,7.89,228531.0,pullback,weak,neutral,0.5660377358490569,hold,hold,0,200,
7564,2026-03-23 16:45:00+00:00,7.895,7.9799,7.88,7.9599,137450.0,pullback,weak,neutral,0.6979245283018882,hold,hold,0,200,
7565,2026-03-23 17:00:00+00:00,7.96,8.025,7.945,8.02,78546.0,pullback,weak,neutral,0.8113207547169816,hold,hold,0,200,
7566,2026-03-23 17:15:00+00:00,8.02,8.1293,8.005,8.045,220472.0,pullback,weak,neutral,0.8436862599666223,hold,hold,0,200,
7567,2026-03-23 17:30:00+00:00,8.045,8.12,8.02,8.0999,186684.0,pullback,weak,neutral,0.9454848878175399,hold,hold,0,200,
7568,2026-03-23 17:45:00+00:00,8.1,8.27,8.09,8.25,323886.0,pullback,weak,neutral,0.9705882352941183,hold,hold,0,200,
7569,2026-03-23 18:00:00+00:00,8.245,8.258,8.21,8.255,99132.0,pullback,weak,neutral,0.97794117647059,hold,hold,0,200,
7570,2026-03-23 18:15:00+00:00,8.255,8.33,8.235,8.27,186593.0,pullback,weak,neutral,0.9154929577464782,hold,hold,0,200,
7571,2026-03-23 18:30:00+00:00,8.265,8.29,8.215,8.26,164474.0,pullback,weak,neutral,0.9014084507042249,hold,hold,0,200,
7572,2026-03-23 18:45:00+00:00,8.25,8.35,8.245,8.33,124095.0,pullback,weak,neutral,0.9716312056737595,hold,hold,0,200,
7573,2026-03-23 19:00:00+00:00,8.3387,8.415,8.295,8.33,220539.0,pullback,weak,neutral,0.8640000000000013,hold,hold,0,200,
7574,2026-03-23 19:15:00+00:00,8.32,8.33,8.265,8.265,75860.0,pullback,weak,neutral,0.7600000000000019,hold,hold,0,200,
7575,2026-03-23 19:30:00+00:00,8.265,8.295,8.21,8.27,157122.0,pullback,weak,neutral,0.7573221757322179,hold,hold,0,200,
7576,2026-03-23 19:45:00+00:00,8.2993,8.31,8.25,8.255,110430.0,pullback,weak,neutral,0.7310924369747922,hold,hold,0,200,
7577,2026-03-23 20:00:00+00:00,8.26,8.28,8.165,8.26,575167.0,pullback,weak,neutral,0.7394957983193283,hold,hold,0,200,
7578,2026-03-24 13:30:00+00:00,8.01,8.1562,8.01,8.117,97978.0,trend_late,weak,neutral,0.49915966386554816,reduce,hold,0,200,
7579,2026-03-24 13:45:00+00:00,8.13,8.3922,8.03,8.08,357614.0,trend_late,weak,neutral,0.4369747899159669,hold,hold,0,200,
7580,2026-03-24 14:00:00+00:00,8.07,8.12,8.0003,8.111,199624.0,trend_late,weak,neutral,0.4890756302521024,hold,hold,0,200,
7581,2026-03-24 14:15:00+00:00,8.11,8.25,8.07,8.1,192894.0,trend_late,weak,neutral,0.4705882352941175,hold,hold,0,200,
7582,2026-03-24 14:30:00+00:00,8.09,8.09,7.94,8.0,268016.0,trend_late,weak,neutral,0.23853211009174335,hold,hold,0,200,
7583,2026-03-24 14:45:00+00:00,7.9998,8.05,7.95,8.02,121229.0,risk_rising,weak,neutral,0.26168224299065396,hold,hold,0,200,
7584,2026-03-24 15:00:00+00:00,8.025,8.1699,7.96,8.14,188210.0,risk_rising,weak,neutral,0.42105263157894884,hold,hold,0,200,
7585,2026-03-24 15:15:00+00:00,8.12,8.12,8.03,8.05,90341.0,risk_rising,weak,neutral,0.23157894736842233,hold,hold,0,200,
7586,2026-03-24 15:30:00+00:00,8.07,8.23,8.0514,8.165,108917.0,risk_rising,weak,neutral,0.47368421052631443,hold,hold,0,200,
7587,2026-03-24 15:45:00+00:00,8.165,8.2001,8.101,8.175,136546.0,risk_rising,weak,neutral,0.49473684210526514,hold,hold,0,200,
7588,2026-03-24 16:00:00+00:00,8.18,8.18,8.01,8.025,109368.0,risk_rising,weak,neutral,0.17894736842105302,hold,hold,0,200,
7589,2026-03-24 16:15:00+00:00,8.025,8.06,7.995,8.06,215558.0,risk_rising,weak,neutral,0.2526315789473693,hold,hold,0,200,
7590,2026-03-24 16:30:00+00:00,8.06,8.16,8.05,8.13,93127.0,range_neutral,weak,neutral,0.40000000000000185,hold,hold,0,200,
7591,2026-03-24 16:45:00+00:00,8.135,8.2,8.08,8.1484,98824.0,range_neutral,weak,neutral,0.4387368421052646,hold,hold,0,200,
7592,2026-03-24 17:00:00+00:00,8.14,8.1802,8.11,8.13,62462.0,range_neutral,weak,neutral,0.40000000000000185,hold,hold,0,200,
7593,2026-03-24 17:15:00+00:00,8.13,8.135,7.905,7.91,279609.0,risk_rising,weak,neutral,0.01026272577996693,hold,hold,0,200,
7594,2026-03-24 17:30:00+00:00,7.91,7.955,7.9,7.95,168038.0,risk_rising,weak,neutral,0.10158472165786221,hold,hold,0,200,
7595,2026-03-24 17:45:00+00:00,7.945,7.955,7.8601,7.87,115960.0,risk_rising,weak,neutral,0.018605525277203546,hold,hold,0,200,
7596,2026-03-24 18:00:00+00:00,7.87,7.96,7.86,7.95,67903.0,risk_rising,weak,neutral,0.16910935738444152,hold,hold,0,200,
7597,2026-03-24 18:15:00+00:00,7.94,8.02,7.925,8.005,66795.0,risk_rising,weak,neutral,0.2724539646749349,hold,hold,0,200,
7598,2026-03-24 18:30:00+00:00,8.0,8.095,7.995,8.065,151930.0,range_neutral,weak,neutral,0.3851935362645603,hold,hold,0,200,
7599,2026-03-24 18:45:00+00:00,8.065,8.1299,8.065,8.0814,177595.0,range_neutral,weak,neutral,0.5676923076923083,hold,hold,0,200,
7600,2026-03-24 19:00:00+00:00,8.0897,8.115,8.07,8.1,124199.0,risk_rising,weak,neutral,0.6153846153846142,hold,hold,0,200,
7601,2026-03-24 19:15:00+00:00,8.11,8.19,8.105,8.17,97716.0,range_distribution,weak,neutral,0.8378378378378365,hold,hold,0,200,
7602,2026-03-24 19:30:00+00:00,8.175,8.18,8.08,8.08,86775.0,risk_rising,weak,neutral,0.5945945945945937,hold,hold,0,200,
7603,2026-03-24 19:45:00+00:00,8.08,8.1,8.065,8.0881,98252.0,range_neutral,weak,neutral,0.6164864864864874,hold,hold,0,200,
7604,2026-03-24 20:00:00+00:00,8.08,8.1,7.98,7.99,305507.0,range_neutral,weak,neutral,0.351351351351351,hold,hold,0,200,
7605,2026-03-25 13:30:00+00:00,8.27,8.53,8.25,8.38,186143.0,pullback,weak,risk_on,0.7761194029850764,buy,hold,0,200,
7606,2026-03-25 13:45:00+00:00,8.37,8.445,8.13,8.1772,434128.0,pullback,weak,risk_on,0.47343283582089446,hold,hold,0,200,
7607,2026-03-25 14:00:00+00:00,8.165,8.255,8.15,8.22,157166.0,pullback,weak,risk_on,0.5373134328358221,hold,hold,0,200,
7608,2026-03-25 14:15:00+00:00,8.23,8.275,8.185,8.22,171679.0,pullback,weak,risk_on,0.5373134328358221,hold,hold,0,200,
7609,2026-03-25 14:30:00+00:00,8.225,8.245,8.09,8.115,346627.0,pullback,weak,risk_on,0.3805970149253735,hold,hold,0,200,
7610,2026-03-25 14:45:00+00:00,8.12,8.188,8.07,8.11,202515.0,pullback,weak,risk_on,0.37313432835820814,hold,hold,0,200,
7611,2026-03-25 15:00:00+00:00,8.1,8.12,8.04,8.0517,201430.0,trend_late,weak,risk_on,0.286119402985075,hold,hold,0,200,
7612,2026-03-25 15:15:00+00:00,8.055,8.06,7.93,7.93,254003.0,trend_late,weak,risk_on,0.10447761194029775,hold,hold,0,200,
7613,2026-03-25 15:30:00+00:00,7.935,7.98,7.83,7.98,218535.0,trend_late,weak,risk_on,0.21428571428571502,hold,hold,0,200,
7614,2026-03-25 15:45:00+00:00,7.975,8.0093,7.955,7.965,129908.0,trend_late,weak,risk_on,0.19285714285714275,hold,hold,0,200,
7615,2026-03-25 16:00:00+00:00,7.97,8.02,7.95,8.01,89347.0,risk_rising,weak,risk_on,0.257142857142857,hold,hold,0,200,
7616,2026-03-25 16:15:00+00:00,8.015,8.015,7.9262,7.93,64647.0,risk_rising,weak,risk_on,0.1428571428571425,hold,hold,0,200,
7617,2026-03-25 16:30:00+00:00,7.935,8.03,7.915,8.01,86512.0,risk_rising,weak,risk_on,0.257142857142857,reduce,reduce,-200,0,8.01
7618,2026-03-25 16:45:00+00:00,8.005,8.0399,8.0,8.035,51310.0,risk_rising,weak,risk_on,0.29285714285714326,hold,hold,0,0,
7619,2026-03-25 17:00:00+00:00,8.035,8.055,7.985,7.995,87134.0,risk_rising,weak,risk_on,0.23571428571428601,hold,hold,0,0,
7620,2026-03-25 17:15:00+00:00,8.0,8.03,7.91,7.925,86224.0,risk_rising,weak,risk_on,0.1357142857142855,hold,hold,0,0,
7621,2026-03-25 17:30:00+00:00,7.925,7.97,7.9,7.945,50573.0,risk_rising,weak,risk_on,0.16428571428571476,hold,hold,0,0,
7622,2026-03-25 17:45:00+00:00,7.945,8.035,7.945,7.995,66003.0,range_accumulation,weak,risk_on,0.23571428571428601,hold,hold,0,0,
7623,2026-03-25 18:00:00+00:00,7.9999,8.005,7.92,7.935,58717.0,risk_rising,weak,risk_on,0.1499999999999995,hold,hold,0,0,
7624,2026-03-25 18:15:00+00:00,7.935,7.96,7.91,7.92,72958.0,risk_rising,weak,risk_on,0.1285714285714285,hold,hold,0,0,
7625,2026-03-25 18:30:00+00:00,7.925,7.94,7.91,7.915,51892.0,risk_rising,weak,risk_on,0.13821138211382103,hold,hold,0,0,
7626,2026-03-25 18:45:00+00:00,7.915,7.95,7.86,7.875,154512.0,risk_rising,weak,risk_on,0.10112359550561775,hold,hold,0,0,
7627,2026-03-25 19:00:00+00:00,7.875,7.92,7.865,7.865,77394.0,risk_rising,weak,risk_on,0.0786516853932587,hold,hold,0,0,
7628,2026-03-25 19:15:00+00:00,7.865,7.895,7.85,7.895,68537.0,risk_rising,weak,risk_on,0.1566265060240955,hold,hold,0,0,
7629,2026-03-25 19:30:00+00:00,7.89,7.98,7.89,7.93,104199.0,risk_rising,weak,risk_on,0.2793296089385461,hold,hold,0,0,
7630,2026-03-25 19:45:00+00:00,7.935,7.94,7.91,7.935,115653.0,range_neutral,weak,risk_on,0.3620689655172408,hold,hold,0,0,
7631,2026-03-25 20:00:00+00:00,7.935,7.96,7.89,7.93,401125.0,risk_rising,weak,risk_on,0.43478260869564983,hold,hold,0,0,
7632,2026-03-26 13:30:00+00:00,7.75,7.775,7.64,7.675,234753.0,risk_rising,weak,neutral,0.0843373493975907,hold,hold,0,0,
7633,2026-03-26 13:45:00+00:00,7.67,7.71,7.582,7.665,195494.0,risk_rising,weak,neutral,0.1754756871035945,hold,hold,0,0,
7634,2026-03-26 14:00:00+00:00,7.665,7.7,7.65,7.6636,104206.0,risk_rising,weak,neutral,0.1725158562367863,hold,hold,0,0,
7635,2026-03-26 14:15:00+00:00,7.6612,7.69,7.6,7.67,218544.0,risk_rising,weak,neutral,0.1860465116279072,hold,hold,0,0,
7636,2026-03-26 14:30:00+00:00,7.67,7.76,7.66,7.735,211950.0,risk_rising,weak,neutral,0.32346723044397574,hold,hold,0,0,
7637,2026-03-26 14:45:00+00:00,7.74,7.76,7.55,7.565,338918.0,risk_rising,weak,neutral,0.029702970297030836,hold,hold,0,0,
7638,2026-03-26 15:00:00+00:00,7.56,7.58,7.46,7.565,304452.0,risk_rising,weak,neutral,0.1764705882352949,hold,hold,0,0,
7639,2026-03-26 15:15:00+00:00,7.5699,7.62,7.53,7.565,104518.0,risk_rising,weak,neutral,0.1826086956521746,hold,hold,0,0,
7640,2026-03-26 15:30:00+00:00,7.57,7.59,7.53,7.585,49425.0,risk_rising,weak,neutral,0.21739130434782603,hold,hold,0,0,
7641,2026-03-26 15:45:00+00:00,7.58,7.62,7.565,7.585,105768.0,risk_rising,weak,neutral,0.21739130434782603,hold,hold,0,0,
7642,2026-03-26 16:00:00+00:00,7.59,7.6889,7.59,7.64,201682.0,risk_rising,weak,neutral,0.33027522935779713,hold,hold,0,0,
7643,2026-03-26 16:15:00+00:00,7.64,7.65,7.625,7.63,27157.0,risk_rising,weak,neutral,0.3269230769230765,hold,hold,0,0,
7644,2026-03-26 16:30:00+00:00,7.62,7.62,7.52,7.53,136468.0,risk_rising,weak,neutral,0.13461538461538505,hold,hold,0,0,
7645,2026-03-26 16:45:00+00:00,7.5301,7.535,7.48,7.4975,152143.0,risk_rising,weak,neutral,0.07211538461538387,hold,hold,0,0,
7646,2026-03-26 17:00:00+00:00,7.495,7.56,7.485,7.54,85902.0,risk_rising,weak,neutral,0.15384615384615385,hold,hold,0,0,
7647,2026-03-26 17:15:00+00:00,7.5437,7.5499,7.51,7.515,89443.0,risk_rising,weak,neutral,0.10576923076923013,hold,hold,0,0,
7648,2026-03-26 17:30:00+00:00,7.515,7.53,7.45,7.4999,147020.0,risk_rising,weak,neutral,0.09415094339622647,hold,hold,0,0,
7649,2026-03-26 17:45:00+00:00,7.4999,7.5599,7.485,7.52,119364.0,risk_rising,weak,neutral,0.1372549019607832,hold,hold,0,0,
7650,2026-03-26 18:00:00+00:00,7.51,7.52,7.465,7.485,98135.0,risk_rising,weak,neutral,0.06862745098039247,hold,hold,0,0,
7651,2026-03-26 18:15:00+00:00,7.485,7.5499,7.485,7.5301,78899.0,risk_rising,weak,neutral,0.24646153846153782,hold,hold,0,0,
7652,2026-03-26 18:30:00+00:00,7.54,7.54,7.49,7.535,72094.0,risk_rising,weak,neutral,0.27419354838709703,hold,hold,0,0,
7653,2026-03-26 18:45:00+00:00,7.5322,7.57,7.46,7.485,293940.0,risk_rising,weak,neutral,0.11290322580645222,hold,hold,0,0,
7654,2026-03-26 19:00:00+00:00,7.48,7.5085,7.47,7.4995,69555.0,risk_rising,weak,neutral,0.15967741935483923,hold,hold,0,0,
7655,2026-03-26 19:15:00+00:00,7.495,7.505,7.43,7.45,76094.0,risk_rising,weak,neutral,0.060606060606061996,hold,hold,0,0,
7656,2026-03-26 19:30:00+00:00,7.445,7.47,7.43,7.445,65189.0,risk_rising,weak,neutral,0.04545454545454717,hold,hold,0,0,
7657,2026-03-26 19:45:00+00:00,7.445,7.495,7.435,7.445,77833.0,risk_rising,weak,neutral,0.05793742757821759,hold,hold,0,0,
7658,2026-03-26 20:00:00+00:00,7.445,7.475,7.41,7.44,429650.0,risk_rising,weak,neutral,0.10756543564001518,hold,hold,0,0,
7659,2026-03-27 13:30:00+00:00,7.33,7.3599,7.29,7.29,81236.0,risk_rising,weak,risk_off,0.0,hold,hold,0,0,
7660,2026-03-27 13:45:00+00:00,7.2903,7.36,7.23,7.245,314162.0,risk_rising,weak,risk_off,0.03268685988232662,hold,hold,0,0,
7661,2026-03-27 14:00:00+00:00,7.25,7.34,7.17,7.25,314538.0,risk_rising,weak,risk_off,0.1541722875313163,hold,hold,0,0,
7662,2026-03-27 14:15:00+00:00,7.2402,7.27,7.18,7.235,290706.0,risk_rising,weak,risk_off,0.13541666666666735,hold,hold,0,0,
7663,2026-03-27 14:30:00+00:00,7.245,7.27,7.155,7.172,134101.0,risk_rising,weak,risk_off,0.036559139784945086,hold,hold,0,0,
7664,2026-03-27 14:45:00+00:00,7.175,7.2,7.13,7.1599,124997.0,risk_rising,weak,risk_off,0.06795454545454649,hold,hold,0,0,
7665,2026-03-27 15:00:00+00:00,7.16,7.27,7.1515,7.265,60652.0,risk_rising,weak,risk_off,0.30681818181818105,hold,hold,0,0,
7666,2026-03-27 15:15:00+00:00,7.265,7.3102,7.235,7.235,107434.0,risk_rising,weak,risk_off,0.2386363636363644,hold,hold,0,0,
7667,2026-03-27 15:30:00+00:00,7.245,7.31,7.19,7.3,138435.0,risk_rising,weak,risk_off,0.38636363636363585,hold,hold,0,0,
7668,2026-03-27 15:45:00+00:00,7.295,7.32,7.242,7.255,213052.0,risk_rising,weak,risk_off,0.28409090909090884,hold,hold,0,0,
7669,2026-03-27 16:00:00+00:00,7.2502,7.265,7.2101,7.215,56449.0,risk_rising,weak,risk_off,0.19318181818181793,hold,hold,0,0,
7670,2026-03-27 16:15:00+00:00,7.21,7.235,7.2,7.23,79266.0,risk_rising,weak,risk_off,0.2272727272727283,hold,hold,0,0,
7671,2026-03-27 16:30:00+00:00,7.225,7.265,7.21,7.25,69277.0,range_accumulation,weak,risk_off,0.2727272727272727,avoid,avoid,0,0,
7672,2026-03-27 16:45:00+00:00,7.24,7.24,7.2,7.23,48762.0,risk_rising,weak,risk_off,0.2272727272727283,reduce,hold,0,0,
7673,2026-03-27 17:00:00+00:00,7.23,7.28,7.23,7.23,42879.0,range_accumulation,weak,risk_off,0.26420079260237933,avoid,avoid,0,0,
7674,2026-03-27 17:15:00+00:00,7.2399,7.2399,7.185,7.195,87051.0,range_accumulation,weak,risk_off,0.17333333333333437,hold,hold,0,0,
7675,2026-03-27 17:30:00+00:00,7.195,7.195,7.11,7.11,93124.0,risk_rising,weak,risk_off,0.0,reduce,hold,0,0,
7676,2026-03-27 17:45:00+00:00,7.1158,7.1275,7.07,7.0767,124849.0,risk_rising,weak,risk_off,0.015764705882351734,hold,hold,0,0,
7677,2026-03-27 18:00:00+00:00,7.0701,7.085,7.05,7.07,76072.0,risk_rising,weak,risk_off,0.047058823529412874,hold,hold,0,0,
7678,2026-03-27 18:15:00+00:00,7.07,7.11,7.07,7.1084,50329.0,risk_rising,weak,risk_off,0.18838709677419255,hold,hold,0,0,
7679,2026-03-27 18:30:00+00:00,7.1041,7.14,7.1,7.14,42781.0,risk_rising,weak,risk_off,0.29032258064516037,hold,hold,0,0,
7680,2026-03-27 18:45:00+00:00,7.135,7.18,7.1317,7.1699,74608.0,risk_rising,weak,risk_off,0.4134482758620701,hold,hold,0,0,
7681,2026-03-27 19:00:00+00:00,7.16,7.18,7.15,7.17,38114.0,risk_rising,weak,risk_off,0.4444444444444441,hold,hold,0,0,
7682,2026-03-27 19:15:00+00:00,7.1798,7.18,7.1,7.13,139906.0,risk_rising,weak,risk_off,0.29629629629629606,hold,hold,0,0,
7683,2026-03-27 19:30:00+00:00,7.1293,7.14,7.075,7.1,85092.0,risk_rising,weak,risk_off,0.1851851851851842,hold,hold,0,0,
7684,2026-03-27 19:45:00+00:00,7.1,7.105,7.04,7.045,128949.0,risk_rising,weak,risk_off,0.01785714285714246,hold,hold,0,0,
7685,2026-03-27 20:00:00+00:00,7.045,7.07,7.03,7.05,398486.0,risk_rising,weak,risk_off,0.06896551724137784,hold,hold,0,0,
7686,2026-03-30 13:30:00+00:00,7.2,7.2,7.11,7.13,72110.0,range_accumulation,weak,risk_off,0.3448275862068953,avoid,avoid,0,0,
7687,2026-03-30 13:45:00+00:00,7.13,7.27,6.95,7.0,614891.0,risk_rising,weak,risk_off,0.13513513513513462,reduce,hold,0,0,
7688,2026-03-30 14:00:00+00:00,7.01,7.02,6.79,6.84,518167.0,risk_rising,weak,risk_off,0.10204081632653021,hold,hold,0,0,
7689,2026-03-30 14:15:00+00:00,6.83,6.91,6.81,6.87,239192.0,risk_rising,weak,risk_off,0.16326530612244905,hold,hold,0,0,
7690,2026-03-30 14:30:00+00:00,6.87,6.91,6.8,6.88,346069.0,risk_rising,weak,risk_off,0.18367346938775472,hold,hold,0,0,
7691,2026-03-30 14:45:00+00:00,6.875,6.9,6.7,6.705,371539.0,risk_rising,weak,risk_off,0.00862068965517223,hold,hold,0,0,
7692,2026-03-30 15:00:00+00:00,6.7014,6.8,6.7003,6.8,181709.0,risk_rising,weak,risk_off,0.17241379310344765,hold,hold,0,0,
7693,2026-03-30 15:15:00+00:00,6.79,6.805,6.68,6.695,205047.0,risk_rising,weak,risk_off,0.02542372881356029,hold,hold,0,0,
7694,2026-03-30 15:30:00+00:00,6.695,6.77,6.67,6.74,127990.0,risk_rising,weak,risk_off,0.11666666666666721,hold,hold,0,0,
7695,2026-03-30 15:45:00+00:00,6.7498,6.825,6.745,6.785,81956.0,risk_rising,weak,risk_off,0.19166666666666712,hold,hold,0,0,
7696,2026-03-30 16:00:00+00:00,6.785,6.8,6.75,6.76,79230.0,risk_rising,weak,risk_off,0.14999999999999986,hold,hold,0,0,
7697,2026-03-30 16:15:00+00:00,6.76,6.76,6.7,6.715,84624.0,risk_rising,weak,risk_off,0.07499999999999993,hold,hold,0,0,
7698,2026-03-30 16:30:00+00:00,6.715,6.74,6.69,6.7115,126087.0,risk_rising,weak,risk_off,0.06916666666666686,hold,hold,0,0,
7699,2026-03-30 16:45:00+00:00,6.715,6.785,6.715,6.74,75048.0,risk_rising,weak,risk_off,0.11666666666666721,hold,hold,0,0,
7700,2026-03-30 17:00:00+00:00,6.74,6.765,6.66,6.7,128406.0,risk_rising,weak,risk_off,0.0655737704918034,hold,hold,0,0,
7701,2026-03-30 17:15:00+00:00,6.7,6.73,6.685,6.6886,125324.0,risk_rising,weak,risk_off,0.04688524590163932,hold,hold,0,0,
7702,2026-03-30 17:30:00+00:00,6.68,6.69,6.6335,6.64,167396.0,risk_rising,weak,risk_off,0.010212097407698274,hold,hold,0,0,
7703,2026-03-30 17:45:00+00:00,6.65,6.675,6.615,6.675,133756.0,risk_rising,weak,risk_off,0.09160305343511399,hold,hold,0,0,
7704,2026-03-30 18:00:00+00:00,6.675,6.68,6.6,6.62,101028.0,risk_rising,weak,risk_off,0.02985074626865741,hold,hold,0,0,
7705,2026-03-30 18:15:00+00:00,6.62,6.6601,6.6014,6.65,80837.0,risk_rising,weak,risk_off,0.07462686567164285,hold,hold,0,0,
7706,2026-03-30 18:30:00+00:00,6.65,6.69,6.63,6.665,80638.0,risk_rising,weak,risk_off,0.09701492537313493,hold,hold,0,0,
7707,2026-03-30 18:45:00+00:00,6.665,6.68,6.63,6.65,66790.0,risk_rising,weak,risk_off,0.11904761904762076,hold,hold,0,0,
7708,2026-03-30 19:00:00+00:00,6.6407,6.645,6.5401,6.5814,184071.0,risk_rising,weak,risk_off,0.11165179778318605,hold,hold,0,0,
7709,2026-03-30 19:15:00+00:00,6.585,6.645,6.58,6.6,242077.0,risk_rising,weak,risk_off,0.1619356582860227,hold,hold,0,0,
7710,2026-03-30 19:30:00+00:00,6.605,6.65,6.585,6.635,215553.0,risk_rising,weak,risk_off,0.26368435676576785,hold,hold,0,0,
7711,2026-03-30 19:45:00+00:00,6.635,6.715,6.615,6.705,276233.0,range_neutral,weak,risk_off,0.578799578799579,avoid,avoid,0,0,
7712,2026-03-30 20:00:00+00:00,6.705,6.705,6.63,6.68,302107.0,range_neutral,weak,risk_off,0.4910494910494901,hold,hold,0,0,
7713,2026-03-31 13:30:00+00:00,6.86,6.99,6.855,6.977,79425.0,range_distribution,weak,risk_on,0.971104689931096,reduce,hold,0,0,
7714,2026-03-31 13:45:00+00:00,6.985,7.02,6.8706,6.9513,377196.0,pullback,weak,risk_on,0.8568451760783501,hold,hold,0,0,
7715,2026-03-31 14:00:00+00:00,6.9599,7.17,6.9599,7.135,290129.0,pullback,weak,risk_on,0.9444356247023334,hold,hold,0,0,
7716,2026-03-31 14:15:00+00:00,7.135,7.39,7.1,7.365,457350.0,pullback,weak,risk_on,0.9705847746793747,hold,hold,0,0,
7717,2026-03-31 14:30:00+00:00,7.365,7.45,7.3,7.4,342724.0,pullback,weak,risk_on,0.945048906473239,hold,hold,0,0,
7718,2026-03-31 14:45:00+00:00,7.39,7.41,7.31,7.342,231251.0,pullback,weak,risk_on,0.8813056379821953,hold,hold,0,0,
7719,2026-03-31 15:00:00+00:00,7.345,7.355,7.22,7.285,290445.0,pullback,weak,risk_on,0.8186613913616881,hold,hold,0,0,
7720,2026-03-31 15:15:00+00:00,7.285,7.5185,7.2801,7.5099,294252.0,pullback,weak,risk_on,0.9912101390024526,hold,hold,0,0,
7721,2026-03-31 15:30:00+00:00,7.51,7.64,7.475,7.5701,474344.0,pullback,weak,risk_on,0.9364487680698249,hold,hold,0,0,
7722,2026-03-31 15:45:00+00:00,7.5735,7.63,7.47,7.51,171390.0,pullback,weak,risk_on,0.881807437039731,hold,hold,0,0,
7723,2026-03-31 16:00:00+00:00,7.51,7.5898,7.425,7.44,194215.0,pullback,weak,risk_on,0.8181652877534328,hold,hold,0,0,
7724,2026-03-31 16:15:00+00:00,7.435,7.5,7.3983,7.445,126124.0,pullback,weak,risk_on,0.8227111555595968,hold,hold,0,0,
7725,2026-03-31 16:30:00+00:00,7.445,7.525,7.445,7.51,99088.0,pullback,weak,risk_on,0.881807437039731,buy,buy,200,200,7.51
7726,2026-03-31 16:45:00+00:00,7.515,7.8,7.49,7.76,442832.0,pullback,weak,risk_on,0.9682514485276609,hold,hold,0,200,
7727,2026-03-31 17:00:00+00:00,7.75,7.75,7.6302,7.705,245768.0,pullback,weak,risk_on,0.9245971902531949,hold,hold,0,200,
7728,2026-03-31 17:15:00+00:00,7.7,7.8699,7.69,7.8699,282389.0,pullback,weak,risk_on,1.0,hold,hold,0,200,
7729,2026-03-31 17:30:00+00:00,7.86,8.03,7.85,7.9,574267.0,pullback,weak,risk_on,0.9100346020761252,hold,hold,0,200,
7730,2026-03-31 17:45:00+00:00,7.8987,8.0,7.8987,7.95,278866.0,pullback,weak,risk_on,0.9434628975265024,hold,hold,0,200,
7731,2026-03-31 18:00:00+00:00,7.95,8.0278,7.94,8.01,247563.0,pullback,weak,risk_on,0.985714285714286,hold,hold,0,200,
7732,2026-03-31 18:15:00+00:00,8.0,8.06,7.87,7.9201,509855.0,pullback,weak,risk_on,0.8839004149377587,hold,hold,0,200,
7733,2026-03-31 18:30:00+00:00,7.925,7.9499,7.8501,7.94,209947.0,pullback,weak,risk_on,0.8991087943500925,hold,hold,0,200,
7734,2026-03-31 18:45:00+00:00,7.945,7.97,7.91,7.95,180859.0,pullback,weak,risk_on,0.9000090900827195,hold,hold,0,200,
7735,2026-03-31 19:00:00+00:00,7.94,7.9652,7.9014,7.955,212648.0,pullback,weak,risk_on,0.8906249999999997,hold,hold,0,200,
7736,2026-03-31 19:15:00+00:00,7.9502,7.965,7.9,7.935,161575.0,pullback,weak,risk_on,0.8511904761904753,hold,hold,0,200,
7737,2026-03-31 19:30:00+00:00,7.935,7.945,7.81,7.875,243316.0,pullback,weak,risk_on,0.7797619047619043,hold,hold,0,200,
7738,2026-03-31 19:45:00+00:00,7.875,7.92,7.83,7.915,171216.0,pullback,weak,risk_on,0.827380952380952,hold,hold,0,200,
7739,2026-03-31 20:00:00+00:00,7.915,7.96,7.895,7.93,497801.0,pullback,weak,risk_on,0.8333119630721878,hold,hold,0,200,
